season,date,round,round_type,round_number,venue,team,opponent,is_home,goals_official,behinds_official,points_for,points_against,margin,n_players,kicks,handballs,disposals,marks,contested_marks,marks_inside_50,contested_possessions,uncontested_possessions,clearances,inside_50s,rebounds,tackles,one_percenters,hit_outs,clangers,frees_for,frees_against,bounces,goal_assists,goals,behinds,opp_kicks,opp_handballs,opp_disposals,opp_marks,opp_contested_marks,opp_marks_inside_50,opp_contested_possessions,opp_uncontested_possessions,opp_clearances,opp_inside_50s,opp_rebounds,opp_tackles,opp_one_percenters,opp_hit_outs,opp_clangers,opp_frees_for,opp_frees_against,opp_bounces,opp_goal_assists,opp_goals,opp_behinds,diff_kicks,diff_handballs,diff_disposals,diff_marks,diff_contested_marks,diff_marks_inside_50,diff_contested_possessions,diff_uncontested_possessions,diff_clearances,diff_inside_50s,diff_rebounds,diff_tackles,diff_one_percenters,diff_hit_outs,diff_clangers,diff_frees_for,diff_frees_against,diff_bounces,diff_goal_assists,diff_goals,diff_behinds,is_final
2019,2019-03-21,R1,Regular,1.0,M.C.G.,Carlton,Richmond,1,9,10,64,97,-33,22,237,164,401,99,9,8,152,246,41,48,45,63,52,30,66,23,22,2.0,7,9,8,218,140,358,69,8,11,152,195,37,59,38,63,55,40,68,22,23,5.0,10,14,9,19,24,43,30,1,-3,0,51,4,-11,7,0,-3,-10,-2,1,-1,-3.0,-3,-5,-1,0
2019,2019-03-21,R1,Regular,1.0,M.C.G.,Richmond,Carlton,0,14,13,97,64,33,22,218,140,358,69,8,11,152,195,37,59,38,63,55,40,68,22,23,5.0,10,14,9,237,164,401,99,9,8,152,246,41,48,45,63,52,30,66,23,22,2.0,7,9,8,-19,-24,-43,-30,-1,3,0,-51,-4,11,-7,0,3,10,2,-1,1,3.0,3,5,1,0
2019,2019-03-22,R1,Regular,1.0,M.C.G.,Collingwood,Geelong,1,9,11,65,72,-7,22,223,157,380,98,7,7,137,231,35,48,48,49,51,41,72,21,24,5.0,5,9,8,218,156,374,91,9,14,145,223,40,57,37,63,61,27,69,24,21,2.0,7,10,9,5,1,6,7,-2,-7,-8,8,-5,-9,11,-14,-10,14,3,-3,3,3.0,-2,-1,-1,0
2019,2019-03-22,R1,Regular,1.0,M.C.G.,Geelong,Collingwood,0,10,12,72,65,7,22,218,156,374,91,9,14,145,223,40,57,37,63,61,27,69,24,21,2.0,7,10,9,223,157,380,98,7,7,137,231,35,48,48,49,51,41,72,21,24,5.0,5,9,8,-5,-1,-6,-7,2,7,8,-8,5,9,-11,14,10,-14,-3,3,-3,-3.0,2,1,1,0
2019,2019-03-23,R1,Regular,1.0,Adelaide Oval,Adelaide,Hawthorn,1,7,13,55,87,-32,22,229,210,439,91,11,8,172,264,40,58,41,58,56,35,60,20,11,3.0,5,7,9,225,142,367,81,12,9,155,201,29,55,49,74,77,40,72,11,20,6.0,9,12,13,4,68,72,10,-1,-1,17,63,11,3,-8,-16,-21,-5,-12,9,-9,-3.0,-4,-5,-4,0
2019,2019-03-23,R1,Regular,1.0,Gabba,Brisbane Lions,West Coast,1,15,12,102,58,44,22,232,150,382,83,7,8,161,219,44,56,40,56,55,36,69,23,31,5.0,10,15,11,198,96,294,68,8,8,132,159,36,48,41,55,83,49,67,31,23,5.0,4,8,7,34,54,88,15,-1,0,29,60,8,8,-1,1,-28,-13,2,-8,8,0.0,6,7,4,0
2019,2019-03-23,R1,Regular,1.0,Adelaide Oval,Hawthorn,Adelaide,0,12,15,87,55,32,22,225,142,367,81,12,9,155,201,29,55,49,74,77,40,72,11,20,6.0,9,12,13,229,210,439,91,11,8,172,264,40,58,41,58,56,35,60,20,11,3.0,5,7,9,-4,-68,-72,-10,1,1,-17,-63,-11,-3,8,16,21,5,12,-9,9,3.0,4,5,4,0
2019,2019-03-23,R1,Regular,1.0,M.C.G.,Melbourne,Port Adelaide,1,9,7,61,87,-26,22,210,123,333,76,8,14,150,183,33,45,46,53,41,29,62,28,20,7.0,8,9,6,231,195,426,102,12,15,151,276,30,59,35,71,49,32,60,20,28,8.0,10,12,13,-21,-72,-93,-26,-4,-1,-1,-93,3,-14,11,-18,-8,-3,2,8,-8,-1.0,-2,-3,-7,0
2019,2019-03-23,R1,Regular,1.0,M.C.G.,Port Adelaide,Melbourne,0,12,15,87,61,26,22,231,195,426,102,12,15,151,276,30,59,35,71,49,32,60,20,28,8.0,10,12,13,210,123,333,76,8,14,150,183,33,45,46,53,41,29,62,28,20,7.0,8,9,6,21,72,93,26,4,1,1,93,-3,14,-11,18,8,3,-2,-8,8,1.0,2,3,7,0
2019,2019-03-23,R1,Regular,1.0,Docklands,Sydney,Western Bulldogs,0,9,11,65,82,-17,22,207,162,369,88,10,15,125,230,32,47,56,70,52,49,60,22,22,1.0,8,9,10,217,157,374,62,7,14,151,213,41,68,37,66,50,20,54,22,22,6.0,6,11,14,-10,5,-5,26,3,1,-26,17,-9,-21,19,4,2,29,6,0,0,-5.0,2,-2,-4,0
2019,2019-03-23,R1,Regular,1.0,Gabba,West Coast,Brisbane Lions,0,8,10,58,102,-44,22,198,96,294,68,8,8,132,159,36,48,41,55,83,49,67,31,23,5.0,4,8,7,232,150,382,83,7,8,161,219,44,56,40,56,55,36,69,23,31,5.0,10,15,11,-34,-54,-88,-15,1,0,-29,-60,-8,-8,1,-1,28,13,-2,8,-8,0.0,-6,-7,-4,0
2019,2019-03-23,R1,Regular,1.0,Docklands,Western Bulldogs,Sydney,1,11,16,82,65,17,22,217,157,374,62,7,14,151,213,41,68,37,66,50,20,54,22,22,6.0,6,11,14,207,162,369,88,10,15,125,230,32,47,56,70,52,49,60,22,22,1.0,8,9,10,10,-5,5,-26,-3,-1,26,-17,9,21,-19,-4,-2,-29,-6,0,0,5.0,-2,2,4,0
2019,2019-03-24,R1,Regular,1.0,Sydney Showground,Essendon,Greater Western Sydney,0,5,10,40,112,-72,22,187,122,309,73,3,6,116,178,40,52,37,58,37,41,52,12,23,11.0,5,5,9,230,141,371,99,7,16,156,214,36,55,47,63,47,36,45,23,12,6.0,11,16,16,-43,-19,-62,-26,-4,-10,-40,-36,4,-3,-10,-5,-10,5,7,-11,11,5.0,-6,-11,-7,0
2019,2019-03-24,R1,Regular,1.0,Perth Stadium,Fremantle,North Melbourne,1,21,15,141,59,82,22,231,150,381,84,16,15,173,210,39,68,36,64,43,33,62,22,26,0.0,15,21,10,205,185,390,77,6,7,147,244,28,47,43,60,61,35,70,26,22,2.0,6,9,2,26,-35,-9,7,10,8,26,-34,11,21,-7,4,-18,-2,-8,-4,4,-2.0,9,12,8,0
2019,2019-03-24,R1,Regular,1.0,Docklands,Gold Coast,St Kilda,0,13,6,84,85,-1,22,204,151,355,76,12,7,154,207,41,53,46,60,44,50,59,29,18,4.0,10,13,6,234,154,388,81,11,13,164,223,45,60,40,71,63,33,77,18,29,11.0,11,13,3,-30,-3,-33,-5,1,-6,-10,-16,-4,-7,6,-11,-19,17,-18,11,-11,-7.0,-1,0,3,0
2019,2019-03-24,R1,Regular,1.0,Sydney Showground,Greater Western Sydney,Essendon,1,16,16,112,40,72,22,230,141,371,99,7,16,156,214,36,55,47,63,47,36,45,23,12,6.0,11,16,16,187,122,309,73,3,6,116,178,40,52,37,58,37,41,52,12,23,11.0,5,5,9,43,19,62,26,4,10,40,36,-4,3,10,5,10,-5,-7,11,-11,-5.0,6,11,7,0
2019,2019-03-24,R1,Regular,1.0,Perth Stadium,North Melbourne,Fremantle,0,9,5,59,141,-82,22,205,185,390,77,6,7,147,244,28,47,43,60,61,35,70,26,22,2.0,6,9,2,231,150,381,84,16,15,173,210,39,68,36,64,43,33,62,22,26,0.0,15,21,10,-26,35,9,-7,-10,-8,-26,34,-11,-21,7,-4,18,2,8,4,-4,2.0,-9,-12,-8,0
2019,2019-03-24,R1,Regular,1.0,Docklands,St Kilda,Gold Coast,1,13,7,85,84,1,22,234,154,388,81,11,13,164,223,45,60,40,71,63,33,77,18,29,11.0,11,13,3,204,151,355,76,12,7,154,207,41,53,46,60,44,50,59,29,18,4.0,10,13,6,30,3,33,5,-1,6,10,16,4,7,-6,11,19,-17,18,-11,11,7.0,1,0,-3,0
2019,2019-03-28,R2,Regular,2.0,M.C.G.,Collingwood,Richmond,0,17,8,110,66,44,22,291,176,467,174,15,19,134,338,31,63,35,58,52,32,52,25,9,5.0,13,17,7,184,118,302,78,8,11,110,186,28,45,45,32,56,22,61,9,25,3.0,6,10,5,107,58,165,96,7,8,24,152,3,18,-10,26,-4,10,-9,16,-16,2.0,7,7,2,0
2019,2019-03-28,R2,Regular,2.0,M.C.G.,Richmond,Collingwood,1,10,6,66,110,-44,22,184,118,302,78,8,11,110,186,28,45,45,32,56,22,61,9,25,3.0,6,10,5,291,176,467,174,15,19,134,338,31,63,35,58,52,32,52,25,9,5.0,13,17,7,-107,-58,-165,-96,-7,-8,-24,-152,-3,-18,10,-26,4,-10,9,-16,16,-2.0,-7,-7,-2,0
2019,2019-03-29,R2,Regular,2.0,S.C.G.,Adelaide,Sydney,0,12,16,88,62,26,22,226,151,377,93,11,7,138,228,38,52,47,64,44,47,46,27,15,4.0,5,12,14,214,167,381,92,11,7,138,235,36,55,39,53,50,28,76,15,27,5.0,6,8,11,12,-16,-4,1,0,0,0,-7,2,-3,8,11,-6,19,-30,12,-12,-1.0,-1,4,3,0
2019,2019-03-29,R2,Regular,2.0,S.C.G.,Sydney,Adelaide,1,8,14,62,88,-26,22,214,167,381,92,11,7,138,235,36,55,39,53,50,28,76,15,27,5.0,6,8,11,226,151,377,93,11,7,138,228,38,52,47,64,44,47,46,27,15,4.0,5,12,14,-12,16,4,-1,0,0,0,7,-2,3,-8,-11,6,-19,30,-12,12,1.0,1,-4,-3,0
2019,2019-03-30,R2,Regular,2.0,Adelaide Oval,Carlton,Port Adelaide,0,11,6,72,88,-16,22,219,128,347,61,13,8,162,163,34,52,53,61,54,30,73,26,24,0.0,8,11,4,252,188,440,93,9,13,174,255,55,69,40,72,59,57,68,24,26,5.0,9,13,8,-33,-60,-93,-32,4,-5,-12,-92,-21,-17,13,-11,-5,-27,5,2,-2,-5.0,-1,-2,-4,0
2019,2019-03-30,R2,Regular,2.0,Docklands,Essendon,St Kilda,1,9,11,65,76,-11,22,213,148,361,93,19,8,157,202,36,54,40,64,63,51,60,25,21,7.0,6,9,10,199,148,347,70,11,9,143,203,34,50,45,70,53,24,64,21,25,12.0,6,10,14,14,0,14,23,8,-1,14,-1,2,4,-5,-6,10,27,-4,4,-4,-5.0,0,-1,-4,0
2019,2019-03-30,R2,Regular,2.0,Kardinia Park,Geelong,Melbourne,1,20,6,126,46,80,22,229,178,407,65,6,8,195,201,41,48,65,95,65,37,50,24,15,3.0,13,20,5,189,150,339,50,5,8,177,166,56,72,27,97,64,56,65,15,23,1.0,4,6,10,40,28,68,15,1,0,18,35,-15,-24,38,-2,1,-19,-15,9,-8,2.0,9,14,-5,0
2019,2019-03-30,R2,Regular,2.0,Perth Stadium,Greater Western Sydney,West Coast,0,7,10,52,104,-52,22,225,129,354,109,8,8,119,233,38,62,30,30,46,35,56,23,18,6.0,5,7,9,254,116,370,146,20,14,120,244,33,47,50,34,43,33,54,18,23,10.0,10,16,6,-29,13,-16,-37,-12,-6,-1,-11,5,15,-20,-4,3,2,2,5,-5,-4.0,-5,-9,3,0
2019,2019-03-30,R2,Regular,2.0,Kardinia Park,Melbourne,Geelong,0,6,10,46,126,-80,22,189,150,339,50,5,8,177,166,56,72,27,97,64,56,65,15,23,1.0,4,6,10,229,178,407,65,6,8,195,201,41,48,65,95,65,37,50,24,15,3.0,13,20,5,-40,-28,-68,-15,-1,0,-18,-35,15,24,-38,2,-1,19,15,-9,8,-2.0,-9,-14,5,0
2019,2019-03-30,R2,Regular,2.0,Adelaide Oval,Port Adelaide,Carlton,1,13,10,88,72,16,22,252,188,440,93,9,13,174,255,55,69,40,72,59,57,68,24,26,5.0,9,13,8,219,128,347,61,13,8,162,163,34,52,53,61,54,30,73,26,24,0.0,8,11,4,33,60,93,32,-4,5,12,92,21,17,-13,11,5,27,-5,-2,2,5.0,1,2,4,0
2019,2019-03-30,R2,Regular,2.0,Docklands,St Kilda,Essendon,0,10,16,76,65,11,22,199,148,347,70,11,9,143,203,34,50,45,70,53,24,64,21,25,12.0,6,10,14,213,148,361,93,19,8,157,202,36,54,40,64,63,51,60,25,21,7.0,6,9,10,-14,0,-14,-23,-8,1,-14,1,-2,-4,5,6,-10,-27,4,-4,4,5.0,0,1,4,0
2019,2019-03-30,R2,Regular,2.0,Perth Stadium,West Coast,Greater Western Sydney,1,16,8,104,52,52,22,254,116,370,146,20,14,120,244,33,47,50,34,43,33,54,18,23,10.0,10,16,6,225,129,354,109,8,8,119,233,38,62,30,30,46,35,56,23,18,6.0,5,7,9,29,-13,16,37,12,6,1,11,-5,-15,20,4,-3,-2,-2,-5,5,4.0,5,9,-3,0
2019,2019-03-31,R2,Regular,2.0,Docklands,Brisbane Lions,North Melbourne,0,16,11,107,87,20,22,235,148,383,115,11,18,141,243,38,66,30,53,56,38,60,24,18,5.0,12,16,9,192,167,359,81,9,12,144,213,37,43,49,38,43,39,56,18,24,4.0,11,13,9,43,-19,24,34,2,6,-3,30,1,23,-19,15,13,-1,4,6,-6,1.0,1,3,0,0
2019,2019-03-31,R2,Regular,2.0,Carrara,Fremantle,Gold Coast,0,8,10,58,61,-3,22,208,148,356,71,7,8,153,195,43,46,55,61,49,48,59,15,19,1.0,6,8,7,245,169,414,97,8,13,172,243,38,67,37,63,64,42,64,19,15,9.0,4,7,15,-37,-21,-58,-26,-1,-5,-19,-48,5,-21,18,-2,-15,6,-5,-4,4,-8.0,2,1,-8,0
2019,2019-03-31,R2,Regular,2.0,Carrara,Gold Coast,Fremantle,1,7,19,61,58,3,22,245,169,414,97,8,13,172,243,38,67,37,63,64,42,64,19,15,9.0,4,7,15,208,148,356,71,7,8,153,195,43,46,55,61,49,48,59,15,19,1.0,6,8,7,37,21,58,26,1,5,19,48,-5,21,-18,2,15,-6,5,4,-4,8.0,-2,-1,8,0
2019,2019-03-31,R2,Regular,2.0,M.C.G.,Hawthorn,Western Bulldogs,1,13,9,87,106,-19,22,214,122,336,70,16,15,142,185,25,49,50,68,55,46,64,15,24,4.0,12,13,6,235,193,428,96,10,13,147,276,37,66,35,57,73,17,55,24,15,0.0,12,16,8,-21,-71,-92,-26,6,2,-5,-91,-12,-17,15,11,-18,29,9,-9,9,4.0,0,-3,-2,0
2019,2019-03-31,R2,Regular,2.0,Docklands,North Melbourne,Brisbane Lions,1,13,9,87,107,-20,22,192,167,359,81,9,12,144,213,37,43,49,38,43,39,56,18,24,4.0,11,13,9,235,148,383,115,11,18,141,243,38,66,30,53,56,38,60,24,18,5.0,12,16,9,-43,19,-24,-34,-2,-6,3,-30,-1,-23,19,-15,-13,1,-4,-6,6,-1.0,-1,-3,0,0
2019,2019-03-31,R2,Regular,2.0,M.C.G.,Western Bulldogs,Hawthorn,0,16,10,106,87,19,22,235,193,428,96,10,13,147,276,37,66,35,57,73,17,55,24,15,0.0,12,16,8,214,122,336,70,16,15,142,185,25,49,50,68,55,46,64,15,24,4.0,12,13,6,21,71,92,26,-6,-2,5,91,12,17,-15,-11,18,-29,-9,9,-9,-4.0,0,3,2,0
2019,2019-04-04,R3,Regular,3.0,Adelaide Oval,Adelaide,Geelong,1,10,15,75,99,-24,22,210,159,369,91,10,12,115,235,38,53,33,65,50,31,42,15,15,7.0,8,10,12,228,121,349,106,14,13,148,202,31,49,43,48,37,37,45,15,15,4.0,10,14,13,-18,38,20,-15,-4,-1,-33,33,7,4,-10,17,13,-6,-3,0,0,3.0,-2,-4,-1,0
2019,2019-04-04,R3,Regular,3.0,Adelaide Oval,Geelong,Adelaide,0,14,15,99,75,24,22,228,121,349,106,14,13,148,202,31,49,43,48,37,37,45,15,15,4.0,10,14,13,210,159,369,91,10,12,115,235,38,53,33,65,50,31,42,15,15,7.0,8,10,12,18,-38,-20,15,4,1,33,-33,-7,-4,10,-17,-13,6,3,0,0,-3.0,2,4,1,0
2019,2019-04-05,R3,Regular,3.0,M.C.G.,Essendon,Melbourne,0,20,10,130,112,18,22,222,147,369,84,9,16,162,210,43,53,45,69,43,34,52,28,23,17.0,14,20,9,203,149,352,61,10,10,160,187,43,63,33,59,35,45,55,23,28,1.0,11,18,3,19,-2,17,23,-1,6,2,23,0,-10,12,10,8,-11,-3,5,-5,16.0,3,2,6,0
2019,2019-04-05,R3,Regular,3.0,M.C.G.,Melbourne,Essendon,1,18,4,112,130,-18,22,203,149,352,61,10,10,160,187,43,63,33,59,35,45,55,23,28,1.0,11,18,3,222,147,369,84,9,16,162,210,43,53,45,69,43,34,52,28,23,17.0,14,20,9,-19,2,-17,-23,1,-6,-2,-23,0,10,-12,-10,-8,11,3,-5,5,-16.0,-3,-2,-6,0
2019,2019-04-06,R3,Regular,3.0,Gabba,Brisbane Lions,Port Adelaide,1,16,11,107,90,17,22,235,145,380,99,16,10,159,205,43,52,46,47,58,39,54,21,22,1.0,10,16,9,215,151,366,67,7,9,165,189,47,61,36,59,65,43,61,22,21,2.0,9,13,9,20,-6,14,32,9,1,-6,16,-4,-9,10,-12,-7,-4,-7,-1,1,-1.0,1,3,0,0
2019,2019-04-06,R3,Regular,3.0,Docklands,Carlton,Sydney,1,10,14,74,93,-19,22,200,103,303,70,14,8,147,150,43,54,39,52,52,38,42,20,16,4.0,5,10,11,236,174,410,106,16,13,153,248,38,54,43,70,43,46,56,16,20,8.0,9,14,7,-36,-71,-107,-36,-2,-5,-6,-98,5,0,-4,-18,9,-8,-14,4,-4,-4.0,-4,-4,4,0
2019,2019-04-06,R3,Regular,3.0,M.C.G.,Collingwood,West Coast,1,11,10,76,98,-22,22,219,165,384,115,14,14,135,245,36,42,34,41,48,42,49,28,20,8.0,7,11,9,220,112,332,97,10,12,126,206,39,50,30,38,46,19,49,20,28,2.0,12,15,5,-1,53,52,18,4,2,9,39,-3,-8,4,3,2,23,0,8,-8,6.0,-5,-4,4,0
2019,2019-04-06,R3,Regular,3.0,Sydney Showground,Greater Western Sydney,Richmond,1,19,11,125,76,49,22,236,189,425,92,4,13,142,273,36,58,43,64,66,36,62,18,24,6.0,12,19,9,228,138,366,86,8,9,139,211,34,55,39,59,56,32,64,24,16,5.0,6,10,9,8,51,59,6,-4,4,3,62,2,3,4,5,10,4,-2,-6,8,1.0,6,9,0,0
2019,2019-04-06,R3,Regular,3.0,Gabba,Port Adelaide,Brisbane Lions,0,13,12,90,107,-17,22,215,151,366,67,7,9,165,189,47,61,36,59,65,43,61,22,21,2.0,9,13,9,235,145,380,99,16,10,159,205,43,52,46,47,58,39,54,21,22,1.0,10,16,9,-20,6,-14,-32,-9,-1,6,-16,4,9,-10,12,7,4,7,1,-1,1.0,-1,-3,0,0
2019,2019-04-06,R3,Regular,3.0,Sydney Showground,Richmond,Greater Western Sydney,0,10,16,76,125,-49,22,228,138,366,86,8,9,139,211,34,55,39,59,56,32,64,24,16,5.0,6,10,9,236,189,425,92,4,13,142,273,36,58,43,64,66,36,62,18,24,6.0,12,19,9,-8,-51,-59,-6,4,-4,-3,-62,-2,-3,-4,-5,-10,-4,2,6,-8,-1.0,-6,-9,0,0
2019,2019-04-06,R3,Regular,3.0,Docklands,Sydney,Carlton,0,14,9,93,74,19,22,236,174,410,106,16,13,153,248,38,54,43,70,43,46,56,16,20,8.0,9,14,7,200,103,303,70,14,8,147,150,43,54,39,52,52,38,42,20,16,4.0,5,10,11,36,71,107,36,2,5,6,98,-5,0,4,18,-9,8,14,-4,4,4.0,4,4,-4,0
2019,2019-04-06,R3,Regular,3.0,M.C.G.,West Coast,Collingwood,0,15,8,98,76,22,22,220,112,332,97,10,12,126,206,39,50,30,38,46,19,49,20,28,2.0,12,15,5,219,165,384,115,14,14,135,245,36,42,34,41,48,42,49,28,20,8.0,7,11,9,1,-53,-52,-18,-4,-2,-9,-39,3,8,-4,-3,-2,-23,0,-8,8,-6.0,5,4,-4,0
2019,2019-04-07,R3,Regular,3.0,Perth Stadium,Fremantle,St Kilda,1,11,5,71,66,5,22,245,172,417,103,15,11,156,246,43,55,41,69,73,31,65,16,13,6.0,7,11,3,215,151,366,80,12,7,154,208,35,50,41,67,48,46,46,13,16,7.0,4,9,9,30,21,51,23,3,4,2,38,8,5,0,2,25,-15,19,3,-3,-1.0,3,2,-6,0
2019,2019-04-07,R3,Regular,3.0,Docklands,Gold Coast,Western Bulldogs,0,10,13,73,68,5,22,212,133,345,86,23,12,150,194,30,48,56,51,44,70,57,12,27,4.0,7,10,11,226,142,368,95,15,14,152,211,44,66,38,56,62,17,48,27,12,11.0,5,9,11,-14,-9,-23,-9,8,-2,-2,-17,-14,-18,18,-5,-18,53,9,-15,15,-7.0,2,1,0,0
2019,2019-04-07,R3,Regular,3.0,M.C.G.,Hawthorn,North Melbourne,1,13,9,87,71,16,22,215,162,377,93,12,11,129,242,36,54,36,69,40,38,54,16,16,7.0,10,13,8,205,191,396,103,10,10,132,257,36,46,38,51,47,39,52,16,16,5.0,6,10,11,10,-29,-19,-10,2,1,-3,-15,0,8,-2,18,-7,-1,2,0,0,2.0,4,3,-3,0
2019,2019-04-07,R3,Regular,3.0,M.C.G.,North Melbourne,Hawthorn,0,10,11,71,87,-16,22,205,191,396,103,10,10,132,257,36,46,38,51,47,39,52,16,16,5.0,6,10,11,215,162,377,93,12,11,129,242,36,54,36,69,40,38,54,16,16,7.0,10,13,8,-10,29,19,10,-2,-1,3,15,0,-8,2,-18,7,1,-2,0,0,-2.0,-4,-3,3,0
2019,2019-04-07,R3,Regular,3.0,Perth Stadium,St Kilda,Fremantle,0,9,12,66,71,-5,22,215,151,366,80,12,7,154,208,35,50,41,67,48,46,46,13,16,7.0,4,9,9,245,172,417,103,15,11,156,246,43,55,41,69,73,31,65,16,13,6.0,7,11,3,-30,-21,-51,-23,-3,-4,-2,-38,-8,-5,0,-2,-25,15,-19,-3,3,1.0,-3,-2,6,0
2019,2019-04-07,R3,Regular,3.0,Docklands,Western Bulldogs,Gold Coast,1,9,14,68,73,-5,22,226,142,368,95,15,14,152,211,44,66,38,56,62,17,48,27,12,11.0,5,9,11,212,133,345,86,23,12,150,194,30,48,56,51,44,70,57,12,27,4.0,7,10,11,14,9,23,9,-8,2,2,17,14,18,-18,5,18,-53,-9,15,-15,7.0,-2,-1,0,0
2019,2019-04-11,R4,Regular,4.0,S.C.G.,Melbourne,Sydney,0,15,10,100,78,22,22,222,121,343,80,5,8,153,178,44,59,38,63,38,73,70,18,17,3.0,12,15,5,234,135,369,102,14,14,133,219,37,53,44,65,51,13,56,17,18,6.0,6,11,10,-12,-14,-26,-22,-9,-6,20,-41,7,6,-6,-2,-13,60,14,1,-1,-3.0,6,4,-5,0
2019,2019-04-11,R4,Regular,4.0,S.C.G.,Sydney,Melbourne,1,11,12,78,100,-22,22,234,135,369,102,14,14,133,219,37,53,44,65,51,13,56,17,18,6.0,6,11,10,222,121,343,80,5,8,153,178,44,59,38,63,38,73,70,18,17,3.0,12,15,5,12,14,26,22,9,6,-20,41,-7,-6,6,2,13,-60,-14,-1,1,3.0,-6,-4,5,0
2019,2019-04-12,R4,Regular,4.0,M.C.G.,Collingwood,Western Bulldogs,1,11,12,78,64,14,22,219,176,395,98,14,13,147,247,33,52,43,64,51,60,56,20,21,5.0,7,11,12,219,179,398,114,9,10,132,269,26,52,40,58,53,6,48,21,20,4.0,6,9,8,0,-3,-3,-16,5,3,15,-22,7,0,3,6,-2,54,8,-1,1,1.0,1,2,4,0
2019,2019-04-12,R4,Regular,4.0,M.C.G.,Western Bulldogs,Collingwood,0,9,10,64,78,-14,22,219,179,398,114,9,10,132,269,26,52,40,58,53,6,48,21,20,4.0,6,9,8,219,176,395,98,14,13,147,247,33,52,43,64,51,60,56,20,21,5.0,7,11,12,0,3,3,16,-5,-3,-15,22,-7,0,-3,-6,2,-54,-8,1,-1,-1.0,-1,-2,-4,0
2019,2019-04-13,R4,Regular,4.0,Docklands,Adelaide,North Melbourne,0,8,11,59,71,-12,22,213,142,355,109,7,9,120,240,19,36,45,52,42,21,56,18,24,3.0,6,8,10,239,155,394,120,7,13,137,260,31,57,26,51,45,29,53,25,18,3.0,3,9,15,-26,-13,-39,-11,0,-4,-17,-20,-12,-21,19,1,-3,-8,3,-7,6,0.0,3,-1,-5,0
2019,2019-04-13,R4,Regular,4.0,M.C.G.,Brisbane Lions,Essendon,0,9,11,65,112,-47,22,216,161,377,101,9,7,131,241,35,54,39,43,54,43,52,23,15,2.0,5,9,8,234,174,408,103,15,11,158,250,37,57,44,56,59,25,64,15,23,9.0,14,17,9,-18,-13,-31,-2,-6,-4,-27,-9,-2,-3,-5,-13,-5,18,-12,8,-8,-7.0,-9,-8,-1,0
2019,2019-04-13,R4,Regular,4.0,M.C.G.,Essendon,Brisbane Lions,1,17,10,112,65,47,22,234,174,408,103,15,11,158,250,37,57,44,56,59,25,64,15,23,9.0,14,17,9,216,161,377,101,9,7,131,241,35,54,39,43,54,43,52,23,15,2.0,5,9,8,18,13,31,2,6,4,27,9,2,3,5,13,5,-18,12,-8,8,7.0,9,8,1,0
2019,2019-04-13,R4,Regular,4.0,Perth Stadium,Fremantle,West Coast,0,7,14,56,69,-13,22,219,126,345,81,10,8,151,184,27,46,40,54,41,24,45,19,12,3.0,4,7,9,268,129,397,135,8,9,130,257,38,51,37,50,53,42,57,12,19,5.0,7,10,7,-49,-3,-52,-54,2,-1,21,-73,-11,-5,3,4,-12,-18,-12,7,-7,-2.0,-3,-3,2,0
2019,2019-04-13,R4,Regular,4.0,Kardinia Park,Geelong,Greater Western Sydney,1,11,9,75,79,-4,22,181,124,305,80,11,10,119,183,37,44,37,57,53,37,46,14,11,1.0,10,11,9,223,162,385,113,13,19,131,251,38,50,33,66,44,46,52,11,14,10.0,10,11,6,-42,-38,-80,-33,-2,-9,-12,-68,-1,-6,4,-9,9,-9,-6,3,-3,-9.0,0,0,3,0
2019,2019-04-13,R4,Regular,4.0,Kardinia Park,Greater Western Sydney,Geelong,0,11,13,79,75,4,22,223,162,385,113,13,19,131,251,38,50,33,66,44,46,52,11,14,10.0,10,11,6,181,124,305,80,11,10,119,183,37,44,37,57,53,37,46,14,11,1.0,10,11,9,42,38,80,33,2,9,12,68,1,6,-4,9,-9,9,6,-3,3,9.0,0,0,-3,0
2019,2019-04-13,R4,Regular,4.0,Docklands,North Melbourne,Adelaide,1,9,17,71,59,12,22,239,155,394,120,7,13,137,260,31,57,26,51,45,29,53,25,18,3.0,3,9,15,213,142,355,109,7,9,120,240,19,36,45,52,42,21,56,18,24,3.0,6,8,10,26,13,39,11,0,4,17,20,12,21,-19,-1,3,8,-3,7,-6,0.0,-3,1,5,0
2019,2019-04-13,R4,Regular,4.0,Adelaide Oval,Port Adelaide,Richmond,1,14,8,92,99,-7,22,234,162,396,112,12,14,147,245,36,52,34,39,55,41,57,25,26,2.0,10,14,6,201,130,331,91,14,10,136,189,33,50,37,54,36,22,63,26,25,5.0,9,15,8,33,32,65,21,-2,4,11,56,3,2,-3,-15,19,19,-6,-1,1,-3.0,1,-1,-2,0
2019,2019-04-13,R4,Regular,4.0,Adelaide Oval,Richmond,Port Adelaide,0,15,9,99,92,7,22,201,130,331,91,14,10,136,189,33,50,37,54,36,22,63,26,25,5.0,9,15,8,234,162,396,112,12,14,147,245,36,52,34,39,55,41,57,25,26,2.0,10,14,6,-33,-32,-65,-21,2,-4,-11,-56,-3,-2,3,15,-19,-19,6,1,-1,3.0,-1,1,2,0
2019,2019-04-13,R4,Regular,4.0,Perth Stadium,West Coast,Fremantle,1,10,9,69,56,13,22,268,129,397,135,8,9,130,257,38,51,37,50,53,42,57,12,19,5.0,7,10,7,219,126,345,81,10,8,151,184,27,46,40,54,41,24,45,19,12,3.0,4,7,9,49,3,52,54,-2,1,-21,73,11,5,-3,-4,12,18,12,-7,7,2.0,3,3,-2,0
2019,2019-04-14,R4,Regular,4.0,Carrara,Carlton,Gold Coast,0,8,9,57,59,-2,22,257,114,371,135,20,9,145,217,35,46,45,79,54,33,59,13,20,5.0,7,8,8,215,135,350,96,10,8,142,201,40,54,37,74,53,47,62,20,13,3.0,5,8,10,42,-21,21,39,10,1,3,16,-5,-8,8,5,1,-14,-3,-7,7,2.0,2,0,-2,0
2019,2019-04-14,R4,Regular,4.0,Carrara,Gold Coast,Carlton,1,8,11,59,57,2,22,215,135,350,96,10,8,142,201,40,54,37,74,53,47,62,20,13,3.0,5,8,10,257,114,371,135,20,9,145,217,35,46,45,79,54,33,59,13,20,5.0,7,8,8,-42,21,-21,-39,-10,-1,-3,-16,5,8,-8,-5,-1,14,3,7,-7,-2.0,-2,0,2,0
2019,2019-04-14,R4,Regular,4.0,Docklands,Hawthorn,St Kilda,0,10,9,69,74,-5,22,210,165,375,87,17,10,157,221,40,53,39,58,41,65,49,16,19,3.0,6,10,7,215,175,390,74,10,10,156,238,53,51,42,64,51,30,47,19,16,8.0,7,10,11,-5,-10,-15,13,7,0,1,-17,-13,2,-3,-6,-10,35,2,-3,3,-5.0,-1,0,-4,0
2019,2019-04-14,R4,Regular,4.0,Docklands,St Kilda,Hawthorn,1,10,14,74,69,5,22,215,175,390,74,10,10,156,238,53,51,42,64,51,30,47,19,16,8.0,7,10,11,210,165,375,87,17,10,157,221,40,53,39,58,41,65,49,16,19,3.0,6,10,7,5,10,15,-13,-7,0,-1,17,13,-2,3,6,10,-35,-2,3,-3,5.0,1,0,4,0
2019,2019-04-18,R5,Regular,5.0,Gabba,Brisbane Lions,Collingwood,1,8,13,61,123,-62,22,212,130,342,108,10,10,121,209,30,42,42,49,35,18,54,27,27,4.0,4,8,9,222,175,397,98,12,24,138,256,33,62,34,38,37,36,53,27,27,10.0,13,18,11,-10,-45,-55,10,-2,-14,-17,-47,-3,-20,8,11,-2,-18,1,0,0,-6.0,-9,-10,-2,0
2019,2019-04-18,R5,Regular,5.0,Gabba,Collingwood,Brisbane Lions,0,18,15,123,61,62,22,222,175,397,98,12,24,138,256,33,62,34,38,37,36,53,27,27,10.0,13,18,11,212,130,342,108,10,10,121,209,30,42,42,49,35,18,54,27,27,4.0,4,8,9,10,45,55,-10,2,14,17,47,3,20,-8,-11,2,18,-1,0,0,6.0,9,10,2,0
2019,2019-04-19,R5,Regular,5.0,Docklands,Essendon,North Melbourne,0,17,14,116,58,58,22,237,170,407,111,12,16,142,264,35,55,41,58,43,29,62,21,24,9.0,13,17,11,203,175,378,86,11,12,136,251,26,48,32,43,51,26,53,24,21,4.0,6,7,14,34,-5,29,25,1,4,6,13,9,7,9,15,-8,3,9,-3,3,5.0,7,10,-3,0
2019,2019-04-19,R5,Regular,5.0,Docklands,North Melbourne,Essendon,1,7,16,58,116,-58,22,203,175,378,86,11,12,136,251,26,48,32,43,51,26,53,24,21,4.0,6,7,14,237,170,407,111,12,16,142,264,35,55,41,58,43,29,62,21,24,9.0,13,17,11,-34,5,-29,-25,-1,-4,-6,-13,-9,-7,-9,-15,8,-3,-9,3,-3,-5.0,-7,-10,3,0
2019,2019-04-19,R5,Regular,5.0,Perth Stadium,Port Adelaide,West Coast,0,13,17,95,53,42,22,237,165,402,82,11,12,162,237,48,71,28,54,64,46,56,14,23,5.0,7,13,14,231,142,373,89,4,7,141,225,34,38,58,48,65,36,63,23,14,0.0,7,8,2,6,23,29,-7,7,5,21,12,14,33,-30,6,-1,10,-7,-9,9,5.0,0,5,12,0
2019,2019-04-19,R5,Regular,5.0,Perth Stadium,West Coast,Port Adelaide,1,8,5,53,95,-42,22,231,142,373,89,4,7,141,225,34,38,58,48,65,36,63,23,14,0.0,7,8,2,237,165,402,82,11,12,162,237,48,71,28,54,64,46,56,14,23,5.0,7,13,14,-6,-23,-29,7,-7,-5,-21,-12,-14,-33,30,-6,1,-10,7,9,-9,-5.0,0,-5,-12,0
2019,2019-04-20,R5,Regular,5.0,Manuka Oval,Fremantle,Greater Western Sydney,0,16,10,106,82,24,22,237,153,390,108,8,20,132,247,36,54,36,35,49,24,53,12,13,0.0,11,16,8,218,167,385,101,4,5,127,257,34,50,38,51,56,48,44,13,12,9.0,5,11,13,19,-14,5,7,4,15,5,-10,2,4,-2,-16,-7,-24,9,-1,1,-9.0,6,5,-5,0
2019,2019-04-20,R5,Regular,5.0,Manuka Oval,Greater Western Sydney,Fremantle,1,11,16,82,106,-24,22,218,167,385,101,4,5,127,257,34,50,38,51,56,48,44,13,12,9.0,5,11,13,237,153,390,108,8,20,132,247,36,54,36,35,49,24,53,12,13,0.0,11,16,8,-19,14,-5,-7,-4,-15,-5,10,-2,-4,2,16,7,24,-9,1,-1,9.0,-6,-5,5,0
2019,2019-04-20,R5,Regular,5.0,M.C.G.,Melbourne,St Kilda,1,7,13,55,95,-40,22,225,170,395,119,13,10,129,261,31,55,31,54,54,49,58,16,23,5.0,6,7,9,231,170,401,105,9,13,136,259,35,47,45,58,52,16,53,23,16,9.0,12,15,4,-6,0,-6,14,4,-3,-7,2,-4,8,-14,-4,2,33,5,-7,7,-4.0,-6,-8,5,0
2019,2019-04-20,R5,Regular,5.0,Docklands,Richmond,Sydney,1,13,11,89,67,22,22,202,186,388,84,8,12,146,247,29,64,31,71,50,25,57,17,17,17.0,10,13,8,254,210,464,122,11,10,140,318,32,41,50,56,50,32,47,17,17,7.0,9,10,6,-52,-24,-76,-38,-3,2,6,-71,-3,23,-19,15,0,-7,10,0,0,10.0,1,3,2,0
2019,2019-04-20,R5,Regular,5.0,M.C.G.,St Kilda,Melbourne,0,15,5,95,55,40,22,231,170,401,105,9,13,136,259,35,47,45,58,52,16,53,23,16,9.0,12,15,4,225,170,395,119,13,10,129,261,31,55,31,54,54,49,58,16,23,5.0,6,7,9,6,0,6,-14,-4,3,7,-2,4,-8,14,4,-2,-33,-5,7,-7,4.0,6,8,-5,0
2019,2019-04-20,R5,Regular,5.0,Docklands,Sydney,Richmond,0,10,7,67,89,-22,22,254,210,464,122,11,10,140,318,32,41,50,56,50,32,47,17,17,7.0,9,10,6,202,186,388,84,8,12,146,247,29,64,31,71,50,25,57,17,17,17.0,10,13,8,52,24,76,38,3,-2,-6,71,3,-23,19,-15,0,7,-10,0,0,-10.0,-1,-3,-2,0
2019,2019-04-21,R5,Regular,5.0,Adelaide Oval,Adelaide,Gold Coast,1,18,11,119,46,73,22,248,207,455,106,15,11,169,284,39,59,35,69,51,39,51,15,17,6.0,11,18,10,220,169,389,94,8,7,151,238,38,41,41,83,50,56,63,17,15,6.0,5,6,8,28,38,66,12,7,4,18,46,1,18,-6,-14,1,-17,-12,-2,2,0.0,6,12,2,0
2019,2019-04-21,R5,Regular,5.0,Docklands,Carlton,Western Bulldogs,0,15,11,101,57,44,22,237,159,396,118,14,16,132,252,42,48,44,42,40,36,53,12,22,6.0,11,15,10,193,162,355,88,12,12,134,209,26,53,33,60,41,30,49,22,12,15.0,6,7,13,44,-3,41,30,2,4,-2,43,16,-5,11,-18,-1,6,4,-10,10,-9.0,5,8,-3,0
2019,2019-04-21,R5,Regular,5.0,Adelaide Oval,Gold Coast,Adelaide,0,6,10,46,119,-73,22,220,169,389,94,8,7,151,238,38,41,41,83,50,56,63,17,15,6.0,5,6,8,248,207,455,106,15,11,169,284,39,59,35,69,51,39,51,15,17,6.0,11,18,10,-28,-38,-66,-12,-7,-4,-18,-46,-1,-18,6,14,-1,17,12,2,-2,0.0,-6,-12,-2,0
2019,2019-04-21,R5,Regular,5.0,Docklands,Western Bulldogs,Carlton,1,7,15,57,101,-44,22,193,162,355,88,12,12,134,209,26,53,33,60,41,30,49,22,12,15.0,6,7,13,237,159,396,118,14,16,132,252,42,48,44,42,40,36,53,12,22,6.0,11,15,10,-44,3,-41,-30,-2,-4,2,-43,-16,5,-11,18,1,-6,-4,10,-10,9.0,-5,-8,3,0
2019,2019-04-22,R5,Regular,5.0,M.C.G.,Geelong,Hawthorn,0,17,11,113,90,23,22,235,153,388,102,12,14,156,223,39,55,35,71,63,33,49,18,21,5.0,13,17,9,212,145,357,92,13,9,150,206,40,48,36,60,47,46,54,21,18,6.0,7,13,9,23,8,31,10,-1,5,6,17,-1,7,-1,11,16,-13,-5,-3,3,-1.0,6,4,0,0
2019,2019-04-22,R5,Regular,5.0,M.C.G.,Hawthorn,Geelong,1,13,12,90,113,-23,22,212,145,357,92,13,9,150,206,40,48,36,60,47,46,54,21,18,6.0,7,13,9,235,153,388,102,12,14,156,223,39,55,35,71,63,33,49,18,21,5.0,13,17,9,-23,-8,-31,-10,1,-5,-6,-17,1,-7,1,-11,-16,13,5,3,-3,1.0,-6,-4,0,0
2019,2019-04-24,R6,Regular,6.0,M.C.G.,Melbourne,Richmond,0,6,6,42,85,-43,22,211,143,354,86,15,8,167,189,40,42,58,57,56,51,81,15,20,3.0,3,6,4,217,174,391,87,13,13,156,226,38,71,35,76,57,28,62,20,15,6.0,9,12,11,-6,-31,-37,-1,2,-5,11,-37,2,-29,23,-19,-1,23,19,-5,5,-3.0,-6,-6,-7,0
2019,2019-04-24,R6,Regular,6.0,M.C.G.,Richmond,Melbourne,1,12,13,85,42,43,22,217,174,391,87,13,13,156,226,38,71,35,76,57,28,62,20,15,6.0,9,12,11,211,143,354,86,15,8,167,189,40,42,58,57,56,51,81,15,20,3.0,3,6,4,6,31,37,1,-2,5,-11,37,-2,29,-23,19,1,-23,-19,5,-5,3.0,6,6,7,0
2019,2019-04-25,R6,Regular,6.0,M.C.G.,Collingwood,Essendon,0,10,13,73,69,4,22,236,180,416,107,17,14,168,248,29,55,37,71,47,44,52,17,14,6.0,7,10,12,213,179,392,99,17,7,163,226,40,47,45,73,56,19,58,14,17,3.0,7,10,6,23,1,24,8,0,7,5,22,-11,8,-8,-2,-9,25,-6,3,-3,3.0,0,0,6,0
2019,2019-04-25,R6,Regular,6.0,M.C.G.,Essendon,Collingwood,1,10,9,69,73,-4,22,213,179,392,99,17,7,163,226,40,47,45,73,56,19,58,14,17,3.0,7,10,6,236,180,416,107,17,14,168,248,29,55,37,71,47,44,52,17,14,6.0,7,10,12,-23,-1,-24,-8,0,-7,-5,-22,11,-8,8,2,9,-25,6,-3,3,-3.0,0,0,-6,0
2019,2019-04-26,R6,Regular,6.0,Adelaide Oval,North Melbourne,Port Adelaide,0,11,6,72,88,-16,22,197,208,405,85,10,11,141,258,34,45,42,66,47,40,45,20,16,5.0,9,11,5,214,196,410,80,17,15,165,241,41,57,34,78,52,42,49,16,20,12.0,8,12,15,-17,12,-5,5,-7,-4,-24,17,-7,-12,8,-12,-5,-2,-4,4,-4,-7.0,1,-1,-10,0
2019,2019-04-26,R6,Regular,6.0,Adelaide Oval,Port Adelaide,North Melbourne,1,12,16,88,72,16,22,214,196,410,80,17,15,165,241,41,57,34,78,52,42,49,16,20,12.0,8,12,15,197,208,405,85,10,11,141,258,34,45,42,66,47,40,45,20,16,5.0,9,11,5,17,-12,5,-5,7,4,24,-17,7,12,-8,12,5,2,4,-4,4,7.0,-1,1,10,0
2019,2019-04-27,R6,Regular,6.0,Docklands,Adelaide,St Kilda,0,15,7,97,68,29,22,242,158,400,118,14,17,152,245,40,52,33,50,44,45,49,17,18,0.0,9,15,7,197,156,353,101,8,10,131,225,28,45,36,72,49,24,43,18,17,10.0,9,10,7,45,2,47,17,6,7,21,20,12,7,-3,-22,-5,21,6,-1,1,-10.0,0,5,0,0
2019,2019-04-27,R6,Regular,6.0,Carrara,Brisbane Lions,Gold Coast,0,16,15,111,62,49,22,238,129,367,89,9,14,135,216,47,54,38,69,48,43,66,20,18,9.0,11,16,14,198,151,349,85,4,12,133,217,34,48,37,59,45,46,61,19,20,5.0,7,9,7,40,-22,18,4,5,2,2,-1,13,6,1,10,3,-3,5,1,-2,4.0,4,7,7,0
2019,2019-04-27,R6,Regular,6.0,Perth Stadium,Fremantle,Western Bulldogs,1,13,10,88,69,19,22,241,155,396,107,19,13,150,239,26,56,44,43,52,36,48,16,17,6.0,11,13,9,222,174,396,100,8,10,134,259,32,54,43,44,63,27,42,17,16,15.0,8,9,12,19,-19,0,7,11,3,16,-20,-6,2,1,-1,-11,9,6,-1,1,-9.0,3,4,-3,0
2019,2019-04-27,R6,Regular,6.0,Carrara,Gold Coast,Brisbane Lions,1,9,8,62,111,-49,22,198,151,349,85,4,12,133,217,34,48,37,59,45,46,61,19,20,5.0,7,9,7,238,129,367,89,9,14,135,216,47,54,38,69,48,43,66,20,18,9.0,11,16,14,-40,22,-18,-4,-5,-2,-2,1,-13,-6,-1,-10,-3,3,-5,-1,2,-4.0,-4,-7,-7,0
2019,2019-04-27,R6,Regular,6.0,S.C.G.,Greater Western Sydney,Sydney,0,18,12,120,79,41,22,261,144,405,104,12,13,174,235,39,57,33,71,45,55,53,15,25,7.0,9,18,11,197,146,343,72,10,9,141,193,42,46,39,66,47,28,52,25,15,2.0,5,12,5,64,-2,62,32,2,4,33,42,-3,11,-6,5,-2,27,1,-10,10,5.0,4,6,6,0
2019,2019-04-27,R6,Regular,6.0,Docklands,St Kilda,Adelaide,1,10,8,68,97,-29,22,197,156,353,101,8,10,131,225,28,45,36,72,49,24,43,18,17,10.0,9,10,7,242,158,400,118,14,17,152,245,40,52,33,50,44,45,49,17,18,0.0,9,15,7,-45,-2,-47,-17,-6,-7,-21,-20,-12,-7,3,22,5,-21,-6,1,-1,10.0,0,-5,0,0
2019,2019-04-27,R6,Regular,6.0,S.C.G.,Sydney,Greater Western Sydney,1,12,7,79,120,-41,22,197,146,343,72,10,9,141,193,42,46,39,66,47,28,52,25,15,2.0,5,12,5,261,144,405,104,12,13,174,235,39,57,33,71,45,55,53,15,25,7.0,9,18,11,-64,2,-62,-32,-2,-4,-33,-42,3,-11,6,-5,2,-27,-1,10,-10,-5.0,-4,-6,-6,0
2019,2019-04-27,R6,Regular,6.0,Perth Stadium,Western Bulldogs,Fremantle,0,9,15,69,88,-19,22,222,174,396,100,8,10,134,259,32,54,43,44,63,27,42,17,16,15.0,8,9,12,241,155,396,107,19,13,150,239,26,56,44,43,52,36,48,16,17,6.0,11,13,9,-19,19,0,-7,-11,-3,-16,20,6,-2,-1,1,11,-9,-6,1,-1,9.0,-3,-4,3,0
2019,2019-04-28,R6,Regular,6.0,York Park,Carlton,Hawthorn,0,13,10,88,93,-5,22,219,156,375,87,18,9,152,218,53,47,41,64,57,42,56,10,19,3.0,7,13,7,226,156,382,107,13,8,143,233,35,56,30,72,60,46,38,19,10,9.0,8,13,11,-7,0,-7,-20,5,1,9,-15,18,-9,11,-8,-3,-4,18,-9,9,-6.0,-1,0,-4,0
2019,2019-04-28,R6,Regular,6.0,Kardinia Park,Geelong,West Coast,1,15,14,104,46,58,22,271,173,444,138,12,16,157,288,39,61,32,65,58,41,41,19,14,3.0,9,15,12,181,118,299,68,8,3,124,171,43,39,42,58,54,41,58,14,19,1.0,3,7,3,90,55,145,70,4,13,33,117,-4,22,-10,7,4,0,-17,5,-5,2.0,6,8,9,0
2019,2019-04-28,R6,Regular,6.0,York Park,Hawthorn,Carlton,1,13,15,93,88,5,22,226,156,382,107,13,8,143,233,35,56,30,72,60,46,38,19,10,9.0,8,13,11,219,156,375,87,18,9,152,218,53,47,41,64,57,42,56,10,19,3.0,7,13,7,7,0,7,20,-5,-1,-9,15,-18,9,-11,8,3,4,-18,9,-9,6.0,1,0,4,0
2019,2019-04-28,R6,Regular,6.0,Kardinia Park,West Coast,Geelong,0,7,4,46,104,-58,22,181,118,299,68,8,3,124,171,43,39,42,58,54,41,58,14,19,1.0,3,7,3,271,173,444,138,12,16,157,288,39,61,32,65,58,41,41,19,14,3.0,9,15,12,-90,-55,-145,-70,-4,-13,-33,-117,4,-22,10,-7,-4,0,17,-5,5,-2.0,-6,-8,-9,0
2019,2019-05-03,R7,Regular,7.0,Docklands,Collingwood,Port Adelaide,1,15,18,108,69,39,22,248,193,441,113,19,16,172,273,36,58,34,55,43,37,54,11,12,5.0,8,15,14,213,142,355,78,10,11,148,200,40,45,42,72,55,39,53,12,11,1.0,8,10,7,35,51,86,35,9,5,24,73,-4,13,-8,-17,-12,-2,1,-1,1,4.0,0,5,7,0
2019,2019-05-03,R7,Regular,7.0,Docklands,Port Adelaide,Collingwood,0,10,9,69,108,-39,22,213,142,355,78,10,11,148,200,40,45,42,72,55,39,53,12,11,1.0,8,10,7,248,193,441,113,19,16,172,273,36,58,34,55,43,37,54,11,12,5.0,8,15,14,-35,-51,-86,-35,-9,-5,-24,-73,4,-13,8,17,12,2,-1,1,-1,-4.0,0,-5,-7,0
2019,2019-05-04,R7,Regular,7.0,Gabba,Brisbane Lions,Sydney,1,14,19,103,81,22,22,229,139,368,61,12,10,184,170,53,75,29,77,52,63,50,27,17,5.0,10,14,13,212,131,343,64,7,10,142,169,42,40,59,74,74,37,60,17,27,0.0,4,12,7,17,8,25,-3,5,0,42,1,11,35,-30,3,-22,26,-10,10,-10,5.0,6,2,6,0
2019,2019-05-04,R7,Regular,7.0,Perth Stadium,Gold Coast,West Coast,0,8,9,57,80,-23,22,200,154,354,88,13,9,132,221,32,44,37,56,53,64,48,12,15,2.0,6,8,7,238,145,383,116,14,11,137,253,43,50,35,87,61,32,49,15,12,3.0,8,11,13,-38,9,-29,-28,-1,-2,-5,-32,-11,-6,2,-31,-8,32,-1,-3,3,-1.0,-2,-3,-6,0
2019,2019-05-04,R7,Regular,7.0,Manuka Oval,Greater Western Sydney,St Kilda,1,18,6,114,70,44,22,238,132,370,108,20,13,154,210,44,42,52,46,54,50,62,22,26,9.0,12,18,6,180,127,307,61,15,10,141,171,39,62,23,45,39,30,48,26,22,16.0,6,10,9,58,5,63,47,5,3,13,39,5,-20,29,1,15,20,14,-4,4,-7.0,6,8,-3,0
2019,2019-05-04,R7,Regular,7.0,M.C.G.,Hawthorn,Melbourne,0,11,8,74,79,-5,22,199,152,351,93,16,10,125,216,37,50,49,80,59,31,60,18,21,5.0,9,11,6,224,143,367,92,9,13,157,208,35,63,38,56,46,51,55,21,18,5.0,9,11,9,-25,9,-16,1,7,-3,-32,8,2,-13,11,24,13,-20,5,-3,3,0.0,0,0,-3,0
2019,2019-05-04,R7,Regular,7.0,M.C.G.,Melbourne,Hawthorn,1,11,13,79,74,5,22,224,143,367,92,9,13,157,208,35,63,38,56,46,51,55,21,18,5.0,9,11,9,199,152,351,93,16,10,125,216,37,50,49,80,59,31,60,18,21,5.0,9,11,6,25,-9,16,-1,-7,3,32,-8,-2,13,-11,-24,-13,20,-5,3,-3,0.0,0,0,3,0
2019,2019-05-04,R7,Regular,7.0,Docklands,Richmond,Western Bulldogs,0,7,10,52,99,-47,22,175,153,328,72,9,12,126,206,26,48,35,54,33,31,45,11,17,12.0,7,7,8,240,200,440,134,19,20,137,301,38,52,41,59,45,32,36,17,11,8.0,11,15,9,-65,-47,-112,-62,-10,-8,-11,-95,-12,-4,-6,-5,-12,-1,9,-6,6,4.0,-4,-8,-1,0
2019,2019-05-04,R7,Regular,7.0,Manuka Oval,St Kilda,Greater Western Sydney,0,10,10,70,114,-44,22,180,127,307,61,15,10,141,171,39,62,23,45,39,30,48,26,22,16.0,6,10,9,238,132,370,108,20,13,154,210,44,42,52,46,54,50,62,22,26,9.0,12,18,6,-58,-5,-63,-47,-5,-3,-13,-39,-5,20,-29,-1,-15,-20,-14,4,-4,7.0,-6,-8,3,0
2019,2019-05-04,R7,Regular,7.0,Gabba,Sydney,Brisbane Lions,0,12,9,81,103,-22,22,212,131,343,64,7,10,142,169,42,40,59,74,74,37,60,17,27,0.0,4,12,7,229,139,368,61,12,10,184,170,53,75,29,77,52,63,50,27,17,5.0,10,14,13,-17,-8,-25,3,-5,0,-42,-1,-11,-35,30,-3,22,-26,10,-10,10,-5.0,-6,-2,-6,0
2019,2019-05-04,R7,Regular,7.0,Perth Stadium,West Coast,Gold Coast,1,11,14,80,57,23,22,238,145,383,116,14,11,137,253,43,50,35,87,61,32,49,15,12,3.0,8,11,13,200,154,354,88,13,9,132,221,32,44,37,56,53,64,48,12,15,2.0,6,8,7,38,-9,29,28,1,2,5,32,11,6,-2,31,8,-32,1,3,-3,1.0,2,3,6,0
2019,2019-05-04,R7,Regular,7.0,Docklands,Western Bulldogs,Richmond,1,15,9,99,52,47,22,240,200,440,134,19,20,137,301,38,52,41,59,45,32,36,17,11,8.0,11,15,9,175,153,328,72,9,12,126,206,26,48,35,54,33,31,45,11,17,12.0,7,7,8,65,47,112,62,10,8,11,95,12,4,6,5,12,1,-9,6,-6,-4.0,4,8,1,0
2019,2019-05-05,R7,Regular,7.0,Adelaide Oval,Adelaide,Fremantle,1,7,9,51,34,17,22,225,224,449,72,13,8,183,261,45,50,44,58,53,52,43,10,10,7.0,4,7,8,219,185,404,84,16,8,165,247,43,50,41,65,83,34,43,10,10,7.0,4,5,3,6,39,45,-12,-3,0,18,14,2,0,3,-7,-30,18,0,0,0,0.0,0,2,5,0
2019,2019-05-05,R7,Regular,7.0,Docklands,Carlton,North Melbourne,1,8,14,62,120,-58,22,192,126,318,81,11,7,122,177,36,39,40,56,46,41,50,14,15,6.0,3,8,13,218,230,448,94,10,14,157,289,36,60,30,56,39,39,46,15,14,4.0,11,18,11,-26,-104,-130,-13,1,-7,-35,-112,0,-21,10,0,7,2,4,-1,1,2.0,-8,-10,2,0
2019,2019-05-05,R7,Regular,7.0,M.C.G.,Essendon,Geelong,0,7,12,54,86,-32,22,199,172,371,94,13,8,131,241,37,49,33,59,51,25,53,13,13,14.0,4,7,9,234,152,386,124,20,17,137,244,32,46,41,71,48,37,42,13,13,8.0,12,13,6,-35,20,-15,-30,-7,-9,-6,-3,5,3,-8,-12,3,-12,11,0,0,6.0,-8,-6,3,0
2019,2019-05-05,R7,Regular,7.0,Adelaide Oval,Fremantle,Adelaide,0,5,4,34,51,-17,22,219,185,404,84,16,8,165,247,43,50,41,65,83,34,43,10,10,7.0,4,5,3,225,224,449,72,13,8,183,261,45,50,44,58,53,52,43,10,10,7.0,4,7,8,-6,-39,-45,12,3,0,-18,-14,-2,0,-3,7,30,-18,0,0,0,0.0,0,-2,-5,0
2019,2019-05-05,R7,Regular,7.0,M.C.G.,Geelong,Essendon,1,13,8,86,54,32,22,234,152,386,124,20,17,137,244,32,46,41,71,48,37,42,13,13,8.0,12,13,6,199,172,371,94,13,8,131,241,37,49,33,59,51,25,53,13,13,14.0,4,7,9,35,-20,15,30,7,9,6,3,-5,-3,8,12,-3,12,-11,0,0,-6.0,8,6,-3,0
2019,2019-05-05,R7,Regular,7.0,Docklands,North Melbourne,Carlton,0,18,12,120,62,58,22,218,230,448,94,10,14,157,289,36,60,30,56,39,39,46,15,14,4.0,11,18,11,192,126,318,81,11,7,122,177,36,39,40,56,46,41,50,14,15,6.0,3,8,13,26,104,130,13,-1,7,35,112,0,21,-10,0,-7,-2,-4,1,-1,-2.0,8,10,-2,0
2019,2019-05-10,R8,Regular,8.0,S.C.G.,Essendon,Sydney,0,10,12,72,77,-5,22,209,120,329,83,10,6,148,179,46,54,28,86,48,43,58,21,21,6.0,8,10,7,201,146,347,57,12,11,155,184,33,41,43,74,45,39,55,21,21,0.0,4,11,11,8,-26,-18,26,-2,-5,-7,-5,13,13,-15,12,3,4,3,0,0,6.0,4,-1,-4,0
2019,2019-05-10,R8,Regular,8.0,S.C.G.,Sydney,Essendon,1,11,11,77,72,5,22,201,146,347,57,12,11,155,184,33,41,43,74,45,39,55,21,21,0.0,4,11,11,209,120,329,83,10,6,148,179,46,54,28,86,48,43,58,21,21,6.0,8,10,7,-8,26,18,-26,2,5,7,5,-13,-13,15,-12,-3,-4,-3,0,0,-6.0,-4,1,4,0
2019,2019-05-11,R8,Regular,8.0,Adelaide Oval,Adelaide,Port Adelaide,0,13,10,88,68,20,22,229,156,385,55,6,5,188,186,36,62,59,93,63,38,69,16,18,1.0,6,13,7,241,136,377,68,5,8,187,189,53,69,49,78,78,50,66,18,16,4.0,4,9,13,-12,20,8,-13,1,-3,1,-3,-17,-7,10,15,-15,-12,3,-2,2,-3.0,2,4,-6,0
2019,2019-05-11,R8,Regular,8.0,Eureka Stadium,Brisbane Lions,Western Bulldogs,0,11,10,76,92,-16,22,216,128,344,68,7,12,159,178,39,58,48,81,67,57,67,19,20,1.0,8,11,7,224,150,374,66,10,12,169,195,51,63,47,86,66,31,64,20,19,3.0,10,13,12,-8,-22,-30,2,-3,0,-10,-17,-12,-5,1,-5,1,26,3,-1,1,-2.0,-2,-2,-5,0
2019,2019-05-11,R8,Regular,8.0,M.C.G.,Carlton,Collingwood,1,13,9,87,106,-19,22,207,191,398,87,14,10,154,243,44,43,52,65,54,26,58,8,22,4.0,10,13,8,237,183,420,92,10,15,162,253,41,69,29,72,57,50,48,22,8,6.0,7,16,7,-30,8,-22,-5,4,-5,-8,-10,3,-26,23,-7,-3,-24,10,-14,14,-2.0,3,-3,1,0
2019,2019-05-11,R8,Regular,8.0,M.C.G.,Collingwood,Carlton,0,16,10,106,87,19,22,237,183,420,92,10,15,162,253,41,69,29,72,57,50,48,22,8,6.0,7,16,7,207,191,398,87,14,10,154,243,44,43,52,65,54,26,58,8,22,4.0,10,13,8,30,-8,22,5,-4,5,8,10,-3,26,-23,7,3,24,-10,14,-14,2.0,-3,3,-1,0
2019,2019-05-11,R8,Regular,8.0,Carrara,Gold Coast,Melbourne,1,9,6,60,61,-1,22,220,127,347,95,15,8,147,185,38,42,58,60,28,55,52,16,16,6.0,9,9,5,214,183,397,84,5,11,161,236,50,66,31,99,61,52,53,16,16,8.0,7,8,10,6,-56,-50,11,10,-3,-14,-51,-12,-24,27,-39,-33,3,-1,0,0,-2.0,2,1,-5,0
2019,2019-05-11,R8,Regular,8.0,Carrara,Melbourne,Gold Coast,0,8,13,61,60,1,22,214,183,397,84,5,11,161,236,50,66,31,99,61,52,53,16,16,8.0,7,8,10,220,127,347,95,15,8,147,185,38,42,58,60,28,55,52,16,16,6.0,9,9,5,-6,56,50,-11,-10,3,14,51,12,24,-27,39,33,-3,1,0,0,2.0,-2,-1,5,0
2019,2019-05-11,R8,Regular,8.0,Adelaide Oval,Port Adelaide,Adelaide,1,9,14,68,88,-20,22,241,136,377,68,5,8,187,189,53,69,49,78,78,50,66,18,16,4.0,4,9,13,229,156,385,55,6,5,188,186,36,62,59,93,63,38,69,16,18,1.0,6,13,7,12,-20,-8,13,-1,3,-1,3,17,7,-10,-15,15,12,-3,2,-2,3.0,-2,-4,6,0
2019,2019-05-11,R8,Regular,8.0,Docklands,St Kilda,West Coast,1,10,10,70,88,-18,22,231,157,388,104,12,15,130,242,30,47,34,41,48,25,51,9,13,10.0,7,10,9,232,128,360,102,10,13,130,220,34,50,37,51,56,38,42,13,9,2.0,9,12,16,-1,29,28,2,2,2,0,22,-4,-3,-3,-10,-8,-13,9,-4,4,8.0,-2,-2,-7,0
2019,2019-05-11,R8,Regular,8.0,Docklands,West Coast,St Kilda,0,12,16,88,70,18,22,232,128,360,102,10,13,130,220,34,50,37,51,56,38,42,13,9,2.0,9,12,16,231,157,388,104,12,15,130,242,30,47,34,41,48,25,51,9,13,10.0,7,10,9,1,-29,-28,-2,-2,-2,0,-22,4,3,3,10,8,13,-9,4,-4,-8.0,2,2,7,0
2019,2019-05-11,R8,Regular,8.0,Eureka Stadium,Western Bulldogs,Brisbane Lions,1,13,14,92,76,16,22,224,150,374,66,10,12,169,195,51,63,47,86,66,31,64,20,19,3.0,10,13,12,216,128,344,68,7,12,159,178,39,58,48,81,67,57,67,19,20,1.0,8,11,7,8,22,30,-2,3,0,10,17,12,5,-1,5,-1,-26,-3,1,-1,2.0,2,2,5,0
2019,2019-05-12,R8,Regular,8.0,Perth Stadium,Fremantle,Richmond,1,12,14,86,111,-25,22,181,164,345,60,19,12,160,185,44,55,32,52,41,48,51,16,15,3.0,6,12,13,239,164,403,117,16,12,143,255,31,51,43,66,49,23,41,15,16,10.0,10,17,7,-58,0,-58,-57,3,0,17,-70,13,4,-11,-14,-8,25,10,1,-1,-7.0,-4,-5,6,0
2019,2019-05-12,R8,Regular,8.0,Docklands,Geelong,North Melbourne,0,16,8,104,80,24,22,213,174,387,104,6,10,144,244,45,47,35,53,49,37,49,13,21,2.0,14,16,7,187,195,382,83,9,14,137,241,34,47,29,58,37,42,44,21,13,5.0,8,11,9,26,-21,5,21,-3,-4,7,3,11,0,6,-5,12,-5,5,-8,8,-3.0,6,5,-2,0
2019,2019-05-12,R8,Regular,8.0,M.C.G.,Greater Western Sydney,Hawthorn,0,5,8,38,71,-33,22,216,117,333,103,10,7,123,204,39,40,40,55,55,25,62,23,16,11.0,4,5,7,242,147,389,136,17,14,121,262,32,50,33,58,37,51,53,16,23,7.0,9,10,7,-26,-30,-56,-33,-7,-7,2,-58,7,-10,7,-3,18,-26,9,7,-7,4.0,-5,-5,0,0
2019,2019-05-12,R8,Regular,8.0,M.C.G.,Hawthorn,Greater Western Sydney,1,10,11,71,38,33,22,242,147,389,136,17,14,121,262,32,50,33,58,37,51,53,16,23,7.0,9,10,7,216,117,333,103,10,7,123,204,39,40,40,55,55,25,62,23,16,11.0,4,5,7,26,30,56,33,7,7,-2,58,-7,10,-7,3,-18,26,-9,-7,7,-4.0,5,5,0,0
2019,2019-05-12,R8,Regular,8.0,Docklands,North Melbourne,Geelong,1,11,14,80,104,-24,22,187,195,382,83,9,14,137,241,34,47,29,58,37,42,44,21,13,5.0,8,11,9,213,174,387,104,6,10,144,244,45,47,35,53,49,37,49,13,21,2.0,14,16,7,-26,21,-5,-21,3,4,-7,-3,-11,0,-6,5,-12,5,-5,8,-8,3.0,-6,-5,2,0
2019,2019-05-12,R8,Regular,8.0,Perth Stadium,Richmond,Fremantle,0,17,9,111,86,25,22,239,164,403,117,16,12,143,255,31,51,43,66,49,23,41,15,16,10.0,10,17,7,181,164,345,60,19,12,160,185,44,55,32,52,41,48,51,16,15,3.0,6,12,13,58,0,58,57,-3,0,-17,70,-13,-4,11,14,8,-25,-10,-1,1,7.0,4,5,-6,0
2019,2019-05-17,R9,Regular,9.0,Perth Stadium,Melbourne,West Coast,0,9,15,69,85,-16,22,198,157,355,75,15,11,158,202,38,62,33,63,58,59,59,22,21,4.0,6,9,10,227,126,353,116,9,8,141,209,34,47,50,75,51,20,50,21,22,7.0,8,13,5,-29,31,2,-41,6,3,17,-7,4,15,-17,-12,7,39,9,1,-1,-3.0,-2,-4,5,0
2019,2019-05-17,R9,Regular,9.0,Perth Stadium,West Coast,Melbourne,1,13,7,85,69,16,22,227,126,353,116,9,8,141,209,34,47,50,75,51,20,50,21,22,7.0,8,13,5,198,157,355,75,15,11,158,202,38,62,33,63,58,59,59,22,21,4.0,6,9,10,29,-31,-2,41,-6,-3,-17,7,-4,-15,17,12,-7,-39,-9,-1,1,3.0,2,4,-5,0
2019,2019-05-18,R9,Regular,9.0,Gabba,Adelaide,Brisbane Lions,0,13,14,92,93,-1,22,213,139,352,91,13,15,153,193,39,56,44,57,44,41,49,25,13,3.0,11,13,12,204,151,355,66,11,9,149,199,41,58,41,82,55,48,60,13,25,2.0,6,13,13,9,-12,-3,25,2,6,4,-6,-2,-2,3,-25,-11,-7,-11,12,-12,1.0,5,0,-1,0
2019,2019-05-18,R9,Regular,9.0,Gabba,Brisbane Lions,Adelaide,1,13,15,93,92,1,22,204,151,355,66,11,9,149,199,41,58,41,82,55,48,60,13,25,2.0,6,13,13,213,139,352,91,13,15,153,193,39,56,44,57,44,41,49,25,13,3.0,11,13,12,-9,12,3,-25,-2,-6,-4,6,2,2,-3,25,11,7,11,-12,12,-1.0,-5,0,1,0
2019,2019-05-18,R9,Regular,9.0,M.C.G.,Collingwood,St Kilda,1,17,10,112,71,41,22,227,179,406,96,15,15,153,242,39,47,42,59,50,53,44,20,11,0.0,11,17,10,188,148,336,79,11,10,132,214,35,52,28,72,41,24,50,11,20,4.0,9,10,9,39,31,70,17,4,5,21,28,4,-5,14,-13,9,29,-6,9,-9,-4.0,2,7,1,0
2019,2019-05-18,R9,Regular,9.0,Docklands,Essendon,Fremantle,1,8,12,60,53,7,22,229,198,427,92,12,10,166,260,33,50,47,54,65,33,60,18,16,10.0,7,8,11,219,164,383,91,19,9,159,224,35,56,40,60,48,36,54,16,18,4.0,5,7,9,10,34,44,1,-7,1,7,36,-2,-6,7,-6,17,-3,6,2,-2,6.0,2,1,2,0
2019,2019-05-18,R9,Regular,9.0,Docklands,Fremantle,Essendon,0,7,11,53,60,-7,22,219,164,383,91,19,9,159,224,35,56,40,60,48,36,54,16,18,4.0,5,7,9,229,198,427,92,12,10,166,260,33,50,47,54,65,33,60,18,16,10.0,7,8,11,-10,-34,-44,-1,7,-1,-7,-36,2,6,-7,6,-17,3,-6,-2,2,-6.0,-2,-1,-2,0
2019,2019-05-18,R9,Regular,9.0,Kardinia Park,Geelong,Western Bulldogs,1,21,7,133,89,44,22,195,126,321,80,22,17,153,173,34,50,36,55,39,42,43,24,22,3.0,18,21,6,186,175,361,63,5,13,134,226,44,50,28,53,46,27,49,22,23,5.0,11,13,10,9,-49,-40,17,17,4,19,-53,-10,0,8,2,-7,15,-6,2,-1,-2.0,7,8,-4,0
2019,2019-05-18,R9,Regular,9.0,Bellerive Oval,North Melbourne,Sydney,1,10,12,72,77,-5,22,214,192,406,74,7,7,160,260,36,57,36,56,51,47,73,20,27,5.0,6,10,8,211,125,336,71,11,9,146,175,41,47,46,79,65,40,61,27,20,0.0,5,11,10,3,67,70,3,-4,-2,14,85,-5,10,-10,-23,-14,7,12,-7,7,5.0,1,-1,-2,0
2019,2019-05-18,R9,Regular,9.0,M.C.G.,St Kilda,Collingwood,0,10,11,71,112,-41,22,188,148,336,79,11,10,132,214,35,52,28,72,41,24,50,11,20,4.0,9,10,9,227,179,406,96,15,15,153,242,39,47,42,59,50,53,44,20,11,0.0,11,17,10,-39,-31,-70,-17,-4,-5,-21,-28,-4,5,-14,13,-9,-29,6,-9,9,4.0,-2,-7,-1,0
2019,2019-05-18,R9,Regular,9.0,Bellerive Oval,Sydney,North Melbourne,0,11,11,77,72,5,22,211,125,336,71,11,9,146,175,41,47,46,79,65,40,61,27,20,0.0,5,11,10,214,192,406,74,7,7,160,260,36,57,36,56,51,47,73,20,27,5.0,6,10,8,-3,-67,-70,-3,4,2,-14,-85,5,-10,10,23,14,-7,-12,7,-7,-5.0,-1,1,2,0
2019,2019-05-18,R9,Regular,9.0,Kardinia Park,Western Bulldogs,Geelong,0,13,11,89,133,-44,22,186,175,361,63,5,13,134,226,44,50,28,53,46,27,49,22,23,5.0,11,13,10,195,126,321,80,22,17,153,173,34,50,36,55,39,42,43,24,22,3.0,18,21,6,-9,49,40,-17,-17,-4,-19,53,10,0,-8,-2,7,-15,6,-2,1,2.0,-7,-8,4,0
2019,2019-05-19,R9,Regular,9.0,Sydney Showground,Carlton,Greater Western Sydney,0,7,3,45,138,-93,22,179,109,288,74,7,4,111,157,24,34,43,44,31,40,61,21,16,6.0,6,7,3,287,190,477,154,8,21,141,324,43,65,28,57,37,32,57,16,21,5.0,15,20,16,-108,-81,-189,-80,-1,-17,-30,-167,-19,-31,15,-13,-6,8,4,5,-5,1.0,-9,-13,-13,0
2019,2019-05-19,R9,Regular,9.0,Adelaide Oval,Gold Coast,Port Adelaide,0,7,9,51,89,-38,22,226,127,353,73,9,4,162,169,42,37,53,61,40,40,61,25,23,1.0,4,7,9,241,149,390,79,11,14,179,214,40,68,29,63,83,51,56,23,25,1.0,8,13,9,-15,-22,-37,-6,-2,-10,-17,-45,2,-31,24,-2,-43,-11,5,2,-2,0.0,-4,-6,0,0
2019,2019-05-19,R9,Regular,9.0,Sydney Showground,Greater Western Sydney,Carlton,1,20,18,138,45,93,22,287,190,477,154,8,21,141,324,43,65,28,57,37,32,57,16,21,5.0,15,20,16,179,109,288,74,7,4,111,157,24,34,43,44,31,40,61,21,16,6.0,6,7,3,108,81,189,80,1,17,30,167,19,31,-15,13,6,-8,-4,-5,5,-1.0,9,13,13,0
2019,2019-05-19,R9,Regular,9.0,M.C.G.,Hawthorn,Richmond,0,8,11,59,95,-36,22,229,162,391,119,18,11,116,269,26,49,35,46,30,22,49,20,15,2.0,7,8,8,255,158,413,133,11,14,125,285,36,51,41,46,45,41,51,15,20,16.0,8,14,9,-26,4,-22,-14,7,-3,-9,-16,-10,-2,-6,0,-15,-19,-2,5,-5,-14.0,-1,-6,-1,0
2019,2019-05-19,R9,Regular,9.0,Adelaide Oval,Port Adelaide,Gold Coast,1,13,11,89,51,38,22,241,149,390,79,11,14,179,214,40,68,29,63,83,51,56,23,25,1.0,8,13,9,226,127,353,73,9,4,162,169,42,37,53,61,40,40,61,25,23,1.0,4,7,9,15,22,37,6,2,10,17,45,-2,31,-24,2,43,11,-5,-2,2,0.0,4,6,0,0
2019,2019-05-19,R9,Regular,9.0,M.C.G.,Richmond,Hawthorn,1,14,11,95,59,36,22,255,158,413,133,11,14,125,285,36,51,41,46,45,41,51,15,20,16.0,8,14,9,229,162,391,119,18,11,116,269,26,49,35,46,30,22,49,20,15,2.0,7,8,8,26,-4,22,14,-7,3,9,16,10,2,6,0,15,19,2,-5,5,14.0,1,6,1,0
2019,2019-05-24,R10,Regular,10.0,S.C.G.,Collingwood,Sydney,0,11,14,80,73,7,22,234,139,373,77,12,10,154,212,49,63,34,72,46,69,53,19,17,1.0,7,11,11,207,111,318,74,17,9,136,157,38,47,52,70,57,27,52,17,19,3.0,8,11,5,27,28,55,3,-5,1,18,55,11,16,-18,2,-11,42,1,2,-2,-2.0,-1,0,6,0
2019,2019-05-24,R10,Regular,10.0,S.C.G.,Sydney,Collingwood,1,11,7,73,80,-7,22,207,111,318,74,17,9,136,157,38,47,52,70,57,27,52,17,19,3.0,8,11,5,234,139,373,77,12,10,154,212,49,63,34,72,46,69,53,19,17,1.0,7,11,11,-27,-28,-55,-3,5,-1,-18,-55,-11,-16,18,-2,11,-42,-1,-2,2,2.0,1,0,-6,0
2019,2019-05-25,R10,Regular,10.0,Adelaide Oval,Adelaide,West Coast,1,10,13,73,85,-12,22,228,167,395,67,6,7,169,220,48,60,33,92,59,51,60,16,20,1.0,5,10,11,222,114,336,60,10,6,170,150,49,48,49,100,81,61,65,20,16,4.0,8,13,7,6,53,59,7,-4,1,-1,70,-1,12,-16,-8,-22,-10,-5,-4,4,-3.0,-3,-3,4,0
2019,2019-05-25,R10,Regular,10.0,M.C.G.,Essendon,Richmond,0,6,14,50,73,-23,22,216,135,351,54,15,8,180,162,42,51,55,71,65,47,80,22,21,3.0,4,6,12,244,138,382,70,6,8,152,200,39,66,44,87,71,22,68,21,22,9.0,4,10,10,-28,-3,-31,-16,9,0,28,-38,3,-15,11,-16,-6,25,12,1,-1,-6.0,0,-4,2,0
2019,2019-05-25,R10,Regular,10.0,Carrara,Geelong,Gold Coast,0,13,13,91,64,27,22,217,148,365,76,10,11,166,191,39,58,36,94,60,46,50,13,19,6.0,9,13,11,208,115,323,59,8,8,148,157,56,45,44,88,49,59,49,19,13,5.0,4,9,8,9,33,42,17,2,3,18,34,-17,13,-8,6,11,-13,1,-6,6,1.0,5,4,3,0
2019,2019-05-25,R10,Regular,10.0,Carrara,Gold Coast,Geelong,1,9,10,64,91,-27,22,208,115,323,59,8,8,148,157,56,45,44,88,49,59,49,19,13,5.0,4,9,8,217,148,365,76,10,11,166,191,39,58,36,94,60,46,50,13,19,6.0,9,13,11,-9,-33,-42,-17,-2,-3,-18,-34,17,-13,8,-6,-11,13,-1,6,-6,-1.0,-5,-4,-3,0
2019,2019-05-25,R10,Regular,10.0,York Park,Hawthorn,Port Adelaide,1,12,8,80,49,31,22,213,182,395,83,10,10,153,237,34,53,44,74,58,46,59,18,27,5.0,10,12,7,218,199,417,85,7,8,160,252,47,50,40,75,51,36,48,27,18,0.0,6,6,12,-5,-17,-22,-2,3,2,-7,-15,-13,3,4,-1,7,10,11,-9,9,5.0,4,6,-5,0
2019,2019-05-25,R10,Regular,10.0,Docklands,North Melbourne,Western Bulldogs,0,18,7,115,90,25,22,198,185,383,88,10,18,131,255,35,55,35,49,41,65,52,9,17,5.0,15,18,5,213,164,377,94,11,16,135,240,37,49,36,51,38,16,36,17,9,7.0,12,13,11,-15,21,6,-6,-1,2,-4,15,-2,6,-1,-2,3,49,16,-8,8,-2.0,3,5,-6,0
2019,2019-05-25,R10,Regular,10.0,York Park,Port Adelaide,Hawthorn,0,6,13,49,80,-31,22,218,199,417,85,7,8,160,252,47,50,40,75,51,36,48,27,18,0.0,6,6,12,213,182,395,83,10,10,153,237,34,53,44,74,58,46,59,18,27,5.0,10,12,7,5,17,22,2,-3,-2,7,15,13,-3,-4,1,-7,-10,-11,9,-9,-5.0,-4,-6,5,0
2019,2019-05-25,R10,Regular,10.0,M.C.G.,Richmond,Essendon,1,10,13,73,50,23,22,244,138,382,70,6,8,152,200,39,66,44,87,71,22,68,21,22,9.0,4,10,10,216,135,351,54,15,8,180,162,42,51,55,71,65,47,80,22,21,3.0,4,6,12,28,3,31,16,-9,0,-28,38,-3,15,-11,16,6,-25,-12,-1,1,6.0,0,4,-2,0
2019,2019-05-25,R10,Regular,10.0,Adelaide Oval,West Coast,Adelaide,0,13,7,85,73,12,22,222,114,336,60,10,6,170,150,49,48,49,100,81,61,65,20,16,4.0,8,13,7,228,167,395,67,6,7,169,220,48,60,33,92,59,51,60,16,20,1.0,5,10,11,-6,-53,-59,-7,4,-1,1,-70,1,-12,16,8,22,10,5,4,-4,3.0,3,3,-4,0
2019,2019-05-25,R10,Regular,10.0,Docklands,Western Bulldogs,North Melbourne,1,13,12,90,115,-25,22,213,164,377,94,11,16,135,240,37,49,36,51,38,16,36,17,9,7.0,12,13,11,198,185,383,88,10,18,131,255,35,55,35,49,41,65,52,9,17,5.0,15,18,5,15,-21,-6,6,1,-2,4,-15,2,-6,1,2,-3,-49,-16,8,-8,2.0,-3,-5,6,0
2019,2019-05-26,R10,Regular,10.0,Perth Stadium,Brisbane Lions,Fremantle,0,10,12,72,73,-1,22,216,107,323,98,12,7,127,191,31,49,38,57,42,37,53,23,25,4.0,5,10,8,209,167,376,102,13,17,134,239,37,51,39,49,57,33,57,25,23,13.0,5,10,12,7,-60,-53,-4,-1,-10,-7,-48,-6,-2,-1,8,-15,4,-4,-2,2,-9.0,0,0,-4,0
2019,2019-05-26,R10,Regular,10.0,Docklands,Carlton,St Kilda,0,8,7,55,68,-13,22,215,115,330,103,9,7,122,200,35,42,37,65,42,32,65,23,31,4.0,6,8,6,207,141,348,93,11,15,139,206,31,47,32,63,42,34,53,31,24,5.0,7,9,10,8,-26,-18,10,-2,-8,-17,-6,4,-5,5,2,0,-2,12,-8,7,-1.0,-1,-1,-4,0
2019,2019-05-26,R10,Regular,10.0,Perth Stadium,Fremantle,Brisbane Lions,1,10,13,73,72,1,22,209,167,376,102,13,17,134,239,37,51,39,49,57,33,57,25,23,13.0,5,10,12,216,107,323,98,12,7,127,191,31,49,38,57,42,37,53,23,25,4.0,5,10,8,-7,60,53,4,1,10,7,48,6,2,1,-8,15,-4,4,2,-2,9.0,0,0,4,0
2019,2019-05-26,R10,Regular,10.0,M.C.G.,Greater Western Sydney,Melbourne,0,14,10,94,68,26,22,232,157,389,107,14,18,145,247,37,50,37,68,52,28,47,15,12,5.0,10,14,8,195,118,313,85,17,16,121,175,34,47,35,61,51,40,43,12,15,6.0,7,10,8,37,39,76,22,-3,2,24,72,3,3,2,7,1,-12,4,3,-3,-1.0,3,4,0,0
2019,2019-05-26,R10,Regular,10.0,M.C.G.,Melbourne,Greater Western Sydney,1,10,8,68,94,-26,22,195,118,313,85,17,16,121,175,34,47,35,61,51,40,43,12,15,6.0,7,10,8,232,157,389,107,14,18,145,247,37,50,37,68,52,28,47,15,12,5.0,10,14,8,-37,-39,-76,-22,3,-2,-24,-72,-3,-3,-2,-7,-1,12,-4,-3,3,1.0,-3,-4,0,0
2019,2019-05-26,R10,Regular,10.0,Docklands,St Kilda,Carlton,1,9,14,68,55,13,22,207,141,348,93,11,15,139,206,31,47,32,63,42,34,53,31,24,5.0,7,9,10,215,115,330,103,9,7,122,200,35,42,37,65,42,32,65,23,31,4.0,6,8,6,-8,26,18,-10,2,8,17,6,-4,5,-5,-2,0,2,-12,8,-7,1.0,1,1,4,0
2019,2019-05-31,R11,Regular,11.0,Docklands,North Melbourne,Richmond,1,15,9,99,62,37,22,197,159,356,72,14,11,153,212,43,47,38,72,39,40,49,21,20,7.0,14,15,8,190,136,326,76,10,11,131,193,40,49,32,55,46,39,51,20,21,10.0,7,9,6,7,23,30,-4,4,0,22,19,3,-2,6,17,-7,1,-2,1,-1,-3.0,7,6,2,0
2019,2019-05-31,R11,Regular,11.0,Docklands,Richmond,North Melbourne,0,9,8,62,99,-37,22,190,136,326,76,10,11,131,193,40,49,32,55,46,39,51,20,21,10.0,7,9,6,197,159,356,72,14,11,153,212,43,47,38,72,39,40,49,21,20,7.0,14,15,8,-7,-23,-30,4,-4,0,-22,-19,-3,2,-6,-17,7,-1,2,-1,1,3.0,-7,-6,-2,0
2019,2019-06-01,R11,Regular,11.0,Marrara Oval,Adelaide,Melbourne,0,14,6,90,88,2,22,229,147,376,103,6,7,132,240,35,45,50,68,44,40,43,15,13,5.0,10,14,4,230,166,396,107,14,18,147,250,32,62,29,52,45,34,53,13,15,2.0,12,12,11,-1,-19,-20,-4,-8,-11,-15,-10,3,-17,21,16,-1,6,-10,2,-2,3.0,-2,2,-7,0
2019,2019-06-01,R11,Regular,11.0,Gabba,Brisbane Lions,Hawthorn,1,12,13,85,66,19,22,224,143,367,102,14,11,145,216,38,53,36,45,61,48,52,18,23,3.0,8,12,12,193,115,308,81,12,9,118,181,40,46,40,64,50,40,53,23,18,3.0,6,10,4,31,28,59,21,2,2,27,35,-2,7,-4,-19,11,8,-1,-5,5,0.0,2,2,8,0
2019,2019-06-01,R11,Regular,11.0,M.C.G.,Collingwood,Fremantle,1,11,9,75,79,-4,22,237,154,391,109,12,9,142,241,34,45,44,51,59,53,65,16,15,2.0,7,11,9,217,177,394,85,10,11,160,242,35,56,33,58,51,15,53,15,16,7.0,8,11,11,20,-23,-3,24,2,-2,-18,-1,-1,-11,11,-7,8,38,12,1,-1,-5.0,-1,0,-2,0
2019,2019-06-01,R11,Regular,11.0,M.C.G.,Fremantle,Collingwood,0,11,13,79,75,4,22,217,177,394,85,10,11,160,242,35,56,33,58,51,15,53,15,16,7.0,8,11,11,237,154,391,109,12,9,142,241,34,45,44,51,59,53,65,16,15,2.0,7,11,9,-20,23,3,-24,-2,2,18,1,1,11,-11,7,-8,-38,-12,-1,1,5.0,1,0,2,0
2019,2019-06-01,R11,Regular,11.0,Kardinia Park,Geelong,Sydney,1,13,7,85,63,22,22,211,163,374,73,10,5,151,212,44,54,39,49,40,42,63,23,15,7.0,7,13,6,220,151,371,113,17,10,133,234,31,47,41,55,42,34,62,15,23,10.0,6,8,12,-9,12,3,-40,-7,-5,18,-22,13,7,-2,-6,-2,8,1,8,-8,-3.0,1,5,-6,0
2019,2019-06-01,R11,Regular,11.0,Sydney Showground,Gold Coast,Greater Western Sydney,0,6,7,43,126,-83,22,168,97,265,68,13,11,117,138,40,40,36,55,36,59,47,21,18,5.0,3,6,7,258,158,416,139,13,21,135,285,41,56,34,72,41,36,52,18,21,10.0,16,19,9,-90,-61,-151,-71,0,-10,-18,-147,-1,-16,2,-17,-5,23,-5,3,-3,-5.0,-13,-13,-2,0
2019,2019-06-01,R11,Regular,11.0,Sydney Showground,Greater Western Sydney,Gold Coast,1,19,12,126,43,83,22,258,158,416,139,13,21,135,285,41,56,34,72,41,36,52,18,21,10.0,16,19,9,168,97,265,68,13,11,117,138,40,40,36,55,36,59,47,21,18,5.0,3,6,7,90,61,151,71,0,10,18,147,1,16,-2,17,5,-23,5,-3,3,5.0,13,13,2,0
2019,2019-06-01,R11,Regular,11.0,Gabba,Hawthorn,Brisbane Lions,0,10,6,66,85,-19,22,193,115,308,81,12,9,118,181,40,46,40,64,50,40,53,23,18,3.0,6,10,4,224,143,367,102,14,11,145,216,38,53,36,45,61,48,52,18,23,3.0,8,12,12,-31,-28,-59,-21,-2,-2,-27,-35,2,-7,4,19,-11,-8,1,5,-5,0.0,-2,-2,-8,0
2019,2019-06-01,R11,Regular,11.0,Marrara Oval,Melbourne,Adelaide,1,12,16,88,90,-2,22,230,166,396,107,14,18,147,250,32,62,29,52,45,34,53,13,15,2.0,12,12,11,229,147,376,103,6,7,132,240,35,45,50,68,44,40,43,15,13,5.0,10,14,4,1,19,20,4,8,11,15,10,-3,17,-21,-16,1,-6,10,-2,2,-3.0,2,-2,7,0
2019,2019-06-01,R11,Regular,11.0,Kardinia Park,Sydney,Geelong,0,8,15,63,85,-22,22,220,151,371,113,17,10,133,234,31,47,41,55,42,34,62,15,23,10.0,6,8,12,211,163,374,73,10,5,151,212,44,54,39,49,40,42,63,23,15,7.0,7,13,6,9,-12,-3,40,7,5,-18,22,-13,-7,2,6,2,-8,-1,-8,8,3.0,-1,-5,6,0
2019,2019-06-02,R11,Regular,11.0,M.C.G.,Carlton,Essendon,0,4,9,33,74,-41,22,201,110,311,67,9,9,143,159,40,50,38,71,53,43,75,16,18,0.0,4,4,8,246,172,418,100,13,14,161,247,50,50,46,68,48,44,65,18,16,10.0,5,11,7,-45,-62,-107,-33,-4,-5,-18,-88,-10,0,-8,3,5,-1,10,-2,2,-10.0,-1,-7,1,0
2019,2019-06-02,R11,Regular,11.0,M.C.G.,Essendon,Carlton,1,11,8,74,33,41,22,246,172,418,100,13,14,161,247,50,50,46,68,48,44,65,18,16,10.0,5,11,7,201,110,311,67,9,9,143,159,40,50,38,71,53,43,75,16,18,0.0,4,4,8,45,62,107,33,4,5,18,88,10,0,8,-3,-5,1,-10,2,-2,10.0,1,7,-1,0
2019,2019-06-02,R11,Regular,11.0,Jiangwan Stadium,Port Adelaide,St Kilda,0,22,7,139,69,70,22,253,170,423,116,13,16,150,271,43,60,41,61,56,52,58,18,17,4.0,13,22,7,209,129,338,76,9,12,143,187,44,52,37,46,37,27,55,17,18,3.0,8,9,14,44,41,85,40,4,4,7,84,-1,8,4,15,19,25,3,1,-1,1.0,5,13,-7,0
2019,2019-06-02,R11,Regular,11.0,Jiangwan Stadium,St Kilda,Port Adelaide,1,9,15,69,139,-70,22,209,129,338,76,9,12,143,187,44,52,37,46,37,27,55,17,18,3.0,8,9,14,253,170,423,116,13,16,150,271,43,60,41,61,56,52,58,18,17,4.0,13,22,7,-44,-41,-85,-40,-4,-4,-7,-84,1,-8,-4,-15,-19,-25,-3,-1,1,-1.0,-5,-13,7,0
2019,2019-06-02,R11,Regular,11.0,Perth Stadium,West Coast,Western Bulldogs,1,21,7,133,72,61,22,248,151,399,128,13,17,119,271,34,52,35,37,36,39,42,14,15,5.0,16,21,6,223,198,421,103,3,11,115,298,34,46,30,33,48,27,54,15,14,5.0,6,10,10,25,-47,-22,25,10,6,4,-27,0,6,5,4,-12,12,-12,-1,1,0.0,10,11,-4,0
2019,2019-06-02,R11,Regular,11.0,Perth Stadium,Western Bulldogs,West Coast,0,10,12,72,133,-61,22,223,198,421,103,3,11,115,298,34,46,30,33,48,27,54,15,14,5.0,6,10,10,248,151,399,128,13,17,119,271,34,52,35,37,36,39,42,14,15,5.0,16,21,6,-25,47,22,-25,-10,-6,-4,27,0,-6,-5,-4,12,-12,12,1,-1,0.0,-10,-11,4,0
2019,2019-06-07,R12,Regular,12.0,M.C.G.,Geelong,Richmond,0,16,8,104,37,67,22,259,155,414,112,9,11,157,244,44,49,47,60,49,45,64,20,12,7.0,13,16,5,193,128,321,79,5,8,123,187,38,52,31,88,42,33,60,12,20,4.0,5,5,6,66,27,93,33,4,3,34,57,6,-3,16,-28,7,12,4,8,-8,3.0,8,11,-1,0
2019,2019-06-07,R12,Regular,12.0,M.C.G.,Richmond,Geelong,1,5,7,37,104,-67,22,193,128,321,79,5,8,123,187,38,52,31,88,42,33,60,12,20,4.0,5,5,6,259,155,414,112,9,11,157,244,44,49,47,60,49,45,64,20,12,7.0,13,16,5,-66,-27,-93,-33,-4,-3,-34,-57,-6,3,-16,28,-7,-12,-4,-8,8,-3.0,-8,-11,1,0
2019,2019-06-08,R12,Regular,12.0,Adelaide Oval,Adelaide,Greater Western Sydney,1,12,10,82,61,21,22,231,140,371,103,16,7,159,216,42,56,34,59,53,36,46,24,7,11.0,6,12,10,225,160,385,113,15,7,140,251,35,43,43,52,45,40,59,7,24,7.0,8,9,7,6,-20,-14,-10,1,0,19,-35,7,13,-9,7,8,-4,-13,17,-17,4.0,-2,3,3,0
2019,2019-06-08,R12,Regular,12.0,Docklands,Brisbane Lions,Carlton,0,9,9,63,78,-15,22,198,97,295,89,12,6,123,166,30,42,46,61,49,33,60,17,20,1.0,4,9,6,227,153,380,112,14,14,145,237,41,59,33,56,50,35,45,20,17,9.0,8,11,7,-29,-56,-85,-23,-2,-8,-22,-71,-11,-17,13,5,-1,-2,15,-3,3,-8.0,-4,-2,-1,0
2019,2019-06-08,R12,Regular,12.0,Docklands,Carlton,Brisbane Lions,1,11,12,78,63,15,22,227,153,380,112,14,14,145,237,41,59,33,56,50,35,45,20,17,9.0,8,11,7,198,97,295,89,12,6,123,166,30,42,46,61,49,33,60,17,20,1.0,4,9,6,29,56,85,23,2,8,22,71,11,17,-13,-5,1,2,-15,3,-3,8.0,4,2,1,0
2019,2019-06-08,R12,Regular,12.0,Carrara,Gold Coast,North Melbourne,1,11,6,72,99,-27,22,217,133,350,87,8,8,142,204,30,43,55,52,62,52,58,21,27,9.0,5,11,5,224,138,362,67,7,18,160,201,42,70,32,56,59,33,52,27,21,3.0,11,14,12,-7,-5,-12,20,1,-10,-18,3,-12,-27,23,-4,3,19,6,-6,6,6.0,-6,-3,-7,0
2019,2019-06-08,R12,Regular,12.0,Adelaide Oval,Greater Western Sydney,Adelaide,0,9,7,61,82,-21,22,225,160,385,113,15,7,140,251,35,43,43,52,45,40,59,7,24,7.0,8,9,7,231,140,371,103,16,7,159,216,42,56,34,59,53,36,46,24,7,11.0,6,12,10,-6,20,14,10,-1,0,-19,35,-7,-13,9,-7,-8,4,13,-17,17,-4.0,2,-3,-3,0
2019,2019-06-08,R12,Regular,12.0,Carrara,North Melbourne,Gold Coast,0,14,15,99,72,27,22,224,138,362,67,7,18,160,201,42,70,32,56,59,33,52,27,21,3.0,11,14,12,217,133,350,87,8,8,142,204,30,43,55,52,62,52,58,21,27,9.0,5,11,5,7,5,12,-20,-1,10,18,-3,12,27,-23,4,-3,-19,-6,6,-6,-6.0,6,3,7,0
2019,2019-06-09,R12,Regular,12.0,S.C.G.,Sydney,West Coast,1,18,8,116,71,45,22,260,160,420,120,14,16,141,268,31,46,48,46,43,31,49,19,19,6.0,14,18,7,213,102,315,89,10,5,137,175,30,58,27,44,54,30,46,19,19,7.0,6,10,7,47,58,105,31,4,11,4,93,1,-12,21,2,-11,1,3,0,0,-1.0,8,8,0,0
2019,2019-06-09,R12,Regular,12.0,S.C.G.,West Coast,Sydney,0,10,11,71,116,-45,22,213,102,315,89,10,5,137,175,30,58,27,44,54,30,46,19,19,7.0,6,10,7,260,160,420,120,14,16,141,268,31,46,48,46,43,31,49,19,19,6.0,14,18,7,-47,-58,-105,-31,-4,-11,-4,-93,-1,12,-21,-2,11,-1,-3,0,0,1.0,-8,-8,0,0
2019,2019-06-10,R12,Regular,12.0,M.C.G.,Collingwood,Melbourne,1,15,8,98,57,41,22,227,181,408,99,14,13,143,255,29,56,47,70,52,37,59,18,15,7.0,9,15,7,224,194,418,89,10,11,170,248,46,58,41,54,52,34,69,15,18,3.0,4,7,12,3,-13,-10,10,4,2,-27,7,-17,-2,6,16,0,3,-10,3,-3,4.0,5,8,-5,0
2019,2019-06-10,R12,Regular,12.0,M.C.G.,Melbourne,Collingwood,0,7,15,57,98,-41,22,224,194,418,89,10,11,170,248,46,58,41,54,52,34,69,15,18,3.0,4,7,12,227,181,408,99,14,13,143,255,29,56,47,70,52,37,59,18,15,7.0,9,15,7,-3,13,10,-10,-4,-2,27,-7,17,2,-6,-16,0,-3,10,-3,3,-4.0,-5,-8,5,0
2019,2019-06-13,R13,Regular,13.0,Adelaide Oval,Adelaide,Richmond,1,15,11,101,68,33,22,248,179,427,101,16,13,161,255,48,60,38,55,44,62,57,17,11,1.0,9,15,9,201,157,358,93,14,8,121,226,24,48,44,89,50,22,60,11,17,5.0,6,9,10,47,22,69,8,2,5,40,29,24,12,-6,-34,-6,40,-3,6,-6,-4.0,3,6,-1,0
2019,2019-06-13,R13,Regular,13.0,Adelaide Oval,Richmond,Adelaide,0,9,14,68,101,-33,22,201,157,358,93,14,8,121,226,24,48,44,89,50,22,60,11,17,5.0,6,9,10,248,179,427,101,16,13,161,255,48,60,38,55,44,62,57,17,11,1.0,9,15,9,-47,-22,-69,-8,-2,-5,-40,-29,-24,-12,6,34,6,-40,3,-6,6,4.0,-3,-6,1,0
2019,2019-06-14,R13,Regular,13.0,Docklands,Essendon,Hawthorn,1,14,12,96,77,19,22,240,155,395,113,10,12,132,252,31,50,44,43,46,20,48,17,13,11.0,8,14,11,246,161,407,140,17,7,120,289,27,55,33,49,53,45,53,13,17,4.0,10,11,8,-6,-6,-12,-27,-7,5,12,-37,4,-5,11,-6,-7,-25,-5,4,-4,7.0,-2,3,3,0
2019,2019-06-14,R13,Regular,13.0,Docklands,Hawthorn,Essendon,0,11,11,77,96,-19,22,246,161,407,140,17,7,120,289,27,55,33,49,53,45,53,13,17,4.0,10,11,8,240,155,395,113,10,12,132,252,31,50,44,43,46,20,48,17,13,11.0,8,14,11,6,6,12,27,7,-5,-12,37,-4,5,-11,6,7,25,5,-4,4,-7.0,2,-3,-3,0
2019,2019-06-15,R13,Regular,13.0,Docklands,Carlton,Western Bulldogs,1,15,10,100,103,-3,22,197,133,330,87,12,13,123,199,36,45,34,44,43,53,45,19,16,4.0,7,15,10,231,171,402,106,10,14,127,268,42,49,30,59,47,33,51,16,19,10.0,11,15,11,-34,-38,-72,-19,2,-1,-4,-69,-6,-4,4,-15,-4,20,-6,3,-3,-6.0,-4,0,-1,0
2019,2019-06-15,R13,Regular,13.0,Perth Stadium,Fremantle,Port Adelaide,1,15,10,100,79,21,22,220,186,406,79,7,11,161,250,40,52,37,57,51,31,55,32,15,6.0,10,15,7,196,180,376,86,10,11,145,238,32,50,36,56,64,43,70,15,32,3.0,10,12,7,24,6,30,-7,-3,0,16,12,8,2,1,1,-13,-12,-15,17,-17,3.0,0,3,0,0
2019,2019-06-15,R13,Regular,13.0,Riverway Stadium,Gold Coast,St Kilda,1,11,10,76,80,-4,22,217,143,360,91,12,8,143,210,44,48,44,58,49,59,40,22,13,6.0,4,11,8,216,141,357,93,10,13,136,215,37,57,37,78,50,43,55,13,22,12.0,11,11,11,1,2,3,-2,2,-5,7,-5,7,-9,7,-20,-1,16,-15,9,-9,-6.0,-7,0,-3,0
2019,2019-06-15,R13,Regular,13.0,Perth Stadium,Port Adelaide,Fremantle,0,12,7,79,100,-21,22,196,180,376,86,10,11,145,238,32,50,36,56,64,43,70,15,32,3.0,10,12,7,220,186,406,79,7,11,161,250,40,52,37,57,51,31,55,32,15,6.0,10,15,7,-24,-6,-30,7,3,0,-16,-12,-8,-2,-1,-1,13,12,15,-17,17,-3.0,0,-3,0,0
2019,2019-06-15,R13,Regular,13.0,Riverway Stadium,St Kilda,Gold Coast,0,11,14,80,76,4,22,216,141,357,93,10,13,136,215,37,57,37,78,50,43,55,13,22,12.0,11,11,11,217,143,360,91,12,8,143,210,44,48,44,58,49,59,40,22,13,6.0,4,11,8,-1,-2,-3,2,-2,5,-7,5,-7,9,-7,20,1,-16,15,-9,9,6.0,7,0,3,0
2019,2019-06-15,R13,Regular,13.0,Docklands,Western Bulldogs,Carlton,0,15,13,103,100,3,22,231,171,402,106,10,14,127,268,42,49,30,59,47,33,51,16,19,10.0,11,15,11,197,133,330,87,12,13,123,199,36,45,34,44,43,53,45,19,16,4.0,7,15,10,34,38,72,19,-2,1,4,69,6,4,-4,15,4,-20,6,-3,3,6.0,4,0,1,0
2019,2019-06-16,R13,Regular,13.0,Bellerive Oval,Greater Western Sydney,North Melbourne,0,14,7,91,68,23,22,222,152,374,87,15,11,154,219,56,47,41,89,65,55,45,25,22,6.0,11,14,5,177,133,310,56,11,8,151,156,41,52,31,74,57,48,61,22,25,4.0,6,10,6,45,19,64,31,4,3,3,63,15,-5,10,15,8,7,-16,3,-3,2.0,5,4,-1,0
2019,2019-06-16,R13,Regular,13.0,Bellerive Oval,North Melbourne,Greater Western Sydney,1,10,8,68,91,-23,22,177,133,310,56,11,8,151,156,41,52,31,74,57,48,61,22,25,4.0,6,10,6,222,152,374,87,15,11,154,219,56,47,41,89,65,55,45,25,22,6.0,11,14,5,-45,-19,-64,-31,-4,-3,-3,-63,-15,5,-10,-15,-8,-7,16,-3,3,-2.0,-5,-4,1,0
2019,2019-06-20,R14,Regular,14.0,Perth Stadium,Essendon,West Coast,0,11,5,71,106,-35,22,217,155,372,97,12,8,130,232,32,40,47,44,40,36,53,22,23,10.0,8,11,3,225,148,373,106,15,22,128,247,40,64,28,56,55,30,53,23,22,9.0,9,14,19,-8,7,-1,-9,-3,-14,2,-15,-8,-24,19,-12,-15,6,0,-1,1,1.0,-1,-3,-16,0
2019,2019-06-20,R14,Regular,14.0,Perth Stadium,West Coast,Essendon,1,14,22,106,71,35,22,225,148,373,106,15,22,128,247,40,64,28,56,55,30,53,23,22,9.0,9,14,19,217,155,372,97,12,8,130,232,32,40,47,44,40,36,53,22,23,10.0,8,11,3,8,-7,1,9,3,14,-2,15,8,24,-19,12,15,-6,0,1,-1,-1.0,1,3,16,0
2019,2019-06-21,R14,Regular,14.0,S.C.G.,Hawthorn,Sydney,0,9,9,63,82,-19,22,180,143,323,69,13,9,125,199,32,42,37,62,49,41,54,21,20,7.0,6,9,8,239,127,366,126,12,11,131,232,37,52,33,73,26,33,45,20,21,2.0,9,12,8,-59,16,-43,-57,1,-2,-6,-33,-5,-10,4,-11,23,8,9,1,-1,5.0,-3,-3,0,0
2019,2019-06-21,R14,Regular,14.0,S.C.G.,Sydney,Hawthorn,1,12,10,82,63,19,22,239,127,366,126,12,11,131,232,37,52,33,73,26,33,45,20,21,2.0,9,12,8,180,143,323,69,13,9,125,199,32,42,37,62,49,41,54,21,20,7.0,6,9,8,59,-16,43,57,-1,2,6,33,5,10,-4,11,-23,-8,-9,-1,1,-5.0,3,3,0,0
2019,2019-06-22,R14,Regular,14.0,Docklands,Brisbane Lions,St Kilda,0,17,13,115,59,56,22,263,116,379,121,14,12,151,220,43,62,28,56,37,42,52,11,15,1.0,9,17,11,201,144,345,84,8,10,124,207,39,40,45,80,42,39,47,15,11,9.0,6,8,10,62,-28,34,37,6,2,27,13,4,22,-17,-24,-5,3,5,-4,4,-8.0,3,9,1,0
2019,2019-06-22,R14,Regular,14.0,M.C.G.,Fremantle,Melbourne,0,11,5,71,85,-14,22,209,173,382,75,12,6,150,217,36,44,54,62,53,33,62,19,22,2.0,6,11,3,237,150,387,106,9,13,161,232,46,68,31,51,48,46,57,22,19,5.0,8,13,7,-28,23,-5,-31,3,-7,-11,-15,-10,-24,23,11,5,-13,5,-3,3,-3.0,-2,-2,-4,0
2019,2019-06-22,R14,Regular,14.0,Adelaide Oval,Geelong,Port Adelaide,0,8,8,56,67,-11,22,193,131,324,80,12,5,131,185,36,44,47,74,50,34,46,13,17,4.0,6,8,8,219,155,374,79,11,15,167,200,52,56,36,73,47,49,57,17,13,3.0,8,9,7,-26,-24,-50,1,1,-10,-36,-15,-16,-12,11,1,3,-15,-11,-4,4,1.0,-2,-1,1,0
2019,2019-06-22,R14,Regular,14.0,M.C.G.,Melbourne,Fremantle,1,13,7,85,71,14,22,237,150,387,106,9,13,161,232,46,68,31,51,48,46,57,22,19,5.0,8,13,7,209,173,382,75,12,6,150,217,36,44,54,62,53,33,62,19,22,2.0,6,11,3,28,-23,5,31,-3,7,11,15,10,24,-23,-11,-5,13,-5,3,-3,3.0,2,2,4,0
2019,2019-06-22,R14,Regular,14.0,Adelaide Oval,Port Adelaide,Geelong,1,9,13,67,56,11,22,219,155,374,79,11,15,167,200,52,56,36,73,47,49,57,17,13,3.0,8,9,7,193,131,324,80,12,5,131,185,36,44,47,74,50,34,46,13,17,4.0,6,8,8,26,24,50,-1,-1,10,36,15,16,12,-11,-1,-3,15,11,4,-4,-1.0,2,1,-1,0
2019,2019-06-22,R14,Regular,14.0,Docklands,St Kilda,Brisbane Lions,1,8,11,59,115,-56,22,201,144,345,84,8,10,124,207,39,40,45,80,42,39,47,15,11,9.0,6,8,10,263,116,379,121,14,12,151,220,43,62,28,56,37,42,52,11,15,1.0,9,17,11,-62,28,-34,-37,-6,-2,-27,-13,-4,-22,17,24,5,-3,-5,4,-4,8.0,-3,-9,-1,0
2019,2019-06-23,R14,Regular,14.0,Docklands,Collingwood,Western Bulldogs,0,13,4,82,73,9,22,218,186,404,96,14,12,146,253,40,44,46,66,49,56,55,14,16,8.0,10,13,3,241,214,455,107,6,12,150,296,31,59,31,68,51,17,44,16,14,2.0,10,10,11,-23,-28,-51,-11,8,0,-4,-43,9,-15,15,-2,-2,39,11,-2,2,6.0,0,3,-8,0
2019,2019-06-23,R14,Regular,14.0,Docklands,Western Bulldogs,Collingwood,1,10,13,73,82,-9,22,241,214,455,107,6,12,150,296,31,59,31,68,51,17,44,16,14,2.0,10,10,11,218,186,404,96,14,12,146,253,40,44,46,66,49,56,55,14,16,8.0,10,13,3,23,28,51,11,-8,0,4,43,-9,15,-15,2,2,-39,-11,2,-2,-6.0,0,-3,8,0
2019,2019-06-27,R15,Regular,15.0,Docklands,Essendon,Greater Western Sydney,1,12,5,77,71,6,22,194,131,325,73,17,7,141,174,38,60,41,79,42,47,49,29,14,24.0,7,12,3,230,142,372,104,17,16,167,208,46,53,44,57,50,41,70,14,29,6.0,8,10,8,-36,-11,-47,-31,0,-9,-26,-34,-8,7,-3,22,-8,6,-21,15,-15,18.0,-1,2,-5,0
2019,2019-06-27,R15,Regular,15.0,Docklands,Greater Western Sydney,Essendon,0,10,11,71,77,-6,22,230,142,372,104,17,16,167,208,46,53,44,57,50,41,70,14,29,6.0,8,10,8,194,131,325,73,17,7,141,174,38,60,41,79,42,47,49,29,14,24.0,7,12,3,36,11,47,31,0,9,26,34,8,-7,3,-22,8,-6,21,-15,15,-18.0,1,-2,5,0
2019,2019-06-28,R15,Regular,15.0,Kardinia Park,Adelaide,Geelong,0,10,9,69,96,-27,22,204,155,359,76,13,7,138,211,42,40,48,63,33,41,41,16,12,14.0,5,10,5,237,173,410,106,12,17,147,258,37,63,29,66,64,34,55,12,16,3.0,10,14,10,-33,-18,-51,-30,1,-10,-9,-47,5,-23,19,-3,-31,7,-14,4,-4,11.0,-5,-4,-5,0
2019,2019-06-28,R15,Regular,15.0,Kardinia Park,Geelong,Adelaide,1,14,12,96,69,27,22,237,173,410,106,12,17,147,258,37,63,29,66,64,34,55,12,16,3.0,10,14,10,204,155,359,76,13,7,138,211,42,40,48,63,33,41,41,16,12,14.0,5,10,5,33,18,51,30,-1,10,9,47,-5,23,-19,3,31,-7,14,-4,4,-11.0,5,4,5,0
2019,2019-06-29,R15,Regular,15.0,Docklands,Collingwood,North Melbourne,1,5,7,37,81,-44,22,207,187,394,81,9,5,142,239,39,36,51,51,57,46,50,27,11,4.0,3,5,2,196,224,420,78,12,14,152,273,43,64,30,59,48,33,55,11,27,2.0,7,11,11,11,-37,-26,3,-3,-9,-10,-34,-4,-28,21,-8,9,13,-5,16,-16,2.0,-4,-6,-9,0
2019,2019-06-29,R15,Regular,15.0,S.C.G.,Gold Coast,Sydney,0,7,9,51,93,-42,22,227,116,343,89,10,12,137,191,49,48,40,70,53,66,57,21,15,4.0,5,7,9,214,182,396,84,8,16,147,241,38,54,40,81,42,26,52,15,21,8.0,10,14,6,13,-66,-53,5,2,-4,-10,-50,11,-6,0,-11,11,40,5,6,-6,-4.0,-5,-7,3,0
2019,2019-06-29,R15,Regular,15.0,M.C.G.,Hawthorn,West Coast,1,9,17,71,77,-6,22,217,115,332,53,10,7,169,145,39,54,41,97,62,53,55,24,22,0.0,4,9,14,218,120,338,50,10,7,163,158,64,54,44,91,77,62,58,22,24,3.0,7,11,5,-1,-5,-6,3,0,0,6,-13,-25,0,-3,6,-15,-9,-3,2,-2,-3.0,-3,-2,9,0
2019,2019-06-29,R15,Regular,15.0,Docklands,North Melbourne,Collingwood,0,11,15,81,37,44,22,196,224,420,78,12,14,152,273,43,64,30,59,48,33,55,11,27,2.0,7,11,11,207,187,394,81,9,5,142,239,39,36,51,51,57,46,50,27,11,4.0,3,5,2,-11,37,26,-3,3,9,10,34,4,28,-21,8,-9,-13,5,-16,16,-2.0,4,6,9,0
2019,2019-06-29,R15,Regular,15.0,Adelaide Oval,Port Adelaide,Western Bulldogs,1,5,11,41,66,-25,22,234,142,376,53,8,10,188,180,36,69,38,77,71,61,57,23,15,1.0,3,5,10,238,109,347,56,11,9,167,138,42,49,62,110,81,18,73,15,23,1.0,7,10,6,-4,33,29,-3,-3,1,21,42,-6,20,-24,-33,-10,43,-16,8,-8,0.0,-4,-5,4,0
2019,2019-06-29,R15,Regular,15.0,S.C.G.,Sydney,Gold Coast,1,14,9,93,51,42,22,214,182,396,84,8,16,147,241,38,54,40,81,42,26,52,15,21,8.0,10,14,6,227,116,343,89,10,12,137,191,49,48,40,70,53,66,57,21,15,4.0,5,7,9,-13,66,53,-5,-2,4,10,50,-11,6,0,11,-11,-40,-5,-6,6,4.0,5,7,-3,0
2019,2019-06-29,R15,Regular,15.0,M.C.G.,West Coast,Hawthorn,0,11,11,77,71,6,22,218,120,338,50,10,7,163,158,64,54,44,91,77,62,58,22,24,3.0,7,11,5,217,115,332,53,10,7,169,145,39,54,41,97,62,53,55,24,22,0.0,4,9,14,1,5,6,-3,0,0,-6,13,25,0,3,-6,15,9,3,-2,2,3.0,3,2,-9,0
2019,2019-06-29,R15,Regular,15.0,Adelaide Oval,Western Bulldogs,Port Adelaide,0,10,6,66,41,25,22,238,109,347,56,11,9,167,138,42,49,62,110,81,18,73,15,23,1.0,7,10,6,234,142,376,53,8,10,188,180,36,69,38,77,71,61,57,23,15,1.0,3,5,10,4,-33,-29,3,3,-1,-21,-42,6,-20,24,33,10,-43,16,-8,8,0.0,4,5,-4,0
2019,2019-06-30,R15,Regular,15.0,Gabba,Brisbane Lions,Melbourne,1,15,17,107,74,33,22,234,144,378,83,13,13,159,213,43,63,47,55,41,37,47,21,13,6.0,9,15,11,216,186,402,101,8,13,132,250,29,59,48,36,46,32,66,13,21,3.0,10,11,8,18,-42,-24,-18,5,0,27,-37,14,4,-1,19,-5,5,-19,8,-8,3.0,-1,4,3,0
2019,2019-06-30,R15,Regular,15.0,Perth Stadium,Carlton,Fremantle,0,11,13,79,75,4,22,250,131,381,98,8,11,163,202,46,53,36,67,49,46,53,19,13,3.0,7,11,11,219,157,376,66,10,7,159,215,40,48,40,78,63,41,57,13,19,3.0,6,11,6,31,-26,5,32,-2,4,4,-13,6,5,-4,-11,-14,5,-4,6,-6,0.0,1,0,5,0
2019,2019-06-30,R15,Regular,15.0,Perth Stadium,Fremantle,Carlton,1,11,9,75,79,-4,22,219,157,376,66,10,7,159,215,40,48,40,78,63,41,57,13,19,3.0,6,11,6,250,131,381,98,8,11,163,202,46,53,36,67,49,46,53,19,13,3.0,7,11,11,-31,26,-5,-32,2,-4,-4,13,-6,-5,4,11,14,-5,4,-6,6,0.0,-1,0,-5,0
2019,2019-06-30,R15,Regular,15.0,Gabba,Melbourne,Brisbane Lions,0,11,8,74,107,-33,22,216,186,402,101,8,13,132,250,29,59,48,36,46,32,66,13,21,3.0,10,11,8,234,144,378,83,13,13,159,213,43,63,47,55,41,37,47,21,13,6.0,9,15,11,-18,42,24,18,-5,0,-27,37,-14,-4,1,-19,5,-5,19,-8,8,-3.0,1,-4,-3,0
2019,2019-06-30,R15,Regular,15.0,Docklands,Richmond,St Kilda,0,16,7,103,70,33,22,200,177,377,101,13,12,135,242,24,48,37,59,47,27,51,20,22,3.0,10,16,5,249,121,370,147,10,13,126,250,36,47,31,42,43,33,41,22,20,4.0,9,10,8,-49,56,7,-46,3,-1,9,-8,-12,1,6,17,4,-6,10,-2,2,-1.0,1,6,-3,0
2019,2019-06-30,R15,Regular,15.0,Docklands,St Kilda,Richmond,1,10,10,70,103,-33,22,249,121,370,147,10,13,126,250,36,47,31,42,43,33,41,22,20,4.0,9,10,8,200,177,377,101,13,12,135,242,24,48,37,59,47,27,51,20,22,3.0,10,16,5,49,-56,-7,46,-3,1,-9,8,12,-1,-6,-17,-4,6,-10,2,-2,1.0,-1,-6,3,0
2019,2019-07-05,R16,Regular,16.0,M.C.G.,Collingwood,Hawthorn,0,9,9,63,67,-4,22,228,158,386,97,14,9,161,226,42,35,46,69,56,35,64,29,20,5.0,5,9,8,214,164,378,90,15,7,141,243,27,57,24,66,62,29,55,20,29,2.0,6,9,6,14,-6,8,7,-1,2,20,-17,15,-22,22,3,-6,6,9,9,-9,3.0,-1,0,2,0
2019,2019-07-05,R16,Regular,16.0,M.C.G.,Hawthorn,Collingwood,1,9,13,67,63,4,22,214,164,378,90,15,7,141,243,27,57,24,66,62,29,55,20,29,2.0,6,9,6,228,158,386,97,14,9,161,226,42,35,46,69,56,35,64,29,20,5.0,5,9,8,-14,6,-8,-7,1,-2,-20,17,-15,22,-22,-3,6,-6,-9,-9,9,-3.0,1,0,-2,0
2019,2019-07-06,R16,Regular,16.0,Adelaide Oval,Adelaide,Port Adelaide,1,5,14,44,101,-57,22,203,136,339,82,9,7,133,199,27,42,50,49,39,31,52,16,13,8.0,2,5,11,265,185,450,136,11,11,135,303,45,66,35,54,59,42,46,13,16,5.0,12,15,10,-62,-49,-111,-54,-2,-4,-2,-104,-18,-24,15,-5,-20,-11,6,3,-3,3.0,-10,-10,1,0
2019,2019-07-06,R16,Regular,16.0,M.C.G.,Essendon,Sydney,1,11,10,76,66,10,22,218,139,357,86,10,8,122,224,26,50,43,44,51,35,56,26,16,16.0,6,11,10,242,162,404,118,13,12,136,257,33,54,38,39,44,23,64,16,26,11.0,9,9,10,-24,-23,-47,-32,-3,-4,-14,-33,-7,-4,5,5,7,12,-8,10,-10,5.0,-3,2,0,0
2019,2019-07-06,R16,Regular,16.0,Perth Stadium,Fremantle,West Coast,1,2,19,31,122,-91,22,202,132,334,59,9,7,158,172,33,60,29,47,65,31,67,24,29,2.0,2,2,13,231,136,367,83,15,8,167,191,46,50,53,70,75,46,65,29,24,3.0,12,19,5,-29,-4,-33,-24,-6,-1,-9,-19,-13,10,-24,-23,-10,-15,2,-5,5,-1.0,-10,-17,8,0
2019,2019-07-06,R16,Regular,16.0,Docklands,Geelong,Western Bulldogs,0,7,13,55,71,-16,22,210,140,350,105,12,9,125,221,32,44,41,54,43,37,63,13,28,5.0,2,7,13,216,143,359,93,8,9,136,226,34,52,37,64,65,27,49,28,13,3.0,7,10,9,-6,-3,-9,12,4,0,-11,-5,-2,-8,4,-10,-22,10,14,-15,15,2.0,-5,-3,4,0
2019,2019-07-06,R16,Regular,16.0,Carrara,Gold Coast,Richmond,1,9,4,58,150,-92,22,208,131,339,100,12,7,132,207,37,39,33,52,45,45,55,17,19,2.0,6,9,3,224,191,415,103,9,23,148,269,41,57,28,58,55,34,58,19,17,8.0,20,23,9,-16,-60,-76,-3,3,-16,-16,-62,-4,-18,5,-6,-10,11,-3,-2,2,-6.0,-14,-14,-6,0
2019,2019-07-06,R16,Regular,16.0,Adelaide Oval,Port Adelaide,Adelaide,0,15,11,101,44,57,22,265,185,450,136,11,11,135,303,45,66,35,54,59,42,46,13,16,5.0,12,15,10,203,136,339,82,9,7,133,199,27,42,50,49,39,31,52,16,13,8.0,2,5,11,62,49,111,54,2,4,2,104,18,24,-15,5,20,11,-6,-3,3,-3.0,10,10,-1,0
2019,2019-07-06,R16,Regular,16.0,Carrara,Richmond,Gold Coast,0,23,12,150,58,92,22,224,191,415,103,9,23,148,269,41,57,28,58,55,34,58,19,17,8.0,20,23,9,208,131,339,100,12,7,132,207,37,39,33,52,45,45,55,17,19,2.0,6,9,3,16,60,76,3,-3,16,16,62,4,18,-5,6,10,-11,3,2,-2,6.0,14,14,6,0
2019,2019-07-06,R16,Regular,16.0,M.C.G.,Sydney,Essendon,0,9,12,66,76,-10,22,242,162,404,118,13,12,136,257,33,54,38,39,44,23,64,16,26,11.0,9,9,10,218,139,357,86,10,8,122,224,26,50,43,44,51,35,56,26,16,16.0,6,11,10,24,23,47,32,3,4,14,33,7,4,-5,-5,-7,-12,8,-10,10,-5.0,3,-2,0,0
2019,2019-07-06,R16,Regular,16.0,Perth Stadium,West Coast,Fremantle,0,19,8,122,31,91,22,231,136,367,83,15,8,167,191,46,50,53,70,75,46,65,29,24,3.0,12,19,5,202,132,334,59,9,7,158,172,33,60,29,47,65,31,67,24,29,2.0,2,2,13,29,4,33,24,6,1,9,19,13,-10,24,23,10,15,-2,5,-5,1.0,10,17,-8,0
2019,2019-07-06,R16,Regular,16.0,Docklands,Western Bulldogs,Geelong,1,10,11,71,55,16,22,216,143,359,93,8,9,136,226,34,52,37,64,65,27,49,28,13,3.0,7,10,9,210,140,350,105,12,9,125,221,32,44,41,54,43,37,63,13,28,5.0,2,7,13,6,3,9,-12,-4,0,11,5,2,8,-4,10,22,-10,-14,15,-15,-2.0,5,3,-4,0
2019,2019-07-07,R16,Regular,16.0,Sydney Showground,Brisbane Lions,Greater Western Sydney,0,14,10,94,74,20,22,239,108,347,94,10,10,135,195,43,48,44,80,47,57,55,17,16,5.0,5,14,8,226,162,388,92,10,10,160,226,55,58,35,79,35,48,52,16,17,5.0,7,11,6,13,-54,-41,2,0,0,-25,-31,-12,-10,9,1,12,9,3,1,-1,0.0,-2,3,2,0
2019,2019-07-07,R16,Regular,16.0,M.C.G.,Carlton,Melbourne,1,15,10,100,105,-5,22,189,113,302,75,12,13,138,159,40,45,37,63,49,35,64,26,26,5.0,10,15,9,221,150,371,103,11,16,141,228,36,53,30,61,39,48,58,26,26,1.0,12,15,11,-32,-37,-69,-28,1,-3,-3,-69,4,-8,7,2,10,-13,6,0,0,4.0,-2,0,-2,0
2019,2019-07-07,R16,Regular,16.0,Sydney Showground,Greater Western Sydney,Brisbane Lions,1,11,8,74,94,-20,22,226,162,388,92,10,10,160,226,55,58,35,79,35,48,52,16,17,5.0,7,11,6,239,108,347,94,10,10,135,195,43,48,44,80,47,57,55,17,16,5.0,5,14,8,-13,54,41,-2,0,0,25,31,12,10,-9,-1,-12,-9,-3,-1,1,0.0,2,-3,-2,0
2019,2019-07-07,R16,Regular,16.0,M.C.G.,Melbourne,Carlton,0,15,15,105,100,5,22,221,150,371,103,11,16,141,228,36,53,30,61,39,48,58,26,26,1.0,12,15,11,189,113,302,75,12,13,138,159,40,45,37,63,49,35,64,26,26,5.0,10,15,9,32,37,69,28,-1,3,3,69,-4,8,-7,-2,-10,13,-6,0,0,-4.0,2,0,2,0
2019,2019-07-07,R16,Regular,16.0,Bellerive Oval,North Melbourne,St Kilda,1,17,10,112,73,39,22,212,148,360,90,14,11,151,206,47,57,36,67,47,47,47,25,16,3.0,9,17,9,198,142,340,83,12,8,148,197,38,49,40,92,60,37,60,16,25,4.0,8,11,5,14,6,20,7,2,3,3,9,9,8,-4,-25,-13,10,-13,9,-9,-1.0,1,6,4,0
2019,2019-07-07,R16,Regular,16.0,Bellerive Oval,St Kilda,North Melbourne,0,11,7,73,112,-39,22,198,142,340,83,12,8,148,197,38,49,40,92,60,37,60,16,25,4.0,8,11,5,212,148,360,90,14,11,151,206,47,57,36,67,47,47,47,25,16,3.0,9,17,9,-14,-6,-20,-7,-2,-3,-3,-9,-9,-8,4,25,13,-10,13,-9,9,1.0,-1,-6,-4,0
2019,2019-07-12,R17,Regular,17.0,Perth Stadium,Collingwood,West Coast,0,11,12,78,77,1,22,211,190,401,80,10,8,158,242,41,52,31,63,55,36,42,20,17,12.0,9,11,8,222,134,356,97,10,13,126,230,42,43,39,66,59,42,56,17,20,7.0,9,12,3,-11,56,45,-17,0,-5,32,12,-1,9,-8,-3,-4,-6,-14,3,-3,5.0,0,-1,5,0
2019,2019-07-12,R17,Regular,17.0,Perth Stadium,West Coast,Collingwood,1,12,5,77,78,-1,22,222,134,356,97,10,13,126,230,42,43,39,66,59,42,56,17,20,7.0,9,12,3,211,190,401,80,10,8,158,242,41,52,31,63,55,36,42,20,17,12.0,9,11,8,11,-56,-45,17,0,5,-32,-12,1,-9,8,3,4,6,14,-3,3,-5.0,0,1,-5,0
2019,2019-07-13,R17,Regular,17.0,Carrara,Adelaide,Gold Coast,0,23,13,151,56,95,22,252,224,476,119,9,16,143,325,37,65,31,69,46,41,66,17,24,14.0,19,23,12,202,100,302,85,8,4,127,168,41,40,40,76,44,39,61,24,17,2.0,2,8,7,50,124,174,34,1,12,16,157,-4,25,-9,-7,2,2,5,-7,7,12.0,17,15,5,0
2019,2019-07-13,R17,Regular,17.0,S.C.G.,Carlton,Sydney,0,9,15,69,62,7,22,223,140,363,87,10,11,145,215,45,56,42,81,44,55,48,14,17,19.0,6,9,11,194,149,343,73,11,15,126,210,32,50,47,68,45,20,41,17,14,12.0,7,8,11,29,-9,20,14,-1,-4,19,5,13,6,-5,13,-1,35,7,-3,3,7.0,-1,1,0,0
2019,2019-07-13,R17,Regular,17.0,Docklands,Essendon,North Melbourne,1,12,14,86,81,5,22,215,143,358,76,14,12,153,200,43,61,37,73,54,39,54,20,15,11.0,5,12,10,182,129,311,61,16,14,153,161,33,50,49,52,64,38,53,15,20,13.0,8,12,7,33,14,47,15,-2,-2,0,39,10,11,-12,21,-10,1,1,5,-5,-2.0,-3,0,3,0
2019,2019-07-13,R17,Regular,17.0,York Park,Fremantle,Hawthorn,0,8,5,53,84,-31,22,211,167,378,89,12,11,145,235,42,45,34,65,53,48,59,17,18,5.0,6,8,5,221,148,369,101,12,13,142,232,39,48,36,79,54,45,48,18,17,4.0,9,12,8,-10,19,9,-12,0,-2,3,3,3,-3,-2,-14,-1,3,11,-1,1,1.0,-3,-4,-3,0
2019,2019-07-13,R17,Regular,17.0,Kardinia Park,Geelong,St Kilda,1,12,12,84,57,27,22,208,170,378,75,11,11,158,212,37,56,34,76,52,35,47,27,14,2.0,10,12,8,205,136,341,82,13,8,142,194,44,45,42,83,58,40,49,14,27,0.0,3,8,7,3,34,37,-7,-2,3,16,18,-7,11,-8,-7,-6,-5,-2,13,-13,2.0,7,4,1,0
2019,2019-07-13,R17,Regular,17.0,Carrara,Gold Coast,Adelaide,1,8,8,56,151,-95,22,202,100,302,85,8,4,127,168,41,40,40,76,44,39,61,24,17,2.0,2,8,7,252,224,476,119,9,16,143,325,37,65,31,69,46,41,66,17,24,14.0,19,23,12,-50,-124,-174,-34,-1,-12,-16,-157,4,-25,9,7,-2,-2,-5,7,-7,-12.0,-17,-15,-5,0
2019,2019-07-13,R17,Regular,17.0,York Park,Hawthorn,Fremantle,1,12,12,84,53,31,22,221,148,369,101,12,13,142,232,39,48,36,79,54,45,48,18,17,4.0,9,12,8,211,167,378,89,12,11,145,235,42,45,34,65,53,48,59,17,18,5.0,6,8,5,10,-19,-9,12,0,2,-3,-3,-3,3,2,14,1,-3,-11,1,-1,-1.0,3,4,3,0
2019,2019-07-13,R17,Regular,17.0,Docklands,North Melbourne,Essendon,0,12,9,81,86,-5,22,182,129,311,61,16,14,153,161,33,50,49,52,64,38,53,15,20,13.0,8,12,7,215,143,358,76,14,12,153,200,43,61,37,73,54,39,54,20,15,11.0,5,12,10,-33,-14,-47,-15,2,2,0,-39,-10,-11,12,-21,10,-1,-1,-5,5,2.0,3,0,-3,0
2019,2019-07-13,R17,Regular,17.0,Kardinia Park,St Kilda,Geelong,0,8,9,57,84,-27,22,205,136,341,82,13,8,142,194,44,45,42,83,58,40,49,14,27,0.0,3,8,7,208,170,378,75,11,11,158,212,37,56,34,76,52,35,47,27,14,2.0,10,12,8,-3,-34,-37,7,2,-3,-16,-18,7,-11,8,7,6,5,2,-13,13,-2.0,-7,-4,-1,0
2019,2019-07-13,R17,Regular,17.0,S.C.G.,Sydney,Carlton,1,8,14,62,69,-7,22,194,149,343,73,11,15,126,210,32,50,47,68,45,20,41,17,14,12.0,7,8,11,223,140,363,87,10,11,145,215,45,56,42,81,44,55,48,14,17,19.0,6,9,11,-29,9,-20,-14,1,4,-19,-5,-13,-6,5,-13,1,-35,-7,3,-3,-7.0,1,-1,0,0
2019,2019-07-14,R17,Regular,17.0,Adelaide Oval,Brisbane Lions,Port Adelaide,0,14,13,97,49,48,22,227,106,333,50,6,12,157,158,53,55,45,73,67,56,66,19,33,1.0,10,14,9,233,154,387,64,6,6,160,197,48,54,40,75,67,40,71,33,19,2.0,1,6,9,-6,-48,-54,-14,0,6,-3,-39,5,1,5,-2,0,16,-5,-14,14,-1.0,9,8,0,0
2019,2019-07-14,R17,Regular,17.0,M.C.G.,Greater Western Sydney,Richmond,0,9,13,67,94,-27,22,230,166,396,95,10,8,153,233,42,60,45,44,44,45,59,19,21,3.0,5,9,10,227,178,405,84,7,11,129,261,34,59,50,63,57,33,55,21,19,16.0,9,13,14,3,-12,-9,11,3,-3,24,-28,8,1,-5,-19,-13,12,4,-2,2,-13.0,-4,-4,-4,0
2019,2019-07-14,R17,Regular,17.0,Docklands,Melbourne,Western Bulldogs,0,9,12,66,74,-8,22,202,112,314,73,10,8,150,151,41,47,40,56,54,52,56,24,22,2.0,7,9,8,227,150,377,107,16,16,137,230,29,51,35,71,47,20,54,22,24,3.0,5,10,12,-25,-38,-63,-34,-6,-8,13,-79,12,-4,5,-15,7,32,2,2,-2,-1.0,2,-1,-4,0
2019,2019-07-14,R17,Regular,17.0,Adelaide Oval,Port Adelaide,Brisbane Lions,1,6,13,49,97,-48,22,233,154,387,64,6,6,160,197,48,54,40,75,67,40,71,33,19,2.0,1,6,9,227,106,333,50,6,12,157,158,53,55,45,73,67,56,66,19,33,1.0,10,14,9,6,48,54,14,0,-6,3,39,-5,-1,-5,2,0,-16,5,14,-14,1.0,-9,-8,0,0
2019,2019-07-14,R17,Regular,17.0,M.C.G.,Richmond,Greater Western Sydney,1,13,16,94,67,27,22,227,178,405,84,7,11,129,261,34,59,50,63,57,33,55,21,19,16.0,9,13,14,230,166,396,95,10,8,153,233,42,60,45,44,44,45,59,19,21,3.0,5,9,10,-3,12,9,-11,-3,3,-24,28,-8,-1,5,19,13,-12,-4,2,-2,13.0,4,4,4,0
2019,2019-07-14,R17,Regular,17.0,Docklands,Western Bulldogs,Melbourne,1,10,14,74,66,8,22,227,150,377,107,16,16,137,230,29,51,35,71,47,20,54,22,24,3.0,5,10,12,202,112,314,73,10,8,150,151,41,47,40,56,54,52,56,24,22,2.0,7,9,8,25,38,63,34,6,8,-13,79,-12,4,-5,15,-7,-32,-2,-2,2,1.0,-2,1,4,0
2019,2019-07-19,R18,Regular,18.0,Adelaide Oval,Adelaide,Essendon,1,10,15,75,96,-21,22,242,182,424,109,9,15,141,271,48,52,35,49,40,44,44,18,16,5.0,8,10,10,212,193,405,75,9,9,152,239,30,50,39,66,42,26,57,16,18,15.0,11,15,6,30,-11,19,34,0,6,-11,32,18,2,-4,-17,-2,18,-13,2,-2,-10.0,-3,-5,4,0
2019,2019-07-19,R18,Regular,18.0,Adelaide Oval,Essendon,Adelaide,0,15,6,96,75,21,22,212,193,405,75,9,9,152,239,30,50,39,66,42,26,57,16,18,15.0,11,15,6,242,182,424,109,9,15,141,271,48,52,35,49,40,44,44,18,16,5.0,8,10,10,-30,11,-19,-34,0,-6,11,-32,-18,-2,4,17,2,-18,13,-2,2,10.0,3,5,-4,0
2019,2019-07-20,R18,Regular,18.0,Gabba,Brisbane Lions,North Melbourne,1,12,15,87,75,12,22,218,100,318,71,19,8,162,151,50,67,31,57,49,40,56,27,19,3.0,2,12,13,201,126,327,83,16,11,133,192,40,43,52,66,58,50,63,19,27,1.0,8,12,2,17,-26,-9,-12,3,-3,29,-41,10,24,-21,-9,-9,-10,-7,8,-8,2.0,-6,0,11,0
2019,2019-07-20,R18,Regular,18.0,Docklands,Carlton,Gold Coast,1,15,9,99,75,24,22,238,148,386,112,13,11,144,240,39,50,40,71,46,32,48,18,21,8.0,10,15,8,210,134,344,82,9,9,151,188,42,53,34,91,54,52,57,22,18,0.0,8,11,6,28,14,42,30,4,2,-7,52,-3,-3,6,-20,-8,-20,-9,-4,3,8.0,2,4,2,0
2019,2019-07-20,R18,Regular,18.0,Sydney Showground,Collingwood,Greater Western Sydney,0,11,9,75,122,-47,22,206,188,394,87,10,10,153,236,39,63,29,70,33,54,55,24,14,9.0,10,11,7,235,147,382,104,10,14,154,226,46,49,50,79,61,38,61,14,24,6.0,16,19,7,-29,41,12,-17,0,-4,-1,10,-7,14,-21,-9,-28,16,-6,10,-10,3.0,-6,-8,0,0
2019,2019-07-20,R18,Regular,18.0,Perth Stadium,Fremantle,Sydney,1,7,10,52,51,1,22,239,127,366,99,11,5,160,211,46,48,42,61,67,53,49,15,12,4.0,5,7,9,224,177,401,94,9,10,125,265,22,50,39,70,42,18,54,13,15,10.0,7,7,9,15,-50,-35,5,2,-5,35,-54,24,-2,3,-9,25,35,-5,2,-3,-6.0,-2,0,0,0
2019,2019-07-20,R18,Regular,18.0,Docklands,Gold Coast,Carlton,0,11,9,75,99,-24,22,210,134,344,82,9,9,151,188,42,53,34,91,54,52,57,22,18,0.0,8,11,6,238,148,386,112,13,11,144,240,39,50,40,71,46,32,48,18,21,8.0,10,15,8,-28,-14,-42,-30,-4,-2,7,-52,3,3,-6,20,8,20,9,4,-3,-8.0,-2,-4,-2,0
2019,2019-07-20,R18,Regular,18.0,Sydney Showground,Greater Western Sydney,Collingwood,1,19,8,122,75,47,22,235,147,382,104,10,14,154,226,46,49,50,79,61,38,61,14,24,6.0,16,19,7,206,188,394,87,10,10,153,236,39,63,29,70,33,54,55,24,14,9.0,10,11,7,29,-41,-12,17,0,4,1,-10,7,-14,21,9,28,-16,6,-10,10,-3.0,6,8,0,0
2019,2019-07-20,R18,Regular,18.0,Gabba,North Melbourne,Brisbane Lions,0,12,3,75,87,-12,22,201,126,327,83,16,11,133,192,40,43,52,66,58,50,63,19,27,1.0,8,12,2,218,100,318,71,19,8,162,151,50,67,31,57,49,40,56,27,19,3.0,2,12,13,-17,26,9,12,-3,3,-29,41,-10,-24,21,9,9,10,7,-8,8,-2.0,6,0,-11,0
2019,2019-07-20,R18,Regular,18.0,M.C.G.,Port Adelaide,Richmond,0,9,9,63,101,-38,22,208,186,394,98,11,8,132,258,36,45,38,53,55,24,57,21,19,2.0,6,9,8,202,220,422,92,18,11,153,272,25,54,36,57,45,34,62,19,21,14.0,11,15,9,6,-34,-28,6,-7,-3,-21,-14,11,-9,2,-4,10,-10,-5,2,-2,-12.0,-5,-6,-1,0
2019,2019-07-20,R18,Regular,18.0,M.C.G.,Richmond,Port Adelaide,1,15,11,101,63,38,22,202,220,422,92,18,11,153,272,25,54,36,57,45,34,62,19,21,14.0,11,15,9,208,186,394,98,11,8,132,258,36,45,38,53,55,24,57,21,19,2.0,6,9,8,-6,34,28,-6,7,3,21,14,-11,9,-2,4,-10,10,5,-2,2,12.0,5,6,1,0
2019,2019-07-20,R18,Regular,18.0,Perth Stadium,Sydney,Fremantle,0,7,9,51,52,-1,22,224,177,401,94,9,10,125,265,22,50,39,70,42,18,54,13,15,10.0,7,7,9,239,127,366,99,11,5,160,211,46,48,42,61,67,53,49,15,12,4.0,5,7,9,-15,50,35,-5,-2,5,-35,54,-24,2,-3,9,-25,-35,5,-2,3,6.0,2,0,0,0
2019,2019-07-21,R18,Regular,18.0,M.C.G.,Geelong,Hawthorn,1,8,13,61,85,-24,22,202,140,342,87,10,12,134,199,38,44,36,62,64,39,44,22,14,10.0,6,8,12,220,147,367,98,12,15,138,230,30,49,35,54,50,51,42,14,22,6.0,12,12,10,-18,-7,-25,-11,-2,-3,-4,-31,8,-5,1,8,14,-12,2,8,-8,4.0,-6,-4,2,0
2019,2019-07-21,R18,Regular,18.0,M.C.G.,Hawthorn,Geelong,0,12,13,85,61,24,22,220,147,367,98,12,15,138,230,30,49,35,54,50,51,42,14,22,6.0,12,12,10,202,140,342,87,10,12,134,199,38,44,36,62,64,39,44,22,14,10.0,6,8,12,18,7,25,11,2,3,4,31,-8,5,-1,-8,-14,12,-2,-8,8,-4.0,6,4,-2,0
2019,2019-07-21,R18,Regular,18.0,Traeger Park,Melbourne,West Coast,1,11,12,78,91,-13,22,209,152,361,93,16,15,144,218,37,41,35,64,59,56,50,19,21,1.0,7,11,11,209,112,321,99,13,9,136,178,36,49,30,64,35,21,39,21,19,9.0,9,14,5,0,40,40,-6,3,6,8,40,1,-8,5,0,24,35,11,-2,2,-8.0,-2,-3,6,0
2019,2019-07-21,R18,Regular,18.0,Docklands,St Kilda,Western Bulldogs,1,17,14,116,89,27,22,240,150,390,112,6,17,134,258,40,46,39,56,51,37,53,18,27,5.0,16,17,12,212,152,364,83,7,10,130,224,35,54,29,48,50,30,58,27,18,4.0,10,14,4,28,-2,26,29,-1,7,4,34,5,-8,10,8,1,7,-5,-9,9,1.0,6,3,8,0
2019,2019-07-21,R18,Regular,18.0,Traeger Park,West Coast,Melbourne,0,14,7,91,78,13,22,209,112,321,99,13,9,136,178,36,49,30,64,35,21,39,21,19,9.0,9,14,5,209,152,361,93,16,15,144,218,37,41,35,64,59,56,50,19,21,1.0,7,11,11,0,-40,-40,6,-3,-6,-8,-40,-1,8,-5,0,-24,-35,-11,2,-2,8.0,2,3,-6,0
2019,2019-07-21,R18,Regular,18.0,Docklands,Western Bulldogs,St Kilda,0,14,5,89,116,-27,22,212,152,364,83,7,10,130,224,35,54,29,48,50,30,58,27,18,4.0,10,14,4,240,150,390,112,6,17,134,258,40,46,39,56,51,37,53,18,27,5.0,16,17,12,-28,2,-26,-29,1,-7,-4,-34,-5,8,-10,-8,-1,-7,5,9,-9,-1.0,-6,-3,-8,0
2019,2019-07-26,R19,Regular,19.0,M.C.G.,Collingwood,Richmond,1,9,12,66,98,-32,22,232,154,386,89,9,8,150,226,32,49,46,50,55,42,64,19,16,0.0,5,9,9,248,156,404,95,9,12,142,240,34,61,39,59,62,21,66,16,19,4.0,11,14,11,-16,-2,-18,-6,0,-4,8,-14,-2,-12,7,-9,-7,21,-2,3,-3,-4.0,-6,-5,-2,0
2019,2019-07-26,R19,Regular,19.0,M.C.G.,Richmond,Collingwood,0,14,14,98,66,32,22,248,156,404,95,9,12,142,240,34,61,39,59,62,21,66,16,19,4.0,11,14,11,232,154,386,89,9,8,150,226,32,49,46,50,55,42,64,19,16,0.0,5,9,9,16,2,18,6,0,4,-8,14,2,12,-7,9,7,-21,2,-3,3,4.0,6,5,2,0
2019,2019-07-27,R19,Regular,19.0,M.C.G.,Adelaide,Carlton,0,9,6,60,87,-27,22,193,150,343,87,12,5,123,215,29,46,33,85,43,41,47,27,19,7.0,6,9,4,232,153,385,113,16,16,145,235,52,46,37,69,48,45,65,19,27,4.0,12,13,7,-39,-3,-42,-26,-4,-11,-22,-20,-23,0,-4,16,-5,-4,-18,8,-8,3.0,-6,-4,-3,0
2019,2019-07-27,R19,Regular,19.0,York Park,Brisbane Lions,Hawthorn,0,13,9,87,60,27,22,224,115,339,85,8,11,141,184,33,40,47,66,46,24,51,15,21,1.0,11,13,7,208,161,369,90,16,15,139,225,42,55,25,63,41,47,54,21,15,1.0,5,7,16,16,-46,-30,-5,-8,-4,2,-41,-9,-15,22,3,5,-23,-3,-6,6,0.0,6,6,-9,0
2019,2019-07-27,R19,Regular,19.0,M.C.G.,Carlton,Adelaide,1,13,9,87,60,27,22,232,153,385,113,16,16,145,235,52,46,37,69,48,45,65,19,27,4.0,12,13,7,193,150,343,87,12,5,123,215,29,46,33,85,43,41,47,27,19,7.0,6,9,4,39,3,42,26,4,11,22,20,23,0,4,-16,5,4,18,-8,8,-3.0,6,4,3,0
2019,2019-07-27,R19,Regular,19.0,Adelaide Oval,Greater Western Sydney,Port Adelaide,0,8,8,56,55,1,22,227,149,376,102,11,4,140,230,33,45,46,53,47,27,65,14,18,10.0,4,8,8,228,194,422,102,5,7,141,276,39,53,36,67,46,42,54,18,14,5.0,6,7,10,-1,-45,-46,0,6,-3,-1,-46,-6,-8,10,-14,1,-15,11,-4,4,5.0,-2,1,-2,0
2019,2019-07-27,R19,Regular,19.0,York Park,Hawthorn,Brisbane Lions,1,7,18,60,87,-27,22,208,161,369,90,16,15,139,225,42,55,25,63,41,47,54,21,15,1.0,5,7,16,224,115,339,85,8,11,141,184,33,40,47,66,46,24,51,15,21,1.0,11,13,7,-16,46,30,5,8,4,-2,41,9,15,-22,-3,-5,23,3,6,-6,0.0,-6,-6,9,0
2019,2019-07-27,R19,Regular,19.0,Docklands,Melbourne,St Kilda,0,13,7,85,104,-19,22,192,140,332,75,10,8,133,188,30,39,45,63,54,44,53,14,17,1.0,8,13,4,223,148,371,100,14,19,142,225,39,60,25,79,42,26,48,18,14,7.0,10,15,11,-31,-8,-39,-25,-4,-11,-9,-37,-9,-21,20,-16,12,18,5,-4,3,-6.0,-2,-2,-7,0
2019,2019-07-27,R19,Regular,19.0,Perth Stadium,North Melbourne,West Coast,0,10,12,72,121,-49,22,190,153,343,81,11,13,133,209,34,46,32,42,56,42,39,13,16,2.0,6,10,11,216,160,376,97,16,21,136,238,43,51,33,56,59,27,33,16,13,11.0,14,18,7,-26,-7,-33,-16,-5,-8,-3,-29,-9,-5,-1,-14,-3,15,6,-3,3,-9.0,-8,-8,4,0
2019,2019-07-27,R19,Regular,19.0,Adelaide Oval,Port Adelaide,Greater Western Sydney,1,7,13,55,56,-1,22,228,194,422,102,5,7,141,276,39,53,36,67,46,42,54,18,14,5.0,6,7,10,227,149,376,102,11,4,140,230,33,45,46,53,47,27,65,14,18,10.0,4,8,8,1,45,46,0,-6,3,1,46,6,8,-10,14,-1,15,-11,4,-4,-5.0,2,-1,2,0
2019,2019-07-27,R19,Regular,19.0,Docklands,St Kilda,Melbourne,1,15,14,104,85,19,22,223,148,371,100,14,19,142,225,39,60,25,79,42,26,48,18,14,7.0,10,15,11,192,140,332,75,10,8,133,188,30,39,45,63,54,44,53,14,17,1.0,8,13,4,31,8,39,25,4,11,9,37,9,21,-20,16,-12,-18,-5,4,-3,6.0,2,2,7,0
2019,2019-07-27,R19,Regular,19.0,Perth Stadium,West Coast,North Melbourne,1,18,13,121,72,49,22,216,160,376,97,16,21,136,238,43,51,33,56,59,27,33,16,13,11.0,14,18,7,190,153,343,81,11,13,133,209,34,46,32,42,56,42,39,13,16,2.0,6,10,11,26,7,33,16,5,8,3,29,9,5,1,14,3,-15,-6,3,-3,9.0,8,8,-4,0
2019,2019-07-28,R19,Regular,19.0,Carrara,Essendon,Gold Coast,0,16,10,106,96,10,22,188,165,353,72,17,15,143,206,43,55,26,68,40,29,49,11,22,7.0,10,16,6,203,134,337,87,9,13,149,193,44,41,36,49,44,64,45,22,11,3.0,10,15,6,-15,31,16,-15,8,2,-6,13,-1,14,-10,19,-4,-35,4,-11,11,4.0,0,1,0,0
2019,2019-07-28,R19,Regular,19.0,Docklands,Fremantle,Western Bulldogs,0,9,12,66,113,-47,22,196,140,336,97,15,9,117,216,32,44,42,46,50,56,50,20,22,3.0,6,9,11,248,169,417,112,12,13,139,276,35,59,34,41,60,14,48,22,20,11.0,13,16,15,-52,-29,-81,-15,3,-4,-22,-60,-3,-15,8,5,-10,42,2,-2,2,-8.0,-7,-7,-4,0
2019,2019-07-28,R19,Regular,19.0,S.C.G.,Geelong,Sydney,0,16,11,107,80,27,22,215,150,365,98,14,17,162,209,46,51,36,57,51,47,54,23,16,3.0,11,16,10,192,152,344,72,9,13,133,207,28,48,34,69,35,14,56,16,22,3.0,7,12,8,23,-2,21,26,5,4,29,2,18,3,2,-12,16,33,-2,7,-6,0.0,4,4,2,0
2019,2019-07-28,R19,Regular,19.0,Carrara,Gold Coast,Essendon,1,15,6,96,106,-10,22,203,134,337,87,9,13,149,193,44,41,36,49,44,64,45,22,11,3.0,10,15,6,188,165,353,72,17,15,143,206,43,55,26,68,40,29,49,11,22,7.0,10,16,6,15,-31,-16,15,-8,-2,6,-13,1,-14,10,-19,4,35,-4,11,-11,-4.0,0,-1,0,0
2019,2019-07-28,R19,Regular,19.0,S.C.G.,Sydney,Geelong,1,12,8,80,107,-27,22,192,152,344,72,9,13,133,207,28,48,34,69,35,14,56,16,22,3.0,7,12,8,215,150,365,98,14,17,162,209,46,51,36,57,51,47,54,23,16,3.0,11,16,10,-23,2,-21,-26,-5,-4,-29,-2,-18,-3,-2,12,-16,-33,2,-7,6,0.0,-4,-4,-2,0
2019,2019-07-28,R19,Regular,19.0,Docklands,Western Bulldogs,Fremantle,1,16,17,113,66,47,22,248,169,417,112,12,13,139,276,35,59,34,41,60,14,48,22,20,11.0,13,16,15,196,140,336,97,15,9,117,216,32,44,42,46,50,56,50,20,22,3.0,6,9,11,52,29,81,15,-3,4,22,60,3,15,-8,-5,10,-42,-2,2,-2,8.0,7,7,4,0
2019,2019-08-02,R20,Regular,20.0,Docklands,Hawthorn,North Melbourne,0,9,10,64,86,-22,22,201,186,387,81,10,9,140,245,36,47,39,60,53,45,63,13,18,4.0,5,9,7,200,149,349,65,13,14,152,198,36,53,38,67,48,36,50,18,13,3.0,8,12,12,1,37,38,16,-3,-5,-12,47,0,-6,1,-7,5,9,13,-5,5,1.0,-3,-3,-5,0
2019,2019-08-02,R20,Regular,20.0,Docklands,North Melbourne,Hawthorn,1,12,14,86,64,22,22,200,149,349,65,13,14,152,198,36,53,38,67,48,36,50,18,13,3.0,8,12,12,201,186,387,81,10,9,140,245,36,47,39,60,53,45,63,13,18,4.0,5,9,7,-1,-37,-38,-16,3,5,12,-47,0,6,-1,7,-5,-9,-13,5,-5,-1.0,3,3,5,0
2019,2019-08-03,R20,Regular,20.0,Adelaide Oval,Adelaide,St Kilda,1,14,8,92,70,22,22,244,162,406,129,11,11,138,266,31,46,41,66,36,34,52,22,15,1.0,7,14,6,210,137,347,101,12,9,139,209,42,53,32,54,53,34,55,15,22,5.0,5,10,8,34,25,59,28,-1,2,-1,57,-11,-7,9,12,-17,0,-3,7,-7,-4.0,2,4,-2,0
2019,2019-08-03,R20,Regular,20.0,Docklands,Essendon,Port Adelaide,1,9,13,67,126,-59,22,200,154,354,76,12,7,125,213,31,52,38,43,61,19,52,22,15,16.0,5,9,12,255,155,410,117,9,15,137,255,42,58,41,43,51,45,41,15,22,6.0,14,19,10,-55,-1,-56,-41,3,-8,-12,-42,-11,-6,-3,0,10,-26,11,7,-7,10.0,-9,-10,2,0
2019,2019-08-03,R20,Regular,20.0,Perth Stadium,Fremantle,Geelong,1,14,11,95,61,34,22,211,140,351,87,10,13,152,198,38,58,34,84,51,61,53,20,25,4.0,6,14,10,199,112,311,74,12,10,139,163,42,43,44,70,37,25,50,25,20,7.0,8,9,7,12,28,40,13,-2,3,13,35,-4,15,-10,14,14,36,3,-5,5,-3.0,-2,5,3,0
2019,2019-08-03,R20,Regular,20.0,Perth Stadium,Geelong,Fremantle,0,9,7,61,95,-34,22,199,112,311,74,12,10,139,163,42,43,44,70,37,25,50,25,20,7.0,8,9,7,211,140,351,87,10,13,152,198,38,58,34,84,51,61,53,20,25,4.0,6,14,10,-12,-28,-40,-13,2,-3,-13,-35,4,-15,10,-14,-14,-36,-3,5,-5,3.0,2,-5,-3,0
2019,2019-08-03,R20,Regular,20.0,Sydney Showground,Greater Western Sydney,Sydney,1,12,11,83,81,2,22,247,131,378,120,12,8,145,236,50,56,32,71,48,58,46,12,15,6.0,11,12,10,205,164,369,93,18,9,136,227,31,44,42,67,49,28,52,15,12,8.0,8,12,7,42,-33,9,27,-6,-1,9,9,19,12,-10,4,-1,30,-6,-3,3,-2.0,3,0,3,0
2019,2019-08-03,R20,Regular,20.0,M.C.G.,Melbourne,Richmond,1,9,6,60,93,-33,22,213,153,366,97,5,9,126,235,34,37,56,39,49,43,68,16,21,2.0,6,9,5,225,155,380,104,7,19,124,253,33,70,28,43,39,20,49,21,16,9.0,10,13,12,-12,-2,-14,-7,-2,-10,2,-18,1,-33,28,-4,10,23,19,-5,5,-7.0,-4,-4,-7,0
2019,2019-08-03,R20,Regular,20.0,Docklands,Port Adelaide,Essendon,0,19,12,126,67,59,22,255,155,410,117,9,15,137,255,42,58,41,43,51,45,41,15,22,6.0,14,19,10,200,154,354,76,12,7,125,213,31,52,38,43,61,19,52,22,15,16.0,5,9,12,55,1,56,41,-3,8,12,42,11,6,3,0,-10,26,-11,-7,7,-10.0,9,10,-2,0
2019,2019-08-03,R20,Regular,20.0,M.C.G.,Richmond,Melbourne,0,13,15,93,60,33,22,225,155,380,104,7,19,124,253,33,70,28,43,39,20,49,21,16,9.0,10,13,12,213,153,366,97,5,9,126,235,34,37,56,39,49,43,68,16,21,2.0,6,9,5,12,2,14,7,2,10,-2,18,-1,33,-28,4,-10,-23,-19,5,-5,7.0,4,4,7,0
2019,2019-08-03,R20,Regular,20.0,Adelaide Oval,St Kilda,Adelaide,0,10,10,70,92,-22,22,210,137,347,101,12,9,139,209,42,53,32,54,53,34,55,15,22,5.0,5,10,8,244,162,406,129,11,11,138,266,31,46,41,66,36,34,52,22,15,1.0,7,14,6,-34,-25,-59,-28,1,-2,1,-57,11,7,-9,-12,17,0,3,-7,7,4.0,-2,-4,2,0
2019,2019-08-03,R20,Regular,20.0,Sydney Showground,Sydney,Greater Western Sydney,0,12,9,81,83,-2,22,205,164,369,93,18,9,136,227,31,44,42,67,49,28,52,15,12,8.0,8,12,7,247,131,378,120,12,8,145,236,50,56,32,71,48,58,46,12,15,6.0,11,12,10,-42,33,-9,-27,6,1,-9,-9,-19,-12,10,-4,1,-30,6,3,-3,2.0,-3,0,-3,0
2019,2019-08-04,R20,Regular,20.0,Gabba,Brisbane Lions,Western Bulldogs,1,14,14,98,80,18,22,220,101,321,96,18,19,150,164,32,54,47,72,64,51,47,14,12,4.0,10,14,9,225,170,395,97,13,14,138,246,42,59,39,71,51,30,50,12,14,4.0,11,11,12,-5,-69,-74,-1,5,5,12,-82,-10,-5,8,1,13,21,-3,2,-2,0.0,-1,3,-3,0
2019,2019-08-04,R20,Regular,20.0,Docklands,Carlton,West Coast,1,11,9,75,99,-24,22,226,135,361,101,10,5,136,223,44,48,35,43,50,39,55,21,17,6.0,8,11,7,231,130,361,111,18,14,119,239,32,50,37,42,42,31,47,17,21,13.0,10,15,7,-5,5,0,-10,-8,-9,17,-16,12,-2,-2,1,8,8,8,4,-4,-7.0,-2,-4,0,0
2019,2019-08-04,R20,Regular,20.0,M.C.G.,Collingwood,Gold Coast,1,18,12,120,51,69,22,245,181,426,143,18,20,131,291,44,52,29,68,51,47,38,17,12,5.0,13,18,11,218,128,346,130,11,8,109,237,29,37,33,61,38,33,55,12,17,0.0,5,8,3,27,53,80,13,7,12,22,54,15,15,-4,7,13,14,-17,5,-5,5.0,8,10,8,0
2019,2019-08-04,R20,Regular,20.0,M.C.G.,Gold Coast,Collingwood,0,8,3,51,120,-69,22,218,128,346,130,11,8,109,237,29,37,33,61,38,33,55,12,17,0.0,5,8,3,245,181,426,143,18,20,131,291,44,52,29,68,51,47,38,17,12,5.0,13,18,11,-27,-53,-80,-13,-7,-12,-22,-54,-15,-15,4,-7,-13,-14,17,-5,5,-5.0,-8,-10,-8,0
2019,2019-08-04,R20,Regular,20.0,Docklands,West Coast,Carlton,0,15,9,99,75,24,22,231,130,361,111,18,14,119,239,32,50,37,42,42,31,47,17,21,13.0,10,15,7,226,135,361,101,10,5,136,223,44,48,35,43,50,39,55,21,17,6.0,8,11,7,5,-5,0,10,8,9,-17,16,-12,2,2,-1,-8,-8,-8,-4,4,7.0,2,4,0,0
2019,2019-08-04,R20,Regular,20.0,Gabba,Western Bulldogs,Brisbane Lions,0,11,14,80,98,-18,22,225,170,395,97,13,14,138,246,42,59,39,71,51,30,50,12,14,4.0,11,11,12,220,101,321,96,18,19,150,164,32,54,47,72,64,51,47,14,12,4.0,10,14,9,5,69,74,1,-5,-5,-12,82,10,5,-8,-1,-13,-21,3,-2,2,0.0,1,-3,3,0
2019,2019-08-09,R21,Regular,21.0,Manuka Oval,Greater Western Sydney,Hawthorn,1,4,5,29,85,-56,22,244,104,348,92,5,1,144,189,42,42,51,77,62,43,72,25,19,2.0,1,4,4,248,149,397,66,11,8,157,218,49,65,37,57,58,38,73,19,25,2.0,11,13,4,-4,-45,-49,26,-6,-7,-13,-29,-7,-23,14,20,4,5,-1,6,-6,0.0,-10,-9,0,0
2019,2019-08-09,R21,Regular,21.0,Manuka Oval,Hawthorn,Greater Western Sydney,0,13,7,85,29,56,22,248,149,397,66,11,8,157,218,49,65,37,57,58,38,73,19,25,2.0,11,13,4,244,104,348,92,5,1,144,189,42,42,51,77,62,43,72,25,19,2.0,1,4,4,4,45,49,-26,6,7,13,29,7,23,-14,-20,-4,-5,1,-6,6,0.0,10,9,0,0
2019,2019-08-10,R21,Regular,21.0,Gabba,Brisbane Lions,Gold Coast,1,22,12,144,53,91,22,241,140,381,116,13,13,151,232,56,65,32,82,56,47,59,20,21,2.0,13,22,11,186,111,297,61,10,5,132,153,42,41,40,60,52,57,59,21,20,2.0,7,8,4,55,29,84,55,3,8,19,79,14,24,-8,22,4,-10,0,-1,1,0.0,6,14,7,0
2019,2019-08-10,R21,Regular,21.0,M.C.G.,Collingwood,Melbourne,0,10,10,70,53,17,22,221,169,390,103,4,6,132,256,31,44,34,81,44,48,38,15,20,7.0,6,10,6,215,138,353,105,8,12,123,229,36,43,34,67,54,31,50,20,15,0.0,5,7,10,6,31,37,-2,-4,-6,9,27,-5,1,0,14,-10,17,-12,-5,5,7.0,1,3,-4,0
2019,2019-08-10,R21,Regular,21.0,Docklands,Essendon,Western Bulldogs,1,4,9,33,137,-104,22,195,125,320,80,4,4,126,189,33,37,44,65,54,43,60,23,28,7.0,1,4,4,252,193,445,106,10,15,162,282,30,66,33,66,60,24,53,28,23,8.0,15,21,8,-57,-68,-125,-26,-6,-11,-36,-93,3,-29,11,-1,-6,19,7,-5,5,-1.0,-14,-17,-4,0
2019,2019-08-10,R21,Regular,21.0,Kardinia Park,Geelong,North Melbourne,1,9,15,69,14,55,22,226,144,370,93,12,19,151,214,47,61,32,70,58,30,58,16,20,1.0,8,9,12,192,137,329,70,14,4,128,189,27,34,52,69,40,45,51,20,16,3.0,1,1,6,34,7,41,23,-2,15,23,25,20,27,-20,1,18,-15,7,-4,4,-2.0,7,8,6,0
2019,2019-08-10,R21,Regular,21.0,Gabba,Gold Coast,Brisbane Lions,0,8,5,53,144,-91,22,186,111,297,61,10,5,132,153,42,41,40,60,52,57,59,21,20,2.0,7,8,4,241,140,381,116,13,13,151,232,56,65,32,82,56,47,59,20,21,2.0,13,22,11,-55,-29,-84,-55,-3,-8,-19,-79,-14,-24,8,-22,-4,10,0,1,-1,0.0,-6,-14,-7,0
2019,2019-08-10,R21,Regular,21.0,M.C.G.,Melbourne,Collingwood,1,7,11,53,70,-17,22,215,138,353,105,8,12,123,229,36,43,34,67,54,31,50,20,15,0.0,5,7,10,221,169,390,103,4,6,132,256,31,44,34,81,44,48,38,15,20,7.0,6,10,6,-6,-31,-37,2,4,6,-9,-27,5,-1,0,-14,10,-17,12,5,-5,-7.0,-1,-3,4,0
2019,2019-08-10,R21,Regular,21.0,Kardinia Park,North Melbourne,Geelong,0,1,8,14,69,-55,22,192,137,329,70,14,4,128,189,27,34,52,69,40,45,51,20,16,3.0,1,1,6,226,144,370,93,12,19,151,214,47,61,32,70,58,30,58,16,20,1.0,8,9,12,-34,-7,-41,-23,2,-15,-23,-25,-20,-27,20,-1,-18,15,-7,4,-4,2.0,-7,-8,-6,0
2019,2019-08-10,R21,Regular,21.0,Adelaide Oval,Port Adelaide,Sydney,1,15,13,103,56,47,22,234,156,390,84,14,9,154,228,40,68,29,74,40,49,42,26,11,2.0,6,15,9,201,151,352,68,8,15,149,195,33,37,53,74,45,24,64,11,26,7.0,5,7,12,33,5,38,16,6,-6,5,33,7,31,-24,0,-5,25,-22,15,-15,-5.0,1,8,-3,0
2019,2019-08-10,R21,Regular,21.0,Adelaide Oval,Sydney,Port Adelaide,0,7,14,56,103,-47,22,201,151,352,68,8,15,149,195,33,37,53,74,45,24,64,11,26,7.0,5,7,12,234,156,390,84,14,9,154,228,40,68,29,74,40,49,42,26,11,2.0,6,15,9,-33,-5,-38,-16,-6,6,-5,-33,-7,-31,24,0,5,-25,22,-15,15,5.0,-1,-8,3,0
2019,2019-08-10,R21,Regular,21.0,Docklands,Western Bulldogs,Essendon,0,21,11,137,33,104,22,252,193,445,106,10,15,162,282,30,66,33,66,60,24,53,28,23,8.0,15,21,8,195,125,320,80,4,4,126,189,33,37,44,65,54,43,60,23,28,7.0,1,4,4,57,68,125,26,6,11,36,93,-3,29,-11,1,6,-19,-7,5,-5,1.0,14,17,4,0
2019,2019-08-11,R21,Regular,21.0,Perth Stadium,Adelaide,West Coast,0,12,8,80,90,-10,22,229,156,385,108,9,8,135,248,35,41,49,60,46,39,45,20,14,2.0,11,12,4,225,134,359,108,13,14,145,222,34,63,28,62,51,30,53,14,20,14.0,12,13,8,4,22,26,0,-4,-6,-10,26,1,-22,21,-2,-5,9,-8,6,-6,-12.0,-1,-1,-4,0
2019,2019-08-11,R21,Regular,21.0,M.C.G.,Carlton,Richmond,0,6,9,45,73,-28,22,232,134,366,69,12,6,168,179,40,43,47,84,47,53,72,22,21,5.0,1,6,7,218,158,376,72,9,10,151,211,41,59,37,93,63,40,70,21,22,11.0,10,11,6,14,-24,-10,-3,3,-4,17,-32,-1,-16,10,-9,-16,13,2,1,-1,-6.0,-9,-5,1,0
2019,2019-08-11,R21,Regular,21.0,Docklands,Fremantle,St Kilda,0,10,9,69,72,-3,22,195,160,355,76,9,9,133,222,43,51,46,61,68,58,52,16,18,0.0,8,10,6,233,164,397,109,14,11,150,240,34,57,40,63,44,18,59,18,16,3.0,9,10,9,-38,-4,-42,-33,-5,-2,-17,-18,9,-6,6,-2,24,40,-7,-2,2,-3.0,-1,0,-3,0
2019,2019-08-11,R21,Regular,21.0,M.C.G.,Richmond,Carlton,1,11,7,73,45,28,22,218,158,376,72,9,10,151,211,41,59,37,93,63,40,70,21,22,11.0,10,11,6,232,134,366,69,12,6,168,179,40,43,47,84,47,53,72,22,21,5.0,1,6,7,-14,24,10,3,-3,4,-17,32,1,16,-10,9,16,-13,-2,-1,1,6.0,9,5,-1,0
2019,2019-08-11,R21,Regular,21.0,Docklands,St Kilda,Fremantle,1,10,12,72,69,3,22,233,164,397,109,14,11,150,240,34,57,40,63,44,18,59,18,16,3.0,9,10,9,195,160,355,76,9,9,133,222,43,51,46,61,68,58,52,16,18,0.0,8,10,6,38,4,42,33,5,2,17,18,-9,6,-6,2,-24,-40,7,2,-2,3.0,1,0,3,0
2019,2019-08-11,R21,Regular,21.0,Perth Stadium,West Coast,Adelaide,1,13,12,90,80,10,22,225,134,359,108,13,14,145,222,34,63,28,62,51,30,53,14,20,14.0,12,13,8,229,156,385,108,9,8,135,248,35,41,49,60,46,39,45,20,14,2.0,11,12,4,-4,-22,-26,0,4,6,10,-26,-1,22,-21,2,5,-9,8,-6,6,12.0,1,1,4,0
2019,2019-08-16,R22,Regular,22.0,M.C.G.,Melbourne,Sydney,1,5,12,42,95,-53,22,213,143,356,82,11,11,159,195,37,55,30,77,48,57,53,25,17,1.0,3,5,11,204,147,351,84,14,15,144,197,38,45,48,83,43,19,63,17,25,3.0,9,15,5,9,-4,5,-2,-3,-4,15,-2,-1,10,-18,-6,5,38,-10,8,-8,-2.0,-6,-10,6,0
2019,2019-08-16,R22,Regular,22.0,M.C.G.,Sydney,Melbourne,0,15,5,95,42,53,22,204,147,351,84,14,15,144,197,38,45,48,83,43,19,63,17,25,3.0,9,15,5,213,143,356,82,11,11,159,195,37,55,30,77,48,57,53,25,17,1.0,3,5,11,-9,4,-5,2,3,4,-15,2,1,-10,18,6,-5,-38,10,-8,8,2.0,6,10,-6,0
2019,2019-08-17,R22,Regular,22.0,Adelaide Oval,Adelaide,Collingwood,1,6,12,48,114,-66,22,200,145,345,95,12,8,128,219,33,38,38,39,40,27,42,22,9,2.0,4,6,9,260,176,436,144,14,19,137,306,30,57,32,48,47,40,66,9,22,8.0,14,17,11,-60,-31,-91,-49,-2,-11,-9,-87,3,-19,6,-9,-7,-13,-24,13,-13,-6.0,-10,-11,-2,0
2019,2019-08-17,R22,Regular,22.0,Gabba,Brisbane Lions,Geelong,1,10,15,75,74,1,22,223,131,354,91,19,8,163,185,43,56,46,84,56,53,59,21,27,2.0,7,10,8,194,129,323,53,15,8,154,154,43,56,43,85,46,32,63,27,21,6.0,8,10,10,29,2,31,38,4,0,9,31,0,0,3,-1,10,21,-4,-6,6,-4.0,-1,0,-2,0
2019,2019-08-17,R22,Regular,22.0,M.C.G.,Carlton,St Kilda,1,11,12,78,68,10,22,228,143,371,103,20,13,147,219,34,58,42,73,56,28,50,14,21,11.0,10,11,10,212,150,362,81,10,11,143,213,45,54,45,64,62,36,39,21,14,8.0,7,10,8,16,-7,9,22,10,2,4,6,-11,4,-3,9,-6,-8,11,-7,7,3.0,3,1,2,0
2019,2019-08-17,R22,Regular,22.0,Adelaide Oval,Collingwood,Adelaide,0,17,12,114,48,66,22,260,176,436,144,14,19,137,306,30,57,32,48,47,40,66,9,22,8.0,14,17,11,200,145,345,95,12,8,128,219,33,38,38,39,40,27,42,22,9,2.0,4,6,9,60,31,91,49,2,11,9,87,-3,19,-6,9,7,13,24,-13,13,6.0,10,11,2,0
2019,2019-08-17,R22,Regular,22.0,Perth Stadium,Essendon,Fremantle,0,13,9,87,55,32,22,215,145,360,97,14,10,124,224,30,48,52,70,61,17,51,9,23,11.0,9,13,7,234,197,431,98,14,14,176,263,43,59,34,55,71,58,53,23,9,4.0,7,7,10,-19,-52,-71,-1,0,-4,-52,-39,-13,-11,18,15,-10,-41,-2,-14,14,7.0,2,6,-3,0
2019,2019-08-17,R22,Regular,22.0,Perth Stadium,Fremantle,Essendon,1,7,13,55,87,-32,22,234,197,431,98,14,14,176,263,43,59,34,55,71,58,53,23,9,4.0,7,7,10,215,145,360,97,14,10,124,224,30,48,52,70,61,17,51,9,23,11.0,9,13,7,19,52,71,1,0,4,52,39,13,11,-18,-15,10,41,2,14,-14,-7.0,-2,-6,3,0
2019,2019-08-17,R22,Regular,22.0,Gabba,Geelong,Brisbane Lions,0,10,14,74,75,-1,22,194,129,323,53,15,8,154,154,43,56,43,85,46,32,63,27,21,6.0,8,10,10,223,131,354,91,19,8,163,185,43,56,46,84,56,53,59,21,27,2.0,7,10,8,-29,-2,-31,-38,-4,0,-9,-31,0,0,-3,1,-10,-21,4,6,-6,4.0,1,0,2,0
2019,2019-08-17,R22,Regular,22.0,Docklands,North Melbourne,Port Adelaide,1,22,12,144,58,86,22,236,278,514,98,13,18,175,341,44,63,33,42,53,30,49,22,17,13.0,18,22,10,171,136,307,57,9,8,124,176,25,41,39,52,52,35,49,17,22,2.0,6,8,8,65,142,207,41,4,10,51,165,19,22,-6,-10,1,-5,0,5,-5,11.0,12,14,2,0
2019,2019-08-17,R22,Regular,22.0,Docklands,Port Adelaide,North Melbourne,0,8,10,58,144,-86,22,171,136,307,57,9,8,124,176,25,41,39,52,52,35,49,17,22,2.0,6,8,8,236,278,514,98,13,18,175,341,44,63,33,42,53,30,49,22,17,13.0,18,22,10,-65,-142,-207,-41,-4,-10,-51,-165,-19,-22,6,10,-1,5,0,-5,5,-11.0,-12,-14,-2,0
2019,2019-08-17,R22,Regular,22.0,M.C.G.,St Kilda,Carlton,0,10,8,68,78,-10,22,212,150,362,81,10,11,143,213,45,54,45,64,62,36,39,21,14,8.0,7,10,8,228,143,371,103,20,13,147,219,34,58,42,73,56,28,50,14,21,11.0,10,11,10,-16,7,-9,-22,-10,-2,-4,-6,11,-4,3,-9,6,8,-11,7,-7,-3.0,-3,-1,-2,0
2019,2019-08-18,R22,Regular,22.0,Docklands,Gold Coast,Hawthorn,0,7,6,48,118,-70,22,214,168,382,95,6,7,150,232,45,35,45,69,45,46,58,17,15,4.0,4,7,6,219,165,384,95,15,18,150,235,31,66,28,67,51,41,43,15,17,5.0,12,18,9,-5,3,-2,0,-9,-11,0,-3,14,-31,17,2,-6,5,15,2,-2,-1.0,-8,-11,-3,0
2019,2019-08-18,R22,Regular,22.0,Sydney Showground,Greater Western Sydney,Western Bulldogs,1,9,11,65,126,-61,22,207,151,358,85,8,10,130,222,41,39,43,58,49,61,56,5,17,14.0,8,9,8,227,162,389,77,12,14,150,223,43,63,30,80,44,32,36,17,5,5.0,13,19,10,-20,-11,-31,8,-4,-4,-20,-1,-2,-24,13,-22,5,29,20,-12,12,9.0,-5,-10,-2,0
2019,2019-08-18,R22,Regular,22.0,Docklands,Hawthorn,Gold Coast,1,18,10,118,48,70,22,219,165,384,95,15,18,150,235,31,66,28,67,51,41,43,15,17,5.0,12,18,9,214,168,382,95,6,7,150,232,45,35,45,69,45,46,58,17,15,4.0,4,7,6,5,-3,2,0,9,11,0,3,-14,31,-17,-2,6,-5,-15,-2,2,1.0,8,11,3,0
2019,2019-08-18,R22,Regular,22.0,M.C.G.,Richmond,West Coast,1,13,10,88,82,6,22,223,132,355,70,7,10,154,203,47,62,30,59,61,50,66,24,22,5.0,8,13,8,224,97,321,85,6,7,133,178,50,44,46,51,68,36,68,22,24,2.0,8,13,4,-1,35,34,-15,1,3,21,25,-3,18,-16,8,-7,14,-2,2,-2,3.0,0,0,4,0
2019,2019-08-18,R22,Regular,22.0,M.C.G.,West Coast,Richmond,0,13,4,82,88,-6,22,224,97,321,85,6,7,133,178,50,44,46,51,68,36,68,22,24,2.0,8,13,4,223,132,355,70,7,10,154,203,47,62,30,59,61,50,66,24,22,5.0,8,13,8,1,-35,-34,15,-1,-3,-21,-25,3,-18,16,-8,7,-14,2,-2,2,-3.0,0,0,-4,0
2019,2019-08-18,R22,Regular,22.0,Sydney Showground,Western Bulldogs,Greater Western Sydney,0,19,12,126,65,61,22,227,162,389,77,12,14,150,223,43,63,30,80,44,32,36,17,5,5.0,13,19,10,207,151,358,85,8,10,130,222,41,39,43,58,49,61,56,5,17,14.0,8,9,8,20,11,31,-8,4,4,20,1,2,24,-13,22,-5,-29,-20,12,-12,-9.0,5,10,2,0
2019,2019-08-23,R23,Regular,23.0,M.C.G.,Collingwood,Essendon,1,10,16,76,65,11,22,227,193,420,111,9,15,140,276,33,56,27,53,44,41,56,16,12,12.0,8,10,10,217,152,369,88,8,8,128,221,27,38,47,63,40,16,52,12,16,12.0,7,10,4,10,41,51,23,1,7,12,55,6,18,-20,-10,4,25,4,4,-4,0.0,1,0,6,0
2019,2019-08-23,R23,Regular,23.0,M.C.G.,Essendon,Collingwood,0,10,5,65,76,-11,22,217,152,369,88,8,8,128,221,27,38,47,63,40,16,52,12,16,12.0,7,10,4,227,193,420,111,9,15,140,276,33,56,27,53,44,41,56,16,12,12.0,8,10,10,-10,-41,-51,-23,-1,-7,-12,-55,-6,-18,20,10,-4,-25,-4,-4,4,0.0,-1,0,-6,0
2019,2019-08-24,R23,Regular,23.0,Kardinia Park,Carlton,Geelong,0,8,13,61,129,-68,22,207,104,311,53,1,6,135,151,43,48,43,67,48,40,58,20,21,10.0,5,8,10,229,136,365,72,10,19,174,177,53,64,39,71,44,46,63,21,20,4.0,12,19,14,-22,-32,-54,-19,-9,-13,-39,-26,-10,-16,4,-4,4,-6,-5,-1,1,6.0,-7,-11,-4,0
2019,2019-08-24,R23,Regular,23.0,Kardinia Park,Geelong,Carlton,1,19,15,129,61,68,22,229,136,365,72,10,19,174,177,53,64,39,71,44,46,63,21,20,4.0,12,19,14,207,104,311,53,1,6,135,151,43,48,43,67,48,40,58,20,21,10.0,5,8,10,22,32,54,19,9,13,39,26,10,16,-4,4,-4,6,5,1,-1,-6.0,7,11,4,0
2019,2019-08-24,R23,Regular,23.0,Carrara,Gold Coast,Greater Western Sydney,1,7,13,55,127,-72,22,212,104,316,86,5,13,131,182,47,51,31,60,44,72,62,31,17,1.0,5,7,9,240,140,380,119,13,16,128,235,43,53,44,70,47,23,63,17,31,2.0,16,20,7,-28,-36,-64,-33,-8,-3,3,-53,4,-2,-13,-10,-3,49,-1,14,-14,-1.0,-11,-13,2,0
2019,2019-08-24,R23,Regular,23.0,Carrara,Greater Western Sydney,Gold Coast,0,20,7,127,55,72,22,240,140,380,119,13,16,128,235,43,53,44,70,47,23,63,17,31,2.0,16,20,7,212,104,316,86,5,13,131,182,47,51,31,60,44,72,62,31,17,1.0,5,7,9,28,36,64,33,8,3,-3,53,-4,2,13,10,3,-49,1,-14,14,1.0,11,13,-2,0
2019,2019-08-24,R23,Regular,23.0,Perth Stadium,Hawthorn,West Coast,0,16,9,105,67,38,22,216,134,350,93,16,13,147,196,30,58,42,47,36,44,48,11,12,2.0,12,16,6,234,146,380,114,11,12,133,243,45,53,40,56,66,25,43,12,11,4.0,5,9,13,-18,-12,-30,-21,5,1,14,-47,-15,5,2,-9,-30,19,5,-1,1,-2.0,7,7,-7,0
2019,2019-08-24,R23,Regular,23.0,Bellerive Oval,Melbourne,North Melbourne,0,12,11,83,88,-5,22,201,184,385,77,13,11,155,232,47,51,41,62,41,50,70,16,20,1.0,10,12,9,195,176,371,79,12,9,139,224,30,56,39,58,52,26,63,20,16,7.0,10,13,9,6,8,14,-2,1,2,16,8,17,-5,2,4,-11,24,7,-4,4,-6.0,0,-1,0,0
2019,2019-08-24,R23,Regular,23.0,Bellerive Oval,North Melbourne,Melbourne,1,13,10,88,83,5,22,195,176,371,79,12,9,139,224,30,56,39,58,52,26,63,20,16,7.0,10,13,9,201,184,385,77,13,11,155,232,47,51,41,62,41,50,70,16,20,1.0,10,12,9,-6,-8,-14,2,-1,-2,-16,-8,-17,5,-2,-4,11,-24,-7,4,-4,6.0,0,1,0,0
2019,2019-08-24,R23,Regular,23.0,S.C.G.,St Kilda,Sydney,0,8,16,64,109,-45,22,200,144,344,81,10,11,127,209,35,49,34,50,39,36,51,22,20,2.0,5,8,13,230,132,362,109,16,15,127,221,33,51,40,54,42,19,56,21,22,8.0,14,17,6,-30,12,-18,-28,-6,-4,0,-12,2,-2,-6,-4,-3,17,-5,1,-2,-6.0,-9,-9,7,0
2019,2019-08-24,R23,Regular,23.0,S.C.G.,Sydney,St Kilda,1,17,7,109,64,45,22,230,132,362,109,16,15,127,221,33,51,40,54,42,19,56,21,22,8.0,14,17,6,200,144,344,81,10,11,127,209,35,49,34,50,39,36,51,22,20,2.0,5,8,13,30,-12,18,28,6,4,0,12,-2,2,6,4,3,-17,5,-1,2,6.0,9,9,-7,0
2019,2019-08-24,R23,Regular,23.0,Perth Stadium,West Coast,Hawthorn,1,9,13,67,105,-38,22,234,146,380,114,11,12,133,243,45,53,40,56,66,25,43,12,11,4.0,5,9,13,216,134,350,93,16,13,147,196,30,58,42,47,36,44,48,11,12,2.0,12,16,6,18,12,30,21,-5,-1,-14,47,15,-5,-2,9,30,-19,-5,1,-1,2.0,-7,-7,7,0
2019,2019-08-25,R23,Regular,23.0,Eureka Stadium,Adelaide,Western Bulldogs,0,13,9,87,121,-34,22,208,209,417,75,18,15,157,248,46,50,39,67,40,62,51,12,17,4.0,8,13,6,236,177,413,100,10,16,143,272,41,57,37,61,57,30,40,17,12,7.0,12,18,11,-28,32,4,-25,8,-1,14,-24,5,-7,2,6,-17,32,11,-5,5,-3.0,-4,-5,-5,0
2019,2019-08-25,R23,Regular,23.0,M.C.G.,Brisbane Lions,Richmond,0,8,7,55,82,-27,22,218,157,375,88,13,8,145,228,48,50,34,72,31,41,50,22,18,8.0,6,8,3,191,165,356,87,9,16,131,227,32,47,40,47,70,39,57,18,22,10.0,11,12,7,27,-8,19,1,4,-8,14,1,16,3,-6,25,-39,2,-7,4,-4,-2.0,-5,-4,-4,0
2019,2019-08-25,R23,Regular,23.0,Adelaide Oval,Fremantle,Port Adelaide,0,10,7,67,110,-43,22,191,143,334,79,9,11,135,193,33,32,41,47,49,26,59,21,15,4.0,6,10,7,223,184,407,94,14,25,148,262,34,57,22,66,48,42,54,15,21,4.0,13,15,18,-32,-41,-73,-15,-5,-14,-13,-69,-1,-25,19,-19,1,-16,5,6,-6,0.0,-7,-5,-11,0
2019,2019-08-25,R23,Regular,23.0,Adelaide Oval,Port Adelaide,Fremantle,1,15,20,110,67,43,22,223,184,407,94,14,25,148,262,34,57,22,66,48,42,54,15,21,4.0,13,15,18,191,143,334,79,9,11,135,193,33,32,41,47,49,26,59,21,15,4.0,6,10,7,32,41,73,15,5,14,13,69,1,25,-19,19,-1,16,-5,-6,6,0.0,7,5,11,0
2019,2019-08-25,R23,Regular,23.0,M.C.G.,Richmond,Brisbane Lions,1,12,10,82,55,27,22,191,165,356,87,9,16,131,227,32,47,40,47,70,39,57,18,22,10.0,11,12,7,218,157,375,88,13,8,145,228,48,50,34,72,31,41,50,22,18,8.0,6,8,3,-27,8,-19,-1,-4,8,-14,-1,-16,-3,6,-25,39,-2,7,-4,4,2.0,5,4,4,0
2019,2019-08-25,R23,Regular,23.0,Eureka Stadium,Western Bulldogs,Adelaide,1,18,13,121,87,34,22,236,177,413,100,10,16,143,272,41,57,37,61,57,30,40,17,12,7.0,12,18,11,208,209,417,75,18,15,157,248,46,50,39,67,40,62,51,12,17,4.0,8,13,6,28,-32,-4,25,-8,1,-14,24,-5,7,-2,-6,17,-32,-11,5,-5,3.0,4,5,5,0
2019,2019-09-05,EF,Finals,24.0,Perth Stadium,Essendon,West Coast,0,9,7,61,116,-55,22,214,128,342,95,9,4,116,222,32,41,49,45,46,18,50,16,17,22.0,5,9,5,257,124,381,128,17,13,138,249,31,67,31,43,56,38,50,17,16,6.0,10,17,11,-43,4,-39,-33,-8,-9,-22,-27,1,-26,18,2,-10,-20,0,-1,1,16.0,-5,-8,-6,1
2019,2019-09-05,EF,Finals,24.0,Perth Stadium,West Coast,Essendon,1,17,14,116,61,55,22,257,124,381,128,17,13,138,249,31,67,31,43,56,38,50,17,16,6.0,10,17,11,214,128,342,95,9,4,116,222,32,41,49,45,46,18,50,16,17,22.0,5,9,5,43,-4,39,33,8,9,22,27,-1,26,-18,-2,10,20,0,1,-1,-16.0,5,8,6,1
2019,2019-09-06,QF,Finals,24.0,M.C.G.,Collingwood,Geelong,0,9,7,61,51,10,22,240,142,382,123,12,7,136,242,38,43,40,97,49,48,53,17,17,4.0,4,9,5,189,139,328,74,16,6,157,166,39,50,34,75,51,27,60,17,17,0.0,5,7,8,51,3,54,49,-4,1,-21,76,-1,-7,6,22,-2,21,-7,0,0,4.0,-1,2,-3,1
2019,2019-09-06,QF,Finals,24.0,M.C.G.,Geelong,Collingwood,1,7,9,51,61,-10,22,189,139,328,74,16,6,157,166,39,50,34,75,51,27,60,17,17,0.0,5,7,8,240,142,382,123,12,7,136,242,38,43,40,97,49,48,53,17,17,4.0,4,9,5,-51,-3,-54,-49,4,-1,21,-76,1,7,-6,-22,2,-21,7,0,0,-4.0,1,-2,3,1
2019,2019-09-07,QF,Finals,24.0,Gabba,Brisbane Lions,Richmond,1,8,17,65,112,-47,22,231,123,354,97,18,13,157,206,44,64,36,56,55,39,61,25,22,2.0,8,8,15,186,129,315,59,11,7,144,158,39,54,55,78,52,49,71,22,25,23.0,8,18,2,45,-6,39,38,7,6,13,48,5,10,-19,-22,3,-10,-10,3,-3,-21.0,0,-10,13,1
2019,2019-09-07,EF,Finals,24.0,Sydney Showground,Greater Western Sydney,Western Bulldogs,1,16,17,113,55,58,22,239,156,395,78,9,11,167,227,47,76,27,61,54,45,72,28,34,7.0,9,16,14,180,139,319,63,12,5,125,179,35,37,59,68,50,37,66,34,28,14.0,4,8,7,59,17,76,15,-3,6,42,48,12,39,-32,-7,4,8,6,-6,6,-7.0,5,8,7,1
2019,2019-09-07,QF,Finals,24.0,Gabba,Richmond,Brisbane Lions,0,18,4,112,65,47,22,186,129,315,59,11,7,144,158,39,54,55,78,52,49,71,22,25,23.0,8,18,2,231,123,354,97,18,13,157,206,44,64,36,56,55,39,61,25,22,2.0,8,8,15,-45,6,-39,-38,-7,-6,-13,-48,-5,-10,19,22,-3,10,10,-3,3,21.0,0,10,-13,1
2019,2019-09-07,EF,Finals,24.0,Sydney Showground,Western Bulldogs,Greater Western Sydney,0,8,7,55,113,-58,22,180,139,319,63,12,5,125,179,35,37,59,68,50,37,66,34,28,14.0,4,8,7,239,156,395,78,9,11,167,227,47,76,27,61,54,45,72,28,34,7.0,9,16,14,-59,-17,-76,-15,3,-6,-42,-48,-12,-39,32,7,-4,-8,-6,6,-6,7.0,-5,-8,-7,1
2019,2019-09-13,SF,Finals,25.0,M.C.G.,Geelong,West Coast,1,13,10,88,68,20,22,223,148,371,98,16,17,151,220,31,60,35,61,43,14,53,17,25,4.0,6,13,7,209,95,304,92,13,5,128,179,31,45,45,47,41,43,48,25,17,8.0,8,10,5,14,53,67,6,3,12,23,41,0,15,-10,14,2,-29,5,-8,8,-4.0,-2,3,2,1
2019,2019-09-13,SF,Finals,25.0,M.C.G.,West Coast,Geelong,0,10,8,68,88,-20,22,209,95,304,92,13,5,128,179,31,45,45,47,41,43,48,25,17,8.0,8,10,5,223,148,371,98,16,17,151,220,31,60,35,61,43,14,53,17,25,4.0,6,13,7,-14,-53,-67,-6,-3,-12,-23,-41,0,-15,10,-14,-2,29,-5,8,-8,4.0,2,-3,-2,1
2019,2019-09-14,SF,Finals,25.0,Gabba,Brisbane Lions,Greater Western Sydney,1,11,14,80,83,-3,22,220,109,329,75,11,11,155,170,48,61,32,58,57,44,67,31,22,3.0,9,11,12,188,122,310,62,9,10,131,172,35,44,49,77,63,26,70,22,31,5.0,7,12,8,32,-13,19,13,2,1,24,-2,13,17,-17,-19,-6,18,-3,9,-9,-2.0,2,-1,4,1
2019,2019-09-14,SF,Finals,25.0,Gabba,Greater Western Sydney,Brisbane Lions,0,12,11,83,80,3,22,188,122,310,62,9,10,131,172,35,44,49,77,63,26,70,22,31,5.0,7,12,8,220,109,329,75,11,11,155,170,48,61,32,58,57,44,67,31,22,3.0,9,11,12,-32,13,-19,-13,-2,-1,-24,2,-13,-17,17,19,6,-18,3,-9,9,2.0,-2,1,-4,1
2019,2019-09-20,PF,Finals,26.0,M.C.G.,Geelong,Richmond,0,9,12,66,85,-19,22,218,147,365,93,15,7,145,215,34,51,44,51,39,32,52,18,19,7.0,6,9,9,196,115,311,82,15,18,125,186,30,56,42,60,56,34,52,19,18,11.0,12,12,11,22,32,54,11,0,-11,20,29,4,-5,2,-9,-17,-2,0,-1,1,-4.0,-6,-3,-2,1
2019,2019-09-20,PF,Finals,26.0,M.C.G.,Richmond,Geelong,1,12,13,85,66,19,22,196,115,311,82,15,18,125,186,30,56,42,60,56,34,52,19,18,11.0,12,12,11,218,147,365,93,15,7,145,215,34,51,44,51,39,32,52,18,19,7.0,6,9,9,-22,-32,-54,-11,0,11,-20,-29,-4,5,-2,9,17,2,0,1,-1,4.0,6,3,2,1
2019,2019-09-21,PF,Finals,26.0,M.C.G.,Collingwood,Greater Western Sydney,1,7,10,52,56,-4,22,209,128,337,71,9,7,148,179,35,53,41,95,56,78,60,24,17,8.0,3,7,7,238,100,338,80,6,7,164,177,54,49,44,88,72,16,61,17,24,1.0,6,8,7,-29,28,-1,-9,3,0,-16,2,-19,4,-3,7,-16,62,-1,7,-7,7.0,-3,-1,0,1
2019,2019-09-21,PF,Finals,26.0,M.C.G.,Greater Western Sydney,Collingwood,0,8,8,56,52,4,22,238,100,338,80,6,7,164,177,54,49,44,88,72,16,61,17,24,1.0,6,8,7,209,128,337,71,9,7,148,179,35,53,41,95,56,78,60,24,17,8.0,3,7,7,29,-28,1,9,-3,0,16,-2,19,-4,3,-7,16,-62,1,-7,7,-7.0,3,1,0,1
2019,2019-09-28,GF,Finals,27.0,M.C.G.,Greater Western Sydney,Richmond,0,3,7,25,114,-89,22,215,146,361,107,7,4,115,238,32,40,42,57,58,18,61,13,20,8.0,3,3,7,223,138,361,113,14,14,133,226,35,59,37,53,44,42,49,20,13,22.0,12,17,9,-8,8,0,-6,-7,-10,-18,12,-3,-19,5,4,14,-24,12,-7,7,-14.0,-9,-14,-2,1
2019,2019-09-28,GF,Finals,27.0,M.C.G.,Richmond,Greater Western Sydney,1,17,12,114,25,89,22,223,138,361,113,14,14,133,226,35,59,37,53,44,42,49,20,13,22.0,12,17,9,215,146,361,107,7,4,115,238,32,40,42,57,58,18,61,13,20,8.0,3,3,7,8,-8,0,6,7,10,18,-12,3,19,-5,-4,-14,24,-12,7,-7,14.0,9,14,2,1
2020,2020-03-19,R1,Regular,1.0,M.C.G.,Carlton,Richmond,0,12,9,81,105,-24,22,189,114,303,69,7,12,126,173,32,54,29,23,44,26,51,24,18,0.0,5,12,8,155,122,277,57,10,12,109,164,31,48,41,52,48,41,50,18,24,5.0,12,16,8,34,-8,26,12,-3,0,17,9,1,6,-12,-29,-4,-15,1,6,-6,-5.0,-7,-4,0,0
2020,2020-03-19,R1,Regular,1.0,M.C.G.,Richmond,Carlton,1,16,9,105,81,24,22,155,122,277,57,10,12,109,164,31,48,41,52,48,41,50,18,24,5.0,12,16,8,189,114,303,69,7,12,126,173,32,54,29,23,44,26,51,24,18,0.0,5,12,8,-34,8,-26,-12,3,0,-17,-9,-1,-6,12,29,4,15,-1,-6,6,5.0,7,4,0,0
2020,2020-03-20,R1,Regular,1.0,Docklands,Collingwood,Western Bulldogs,0,13,8,86,34,52,22,191,161,352,94,11,14,123,228,34,42,17,49,32,43,47,19,12,2.0,9,13,8,163,119,282,77,7,2,94,190,21,22,29,42,52,15,50,12,19,4.0,2,5,4,28,42,70,17,4,12,29,38,13,20,-12,7,-20,28,-3,7,-7,-2.0,7,8,4,0
2020,2020-03-20,R1,Regular,1.0,Docklands,Western Bulldogs,Collingwood,1,5,4,34,86,-52,22,163,119,282,77,7,2,94,190,21,22,29,42,52,15,50,12,19,4.0,2,5,4,191,161,352,94,11,14,123,228,34,42,17,49,32,43,47,19,12,2.0,9,13,8,-28,-42,-70,-17,-4,-12,-29,-38,-13,-20,12,-7,20,-28,3,-7,7,2.0,-7,-8,-4,0
2020,2020-03-21,R1,Regular,1.0,Adelaide Oval,Adelaide,Sydney,1,11,5,71,74,-3,22,142,107,249,41,11,6,119,126,25,45,30,56,38,34,44,18,21,7.0,7,11,5,200,113,313,68,6,8,136,170,46,41,33,63,47,34,54,21,18,0.0,7,11,8,-58,-6,-64,-27,5,-2,-17,-44,-21,4,-3,-7,-9,0,-10,-3,3,7.0,0,0,-3,0
2020,2020-03-21,R1,Regular,1.0,Docklands,Essendon,Fremantle,1,9,9,63,57,6,22,192,147,339,98,5,9,101,234,28,41,26,58,50,29,37,17,11,8.0,6,9,7,166,120,286,79,11,9,102,189,21,36,32,33,46,30,47,11,17,2.0,7,8,8,26,27,53,19,-6,0,-1,45,7,5,-6,25,4,-1,-10,6,-6,6.0,-1,1,-1,0
2020,2020-03-21,R1,Regular,1.0,Docklands,Fremantle,Essendon,0,8,9,57,63,-6,22,166,120,286,79,11,9,102,189,21,36,32,33,46,30,47,11,17,2.0,7,8,8,192,147,339,98,5,9,101,234,28,41,26,58,50,29,37,17,11,8.0,6,9,7,-26,-27,-53,-19,6,0,1,-45,-7,-5,6,-25,-4,1,10,-6,6,-6.0,1,-1,1,0
2020,2020-03-21,R1,Regular,1.0,Sydney Showground,Geelong,Greater Western Sydney,0,11,7,73,105,-32,22,176,98,274,83,8,9,103,171,30,41,21,29,34,28,57,15,24,3.0,11,11,7,167,91,258,64,9,17,99,151,33,39,31,43,35,32,37,24,15,1.0,13,17,2,9,7,16,19,-1,-8,4,20,-3,2,-10,-14,-1,-4,20,-9,9,2.0,-2,-6,5,0
2020,2020-03-21,R1,Regular,1.0,Carrara,Gold Coast,Port Adelaide,1,4,5,29,76,-47,22,173,123,296,59,9,4,118,167,25,31,51,41,39,34,45,14,17,2.0,3,4,2,219,138,357,90,7,12,129,222,36,62,26,60,43,31,45,17,14,2.0,8,10,13,-46,-15,-61,-31,2,-8,-11,-55,-11,-31,25,-19,-4,3,0,-3,3,0.0,-5,-6,-11,0
2020,2020-03-21,R1,Regular,1.0,Sydney Showground,Greater Western Sydney,Geelong,1,17,3,105,73,32,22,167,91,258,64,9,17,99,151,33,39,31,43,35,32,37,24,15,1.0,13,17,2,176,98,274,83,8,9,103,171,30,41,21,29,34,28,57,15,24,3.0,11,11,7,-9,-7,-16,-19,1,8,-4,-20,3,-2,10,14,1,4,-20,9,-9,-2.0,2,6,-5,0
2020,2020-03-21,R1,Regular,1.0,Carrara,Port Adelaide,Gold Coast,0,10,16,76,29,47,22,219,138,357,90,7,12,129,222,36,62,26,60,43,31,45,17,14,2.0,8,10,13,173,123,296,59,9,4,118,167,25,31,51,41,39,34,45,14,17,2.0,3,4,2,46,15,61,31,-2,8,11,55,11,31,-25,19,4,-3,0,3,-3,0.0,5,6,11,0
2020,2020-03-21,R1,Regular,1.0,Adelaide Oval,Sydney,Adelaide,0,11,8,74,71,3,22,200,113,313,68,6,8,136,170,46,41,33,63,47,34,54,21,18,0.0,7,11,8,142,107,249,41,11,6,119,126,25,45,30,56,38,34,44,18,21,7.0,7,11,5,58,6,64,27,-5,2,17,44,21,-4,3,7,9,0,10,3,-3,-7.0,0,0,3,0
2020,2020-03-22,R1,Regular,1.0,M.C.G.,Brisbane Lions,Hawthorn,0,9,8,62,90,-28,22,184,103,287,68,8,8,121,159,28,46,30,50,40,22,58,15,20,3.0,6,9,7,187,111,298,73,10,11,123,172,28,45,37,51,46,33,45,20,15,6.0,12,14,5,-3,-8,-11,-5,-2,-3,-2,-13,0,1,-7,-1,-6,-11,13,-5,5,-3.0,-6,-5,2,0
2020,2020-03-22,R1,Regular,1.0,M.C.G.,Hawthorn,Brisbane Lions,1,14,6,90,62,28,22,187,111,298,73,10,11,123,172,28,45,37,51,46,33,45,20,15,6.0,12,14,5,184,103,287,68,8,8,121,159,28,46,30,50,40,22,58,15,20,3.0,6,9,7,3,8,11,5,2,3,2,13,0,-1,7,1,6,11,-13,5,-5,3.0,6,5,-2,0
2020,2020-03-22,R1,Regular,1.0,Perth Stadium,Melbourne,West Coast,0,7,9,51,78,-27,22,177,141,318,80,7,8,118,201,25,45,21,29,37,19,44,11,9,3.0,4,7,8,215,108,323,119,5,8,93,222,28,35,37,35,45,31,35,9,11,10.0,9,12,5,-38,33,-5,-39,2,0,25,-21,-3,10,-16,-6,-8,-12,9,2,-2,-7.0,-5,-5,3,0
2020,2020-03-22,R1,Regular,1.0,Docklands,North Melbourne,St Kilda,1,8,8,56,54,2,22,155,119,274,51,6,12,130,144,30,44,30,51,39,28,46,20,17,1.0,8,8,7,167,133,300,51,8,13,125,163,25,40,36,72,48,26,49,17,20,3.0,5,7,11,-12,-14,-26,0,-2,-1,5,-19,5,4,-6,-21,-9,2,-3,3,-3,-2.0,3,1,-4,0
2020,2020-03-22,R1,Regular,1.0,Docklands,St Kilda,North Melbourne,0,7,12,54,56,-2,22,167,133,300,51,8,13,125,163,25,40,36,72,48,26,49,17,20,3.0,5,7,11,155,119,274,51,6,12,130,144,30,44,30,51,39,28,46,20,17,1.0,8,8,7,12,14,26,0,2,1,-5,19,-5,-4,6,21,9,-2,3,-3,3,2.0,-3,-1,4,0
2020,2020-03-22,R1,Regular,1.0,Perth Stadium,West Coast,Melbourne,1,12,6,78,51,27,22,215,108,323,119,5,8,93,222,28,35,37,35,45,31,35,9,11,10.0,9,12,5,177,141,318,80,7,8,118,201,25,45,21,29,37,19,44,11,9,3.0,4,7,8,38,-33,5,39,-2,0,-25,21,3,-10,16,6,8,12,-9,-2,2,7.0,5,5,-3,0
2020,2020-06-11,R2,Regular,2.0,M.C.G.,Collingwood,Richmond,1,5,6,36,36,0,22,187,147,334,81,12,6,128,201,31,32,38,31,47,37,49,14,15,1.0,3,5,4,178,103,281,74,10,4,120,162,32,44,26,71,39,24,44,15,14,2.0,3,5,2,9,44,53,7,2,2,8,39,-1,-12,12,-40,8,13,5,-1,1,-1.0,0,0,2,0
2020,2020-06-11,R2,Regular,2.0,M.C.G.,Richmond,Collingwood,0,5,6,36,36,0,22,178,103,281,74,10,4,120,162,32,44,26,71,39,24,44,15,14,2.0,3,5,2,187,147,334,81,12,6,128,201,31,32,38,31,47,37,49,14,15,1.0,3,5,4,-9,-44,-53,-7,-2,-2,-8,-39,1,12,-12,40,-8,-13,-5,1,-1,1.0,0,0,-2,0
2020,2020-06-12,R2,Regular,2.0,Kardinia Park,Geelong,Hawthorn,1,17,6,108,47,61,22,201,138,339,78,5,10,140,205,41,54,31,46,51,34,46,22,15,1.0,13,17,4,146,104,250,49,8,4,108,143,23,40,37,57,56,33,49,15,22,1.0,6,7,3,55,34,89,29,-3,6,32,62,18,14,-6,-11,-5,1,-3,7,-7,0.0,7,10,1,0
2020,2020-06-12,R2,Regular,2.0,Kardinia Park,Hawthorn,Geelong,0,7,5,47,108,-61,22,146,104,250,49,8,4,108,143,23,40,37,57,56,33,49,15,22,1.0,6,7,3,201,138,339,78,5,10,140,205,41,54,31,46,51,34,46,22,15,1.0,13,17,4,-55,-34,-89,-29,3,-6,-32,-62,-18,-14,6,11,5,-1,3,-7,7,0.0,-7,-10,-1,0
2020,2020-06-13,R2,Regular,2.0,Adelaide Oval,Adelaide,Port Adelaide,0,5,5,35,110,-75,22,138,119,257,39,5,4,119,132,30,30,39,46,38,31,55,14,17,0.0,5,5,4,226,137,363,105,15,13,139,222,39,57,25,61,48,38,48,17,14,0.0,9,17,4,-88,-18,-106,-66,-10,-9,-20,-90,-9,-27,14,-15,-10,-7,7,-3,3,0.0,-4,-12,0,0
2020,2020-06-13,R2,Regular,2.0,Gabba,Brisbane Lions,Fremantle,1,12,9,81,69,12,22,182,128,310,72,11,9,131,179,29,43,32,50,54,39,42,12,19,2.0,8,12,7,171,125,296,60,17,8,125,163,34,44,31,42,33,21,39,19,12,5.0,5,10,6,11,3,14,12,-6,1,6,16,-5,-1,1,8,21,18,3,-7,7,-3.0,3,2,1,0
2020,2020-06-13,R2,Regular,2.0,Docklands,Carlton,Melbourne,1,7,11,53,54,-1,22,184,96,280,73,13,8,111,162,29,48,31,41,42,26,45,13,18,4.0,4,7,11,173,135,308,69,6,10,115,187,30,40,39,50,42,34,40,18,13,2.0,7,8,6,11,-39,-28,4,7,-2,-4,-25,-1,8,-8,-9,0,-8,5,-5,5,2.0,-3,-1,5,0
2020,2020-06-13,R2,Regular,2.0,Gabba,Fremantle,Brisbane Lions,0,10,9,69,81,-12,22,171,125,296,60,17,8,125,163,34,44,31,42,33,21,39,19,12,5.0,5,10,6,182,128,310,72,11,9,131,179,29,43,32,50,54,39,42,12,19,2.0,8,12,7,-11,-3,-14,-12,6,-1,-6,-16,5,1,-1,-8,-21,-18,-3,7,-7,3.0,-3,-2,-1,0
2020,2020-06-13,R2,Regular,2.0,Carrara,Gold Coast,West Coast,1,14,6,90,46,44,22,207,130,337,68,6,7,136,198,32,49,39,38,57,28,64,16,16,4.0,10,14,6,183,104,287,56,5,8,115,160,33,46,33,55,52,43,54,16,16,3.0,4,6,9,24,26,50,12,1,-1,21,38,-1,3,6,-17,5,-15,10,0,0,1.0,6,8,-3,0
2020,2020-06-13,R2,Regular,2.0,Docklands,Melbourne,Carlton,0,8,6,54,53,1,22,173,135,308,69,6,10,115,187,30,40,39,50,42,34,40,18,13,2.0,7,8,6,184,96,280,73,13,8,111,162,29,48,31,41,42,26,45,13,18,4.0,4,7,11,-11,39,28,-4,-7,2,4,25,1,-8,8,9,0,8,-5,5,-5,-2.0,3,1,-5,0
2020,2020-06-13,R2,Regular,2.0,Adelaide Oval,Port Adelaide,Adelaide,1,17,8,110,35,75,22,226,137,363,105,15,13,139,222,39,57,25,61,48,38,48,17,14,0.0,9,17,4,138,119,257,39,5,4,119,132,30,30,39,46,38,31,55,14,17,0.0,5,5,4,88,18,106,66,10,9,20,90,9,27,-14,15,10,7,-7,3,-3,0.0,4,12,0,0
2020,2020-06-13,R2,Regular,2.0,Carrara,West Coast,Gold Coast,0,6,10,46,90,-44,22,183,104,287,56,5,8,115,160,33,46,33,55,52,43,54,16,16,3.0,4,6,9,207,130,337,68,6,7,136,198,32,49,39,38,57,28,64,16,16,4.0,10,14,6,-24,-26,-50,-12,-1,1,-21,-38,1,-3,-6,17,-5,15,-10,0,0,-1.0,-6,-8,3,0
2020,2020-06-14,R2,Regular,2.0,S.C.G.,Essendon,Sydney,0,12,7,79,73,6,22,163,134,297,50,13,7,128,166,34,46,33,49,51,31,51,13,25,6.0,6,12,6,188,123,311,76,11,4,126,182,35,44,33,52,35,33,44,25,13,4.0,5,11,6,-25,11,-14,-26,2,3,2,-16,-1,2,0,-3,16,-2,7,-12,12,2.0,1,1,0,0
2020,2020-06-14,R2,Regular,2.0,Sydney Showground,Greater Western Sydney,North Melbourne,1,8,12,60,80,-20,22,142,117,259,43,8,5,119,138,36,38,29,64,44,33,41,10,22,0.0,5,8,10,174,146,320,60,8,10,120,192,44,43,30,57,36,53,38,22,10,8.0,8,12,6,-32,-29,-61,-17,0,-5,-1,-54,-8,-5,-1,7,8,-20,3,-12,12,-8.0,-3,-4,4,0
2020,2020-06-14,R2,Regular,2.0,Sydney Showground,North Melbourne,Greater Western Sydney,0,12,8,80,60,20,22,174,146,320,60,8,10,120,192,44,43,30,57,36,53,38,22,10,8.0,8,12,6,142,117,259,43,8,5,119,138,36,38,29,64,44,33,41,10,22,0.0,5,8,10,32,29,61,17,0,5,1,54,8,5,1,-7,-8,20,-3,12,-12,8.0,3,4,-4,0
2020,2020-06-14,R2,Regular,2.0,Docklands,St Kilda,Western Bulldogs,1,14,4,88,49,39,22,204,132,336,92,8,11,127,209,32,40,31,56,33,48,44,21,15,3.0,11,14,3,141,177,318,55,9,9,115,205,29,38,25,48,44,12,58,15,21,3.0,4,7,6,63,-45,18,37,-1,2,12,4,3,2,6,8,-11,36,-14,6,-6,0.0,7,7,-3,0
2020,2020-06-14,R2,Regular,2.0,S.C.G.,Sydney,Essendon,1,11,7,73,79,-6,22,188,123,311,76,11,4,126,182,35,44,33,52,35,33,44,25,13,4.0,5,11,6,163,134,297,50,13,7,128,166,34,46,33,49,51,31,51,13,25,6.0,6,12,6,25,-11,14,26,-2,-3,-2,16,1,-2,0,3,-16,2,-7,12,-12,-2.0,-1,-1,0,0
2020,2020-06-14,R2,Regular,2.0,Docklands,Western Bulldogs,St Kilda,0,7,7,49,88,-39,22,141,177,318,55,9,9,115,205,29,38,25,48,44,12,58,15,21,3.0,4,7,6,204,132,336,92,8,11,127,209,32,40,31,56,33,48,44,21,15,3.0,11,14,3,-63,45,-18,-37,1,-2,-12,-4,-3,-2,-6,-8,11,-36,14,-6,6,0.0,-7,-7,3,0
2020,2020-06-18,R3,Regular,3.0,M.C.G.,Hawthorn,Richmond,0,11,5,71,39,32,22,190,128,318,76,3,5,109,194,22,35,38,34,37,24,55,19,23,0.0,6,11,3,171,126,297,74,9,12,121,175,17,43,24,29,33,12,59,23,19,5.0,4,5,7,19,2,21,2,-6,-7,-12,19,5,-8,14,5,4,12,-4,-4,4,-5.0,2,6,-4,0
2020,2020-06-18,R3,Regular,3.0,M.C.G.,Richmond,Hawthorn,1,5,9,39,71,-32,22,171,126,297,74,9,12,121,175,17,43,24,29,33,12,59,23,19,5.0,4,5,7,190,128,318,76,3,5,109,194,22,35,38,34,37,24,55,19,23,0.0,6,11,3,-19,-2,-21,-2,6,7,12,-19,-5,8,-14,-5,-4,-12,4,4,-4,5.0,-2,-6,4,0
2020,2020-06-19,R3,Regular,3.0,Docklands,Greater Western Sydney,Western Bulldogs,0,4,9,33,57,-24,22,180,90,270,103,11,8,102,166,24,29,35,39,35,28,52,16,26,6.0,2,4,5,177,126,303,77,5,8,108,192,21,44,24,55,34,16,39,26,16,7.0,5,8,7,3,-36,-33,26,6,0,-6,-26,3,-15,11,-16,1,12,13,-10,10,-1.0,-3,-4,-2,0
2020,2020-06-19,R3,Regular,3.0,Docklands,Western Bulldogs,Greater Western Sydney,1,8,9,57,33,24,22,177,126,303,77,5,8,108,192,21,44,24,55,34,16,39,26,16,7.0,5,8,7,180,90,270,103,11,8,102,166,24,29,35,39,35,28,52,16,26,6.0,2,4,5,-3,36,33,-26,-6,0,6,26,-3,15,-11,16,-1,-12,-13,10,-10,1.0,3,4,2,0
2020,2020-06-20,R3,Regular,3.0,Gabba,Brisbane Lions,West Coast,1,10,14,74,44,30,22,189,94,283,64,4,8,134,133,38,51,27,59,56,30,39,20,15,0.0,5,10,12,159,86,245,48,9,8,119,120,31,34,40,53,57,41,53,15,20,1.0,5,6,4,30,8,38,16,-5,0,15,13,7,17,-13,6,-1,-11,-14,5,-5,-1.0,0,4,8,0
2020,2020-06-20,R3,Regular,3.0,Kardinia Park,Carlton,Geelong,0,12,7,79,77,2,22,176,73,249,82,13,15,107,143,27,37,32,49,47,44,47,17,15,3.0,10,12,5,162,114,276,52,4,10,116,154,35,43,24,55,36,22,47,15,17,1.0,6,11,8,14,-41,-27,30,9,5,-9,-11,-8,-6,8,-6,11,22,0,2,-2,2.0,4,1,-3,0
2020,2020-06-20,R3,Regular,3.0,M.C.G.,Collingwood,St Kilda,1,12,9,81,37,44,22,194,153,347,101,11,8,112,234,32,40,27,57,51,34,46,17,19,0.0,8,12,9,185,119,304,95,8,5,109,197,21,34,28,43,41,29,49,19,17,4.0,3,5,6,9,34,43,6,3,3,3,37,11,6,-1,14,10,5,-3,-2,2,-4.0,5,7,3,0
2020,2020-06-20,R3,Regular,3.0,Kardinia Park,Geelong,Carlton,1,11,11,77,79,-2,22,162,114,276,52,4,10,116,154,35,43,24,55,36,22,47,15,17,1.0,6,11,8,176,73,249,82,13,15,107,143,27,37,32,49,47,44,47,17,15,3.0,10,12,5,-14,41,27,-30,-9,-5,9,11,8,6,-8,6,-11,-22,0,-2,2,-2.0,-4,-1,3,0
2020,2020-06-20,R3,Regular,3.0,Docklands,North Melbourne,Sydney,1,8,12,60,71,-11,22,143,129,272,45,10,12,121,155,32,39,31,52,41,36,39,23,14,7.0,5,8,11,156,109,265,57,9,9,110,139,26,41,30,53,27,23,36,14,23,1.0,7,10,8,-13,20,7,-12,1,3,11,16,6,-2,1,-1,14,13,3,9,-9,6.0,-2,-2,3,0
2020,2020-06-20,R3,Regular,3.0,M.C.G.,St Kilda,Collingwood,0,5,7,37,81,-44,22,185,119,304,95,8,5,109,197,21,34,28,43,41,29,49,19,17,4.0,3,5,6,194,153,347,101,11,8,112,234,32,40,27,57,51,34,46,17,19,0.0,8,12,9,-9,-34,-43,-6,-3,-3,-3,-37,-11,-6,1,-14,-10,-5,3,2,-2,4.0,-5,-7,-3,0
2020,2020-06-20,R3,Regular,3.0,Docklands,Sydney,North Melbourne,0,10,11,71,60,11,22,156,109,265,57,9,9,110,139,26,41,30,53,27,23,36,14,23,1.0,7,10,8,143,129,272,45,10,12,121,155,32,39,31,52,41,36,39,23,14,7.0,5,8,11,13,-20,-7,12,-1,-3,-11,-16,-6,2,-1,1,-14,-13,-3,-9,9,-6.0,2,2,-3,0
2020,2020-06-20,R3,Regular,3.0,Gabba,West Coast,Brisbane Lions,0,6,8,44,74,-30,22,159,86,245,48,9,8,119,120,31,34,40,53,57,41,53,15,20,1.0,5,6,4,189,94,283,64,4,8,134,133,38,51,27,59,56,30,39,20,15,0.0,5,10,12,-30,-8,-38,-16,5,0,-15,-13,-7,-17,13,-6,1,11,14,-5,5,1.0,0,-4,-8,0
2020,2020-06-21,R3,Regular,3.0,Carrara,Adelaide,Gold Coast,0,4,5,29,82,-53,22,145,105,250,56,5,2,105,143,25,28,43,56,32,39,46,26,15,2.0,2,4,3,196,124,320,87,11,10,123,193,38,56,24,75,36,27,61,15,26,4.0,7,12,9,-51,-19,-70,-31,-6,-8,-18,-50,-13,-28,19,-19,-4,12,-15,11,-11,-2.0,-5,-8,-6,0
2020,2020-06-21,R3,Regular,3.0,Carrara,Fremantle,Port Adelaide,1,6,5,41,70,-29,22,163,96,259,58,7,7,106,144,27,34,44,49,41,20,52,17,15,0.0,4,6,4,179,95,274,59,7,13,130,146,37,55,28,51,62,44,55,15,17,0.0,7,10,7,-16,1,-15,-1,0,-6,-24,-2,-10,-21,16,-2,-21,-24,-3,2,-2,0.0,-3,-4,-3,0
2020,2020-06-21,R3,Regular,3.0,Carrara,Gold Coast,Adelaide,1,12,10,82,29,53,22,196,124,320,87,11,10,123,193,38,56,24,75,36,27,61,15,26,4.0,7,12,9,145,105,250,56,5,2,105,143,25,28,43,56,32,39,46,26,15,2.0,2,4,3,51,19,70,31,6,8,18,50,13,28,-19,19,4,-12,15,-11,11,2.0,5,8,6,0
2020,2020-06-21,R3,Regular,3.0,Carrara,Port Adelaide,Fremantle,0,10,10,70,41,29,22,179,95,274,59,7,13,130,146,37,55,28,51,62,44,55,15,17,0.0,7,10,7,163,96,259,58,7,7,106,144,27,34,44,49,41,20,52,17,15,0.0,4,6,4,16,-1,15,1,0,6,24,2,10,21,-16,2,21,24,3,-2,2,0.0,3,4,3,0
2020,2020-06-25,R4,Regular,4.0,S.C.G.,Sydney,Western Bulldogs,1,5,9,39,67,-28,22,167,109,276,72,8,13,105,158,27,42,32,61,33,44,44,14,16,2.0,4,5,8,165,130,295,60,16,13,129,163,31,42,37,47,32,19,38,16,14,2.0,3,10,6,2,-21,-19,12,-8,0,-24,-5,-4,0,-5,14,1,25,6,-2,2,0.0,1,-5,2,0
2020,2020-06-25,R4,Regular,4.0,S.C.G.,Western Bulldogs,Sydney,0,10,7,67,39,28,22,165,130,295,60,16,13,129,163,31,42,37,47,32,19,38,16,14,2.0,3,10,6,167,109,276,72,8,13,105,158,27,42,32,61,33,44,44,14,16,2.0,4,5,8,-2,21,19,-12,8,0,24,5,4,0,5,-14,-1,-25,-6,2,-2,0.0,-1,5,-2,0
2020,2020-06-26,R4,Regular,4.0,Sydney Showground,Collingwood,Greater Western Sydney,0,9,10,64,66,-2,22,177,112,289,72,11,9,127,155,30,48,27,65,25,55,47,25,16,1.0,5,9,8,163,128,291,64,7,7,115,163,37,37,38,51,43,21,56,16,25,0.0,7,10,4,14,-16,-2,8,4,2,12,-8,-7,11,-11,14,-18,34,-9,9,-9,1.0,-2,-1,4,0
2020,2020-06-26,R4,Regular,4.0,Sydney Showground,Greater Western Sydney,Collingwood,1,10,6,66,64,2,22,163,128,291,64,7,7,115,163,37,37,38,51,43,21,56,16,25,0.0,7,10,4,177,112,289,72,11,9,127,155,30,48,27,65,25,55,47,25,16,1.0,5,9,8,-14,16,2,-8,-4,-2,-12,8,7,-11,11,-14,18,-34,9,-9,9,-1.0,2,1,-4,0
2020,2020-06-27,R4,Regular,4.0,M.C.G.,Carlton,Essendon,0,7,10,52,51,1,22,211,121,332,88,8,13,126,201,37,49,26,47,43,25,54,13,13,2.0,4,7,8,164,103,267,57,8,5,112,140,23,34,42,57,50,32,52,13,13,9.0,6,8,0,47,18,65,31,0,8,14,61,14,15,-16,-10,-7,-7,2,0,0,-7.0,-2,-1,8,0
2020,2020-06-27,R4,Regular,4.0,M.C.G.,Essendon,Carlton,1,8,3,51,52,-1,22,164,103,267,57,8,5,112,140,23,34,42,57,50,32,52,13,13,9.0,6,8,0,211,121,332,88,8,13,126,201,37,49,26,47,43,25,54,13,13,2.0,4,7,8,-47,-18,-65,-31,0,-8,-14,-61,-14,-15,16,10,7,7,-2,0,0,7.0,2,1,-8,0
2020,2020-06-27,R4,Regular,4.0,Carrara,Fremantle,Gold Coast,0,8,3,51,64,-13,22,163,103,266,81,15,8,111,149,22,31,40,51,29,18,48,20,14,1.0,3,8,3,180,106,286,81,11,9,119,166,37,50,22,47,38,42,55,14,20,3.0,8,10,3,-17,-3,-20,0,4,-1,-8,-17,-15,-19,18,4,-9,-24,-7,6,-6,-2.0,-5,-2,0,0
2020,2020-06-27,R4,Regular,4.0,Carrara,Gold Coast,Fremantle,1,10,4,64,51,13,22,180,106,286,81,11,9,119,166,37,50,22,47,38,42,55,14,20,3.0,8,10,3,163,103,266,81,15,8,111,149,22,31,40,51,29,18,48,20,14,1.0,3,8,3,17,3,20,0,-4,1,8,17,15,19,-18,-4,9,24,7,-6,6,2.0,5,2,0,0
2020,2020-06-27,R4,Regular,4.0,Carrara,Port Adelaide,West Coast,1,13,11,89,41,48,22,200,106,306,90,15,12,117,181,23,48,30,50,34,14,37,15,10,3.0,7,13,10,174,103,277,71,11,6,117,157,35,36,35,36,52,37,48,10,15,4.0,3,6,3,26,3,29,19,4,6,0,24,-12,12,-5,14,-18,-23,-11,5,-5,-1.0,4,7,7,0
2020,2020-06-27,R4,Regular,4.0,Docklands,Richmond,St Kilda,0,10,7,67,93,-26,22,149,165,314,62,6,8,119,201,29,39,23,52,48,26,53,15,15,1.0,9,10,7,184,131,315,82,12,10,118,186,33,38,28,52,35,31,47,15,15,0.0,9,15,3,-35,34,-1,-20,-6,-2,1,15,-4,1,-5,0,13,-5,6,0,0,1.0,0,-5,4,0
2020,2020-06-27,R4,Regular,4.0,Docklands,St Kilda,Richmond,1,15,3,93,67,26,22,184,131,315,82,12,10,118,186,33,38,28,52,35,31,47,15,15,0.0,9,15,3,149,165,314,62,6,8,119,201,29,39,23,52,48,26,53,15,15,1.0,9,10,7,35,-34,1,20,6,2,-1,-15,4,-1,5,0,-13,5,-6,0,0,-1.0,0,5,-4,0
2020,2020-06-27,R4,Regular,4.0,Carrara,West Coast,Port Adelaide,0,6,5,41,89,-48,22,174,103,277,71,11,6,117,157,35,36,35,36,52,37,48,10,15,4.0,3,6,3,200,106,306,90,15,12,117,181,23,48,30,50,34,14,37,15,10,3.0,7,13,10,-26,-3,-29,-19,-4,-6,0,-24,12,-12,5,-14,18,23,11,-5,5,1.0,-4,-7,-7,0
2020,2020-06-28,R4,Regular,4.0,Gabba,Adelaide,Brisbane Lions,0,7,4,46,83,-37,22,162,69,231,71,4,5,91,125,22,28,46,54,36,23,49,17,20,1.0,5,7,1,199,86,285,80,21,19,132,145,31,60,21,70,44,30,32,20,17,3.0,9,10,22,-37,-17,-54,-9,-17,-14,-41,-20,-9,-32,25,-16,-8,-7,17,-3,3,-2.0,-4,-3,-21,0
2020,2020-06-28,R4,Regular,4.0,Gabba,Brisbane Lions,Adelaide,1,10,23,83,46,37,22,199,86,285,80,21,19,132,145,31,60,21,70,44,30,32,20,17,3.0,9,10,22,162,69,231,71,4,5,91,125,22,28,46,54,36,23,49,17,20,1.0,5,7,1,37,17,54,9,17,14,41,20,9,32,-25,16,8,7,-17,3,-3,2.0,4,3,21,0
2020,2020-06-28,R4,Regular,4.0,M.C.G.,Geelong,Melbourne,0,7,5,47,44,3,22,209,106,315,112,7,9,109,201,23,38,38,52,42,26,41,16,19,1.0,7,7,4,152,115,267,52,6,6,114,147,32,45,30,46,48,34,33,19,16,0.0,3,6,7,57,-9,48,60,1,3,-5,54,-9,-7,8,6,-6,-8,8,-3,3,1.0,4,1,-3,0
2020,2020-06-28,R4,Regular,4.0,Docklands,Hawthorn,North Melbourne,1,8,10,58,54,4,22,153,112,265,43,8,8,112,142,27,45,23,69,64,29,44,12,21,4.0,4,8,9,181,148,329,65,9,6,141,186,42,32,37,47,34,33,43,21,12,2.0,4,8,5,-28,-36,-64,-22,-1,2,-29,-44,-15,13,-14,22,30,-4,1,-9,9,2.0,0,0,4,0
2020,2020-06-28,R4,Regular,4.0,M.C.G.,Melbourne,Geelong,1,6,8,44,47,-3,22,152,115,267,52,6,6,114,147,32,45,30,46,48,34,33,19,16,0.0,3,6,7,209,106,315,112,7,9,109,201,23,38,38,52,42,26,41,16,19,1.0,7,7,4,-57,9,-48,-60,-1,-3,5,-54,9,7,-8,-6,6,8,-8,3,-3,-1.0,-4,-1,3,0
2020,2020-06-28,R4,Regular,4.0,Docklands,North Melbourne,Hawthorn,0,8,6,54,58,-4,22,181,148,329,65,9,6,141,186,42,32,37,47,34,33,43,21,12,2.0,4,8,5,153,112,265,43,8,8,112,142,27,45,23,69,64,29,44,12,21,4.0,4,8,9,28,36,64,22,1,-2,29,44,15,-13,14,-22,-30,4,-1,9,-9,-2.0,0,0,-4,0
2020,2020-07-02,R5,Regular,5.0,Docklands,Carlton,St Kilda,1,8,7,55,73,-18,22,172,95,267,84,13,10,100,168,22,33,29,36,37,25,52,18,19,1.0,5,8,6,186,103,289,90,14,18,103,185,26,40,25,37,35,23,38,19,18,7.0,7,11,6,-14,-8,-22,-6,-1,-8,-3,-17,-4,-7,4,-1,2,2,14,-1,1,-6.0,-2,-3,0,0
2020,2020-07-02,R5,Regular,5.0,Docklands,St Kilda,Carlton,0,11,7,73,55,18,22,186,103,289,90,14,18,103,185,26,40,25,37,35,23,38,19,18,7.0,7,11,6,172,95,267,84,13,10,100,168,22,33,29,36,37,25,52,18,19,1.0,5,8,6,14,8,22,6,1,8,3,17,4,7,-4,1,-2,-2,-14,1,-1,6.0,2,3,0,0
2020,2020-07-03,R5,Regular,5.0,M.C.G.,Collingwood,Essendon,1,7,6,48,63,-15,22,163,155,318,59,6,8,126,192,28,41,26,51,51,41,30,21,12,2.0,7,7,6,173,100,273,67,6,10,118,157,38,35,32,65,61,13,45,12,21,1.0,5,10,2,-10,55,45,-8,0,-2,8,35,-10,6,-6,-14,-10,28,-15,9,-9,1.0,2,-3,4,0
2020,2020-07-03,R5,Regular,5.0,M.C.G.,Essendon,Collingwood,0,10,3,63,48,15,22,173,100,273,67,6,10,118,157,38,35,32,65,61,13,45,12,21,1.0,5,10,2,163,155,318,59,6,8,126,192,28,41,26,51,51,41,30,21,12,2.0,7,7,6,10,-55,-45,8,0,2,-8,-35,10,-6,6,14,10,-28,15,-9,9,-1.0,-2,3,-4,0
2020,2020-07-04,R5,Regular,5.0,Gabba,Brisbane Lions,Port Adelaide,1,12,13,85,48,37,22,171,102,273,69,13,12,118,149,32,48,29,58,40,43,33,15,12,1.0,6,12,10,149,113,262,49,4,4,105,150,36,35,34,62,60,30,34,12,15,3.0,4,6,9,22,-11,11,20,9,8,13,-1,-4,13,-5,-4,-20,13,-1,3,-3,-2.0,2,6,1,0
2020,2020-07-04,R5,Regular,5.0,Kardinia Park,Geelong,Gold Coast,1,13,11,89,52,37,22,184,137,321,81,10,14,120,206,33,50,18,61,43,32,58,11,22,2.0,8,13,10,161,89,250,65,9,4,110,141,28,28,35,67,26,34,53,22,11,2.0,4,8,3,23,48,71,16,1,10,10,65,5,22,-17,-6,17,-2,5,-11,11,0.0,4,5,7,0
2020,2020-07-04,R5,Regular,5.0,Kardinia Park,Gold Coast,Geelong,0,8,4,52,89,-37,22,161,89,250,65,9,4,110,141,28,28,35,67,26,34,53,22,11,2.0,4,8,3,184,137,321,81,10,14,120,206,33,50,18,61,43,32,58,11,22,2.0,8,13,10,-23,-48,-71,-16,-1,-10,-10,-65,-5,-22,17,6,-17,2,-5,11,-11,0.0,-4,-5,-7,0
2020,2020-07-04,R5,Regular,5.0,Docklands,North Melbourne,Western Bulldogs,0,5,8,38,87,-49,22,155,113,268,64,15,6,119,146,26,40,29,51,39,33,42,18,18,1.0,2,5,5,166,165,331,70,16,15,120,213,29,44,34,46,53,15,37,18,18,3.0,10,13,6,-11,-52,-63,-6,-1,-9,-1,-67,-3,-4,-5,5,-14,18,5,0,0,-2.0,-8,-8,-1,0
2020,2020-07-04,R5,Regular,5.0,Gabba,Port Adelaide,Brisbane Lions,0,6,12,48,85,-37,22,149,113,262,49,4,4,105,150,36,35,34,62,60,30,34,12,15,3.0,4,6,9,171,102,273,69,13,12,118,149,32,48,29,58,40,43,33,15,12,1.0,6,12,10,-22,11,-11,-20,-9,-8,-13,1,4,-13,5,4,20,-13,1,-3,3,2.0,-2,-6,-1,0
2020,2020-07-04,R5,Regular,5.0,Carrara,Sydney,West Coast,0,6,7,43,77,-34,22,149,142,291,67,8,11,98,184,22,30,36,48,41,10,40,13,15,1.0,6,6,7,194,104,298,92,11,10,122,177,36,47,23,50,38,46,30,15,13,3.0,6,11,11,-45,38,-7,-25,-3,1,-24,7,-14,-17,13,-2,3,-36,10,-2,2,-2.0,0,-5,-4,0
2020,2020-07-04,R5,Regular,5.0,Carrara,West Coast,Sydney,1,11,11,77,43,34,22,194,104,298,92,11,10,122,177,36,47,23,50,38,46,30,15,13,3.0,6,11,11,149,142,291,67,8,11,98,184,22,30,36,48,41,10,40,13,15,1.0,6,6,7,45,-38,7,25,3,-1,24,-7,14,17,-13,2,-3,36,-10,2,-2,2.0,0,5,4,0
2020,2020-07-04,R5,Regular,5.0,Docklands,Western Bulldogs,North Melbourne,1,13,9,87,38,49,22,166,165,331,70,16,15,120,213,29,44,34,46,53,15,37,18,18,3.0,10,13,6,155,113,268,64,15,6,119,146,26,40,29,51,39,33,42,18,18,1.0,2,5,5,11,52,63,6,1,9,1,67,3,4,5,-5,14,-18,-5,0,0,2.0,8,8,1,0
2020,2020-07-05,R5,Regular,5.0,Carrara,Adelaide,Fremantle,1,4,10,34,54,-20,22,170,132,302,79,10,6,105,194,24,42,33,39,32,18,40,13,17,2.0,2,4,7,198,88,286,109,11,15,98,183,20,43,37,41,29,31,40,17,13,6.0,7,8,5,-28,44,16,-30,-1,-9,7,11,4,-1,-4,-2,3,-13,0,-4,4,-4.0,-5,-4,2,0
2020,2020-07-05,R5,Regular,5.0,Carrara,Fremantle,Adelaide,0,8,6,54,34,20,22,198,88,286,109,11,15,98,183,20,43,37,41,29,31,40,17,13,6.0,7,8,5,170,132,302,79,10,6,105,194,24,42,33,39,32,18,40,13,17,2.0,2,4,7,28,-44,-16,30,1,9,-7,-11,-4,1,4,2,-3,13,0,4,-4,4.0,5,4,-2,0
2020,2020-07-05,R5,Regular,5.0,Sydney Showground,Greater Western Sydney,Hawthorn,1,13,5,83,49,34,22,207,136,343,120,13,10,115,228,26,26,30,50,37,21,43,26,12,4.0,7,13,3,145,116,261,58,5,10,94,161,32,38,13,49,28,39,53,12,26,3.0,5,7,4,62,20,82,62,8,0,21,67,-6,-12,17,1,9,-18,-10,14,-14,1.0,2,6,-1,0
2020,2020-07-05,R5,Regular,5.0,Sydney Showground,Hawthorn,Greater Western Sydney,0,7,7,49,83,-34,22,145,116,261,58,5,10,94,161,32,38,13,49,28,39,53,12,26,3.0,5,7,4,207,136,343,120,13,10,115,228,26,26,30,50,37,21,43,26,12,4.0,7,13,3,-62,-20,-82,-62,-8,0,-21,-67,6,12,-17,-1,-9,18,10,-14,14,-1.0,-2,-6,1,0
2020,2020-07-05,R5,Regular,5.0,M.C.G.,Melbourne,Richmond,1,8,4,52,79,-27,22,167,154,321,76,10,9,116,203,25,43,27,45,42,36,56,19,17,0.0,7,8,3,181,155,336,82,12,13,120,205,24,39,34,36,32,11,45,17,19,4.0,7,12,5,-14,-1,-15,-6,-2,-4,-4,-2,1,4,-7,9,10,25,11,2,-2,-4.0,0,-4,-2,0
2020,2020-07-05,R5,Regular,5.0,M.C.G.,Richmond,Melbourne,0,12,7,79,52,27,22,181,155,336,82,12,13,120,205,24,39,34,36,32,11,45,17,19,4.0,7,12,5,167,154,321,76,10,9,116,203,25,43,27,45,42,36,56,19,17,0.0,7,8,3,14,1,15,6,2,4,4,2,-1,-4,7,-9,-10,-25,-11,-2,2,4.0,0,4,2,0
2020,2020-07-09,R6,Regular,6.0,S.C.G.,Brisbane Lions,Geelong,0,6,10,46,73,-27,22,149,84,233,45,8,10,109,114,27,42,24,62,37,36,42,25,20,2.0,5,6,6,193,123,316,74,4,11,129,178,34,38,37,65,42,22,53,20,25,0.0,8,11,5,-44,-39,-83,-29,4,-1,-20,-64,-7,4,-13,-3,-5,14,-11,5,-5,2.0,-3,-5,1,0
2020,2020-07-09,R6,Regular,6.0,S.C.G.,Geelong,Brisbane Lions,1,11,7,73,46,27,22,193,123,316,74,4,11,129,178,34,38,37,65,42,22,53,20,25,0.0,8,11,5,149,84,233,45,8,10,109,114,27,42,24,62,37,36,42,25,20,2.0,5,6,6,44,39,83,29,-4,1,20,64,7,-4,13,3,5,-14,11,-5,5,-2.0,3,5,-1,0
2020,2020-07-10,R6,Regular,6.0,Sydney Showground,Collingwood,Hawthorn,1,8,11,59,27,32,22,170,164,334,59,6,6,124,207,26,48,29,44,47,26,39,19,15,3.0,5,8,4,196,123,319,100,9,7,107,206,21,32,37,38,48,18,46,15,19,0.0,1,3,7,-26,41,15,-41,-3,-1,17,1,5,16,-8,6,-1,8,-7,4,-4,3.0,4,5,-3,0
2020,2020-07-10,R6,Regular,6.0,Sydney Showground,Hawthorn,Collingwood,0,3,9,27,59,-32,22,196,123,319,100,9,7,107,206,21,32,37,38,48,18,46,15,19,0.0,1,3,7,170,164,334,59,6,6,124,207,26,48,29,44,47,26,39,19,15,3.0,5,8,4,26,-41,-15,41,3,1,-17,-1,-5,-16,8,-6,1,-8,7,-4,4,-3.0,-4,-5,3,0
2020,2020-07-11,R6,Regular,6.0,Gabba,Adelaide,West Coast,0,5,4,34,67,-33,22,181,143,324,102,8,5,94,230,17,24,38,41,30,18,48,18,17,1.0,3,5,4,180,104,284,90,11,9,100,190,28,49,19,43,41,27,44,17,18,2.0,6,10,7,1,39,40,12,-3,-4,-6,40,-11,-25,19,-2,-11,-9,4,1,-1,-1.0,-3,-5,-3,0
2020,2020-07-11,R6,Regular,6.0,Carrara,Essendon,North Melbourne,1,9,13,67,53,14,22,182,160,342,53,8,7,126,198,28,43,38,66,46,32,61,18,20,8.0,6,9,12,184,95,279,56,5,3,126,137,31,47,33,53,46,31,53,20,18,0.0,2,7,9,-2,65,63,-3,3,4,0,61,-3,-4,5,13,0,1,8,-2,2,8.0,4,2,3,0
2020,2020-07-11,R6,Regular,6.0,Carrara,Fremantle,St Kilda,1,12,7,79,73,6,22,181,111,292,89,10,13,106,182,29,43,28,33,41,27,41,22,15,0.0,9,12,5,165,105,270,66,6,7,111,151,31,40,31,32,34,35,41,15,22,6.0,3,11,7,16,6,22,23,4,6,-5,31,-2,3,-3,1,7,-8,0,7,-7,-6.0,6,1,-2,0
2020,2020-07-11,R6,Regular,6.0,Sydney Showground,Gold Coast,Melbourne,0,9,9,63,80,-17,22,168,113,281,75,9,4,103,176,21,35,34,56,41,20,50,17,15,3.0,5,9,9,172,107,279,67,13,12,127,146,31,48,26,39,35,30,51,15,17,3.0,8,12,5,-4,6,2,8,-4,-8,-24,30,-10,-13,8,17,6,-10,-1,2,-2,0.0,-3,-3,4,0
2020,2020-07-11,R6,Regular,6.0,Sydney Showground,Melbourne,Gold Coast,1,12,8,80,63,17,22,172,107,279,67,13,12,127,146,31,48,26,39,35,30,51,15,17,3.0,8,12,5,168,113,281,75,9,4,103,176,21,35,34,56,41,20,50,17,15,3.0,5,9,9,4,-6,-2,-8,4,8,24,-30,10,13,-8,-17,-6,10,1,-2,2,0.0,3,3,-4,0
2020,2020-07-11,R6,Regular,6.0,Carrara,North Melbourne,Essendon,0,7,11,53,67,-14,22,184,95,279,56,5,3,126,137,31,47,33,53,46,31,53,20,18,0.0,2,7,9,182,160,342,53,8,7,126,198,28,43,38,66,46,32,61,18,20,8.0,6,9,12,2,-65,-63,3,-3,-4,0,-61,3,4,-5,-13,0,-1,-8,2,-2,-8.0,-4,-2,-3,0
2020,2020-07-11,R6,Regular,6.0,Carrara,St Kilda,Fremantle,0,11,7,73,79,-6,22,165,105,270,66,6,7,111,151,31,40,31,32,34,35,41,15,22,6.0,3,11,7,181,111,292,89,10,13,106,182,29,43,28,33,41,27,41,22,15,0.0,9,12,5,-16,-6,-22,-23,-4,-6,5,-31,2,-3,3,-1,-7,8,0,-7,7,6.0,-6,-1,2,0
2020,2020-07-11,R6,Regular,6.0,Gabba,West Coast,Adelaide,1,10,7,67,34,33,22,180,104,284,90,11,9,100,190,28,49,19,43,41,27,44,17,18,2.0,6,10,7,181,143,324,102,8,5,94,230,17,24,38,41,30,18,48,18,17,1.0,3,5,4,-1,-39,-40,-12,3,4,6,-40,11,25,-19,2,11,9,-4,-1,1,1.0,3,5,3,0
2020,2020-07-12,R6,Regular,6.0,Carrara,Carlton,Western Bulldogs,1,16,7,103,51,52,22,201,94,295,70,8,10,131,153,33,41,45,43,42,38,49,12,20,3.0,12,16,4,168,138,306,52,6,7,114,186,31,53,25,54,23,28,30,20,12,8.0,6,7,7,33,-44,-11,18,2,3,17,-33,2,-12,20,-11,19,10,19,-8,8,-5.0,6,9,-3,0
2020,2020-07-12,R6,Regular,6.0,Carrara,Greater Western Sydney,Port Adelaide,0,6,10,46,63,-17,22,172,155,327,73,10,11,129,196,25,33,42,44,42,19,53,11,16,4.0,6,6,7,189,116,305,65,7,6,131,167,41,51,26,45,49,34,48,16,11,7.0,6,9,9,-17,39,22,8,3,5,-2,29,-16,-18,16,-1,-7,-15,5,-5,5,-3.0,0,-3,-2,0
2020,2020-07-12,R6,Regular,6.0,Carrara,Port Adelaide,Greater Western Sydney,1,9,9,63,46,17,22,189,116,305,65,7,6,131,167,41,51,26,45,49,34,48,16,11,7.0,6,9,9,172,155,327,73,10,11,129,196,25,33,42,44,42,19,53,11,16,4.0,6,6,7,17,-39,-22,-8,-3,-5,2,-29,16,18,-16,1,7,15,-5,5,-5,3.0,0,3,2,0
2020,2020-07-12,R6,Regular,6.0,Gabba,Richmond,Sydney,1,4,10,34,26,8,22,185,113,298,83,6,8,107,183,25,53,32,46,43,33,54,18,20,14.0,3,4,8,179,124,303,68,5,5,109,181,21,35,48,55,43,5,55,20,18,1.0,2,3,8,6,-11,-5,15,1,3,-2,2,4,18,-16,-9,0,28,-1,-2,2,13.0,1,1,0,0
2020,2020-07-12,R6,Regular,6.0,Gabba,Sydney,Richmond,0,3,8,26,34,-8,22,179,124,303,68,5,5,109,181,21,35,48,55,43,5,55,20,18,1.0,2,3,8,185,113,298,83,6,8,107,183,25,53,32,46,43,33,54,18,20,14.0,3,4,8,-6,11,5,-15,-1,-3,2,-2,-4,-18,16,9,0,-28,1,2,-2,-13.0,-1,-1,0,0
2020,2020-07-12,R6,Regular,6.0,Carrara,Western Bulldogs,Carlton,0,7,9,51,103,-52,22,168,138,306,52,6,7,114,186,31,53,25,54,23,28,30,20,12,8.0,6,7,7,201,94,295,70,8,10,131,153,33,41,45,43,42,38,49,12,20,3.0,12,16,4,-33,44,11,-18,-2,-3,-17,33,-2,12,-20,11,-19,-10,-19,8,-8,5.0,-6,-9,3,0
2020,2020-07-16,R7,Regular,7.0,Perth Stadium,Collingwood,Geelong,0,8,9,57,35,22,22,182,141,323,58,8,10,141,174,41,46,25,67,45,46,37,22,10,3.0,5,8,6,179,102,281,60,5,4,123,149,39,31,37,50,52,32,47,10,22,0.0,4,5,3,3,39,42,-2,3,6,18,25,2,15,-12,17,-7,14,-10,12,-12,3.0,1,3,3,0
2020,2020-07-16,R7,Regular,7.0,Perth Stadium,Geelong,Collingwood,1,5,5,35,57,-22,22,179,102,281,60,5,4,123,149,39,31,37,50,52,32,47,10,22,0.0,4,5,3,182,141,323,58,8,10,141,174,41,46,25,67,45,46,37,22,10,3.0,5,8,6,-3,-39,-42,2,-3,-6,-18,-25,-2,-15,12,-17,7,-14,10,-12,12,-3.0,-1,-3,-3,0
2020,2020-07-17,R7,Regular,7.0,Carrara,Essendon,Western Bulldogs,1,7,9,51,93,-42,22,161,141,302,76,9,14,93,197,23,43,34,38,25,35,51,12,17,6.0,4,7,8,180,135,315,73,12,10,128,174,30,48,35,44,34,17,42,17,12,0.0,7,14,6,-19,6,-13,3,-3,4,-35,23,-7,-5,-1,-6,-9,18,9,-5,5,6.0,-3,-7,2,0
2020,2020-07-17,R7,Regular,7.0,Carrara,Western Bulldogs,Essendon,0,14,9,93,51,42,22,180,135,315,73,12,10,128,174,30,48,35,44,34,17,42,17,12,0.0,7,14,6,161,141,302,76,9,14,93,197,23,43,34,38,25,35,51,12,17,6.0,4,7,8,19,-6,13,-3,3,-4,35,-23,7,5,1,6,9,-18,-9,5,-5,-6.0,3,7,-2,0
2020,2020-07-18,R7,Regular,7.0,Sydney Showground,Brisbane Lions,Greater Western Sydney,0,13,10,88,68,20,22,194,85,279,98,10,11,109,172,36,56,23,34,32,34,50,20,24,1.0,7,13,9,165,123,288,55,6,4,124,162,37,34,42,39,52,31,55,24,20,7.0,6,10,7,29,-38,-9,43,4,7,-15,10,-1,22,-19,-5,-20,3,-5,-4,4,-6.0,1,3,2,0
2020,2020-07-18,R7,Regular,7.0,S.C.G.,Gold Coast,Sydney,0,13,14,92,60,32,22,186,109,295,63,5,8,131,163,38,53,34,56,45,40,55,19,28,1.0,4,13,11,172,115,287,49,11,6,140,136,27,44,39,57,59,20,61,28,19,3.0,4,9,4,14,-6,8,14,-6,2,-9,27,11,9,-5,-1,-14,20,-6,-9,9,-2.0,0,4,7,0
2020,2020-07-18,R7,Regular,7.0,Sydney Showground,Greater Western Sydney,Brisbane Lions,1,10,8,68,88,-20,22,165,123,288,55,6,4,124,162,37,34,42,39,52,31,55,24,20,7.0,6,10,7,194,85,279,98,10,11,109,172,36,56,23,34,32,34,50,20,24,1.0,7,13,9,-29,38,9,-43,-4,-7,15,-10,1,-22,19,5,20,-3,5,4,-4,6.0,-1,-3,-2,0
2020,2020-07-18,R7,Regular,7.0,Carrara,North Melbourne,Richmond,0,2,11,23,77,-54,22,163,145,308,62,7,9,111,189,32,28,38,42,31,28,42,18,12,0.0,1,2,7,182,118,300,89,5,12,91,207,20,51,25,49,46,24,39,12,18,5.0,4,11,9,-19,27,8,-27,2,-3,20,-18,12,-23,13,-7,-15,4,3,6,-6,-5.0,-3,-9,-2,0
2020,2020-07-18,R7,Regular,7.0,Carrara,Richmond,North Melbourne,1,11,11,77,23,54,22,182,118,300,89,5,12,91,207,20,51,25,49,46,24,39,12,18,5.0,4,11,9,163,145,308,62,7,9,111,189,32,28,38,42,31,28,42,18,12,0.0,1,2,7,19,-27,-8,27,-2,3,-20,18,-12,23,-13,7,15,-4,-3,-6,6,5.0,3,9,2,0
2020,2020-07-18,R7,Regular,7.0,S.C.G.,Sydney,Gold Coast,1,9,6,60,92,-32,22,172,115,287,49,11,6,140,136,27,44,39,57,59,20,61,28,19,3.0,4,9,4,186,109,295,63,5,8,131,163,38,53,34,56,45,40,55,19,28,1.0,4,13,11,-14,6,-8,-14,6,-2,9,-27,-11,-9,5,1,14,-20,6,9,-9,2.0,0,-4,-7,0
2020,2020-07-19,R7,Regular,7.0,Gabba,Carlton,Port Adelaide,1,9,7,61,64,-3,22,166,100,266,65,13,9,115,146,25,37,36,47,33,24,44,17,20,6.0,7,9,5,186,120,306,89,14,13,115,190,22,46,26,48,45,17,40,20,17,8.0,7,9,10,-20,-20,-40,-24,-1,-4,0,-44,3,-9,10,-1,-12,7,4,-3,3,-2.0,0,0,-5,0
2020,2020-07-19,R7,Regular,7.0,Perth Stadium,Fremantle,West Coast,1,5,2,32,62,-30,22,154,124,278,68,10,6,113,168,23,26,31,45,43,22,41,13,13,2.0,4,5,1,210,115,325,111,14,7,121,209,28,41,21,47,52,25,31,13,13,5.0,4,9,6,-56,9,-47,-43,-4,-1,-8,-41,-5,-15,10,-2,-9,-3,10,0,0,-3.0,0,-4,-5,0
2020,2020-07-19,R7,Regular,7.0,Sydney Showground,Hawthorn,Melbourne,1,7,6,48,91,-43,22,159,123,282,83,11,5,99,183,18,32,37,35,31,18,43,16,17,1.0,6,7,4,175,141,316,79,19,15,124,192,31,54,26,47,34,30,44,17,16,5.0,11,14,7,-16,-18,-34,4,-8,-10,-25,-9,-13,-22,11,-12,-3,-12,-1,-1,1,-4.0,-5,-7,-3,0
2020,2020-07-19,R7,Regular,7.0,Sydney Showground,Melbourne,Hawthorn,0,14,7,91,48,43,22,175,141,316,79,19,15,124,192,31,54,26,47,34,30,44,17,16,5.0,11,14,7,159,123,282,83,11,5,99,183,18,32,37,35,31,18,43,16,17,1.0,6,7,4,16,18,34,-4,8,10,25,9,13,22,-11,12,3,12,1,1,-1,4.0,5,7,3,0
2020,2020-07-19,R7,Regular,7.0,Gabba,Port Adelaide,Carlton,0,9,10,64,61,3,22,186,120,306,89,14,13,115,190,22,46,26,48,45,17,40,20,17,8.0,7,9,10,166,100,266,65,13,9,115,146,25,37,36,47,33,24,44,17,20,6.0,7,9,5,20,20,40,24,1,4,0,44,-3,9,-10,1,12,-7,-4,3,-3,2.0,0,0,5,0
2020,2020-07-19,R7,Regular,7.0,Perth Stadium,West Coast,Fremantle,0,9,8,62,32,30,22,210,115,325,111,14,7,121,209,28,41,21,47,52,25,31,13,13,5.0,4,9,6,154,124,278,68,10,6,113,168,23,26,31,45,43,22,41,13,13,2.0,4,5,1,56,-9,47,43,4,1,8,41,5,15,-10,2,9,3,-10,0,0,3.0,0,4,5,0
2020,2020-07-20,R7,Regular,7.0,Adelaide Oval,Adelaide,St Kilda,1,8,7,55,78,-23,22,166,120,286,62,13,6,113,166,31,40,23,49,43,27,51,29,19,0.0,2,8,5,175,82,257,61,9,4,119,130,36,35,31,59,38,35,59,19,29,0.0,6,12,3,-9,38,29,1,4,2,-6,36,-5,5,-8,-10,5,-8,-8,10,-10,0.0,-4,-4,2,0
2020,2020-07-20,R7,Regular,7.0,Adelaide Oval,St Kilda,Adelaide,0,12,6,78,55,23,22,175,82,257,61,9,4,119,130,36,35,31,59,38,35,59,19,29,0.0,6,12,3,166,120,286,62,13,6,113,166,31,40,23,49,43,27,51,29,19,0.0,2,8,5,9,-38,-29,-1,-4,-2,6,-36,5,-5,8,10,-5,8,8,-10,10,0.0,4,4,-2,0
2020,2020-07-23,R8,Regular,8.0,Carrara,Gold Coast,Western Bulldogs,1,6,10,46,51,-5,22,190,100,290,62,7,7,130,146,36,46,29,60,45,48,51,18,18,3.0,5,6,7,179,134,313,53,4,4,128,178,31,37,40,53,60,18,50,18,18,2.0,3,7,5,11,-34,-23,9,3,3,2,-32,5,9,-11,7,-15,30,1,0,0,1.0,2,-1,2,0
2020,2020-07-23,R8,Regular,8.0,Carrara,Western Bulldogs,Gold Coast,0,7,9,51,46,5,22,179,134,313,53,4,4,128,178,31,37,40,53,60,18,50,18,18,2.0,3,7,5,190,100,290,62,7,7,130,146,36,46,29,60,45,48,51,18,18,3.0,5,6,7,-11,34,23,-9,-3,-3,-2,32,-5,-9,11,-7,15,-30,-1,0,0,-1.0,-2,1,-2,0
2020,2020-07-24,R8,Regular,8.0,Sydney Showground,Greater Western Sydney,Richmond,1,9,8,62,50,12,22,178,104,282,71,8,8,122,146,36,32,38,68,45,28,46,22,20,2.0,5,9,7,146,89,235,56,5,6,105,130,30,46,21,54,32,44,52,20,22,5.0,3,6,11,32,15,47,15,3,2,17,16,6,-14,17,14,13,-16,-6,2,-2,-3.0,2,3,-4,0
2020,2020-07-24,R8,Regular,8.0,Sydney Showground,Richmond,Greater Western Sydney,0,6,14,50,62,-12,22,146,89,235,56,5,6,105,130,30,46,21,54,32,44,52,20,22,5.0,3,6,11,178,104,282,71,8,8,122,146,36,32,38,68,45,28,46,22,20,2.0,5,9,7,-32,-15,-47,-15,-3,-2,-17,-16,-6,14,-17,-14,-13,16,6,-2,2,3.0,-2,-3,4,0
2020,2020-07-25,R8,Regular,8.0,Gabba,Carlton,North Melbourne,0,9,10,64,57,7,22,177,102,279,60,6,4,123,158,39,54,31,66,51,27,63,24,32,1.0,5,9,9,175,104,279,65,6,4,121,153,30,41,44,62,38,43,56,32,24,1.0,7,9,3,2,-2,0,-5,0,0,2,5,9,13,-13,4,13,-16,7,-8,8,0.0,-2,0,6,0
2020,2020-07-25,R8,Regular,8.0,S.C.G.,Hawthorn,Sydney,0,7,11,53,60,-7,22,179,101,280,40,6,3,143,122,35,53,36,58,64,29,77,13,23,0.0,6,7,5,193,123,316,63,8,6,135,168,24,49,46,48,63,27,51,23,13,3.0,4,9,6,-14,-22,-36,-23,-2,-3,8,-46,11,4,-10,10,1,2,26,-10,10,-3.0,2,-2,-1,0
2020,2020-07-25,R8,Regular,8.0,Gabba,North Melbourne,Carlton,1,9,3,57,64,-7,22,175,104,279,65,6,4,121,153,30,41,44,62,38,43,56,32,24,1.0,7,9,3,177,102,279,60,6,4,123,158,39,54,31,66,51,27,63,24,32,1.0,5,9,9,-2,2,0,5,0,0,-2,-5,-9,-13,13,-4,-13,16,-7,8,-8,0.0,2,0,-6,0
2020,2020-07-25,R8,Regular,8.0,Adelaide Oval,Port Adelaide,St Kilda,1,6,8,44,73,-29,22,158,109,267,58,12,9,118,146,31,36,29,43,60,16,61,15,21,2.0,6,6,7,186,108,294,62,6,4,129,154,41,41,28,44,47,40,57,21,15,2.0,4,12,1,-28,1,-27,-4,6,5,-11,-8,-10,-5,1,-1,13,-24,4,-6,6,0.0,2,-6,6,0
2020,2020-07-25,R8,Regular,8.0,Adelaide Oval,St Kilda,Port Adelaide,0,12,1,73,44,29,22,186,108,294,62,6,4,129,154,41,41,28,44,47,40,57,21,15,2.0,4,12,1,158,109,267,58,12,9,118,146,31,36,29,43,60,16,61,15,21,2.0,6,6,7,28,-1,27,4,-6,-5,11,8,10,5,-1,1,-13,24,-4,6,-6,0.0,-2,6,-6,0
2020,2020-07-25,R8,Regular,8.0,S.C.G.,Sydney,Hawthorn,1,9,6,60,53,7,22,193,123,316,63,8,6,135,168,24,49,46,48,63,27,51,23,13,3.0,4,9,6,179,101,280,40,6,3,143,122,35,53,36,58,64,29,77,13,23,0.0,6,7,5,14,22,36,23,2,3,-8,46,-11,-4,10,-10,-1,-2,-26,10,-10,3.0,-2,2,1,0
2020,2020-07-26,R8,Regular,8.0,Adelaide Oval,Adelaide,Essendon,1,8,11,59,62,-3,22,167,150,317,55,11,4,131,187,29,45,38,54,52,27,52,16,20,4.0,6,8,10,176,146,322,66,10,4,138,175,37,47,37,75,41,25,64,20,16,10.0,8,9,6,-9,4,-5,-11,1,0,-7,12,-8,-2,1,-21,11,2,-12,-4,4,-6.0,-2,-1,4,0
2020,2020-07-26,R8,Regular,8.0,Carrara,Brisbane Lions,Melbourne,0,7,11,53,49,4,22,188,103,291,79,9,7,124,165,35,42,31,57,51,18,49,19,21,5.0,4,7,9,154,109,263,51,7,6,120,143,22,41,33,52,48,44,51,21,19,0.0,4,7,6,34,-6,28,28,2,1,4,22,13,1,-2,5,3,-26,-2,-2,2,5.0,0,0,3,0
2020,2020-07-26,R8,Regular,8.0,Perth Stadium,Collingwood,West Coast,0,6,9,45,111,-66,22,154,118,272,60,12,8,118,156,24,37,17,36,32,28,41,21,21,2.0,3,6,5,187,111,298,86,10,14,102,190,32,35,30,48,47,27,45,21,21,2.0,10,18,3,-33,7,-26,-26,2,-6,16,-34,-8,2,-13,-12,-15,1,-4,0,0,0.0,-7,-12,2,0
2020,2020-07-26,R8,Regular,8.0,Adelaide Oval,Essendon,Adelaide,0,9,8,62,59,3,22,176,146,322,66,10,4,138,175,37,47,37,75,41,25,64,20,16,10.0,8,9,6,167,150,317,55,11,4,131,187,29,45,38,54,52,27,52,16,20,4.0,6,8,10,9,-4,5,11,-1,0,7,-12,8,2,-1,21,-11,-2,12,4,-4,6.0,2,1,-4,0
2020,2020-07-26,R8,Regular,8.0,Carrara,Melbourne,Brisbane Lions,1,7,7,49,53,-4,22,154,109,263,51,7,6,120,143,22,41,33,52,48,44,51,21,19,0.0,4,7,6,188,103,291,79,9,7,124,165,35,42,31,57,51,18,49,19,21,5.0,4,7,9,-34,6,-28,-28,-2,-1,-4,-22,-13,-1,2,-5,-3,26,2,2,-2,-5.0,0,0,-3,0
2020,2020-07-26,R8,Regular,8.0,Perth Stadium,West Coast,Collingwood,1,18,3,111,45,66,22,187,111,298,86,10,14,102,190,32,35,30,48,47,27,45,21,21,2.0,10,18,3,154,118,272,60,12,8,118,156,24,37,17,36,32,28,41,21,21,2.0,3,6,5,33,-7,26,26,-2,6,-16,34,8,-2,13,12,15,-1,4,0,0,0.0,7,12,-2,0
2020,2020-07-27,R8,Regular,8.0,Perth Stadium,Fremantle,Geelong,1,2,4,16,48,-32,22,157,125,282,41,5,2,135,126,29,26,39,73,54,42,47,19,17,2.0,1,2,3,191,152,343,50,6,9,166,169,40,47,24,72,62,36,65,17,19,1.0,4,6,8,-34,-27,-61,-9,-1,-7,-31,-43,-11,-21,15,1,-8,6,-18,2,-2,1.0,-3,-4,-5,0
2020,2020-07-27,R8,Regular,8.0,Perth Stadium,Geelong,Fremantle,0,6,12,48,16,32,22,191,152,343,50,6,9,166,169,40,47,24,72,62,36,65,17,19,1.0,4,6,8,157,125,282,41,5,2,135,126,29,26,39,73,54,42,47,19,17,2.0,1,2,3,34,27,61,9,1,7,31,43,11,21,-15,-1,8,-6,18,-2,2,-1.0,3,4,5,0
2020,2020-07-29,R9,Regular,9.0,Carrara,Richmond,Western Bulldogs,0,13,12,90,49,41,22,184,125,309,80,9,12,113,193,23,48,27,47,42,31,59,25,22,3.0,10,13,8,141,137,278,49,7,11,107,170,25,35,33,36,41,16,55,22,25,1.0,6,7,6,43,-12,31,31,2,1,6,23,-2,13,-6,11,1,15,4,3,-3,2.0,4,6,2,0
2020,2020-07-29,R9,Regular,9.0,Carrara,Western Bulldogs,Richmond,1,7,7,49,90,-41,22,141,137,278,49,7,11,107,170,25,35,33,36,41,16,55,22,25,1.0,6,7,6,184,125,309,80,9,12,113,193,23,48,27,47,42,31,59,25,22,3.0,10,13,8,-43,12,-31,-31,-2,-1,-6,-23,2,-13,6,-11,-1,-15,-4,-3,3,-2.0,-4,-6,-2,0
2020,2020-07-30,R9,Regular,9.0,Gabba,Melbourne,Port Adelaide,1,4,8,32,83,-51,22,150,145,295,59,9,5,117,168,30,31,35,41,46,41,55,16,23,0.0,3,4,7,176,148,324,69,10,9,129,198,29,47,24,59,38,12,49,23,16,2.0,8,12,8,-26,-3,-29,-10,-1,-4,-12,-30,1,-16,11,-18,8,29,6,-7,7,-2.0,-5,-8,-1,0
2020,2020-07-30,R9,Regular,9.0,Gabba,Port Adelaide,Melbourne,0,12,11,83,32,51,22,176,148,324,69,10,9,129,198,29,47,24,59,38,12,49,23,16,2.0,8,12,8,150,145,295,59,9,5,117,168,30,31,35,41,46,41,55,16,23,0.0,3,4,7,26,3,29,10,1,4,12,30,-1,16,-11,18,-8,-29,-6,7,-7,2.0,5,8,1,0
2020,2020-07-31,R9,Regular,9.0,Carrara,Brisbane Lions,Essendon,0,14,7,91,28,63,22,210,107,317,99,9,15,125,195,29,37,38,50,32,25,36,24,16,2.0,11,14,6,140,108,248,41,5,5,110,133,34,42,23,39,35,34,46,16,24,6.0,0,3,9,70,-1,69,58,4,10,15,62,-5,-5,15,11,-3,-9,-10,8,-8,-4.0,11,11,-3,0
2020,2020-07-31,R9,Regular,9.0,Perth Stadium,Carlton,Hawthorn,1,9,4,58,89,-31,22,147,98,245,53,12,8,109,125,35,36,27,56,35,18,46,24,21,3.0,4,9,3,167,120,287,68,11,14,121,175,23,42,25,42,38,42,50,21,24,3.0,9,14,5,-20,-22,-42,-15,1,-6,-12,-50,12,-6,2,14,-3,-24,-4,3,-3,0.0,-5,-5,-2,0
2020,2020-07-31,R9,Regular,9.0,Carrara,Essendon,Brisbane Lions,1,3,10,28,91,-63,22,140,108,248,41,5,5,110,133,34,42,23,39,35,34,46,16,24,6.0,0,3,9,210,107,317,99,9,15,125,195,29,37,38,50,32,25,36,24,16,2.0,11,14,6,-70,1,-69,-58,-4,-10,-15,-62,5,5,-15,-11,3,9,10,-8,8,4.0,-11,-11,3,0
2020,2020-07-31,R9,Regular,9.0,Perth Stadium,Hawthorn,Carlton,0,14,5,89,58,31,22,167,120,287,68,11,14,121,175,23,42,25,42,38,42,50,21,24,3.0,9,14,5,147,98,245,53,12,8,109,125,35,36,27,56,35,18,46,24,21,3.0,4,9,3,20,22,42,15,-1,6,12,50,-12,6,-2,-14,3,24,4,-3,3,0.0,5,5,2,0
2020,2020-08-01,R9,Regular,9.0,Carrara,Adelaide,North Melbourne,0,7,8,50,119,-69,22,137,121,258,53,5,5,102,155,20,36,29,73,39,27,47,22,17,5.0,3,7,3,201,154,355,100,15,10,123,232,35,48,28,66,33,29,53,17,22,7.0,13,19,3,-64,-33,-97,-47,-10,-5,-21,-77,-15,-12,1,7,6,-2,-6,5,-5,-2.0,-10,-12,0,0
2020,2020-08-01,R9,Regular,9.0,Perth Stadium,Geelong,West Coast,0,10,4,64,73,-9,22,182,98,280,95,12,9,109,173,32,39,33,48,40,26,42,13,15,0.0,8,10,4,166,92,258,57,11,10,114,143,35,45,29,45,49,39,40,15,13,5.0,8,11,6,16,6,22,38,1,-1,-5,30,-3,-6,4,3,-9,-13,2,-2,2,-5.0,0,-1,-2,0
2020,2020-08-01,R9,Regular,9.0,Carrara,North Melbourne,Adelaide,1,19,5,119,50,69,22,201,154,355,100,15,10,123,232,35,48,28,66,33,29,53,17,22,7.0,13,19,3,137,121,258,53,5,5,102,155,20,36,29,73,39,27,47,22,17,5.0,3,7,3,64,33,97,47,10,5,21,77,15,12,-1,-7,-6,2,6,-5,5,2.0,10,12,0,0
2020,2020-08-01,R9,Regular,9.0,Gabba,St Kilda,Sydney,1,15,11,101,48,53,22,192,118,310,71,13,10,132,175,38,54,29,73,50,35,55,15,17,11.0,13,15,10,167,129,296,52,8,11,130,161,35,36,38,53,53,37,54,17,15,0.0,4,6,10,25,-11,14,19,5,-1,2,14,3,18,-9,20,-3,-2,1,-2,2,11.0,9,9,0,0
2020,2020-08-01,R9,Regular,9.0,Gabba,Sydney,St Kilda,0,6,12,48,101,-53,22,167,129,296,52,8,11,130,161,35,36,38,53,53,37,54,17,15,0.0,4,6,10,192,118,310,71,13,10,132,175,38,54,29,73,50,35,55,15,17,11.0,13,15,10,-25,11,-14,-19,-5,1,-2,-14,-3,-18,9,-20,3,2,-1,2,-2,-11.0,-9,-9,0,0
2020,2020-08-01,R9,Regular,9.0,Perth Stadium,West Coast,Geelong,1,11,7,73,64,9,22,166,92,258,57,11,10,114,143,35,45,29,45,49,39,40,15,13,5.0,8,11,6,182,98,280,95,12,9,109,173,32,39,33,48,40,26,42,13,15,0.0,8,10,4,-16,-6,-22,-38,-1,1,5,-30,3,6,-4,-3,9,13,-2,2,-2,5.0,0,1,2,0
2020,2020-08-02,R9,Regular,9.0,Perth Stadium,Collingwood,Fremantle,0,7,7,49,61,-12,22,169,149,318,65,9,5,115,198,30,43,23,47,48,53,50,9,17,1.0,6,7,3,192,139,331,65,8,6,151,183,45,34,36,52,41,26,51,17,9,2.0,8,10,1,-23,10,-13,0,1,-1,-36,15,-15,9,-13,-5,7,27,-1,-8,8,-1.0,-2,-3,2,0
2020,2020-08-02,R9,Regular,9.0,Perth Stadium,Fremantle,Collingwood,1,10,1,61,49,12,22,192,139,331,65,8,6,151,183,45,34,36,52,41,26,51,17,9,2.0,8,10,1,169,149,318,65,9,5,115,198,30,43,23,47,48,53,50,9,17,1.0,6,7,3,23,-10,13,0,-1,1,36,-15,15,-9,13,5,-7,-27,1,8,-8,1.0,2,3,-2,0
2020,2020-08-02,R9,Regular,9.0,Carrara,Gold Coast,Greater Western Sydney,1,4,11,35,61,-26,22,169,100,269,71,9,9,113,148,20,39,35,38,35,26,46,10,17,5.0,2,4,8,209,139,348,93,10,10,130,216,27,45,34,46,50,20,46,17,10,4.0,8,9,6,-40,-39,-79,-22,-1,-1,-17,-68,-7,-6,1,-8,-15,6,0,-7,7,1.0,-6,-5,2,0
2020,2020-08-02,R9,Regular,9.0,Carrara,Greater Western Sydney,Gold Coast,0,9,7,61,35,26,22,209,139,348,93,10,10,130,216,27,45,34,46,50,20,46,17,10,4.0,8,9,6,169,100,269,71,9,9,113,148,20,39,35,38,35,26,46,10,17,5.0,2,4,8,40,39,79,22,1,1,17,68,7,6,-1,8,15,-6,0,7,-7,-1.0,6,5,-2,0
2020,2020-08-03,R10,Regular,10.0,Adelaide Oval,Port Adelaide,Western Bulldogs,1,8,7,55,42,13,22,172,127,299,67,21,7,142,157,33,35,33,78,55,44,50,17,14,1.0,7,8,7,156,135,291,44,6,5,141,155,34,39,26,64,45,28,39,14,17,2.0,3,5,8,16,-8,8,23,15,2,1,2,-1,-4,7,14,10,16,11,3,-3,-1.0,4,3,-1,0
2020,2020-08-03,R10,Regular,10.0,Adelaide Oval,Western Bulldogs,Port Adelaide,0,5,12,42,55,-13,22,156,135,291,44,6,5,141,155,34,39,26,64,45,28,39,14,17,2.0,3,5,8,172,127,299,67,21,7,142,157,33,35,33,78,55,44,50,17,14,1.0,7,8,7,-16,8,-8,-23,-15,-2,-1,-2,1,4,-7,-14,-10,-16,-11,-3,3,1.0,-4,-3,1,0
2020,2020-08-04,R10,Regular,10.0,Carrara,Brisbane Lions,Richmond,0,4,17,41,82,-41,22,211,87,298,119,8,8,97,199,29,40,31,34,32,23,34,17,11,1.0,1,4,16,183,112,295,80,13,12,103,183,20,44,35,39,25,23,56,11,17,5.0,9,12,7,28,-25,3,39,-5,-4,-6,16,9,-4,-4,-5,7,0,-22,6,-6,-4.0,-8,-8,9,0
2020,2020-08-04,R10,Regular,10.0,Carrara,Richmond,Brisbane Lions,1,12,10,82,41,41,22,183,112,295,80,13,12,103,183,20,44,35,39,25,23,56,11,17,5.0,9,12,7,211,87,298,119,8,8,97,199,29,40,31,34,32,23,34,17,11,1.0,1,4,16,-28,25,-3,-39,5,4,6,-16,-9,4,4,5,-7,0,22,-6,6,4.0,8,8,-9,0
2020,2020-08-05,R10,Regular,10.0,Adelaide Oval,Adelaide,Melbourne,1,5,7,37,88,-51,22,133,119,252,38,11,4,115,125,28,33,31,68,37,30,44,25,17,4.0,2,5,4,177,114,291,66,15,10,135,147,35,45,28,58,39,44,55,17,25,2.0,6,13,8,-44,5,-39,-28,-4,-6,-20,-22,-7,-12,3,10,-2,-14,-11,8,-8,2.0,-4,-8,-4,0
2020,2020-08-05,R10,Regular,10.0,Gabba,Geelong,North Melbourne,1,13,12,90,57,33,22,187,135,322,69,6,14,120,189,39,48,35,39,33,24,39,16,18,2.0,10,13,10,155,126,281,46,2,5,100,168,31,45,33,51,42,27,43,18,16,3.0,8,9,2,32,9,41,23,4,9,20,21,8,3,2,-12,-9,-3,-4,-2,2,-1.0,2,4,8,0
2020,2020-08-05,R10,Regular,10.0,Adelaide Oval,Melbourne,Adelaide,0,13,10,88,37,51,22,177,114,291,66,15,10,135,147,35,45,28,58,39,44,55,17,25,2.0,6,13,8,133,119,252,38,11,4,115,125,28,33,31,68,37,30,44,25,17,4.0,2,5,4,44,-5,39,28,4,6,20,22,7,12,-3,-10,2,14,11,-8,8,-2.0,4,8,4,0
2020,2020-08-05,R10,Regular,10.0,Gabba,North Melbourne,Geelong,0,9,3,57,90,-33,22,155,126,281,46,2,5,100,168,31,45,33,51,42,27,43,18,16,3.0,8,9,2,187,135,322,69,6,14,120,189,39,48,35,39,33,24,39,16,18,2.0,10,13,10,-32,-9,-41,-23,-4,-9,-20,-21,-8,-3,-2,12,9,3,4,2,-2,1.0,-2,-4,-8,0
2020,2020-08-06,R10,Regular,10.0,Gabba,Collingwood,Sydney,1,6,14,50,41,9,22,182,150,332,71,3,5,134,191,33,50,27,64,38,33,43,22,11,2.0,3,6,9,155,87,242,64,13,6,107,124,24,33,43,74,33,24,55,11,22,0.0,6,6,5,27,63,90,7,-10,-1,27,67,9,17,-16,-10,5,9,-12,11,-11,2.0,-3,0,4,0
2020,2020-08-06,R10,Regular,10.0,Carrara,Gold Coast,St Kilda,1,11,8,74,78,-4,22,179,135,314,52,11,6,137,168,35,51,34,51,38,26,47,19,18,2.0,5,11,7,194,119,313,80,14,8,132,183,22,47,39,42,54,29,44,18,19,5.0,6,12,4,-15,16,1,-28,-3,-2,5,-15,13,4,-5,9,-16,-3,3,1,-1,-3.0,-1,-1,3,0
2020,2020-08-06,R10,Regular,10.0,Carrara,St Kilda,Gold Coast,0,12,6,78,74,4,22,194,119,313,80,14,8,132,183,22,47,39,42,54,29,44,18,19,5.0,6,12,4,179,135,314,52,11,6,137,168,35,51,34,51,38,26,47,19,18,2.0,5,11,7,15,-16,-1,28,3,2,-5,15,-13,-4,5,-9,16,3,-3,-1,1,3.0,1,1,-3,0
2020,2020-08-06,R10,Regular,10.0,Gabba,Sydney,Collingwood,0,6,5,41,50,-9,22,155,87,242,64,13,6,107,124,24,33,43,74,33,24,55,11,22,0.0,6,6,5,182,150,332,71,3,5,134,191,33,50,27,64,38,33,43,22,11,2.0,3,6,9,-27,-63,-90,-7,10,1,-27,-67,-9,-17,16,10,-5,-9,12,-11,11,-2.0,3,0,-4,0
2020,2020-08-07,R10,Regular,10.0,Carrara,Essendon,Greater Western Sydney,1,8,7,55,59,-4,22,183,124,307,69,4,8,120,173,36,39,39,44,44,22,64,19,26,5.0,5,8,5,175,131,306,55,4,7,113,185,36,47,31,55,60,39,52,26,19,1.0,6,8,7,8,-7,1,14,0,1,7,-12,0,-8,8,-11,-16,-17,12,-7,7,4.0,-1,0,-2,0
2020,2020-08-07,R10,Regular,10.0,Carrara,Greater Western Sydney,Essendon,0,8,11,59,55,4,22,175,131,306,55,4,7,113,185,36,47,31,55,60,39,52,26,19,1.0,6,8,7,183,124,307,69,4,8,120,173,36,39,39,44,44,22,64,19,26,5.0,5,8,5,-8,7,-1,-14,0,-1,-7,12,0,8,-8,11,16,17,-12,7,-7,-4.0,1,0,2,0
2020,2020-08-08,R11,Regular,11.0,Gabba,Brisbane Lions,Western Bulldogs,1,14,12,96,72,24,22,182,108,290,72,6,10,113,171,36,53,36,50,42,43,36,9,12,1.0,9,14,8,159,150,309,64,8,10,120,188,25,47,38,47,43,22,43,12,9,4.0,8,11,4,23,-42,-19,8,-2,0,-7,-17,11,6,-2,3,-1,21,-7,-3,3,-3.0,1,3,4,0
2020,2020-08-08,R11,Regular,11.0,Adelaide Oval,Port Adelaide,Richmond,1,13,15,93,72,21,22,170,151,321,50,12,12,155,176,40,55,13,69,36,31,45,22,11,2.0,9,13,12,140,101,241,47,7,5,111,125,22,24,39,70,37,36,52,11,22,3.0,6,11,3,30,50,80,3,5,7,44,51,18,31,-26,-1,-1,-5,-7,11,-11,-1.0,3,2,9,0
2020,2020-08-08,R11,Regular,11.0,Adelaide Oval,Richmond,Port Adelaide,0,11,6,72,93,-21,22,140,101,241,47,7,5,111,125,22,24,39,70,37,36,52,11,22,3.0,6,11,3,170,151,321,50,12,12,155,176,40,55,13,69,36,31,45,22,11,2.0,9,13,12,-30,-50,-80,-3,-5,-7,-44,-51,-18,-31,26,1,1,5,7,-11,11,1.0,-3,-2,-9,0
2020,2020-08-08,R11,Regular,11.0,Gabba,Western Bulldogs,Brisbane Lions,0,11,6,72,96,-24,22,159,150,309,64,8,10,120,188,25,47,38,47,43,22,43,12,9,4.0,8,11,4,182,108,290,72,6,10,113,171,36,53,36,50,42,43,36,9,12,1.0,9,14,8,-23,42,19,-8,2,0,7,17,-11,-6,2,-3,1,-21,7,3,-3,3.0,-1,-3,-4,0
2020,2020-08-09,R11,Regular,11.0,Perth Stadium,Carlton,West Coast,0,7,8,50,72,-22,22,152,100,252,61,14,3,116,134,32,44,21,77,37,33,41,12,14,3.0,3,7,5,182,105,287,77,12,9,120,165,43,35,36,56,48,49,43,14,12,1.0,8,11,6,-30,-5,-35,-16,2,-6,-4,-31,-11,9,-15,21,-11,-16,-2,-2,2,2.0,-5,-4,-1,0
2020,2020-08-09,R11,Regular,11.0,Adelaide Oval,Melbourne,North Melbourne,1,13,14,92,35,57,22,194,148,342,82,11,13,130,217,18,58,25,45,39,7,50,13,19,3.0,10,13,14,177,166,343,69,7,5,126,220,22,30,44,52,39,29,50,19,13,7.0,3,5,3,17,-18,-1,13,4,8,4,-3,-4,28,-19,-7,0,-22,0,-6,6,-4.0,7,8,11,0
2020,2020-08-09,R11,Regular,11.0,Adelaide Oval,North Melbourne,Melbourne,0,5,5,35,92,-57,22,177,166,343,69,7,5,126,220,22,30,44,52,39,29,50,19,13,7.0,3,5,3,194,148,342,82,11,13,130,217,18,58,25,45,39,7,50,13,19,3.0,10,13,14,-17,18,1,-13,-4,-8,-4,3,4,-28,19,7,0,22,0,6,-6,4.0,-7,-8,-11,0
2020,2020-08-09,R11,Regular,11.0,Perth Stadium,West Coast,Carlton,1,11,6,72,50,22,22,182,105,287,77,12,9,120,165,43,35,36,56,48,49,43,14,12,1.0,8,11,6,152,100,252,61,14,3,116,134,32,44,21,77,37,33,41,12,14,3.0,3,7,5,30,5,35,16,-2,6,4,31,11,-9,15,-21,11,16,2,2,-2,-2.0,5,4,1,0
2020,2020-08-10,R11,Regular,11.0,Perth Stadium,Fremantle,Hawthorn,1,7,6,48,32,16,22,204,176,380,84,9,12,129,254,25,37,27,54,47,31,45,15,14,4.0,6,7,5,161,123,284,64,9,6,114,172,27,33,29,41,59,25,47,14,15,1.0,3,4,5,43,53,96,20,0,6,15,82,-2,4,-2,13,-12,6,-2,1,-1,3.0,3,3,0,0
2020,2020-08-10,R11,Regular,11.0,Gabba,Geelong,St Kilda,0,14,9,93,34,59,22,197,125,322,100,14,14,110,204,31,40,37,58,43,26,32,14,13,1.0,9,14,8,151,116,267,51,6,7,118,152,31,43,25,38,44,31,36,13,14,3.0,3,4,7,46,9,55,49,8,7,-8,52,0,-3,12,20,-1,-5,-4,1,-1,-2.0,6,10,1,0
2020,2020-08-10,R11,Regular,11.0,Perth Stadium,Hawthorn,Fremantle,0,4,8,32,48,-16,22,161,123,284,64,9,6,114,172,27,33,29,41,59,25,47,14,15,1.0,3,4,5,204,176,380,84,9,12,129,254,25,37,27,54,47,31,45,15,14,4.0,6,7,5,-43,-53,-96,-20,0,-6,-15,-82,2,-4,2,-13,12,-6,2,-1,1,-3.0,-3,-3,0,0
2020,2020-08-10,R11,Regular,11.0,Gabba,St Kilda,Geelong,1,4,10,34,93,-59,22,151,116,267,51,6,7,118,152,31,43,25,38,44,31,36,13,14,3.0,3,4,7,197,125,322,100,14,14,110,204,31,40,37,58,43,26,32,14,13,1.0,9,14,8,-46,-9,-55,-49,-8,-7,8,-52,0,3,-12,-20,1,5,4,-1,1,2.0,-6,-10,-1,0
2020,2020-08-11,R11,Regular,11.0,Adelaide Oval,Adelaide,Collingwood,1,5,8,38,62,-24,22,158,119,277,72,13,5,113,164,29,30,31,52,36,27,54,12,20,1.0,3,5,5,185,139,324,77,9,11,108,214,32,42,25,59,42,28,48,20,12,2.0,5,10,2,-27,-20,-47,-5,4,-6,5,-50,-3,-12,6,-7,-6,-1,6,-8,8,-1.0,-2,-5,3,0
2020,2020-08-11,R11,Regular,11.0,Adelaide Oval,Collingwood,Adelaide,0,10,2,62,38,24,22,185,139,324,77,9,11,108,214,32,42,25,59,42,28,48,20,12,2.0,5,10,2,158,119,277,72,13,5,113,164,29,30,31,52,36,27,54,12,20,1.0,3,5,5,27,20,47,5,-4,6,-5,50,3,12,-6,7,6,1,-6,8,-8,1.0,2,5,-3,0
2020,2020-08-12,R11,Regular,11.0,Carrara,Essendon,Gold Coast,0,11,7,73,73,0,22,177,139,316,74,12,13,117,189,26,48,30,45,34,25,46,16,12,8.0,9,11,5,165,82,247,64,7,10,114,126,32,43,36,42,40,31,40,12,16,2.0,6,11,6,12,57,69,10,5,3,3,63,-6,5,-6,3,-6,-6,6,4,-4,6.0,3,0,-1,0
2020,2020-08-12,R11,Regular,11.0,Carrara,Gold Coast,Essendon,1,11,7,73,73,0,22,165,82,247,64,7,10,114,126,32,43,36,42,40,31,40,12,16,2.0,6,11,6,177,139,316,74,12,13,117,189,26,48,30,45,34,25,46,16,12,8.0,9,11,5,-12,-57,-69,-10,-5,-3,-3,-63,6,-5,6,-3,6,6,-6,-4,4,-6.0,-3,0,1,0
2020,2020-08-13,R12,Regular,12.0,Perth Stadium,Greater Western Sydney,Sydney,0,3,7,25,66,-41,22,160,98,258,43,6,4,128,126,35,52,22,58,58,30,48,16,16,0.0,0,3,6,203,99,302,84,17,7,133,159,31,33,47,57,45,38,49,16,16,7.0,6,10,5,-43,-1,-44,-41,-11,-3,-5,-33,4,19,-25,1,13,-8,-1,0,0,-7.0,-6,-7,1,0
2020,2020-08-13,R12,Regular,12.0,Perth Stadium,Sydney,Greater Western Sydney,1,10,6,66,25,41,22,203,99,302,84,17,7,133,159,31,33,47,57,45,38,49,16,16,7.0,6,10,5,160,98,258,43,6,4,128,126,35,52,22,58,58,30,48,16,16,0.0,0,3,6,43,1,44,41,11,3,5,33,-4,-19,25,-1,-13,8,1,0,0,7.0,6,7,-1,0
2020,2020-08-14,R12,Regular,12.0,Carrara,Geelong,Port Adelaide,1,14,7,91,31,60,22,210,121,331,108,17,18,128,208,31,47,33,49,54,20,49,13,18,2.0,12,14,6,157,95,252,53,4,2,105,140,30,37,31,50,31,32,38,18,13,0.0,2,4,5,53,26,79,55,13,16,23,68,1,10,2,-1,23,-12,11,-5,5,2.0,10,10,1,0
2020,2020-08-14,R12,Regular,12.0,Carrara,Port Adelaide,Geelong,0,4,7,31,91,-60,22,157,95,252,53,4,2,105,140,30,37,31,50,31,32,38,18,13,0.0,2,4,5,210,121,331,108,17,18,128,208,31,47,33,49,54,20,49,13,18,2.0,12,14,6,-53,-26,-79,-55,-13,-16,-23,-68,-1,-10,-2,1,-23,12,-11,5,-5,-2.0,-10,-10,-1,0
2020,2020-08-15,R12,Regular,12.0,Carrara,Brisbane Lions,North Melbourne,0,7,11,53,52,1,22,167,98,265,82,12,10,114,151,26,47,27,49,32,35,42,13,19,1.0,5,7,9,171,137,308,77,14,6,115,183,31,35,39,51,30,26,45,19,13,10.0,6,8,4,-4,-39,-43,5,-2,4,-1,-32,-5,12,-12,-2,2,9,-3,-6,6,-9.0,-1,-1,5,0
2020,2020-08-15,R12,Regular,12.0,Perth Stadium,Carlton,Fremantle,0,5,10,40,36,4,22,190,101,291,39,3,5,155,124,43,41,37,68,64,32,58,16,14,2.0,2,5,9,168,111,279,49,10,8,137,141,30,42,34,66,55,43,47,14,16,3.0,2,5,2,22,-10,12,-10,-7,-3,18,-17,13,-1,3,2,9,-11,11,2,-2,-1.0,0,0,7,0
2020,2020-08-15,R12,Regular,12.0,Gabba,Collingwood,Melbourne,0,6,8,44,100,-56,22,161,153,314,55,3,7,122,192,32,41,23,40,42,37,64,15,21,1.0,4,6,5,198,124,322,84,3,12,119,201,31,40,33,38,44,26,56,21,15,0.0,10,16,2,-37,29,-8,-29,0,-5,3,-9,1,1,-10,2,-2,11,8,-6,6,1.0,-6,-10,3,0
2020,2020-08-15,R12,Regular,12.0,Perth Stadium,Fremantle,Carlton,1,5,6,36,40,-4,22,168,111,279,49,10,8,137,141,30,42,34,66,55,43,47,14,16,3.0,2,5,2,190,101,291,39,3,5,155,124,43,41,37,68,64,32,58,16,14,2.0,2,5,9,-22,10,-12,10,7,3,-18,17,-13,1,-3,-2,-9,11,-11,-2,2,1.0,0,0,-7,0
2020,2020-08-15,R12,Regular,12.0,Gabba,Melbourne,Collingwood,1,16,4,100,44,56,22,198,124,322,84,3,12,119,201,31,40,33,38,44,26,56,21,15,0.0,10,16,2,161,153,314,55,3,7,122,192,32,41,23,40,42,37,64,15,21,1.0,4,6,5,37,-29,8,29,0,5,-3,9,-1,-1,10,-2,2,-11,-8,6,-6,-1.0,6,10,-3,0
2020,2020-08-15,R12,Regular,12.0,Carrara,North Melbourne,Brisbane Lions,1,8,4,52,53,-1,22,171,137,308,77,14,6,115,183,31,35,39,51,30,26,45,19,13,10.0,6,8,4,167,98,265,82,12,10,114,151,26,47,27,49,32,35,42,13,19,1.0,5,7,9,4,39,43,-5,2,-4,1,32,5,-12,12,2,-2,-9,3,6,-6,9.0,1,1,-5,0
2020,2020-08-16,R12,Regular,12.0,Carrara,Adelaide,Western Bulldogs,0,8,6,54,111,-57,22,133,119,252,50,5,3,99,146,19,32,43,40,32,45,39,17,18,2.0,6,8,6,201,172,373,78,10,17,138,236,44,61,24,54,37,20,40,18,17,18.0,11,16,14,-68,-53,-121,-28,-5,-14,-39,-90,-25,-29,19,-14,-5,25,-1,-1,1,-16.0,-5,-8,-8,0
2020,2020-08-16,R12,Regular,12.0,Gabba,Essendon,St Kilda,0,5,3,33,68,-35,22,172,135,307,80,3,9,89,210,30,42,27,37,40,22,46,11,11,7.0,5,5,3,191,107,298,97,8,18,106,193,24,37,37,38,39,34,41,11,11,11.0,6,10,6,-19,28,9,-17,-5,-9,-17,17,6,5,-10,-1,1,-12,5,0,0,-4.0,-1,-5,-3,0
2020,2020-08-16,R12,Regular,12.0,Perth Stadium,Hawthorn,West Coast,0,7,7,49,81,-32,22,161,150,311,64,6,8,114,194,32,47,30,54,43,17,48,9,12,0.0,3,7,5,198,122,320,84,19,12,145,186,36,42,40,56,49,46,51,12,9,0.0,6,12,6,-37,28,-9,-20,-13,-4,-31,8,-4,5,-10,-2,-6,-29,-3,-3,3,0.0,-3,-5,-1,0
2020,2020-08-16,R12,Regular,12.0,Gabba,St Kilda,Essendon,1,10,8,68,33,35,22,191,107,298,97,8,18,106,193,24,37,37,38,39,34,41,11,11,11.0,6,10,6,172,135,307,80,3,9,89,210,30,42,27,37,40,22,46,11,11,7.0,5,5,3,19,-28,-9,17,5,9,17,-17,-6,-5,10,1,-1,12,-5,0,0,4.0,1,5,3,0
2020,2020-08-16,R12,Regular,12.0,Perth Stadium,West Coast,Hawthorn,1,12,9,81,49,32,22,198,122,320,84,19,12,145,186,36,42,40,56,49,46,51,12,9,0.0,6,12,6,161,150,311,64,6,8,114,194,32,47,30,54,43,17,48,9,12,0.0,3,7,5,37,-28,9,20,13,4,31,-8,4,-5,10,2,6,29,3,3,-3,0.0,3,5,1,0
2020,2020-08-16,R12,Regular,12.0,Carrara,Western Bulldogs,Adelaide,1,16,15,111,54,57,22,201,172,373,78,10,17,138,236,44,61,24,54,37,20,40,18,17,18.0,11,16,14,133,119,252,50,5,3,99,146,19,32,43,40,32,45,39,17,18,2.0,6,8,6,68,53,121,28,5,14,39,90,25,29,-19,14,5,-25,1,1,-1,16.0,5,8,8,0
2020,2020-08-17,R12,Regular,12.0,Gabba,Gold Coast,Richmond,0,4,8,32,53,-21,22,156,102,258,76,9,1,107,152,26,29,44,47,40,24,42,14,11,6.0,3,4,5,175,112,287,86,11,14,119,166,25,54,25,58,32,26,46,11,14,5.0,5,8,4,-19,-10,-29,-10,-2,-13,-12,-14,1,-25,19,-11,8,-2,-4,3,-3,1.0,-2,-4,1,0
2020,2020-08-17,R12,Regular,12.0,Gabba,Richmond,Gold Coast,1,8,5,53,32,21,22,175,112,287,86,11,14,119,166,25,54,25,58,32,26,46,11,14,5.0,5,8,4,156,102,258,76,9,1,107,152,26,29,44,47,40,24,42,14,11,6.0,3,4,5,19,10,29,10,2,13,12,14,-1,25,-19,11,-8,2,4,-3,3,-1.0,2,4,-1,0
2020,2020-08-21,R13,Regular,13.0,Marrara Oval,Carlton,Gold Coast,0,7,18,60,27,33,22,214,121,335,93,15,12,131,197,30,54,21,50,32,23,55,12,17,6.0,6,7,12,169,72,241,60,6,4,91,128,23,26,45,54,39,26,45,17,12,4.0,4,4,3,45,49,94,33,9,8,40,69,7,28,-24,-4,-7,-3,10,-5,5,2.0,2,3,9,0
2020,2020-08-21,R13,Regular,13.0,Marrara Oval,Gold Coast,Carlton,1,4,3,27,60,-33,22,169,72,241,60,6,4,91,128,23,26,45,54,39,26,45,17,12,4.0,4,4,3,214,121,335,93,15,12,131,197,30,54,21,50,32,23,55,12,17,6.0,6,7,12,-45,-49,-94,-33,-9,-8,-40,-69,-7,-28,24,4,7,3,-10,5,-5,-2.0,-2,-3,-9,0
2020,2020-08-22,R13,Regular,13.0,Marrara Oval,Essendon,Richmond,1,10,1,61,73,-12,22,168,143,311,79,10,8,95,205,30,24,56,36,42,23,50,12,13,8.0,7,10,1,177,142,319,75,11,9,129,195,27,66,14,36,32,27,56,13,12,18.0,7,10,10,-9,1,-8,4,-1,-1,-34,10,3,-42,42,0,10,-4,-6,-1,1,-10.0,0,0,-9,0
2020,2020-08-22,R13,Regular,13.0,Perth Stadium,Fremantle,Sydney,1,7,8,50,19,31,22,179,146,325,71,14,10,131,190,28,34,40,42,53,28,42,13,13,5.0,5,7,3,185,118,303,79,9,4,114,183,28,43,26,49,56,32,38,13,13,1.0,1,2,4,-6,28,22,-8,5,6,17,7,0,-9,14,-7,-3,-4,4,0,0,4.0,4,5,-1,0
2020,2020-08-22,R13,Regular,13.0,Adelaide Oval,Hawthorn,Port Adelaide,0,9,4,58,68,-10,22,157,117,274,54,9,7,111,153,26,39,34,56,49,39,54,8,20,2.0,5,9,3,179,156,335,69,9,4,127,208,35,44,30,61,50,26,40,20,8,3.0,5,9,12,-22,-39,-61,-15,0,3,-16,-55,-9,-5,4,-5,-1,13,14,-12,12,-1.0,0,0,-9,0
2020,2020-08-22,R13,Regular,13.0,Carrara,Melbourne,Western Bulldogs,0,7,10,52,80,-28,22,171,113,284,77,10,13,114,170,27,44,30,46,42,42,53,10,10,1.0,5,7,8,177,150,327,74,7,10,112,210,25,43,37,49,43,13,43,10,10,4.0,9,12,6,-6,-37,-43,3,3,3,2,-40,2,1,-7,-3,-1,29,10,0,0,-3.0,-4,-5,2,0
2020,2020-08-22,R13,Regular,13.0,Adelaide Oval,Port Adelaide,Hawthorn,1,9,14,68,58,10,22,179,156,335,69,9,4,127,208,35,44,30,61,50,26,40,20,8,3.0,5,9,12,157,117,274,54,9,7,111,153,26,39,34,56,49,39,54,8,20,2.0,5,9,3,22,39,61,15,0,-3,16,55,9,5,-4,5,1,-13,-14,12,-12,1.0,0,0,9,0
2020,2020-08-22,R13,Regular,13.0,Marrara Oval,Richmond,Essendon,0,10,13,73,61,12,22,177,142,319,75,11,9,129,195,27,66,14,36,32,27,56,13,12,18.0,7,10,10,168,143,311,79,10,8,95,205,30,24,56,36,42,23,50,12,13,8.0,7,10,1,9,-1,8,-4,1,1,34,-10,-3,42,-42,0,-10,4,6,1,-1,10.0,0,0,9,0
2020,2020-08-22,R13,Regular,13.0,Perth Stadium,Sydney,Fremantle,0,2,7,19,50,-31,22,185,118,303,79,9,4,114,183,28,43,26,49,56,32,38,13,13,1.0,1,2,4,179,146,325,71,14,10,131,190,28,34,40,42,53,28,42,13,13,5.0,5,7,3,6,-28,-22,8,-5,-6,-17,-7,0,9,-14,7,3,4,-4,0,0,-4.0,-4,-5,1,0
2020,2020-08-22,R13,Regular,13.0,Carrara,Western Bulldogs,Melbourne,1,12,8,80,52,28,22,177,150,327,74,7,10,112,210,25,43,37,49,43,13,43,10,10,4.0,9,12,6,171,113,284,77,10,13,114,170,27,44,30,46,42,42,53,10,10,1.0,5,7,8,6,37,43,-3,-3,-3,-2,40,-2,-1,7,3,1,-29,-10,0,0,3.0,4,5,-2,0
2020,2020-08-23,R13,Regular,13.0,Adelaide Oval,Adelaide,Geelong,1,5,7,37,65,-28,22,135,115,250,42,5,4,116,130,31,28,31,74,28,40,38,18,10,1.0,2,5,7,185,156,341,81,9,9,126,215,36,42,23,77,43,36,51,10,18,6.0,7,9,9,-50,-41,-91,-39,-4,-5,-10,-85,-5,-14,8,-3,-15,4,-13,8,-8,-5.0,-5,-4,-2,0
2020,2020-08-23,R13,Regular,13.0,Gabba,Brisbane Lions,St Kilda,1,6,14,50,48,2,22,163,108,271,75,14,13,108,157,23,38,31,42,40,20,35,11,11,0.0,3,6,12,166,105,271,63,9,8,109,155,26,39,31,68,30,30,42,11,11,12.0,6,7,6,-3,3,0,12,5,5,-1,2,-3,-1,0,-26,10,-10,-7,0,0,-12.0,-3,-1,6,0
2020,2020-08-23,R13,Regular,13.0,Adelaide Oval,Geelong,Adelaide,0,9,11,65,37,28,22,185,156,341,81,9,9,126,215,36,42,23,77,43,36,51,10,18,6.0,7,9,9,135,115,250,42,5,4,116,130,31,28,31,74,28,40,38,18,10,1.0,2,5,7,50,41,91,39,4,5,10,85,5,14,-8,3,15,-4,13,-8,8,5.0,5,4,2,0
2020,2020-08-23,R13,Regular,13.0,Perth Stadium,Greater Western Sydney,West Coast,0,7,7,49,61,-12,22,182,149,331,93,9,8,116,224,33,41,26,47,44,26,41,8,11,3.0,7,7,5,173,87,260,92,13,8,98,167,29,36,32,41,56,36,35,11,8,7.0,6,9,5,9,62,71,1,-4,0,18,57,4,5,-6,6,-12,-10,6,-3,3,-4.0,1,-2,0,0
2020,2020-08-23,R13,Regular,13.0,Gabba,St Kilda,Brisbane Lions,0,7,6,48,50,-2,22,166,105,271,63,9,8,109,155,26,39,31,68,30,30,42,11,11,12.0,6,7,6,163,108,271,75,14,13,108,157,23,38,31,42,40,20,35,11,11,0.0,3,6,12,3,-3,0,-12,-5,-5,1,-2,3,1,0,26,-10,10,7,0,0,12.0,3,1,-6,0
2020,2020-08-23,R13,Regular,13.0,Perth Stadium,West Coast,Greater Western Sydney,1,9,7,61,49,12,22,173,87,260,92,13,8,98,167,29,36,32,41,56,36,35,11,8,7.0,6,9,5,182,149,331,93,9,8,116,224,33,41,26,47,44,26,41,8,11,3.0,7,7,5,-9,-62,-71,-1,4,0,-18,-57,-4,-5,6,-6,12,10,-6,3,-3,4.0,-1,2,0,0
2020,2020-08-24,R13,Regular,13.0,Gabba,Collingwood,North Melbourne,1,10,5,65,35,30,22,194,165,359,85,6,2,118,236,24,43,35,40,56,26,50,14,9,13.0,5,10,4,192,140,332,86,11,9,113,217,27,43,32,46,42,26,39,9,14,1.0,1,5,4,2,25,27,-1,-5,-7,5,19,-3,0,3,-6,14,0,11,5,-5,12.0,4,5,0,0
2020,2020-08-24,R13,Regular,13.0,Gabba,North Melbourne,Collingwood,0,5,5,35,65,-30,22,192,140,332,86,11,9,113,217,27,43,32,46,42,26,39,9,14,1.0,1,5,4,194,165,359,85,6,2,118,236,24,43,35,40,56,26,50,14,9,13.0,5,10,4,-2,-25,-27,1,5,7,-5,-19,3,0,-3,6,-14,0,-11,-5,5,-12.0,-4,-5,0,0
2020,2020-08-27,R14,Regular,14.0,Adelaide Oval,Essendon,Hawthorn,0,13,9,87,71,16,22,151,174,325,54,7,12,114,215,40,46,24,50,44,22,46,14,16,7.0,9,13,7,153,140,293,66,13,7,105,188,19,34,32,42,46,37,36,16,14,6.0,6,10,10,-2,34,32,-12,-6,5,9,27,21,12,-8,8,-2,-15,10,-2,2,1.0,3,3,-3,0
2020,2020-08-27,R14,Regular,14.0,Adelaide Oval,Hawthorn,Essendon,1,10,11,71,87,-16,22,153,140,293,66,13,7,105,188,19,34,32,42,46,37,36,16,14,6.0,6,10,10,151,174,325,54,7,12,114,215,40,46,24,50,44,22,46,14,16,7.0,9,13,7,2,-34,-32,12,6,-5,-9,-27,-21,-12,8,-8,2,15,-10,2,-2,-1.0,-3,-3,3,0
2020,2020-08-27,R14,Regular,14.0,Carrara,Richmond,West Coast,1,14,4,88,61,27,22,172,121,293,69,10,9,123,167,29,52,35,54,44,30,57,14,22,5.0,7,14,1,168,144,312,46,2,8,133,192,31,45,35,55,60,30,50,22,14,0.0,6,9,5,4,-23,-19,23,8,1,-10,-25,-2,7,0,-1,-16,0,7,-8,8,5.0,1,5,-4,0
2020,2020-08-27,R14,Regular,14.0,Carrara,West Coast,Richmond,0,9,7,61,88,-27,22,168,144,312,46,2,8,133,192,31,45,35,55,60,30,50,22,14,0.0,6,9,5,172,121,293,69,10,9,123,167,29,52,35,54,44,30,57,14,22,5.0,7,14,1,-4,23,19,-23,-8,-1,10,25,2,-7,0,1,16,0,-7,8,-8,-5.0,-1,-5,4,0
2020,2020-08-28,R14,Regular,14.0,Carrara,Geelong,Western Bulldogs,0,10,12,72,61,11,22,183,140,323,77,5,7,121,200,36,42,21,49,40,49,38,16,13,5.0,7,10,6,146,136,282,61,7,10,103,175,28,33,30,53,49,13,33,13,16,1.0,7,9,6,37,4,41,16,-2,-3,18,25,8,9,-9,-4,-9,36,5,3,-3,4.0,0,1,0,0
2020,2020-08-28,R14,Regular,14.0,Carrara,Western Bulldogs,Geelong,1,9,7,61,72,-11,22,146,136,282,61,7,10,103,175,28,33,30,53,49,13,33,13,16,1.0,7,9,6,183,140,323,77,5,7,121,200,36,42,21,49,40,49,38,16,13,5.0,7,10,6,-37,-4,-41,-16,2,3,-18,-25,-8,-9,9,4,9,-36,-5,-3,3,-4.0,0,-1,0,0
2020,2020-08-29,R14,Regular,14.0,Perth Stadium,Fremantle,Greater Western Sydney,1,8,5,53,91,-38,22,145,130,275,53,6,4,109,162,28,37,32,55,35,34,41,20,17,6.0,4,8,4,199,151,350,81,9,11,123,228,33,45,29,53,52,26,49,17,20,5.0,11,14,6,-54,-21,-75,-28,-3,-7,-14,-66,-5,-8,3,2,-17,8,-8,3,-3,1.0,-7,-6,-2,0
2020,2020-08-29,R14,Regular,14.0,Perth Stadium,Greater Western Sydney,Fremantle,0,14,7,91,53,38,22,199,151,350,81,9,11,123,228,33,45,29,53,52,26,49,17,20,5.0,11,14,6,145,130,275,53,6,4,109,162,28,37,32,55,35,34,41,20,17,6.0,4,8,4,54,21,75,28,3,7,14,66,5,8,-3,-2,17,-8,8,-3,3,-1.0,7,6,2,0
2020,2020-08-29,R14,Regular,14.0,Traeger Park,Melbourne,St Kilda,1,8,4,52,49,3,22,171,116,287,81,12,4,116,169,23,30,39,35,47,28,39,9,11,0.0,6,8,2,170,112,282,75,11,7,105,171,29,46,21,46,32,32,36,11,9,9.0,3,7,5,1,4,5,6,1,-3,11,-2,-6,-16,18,-11,15,-4,3,-2,2,-9.0,3,1,-3,0
2020,2020-08-29,R14,Regular,14.0,Adelaide Oval,Port Adelaide,Sydney,1,11,7,73,47,26,22,163,158,321,46,7,6,141,186,46,44,32,53,34,34,47,12,16,5.0,7,11,5,177,137,314,70,10,5,117,194,26,40,33,67,46,39,44,16,12,5.0,4,7,5,-14,21,7,-24,-3,1,24,-8,20,4,-1,-14,-12,-5,3,-4,4,0.0,3,4,0,0
2020,2020-08-29,R14,Regular,14.0,Traeger Park,St Kilda,Melbourne,0,7,7,49,52,-3,22,170,112,282,75,11,7,105,171,29,46,21,46,32,32,36,11,9,9.0,3,7,5,171,116,287,81,12,4,116,169,23,30,39,35,47,28,39,9,11,0.0,6,8,2,-1,-4,-5,-6,-1,3,-11,2,6,16,-18,11,-15,4,-3,2,-2,9.0,-3,-1,3,0
2020,2020-08-29,R14,Regular,14.0,Adelaide Oval,Sydney,Port Adelaide,0,7,5,47,73,-26,22,177,137,314,70,10,5,117,194,26,40,33,67,46,39,44,16,12,5.0,4,7,5,163,158,321,46,7,6,141,186,46,44,32,53,34,34,47,12,16,5.0,7,11,5,14,-21,-7,24,3,-1,-24,8,-20,-4,1,14,12,5,-3,4,-4,0.0,-3,-4,0,0
2020,2020-08-30,R14,Regular,14.0,Gabba,Carlton,Collingwood,1,7,6,48,72,-24,22,171,121,292,77,5,7,113,173,22,43,29,65,40,23,48,13,14,1.0,4,7,6,190,131,321,82,10,8,123,198,31,40,35,60,39,39,42,14,13,4.0,6,10,10,-19,-10,-29,-5,-5,-1,-10,-25,-9,3,-6,5,1,-16,6,-1,1,-3.0,-2,-3,-4,0
2020,2020-08-30,R14,Regular,14.0,Gabba,Collingwood,Carlton,0,10,12,72,48,24,22,190,131,321,82,10,8,123,198,31,40,35,60,39,39,42,14,13,4.0,6,10,10,171,121,292,77,5,7,113,173,22,43,29,65,40,23,48,13,14,1.0,4,7,6,19,10,29,5,5,1,10,25,9,-3,6,-5,-1,16,-6,1,-1,3.0,2,3,4,0
2020,2020-08-30,R14,Regular,14.0,Carrara,Gold Coast,North Melbourne,1,12,19,91,28,63,22,189,116,305,80,12,15,131,178,37,45,33,33,36,25,41,19,16,9.0,8,12,15,167,106,273,71,15,4,113,148,21,37,33,31,35,23,56,16,19,5.0,3,4,3,22,10,32,9,-3,11,18,30,16,8,0,2,1,2,-15,3,-3,4.0,5,8,12,0
2020,2020-08-30,R14,Regular,14.0,Carrara,North Melbourne,Gold Coast,0,4,4,28,91,-63,22,167,106,273,71,15,4,113,148,21,37,33,31,35,23,56,16,19,5.0,3,4,3,189,116,305,80,12,15,131,178,37,45,33,33,36,25,41,19,16,9.0,8,12,15,-22,-10,-32,-9,3,-11,-18,-30,-16,-8,0,-2,-1,-2,15,-3,3,-4.0,-5,-8,-12,0
2020,2020-09-01,R15,Regular,15.0,Adelaide Oval,Adelaide,Hawthorn,0,12,11,83,48,35,22,159,161,320,58,13,14,128,190,31,46,27,42,40,30,45,14,15,0.0,10,12,10,152,103,255,58,6,6,103,145,28,35,31,52,41,22,42,15,14,5.0,6,7,3,7,58,65,0,7,8,25,45,3,11,-4,-10,-1,8,3,-1,1,-5.0,4,5,7,0
2020,2020-09-01,R15,Regular,15.0,Gabba,Essendon,West Coast,0,6,9,45,60,-15,22,174,152,326,80,5,8,101,213,30,41,22,38,42,20,32,11,15,3.0,5,6,9,191,91,282,107,17,9,104,180,25,32,34,26,46,33,38,15,11,1.0,8,9,4,-17,61,44,-27,-12,-1,-3,33,5,9,-12,12,-4,-13,-6,-4,4,2.0,-3,-3,5,0
2020,2020-09-01,R15,Regular,15.0,Adelaide Oval,Hawthorn,Adelaide,1,7,6,48,83,-35,22,152,103,255,58,6,6,103,145,28,35,31,52,41,22,42,15,14,5.0,6,7,3,159,161,320,58,13,14,128,190,31,46,27,42,40,30,45,14,15,0.0,10,12,10,-7,-58,-65,0,-7,-8,-25,-45,-3,-11,4,10,1,-8,-3,1,-1,5.0,-4,-5,-7,0
2020,2020-09-01,R15,Regular,15.0,Gabba,West Coast,Essendon,1,9,6,60,45,15,22,191,91,282,107,17,9,104,180,25,32,34,26,46,33,38,15,11,1.0,8,9,4,174,152,326,80,5,8,101,213,30,41,22,38,42,20,32,11,15,3.0,5,6,9,17,-61,-44,27,12,1,3,-33,-5,-9,12,-12,4,13,6,4,-4,-2.0,3,3,-5,0
2020,2020-09-02,R15,Regular,15.0,Carrara,Fremantle,Richmond,0,4,5,29,56,-27,22,177,112,289,76,10,10,112,178,38,38,35,44,52,26,45,18,14,0.0,3,4,5,172,109,281,80,9,11,108,169,19,43,33,37,41,32,42,14,18,9.0,5,8,4,5,3,8,-4,1,-1,4,9,19,-5,2,7,11,-6,3,4,-4,-9.0,-2,-4,1,0
2020,2020-09-02,R15,Regular,15.0,Carrara,Richmond,Fremantle,1,8,8,56,29,27,22,172,109,281,80,9,11,108,169,19,43,33,37,41,32,42,14,18,9.0,5,8,4,177,112,289,76,10,10,112,178,38,38,35,44,52,26,45,18,14,0.0,3,4,5,-5,-3,-8,4,-1,1,-4,-9,-19,5,-2,-7,-11,6,-3,-4,4,9.0,2,4,-1,0
2020,2020-09-03,R15,Regular,15.0,Carrara,Carlton,Greater Western Sydney,0,5,9,39,48,-9,22,170,89,259,63,8,8,121,129,25,49,31,39,34,26,43,26,13,4.0,1,5,7,179,104,283,62,5,8,112,168,25,40,44,48,47,24,59,13,26,4.0,4,6,10,-9,-15,-24,1,3,0,9,-39,0,9,-13,-9,-13,2,-16,13,-13,0.0,-3,-1,-3,0
2020,2020-09-03,R15,Regular,15.0,Carrara,Greater Western Sydney,Carlton,1,6,12,48,39,9,22,179,104,283,62,5,8,112,168,25,40,44,48,47,24,59,13,26,4.0,4,6,10,170,89,259,63,8,8,121,129,25,49,31,39,34,26,43,26,13,4.0,1,5,7,9,15,24,-1,-3,0,-9,39,0,-9,13,9,13,-2,16,-13,13,0.0,3,1,3,0
2020,2020-09-03,R15,Regular,15.0,Cazaly's Stadium,Melbourne,Sydney,0,6,10,46,67,-21,22,170,122,292,62,10,9,127,166,25,45,22,52,47,37,44,18,13,2.0,4,6,9,165,123,288,52,9,9,117,163,29,34,38,58,45,19,50,13,18,8.0,7,10,7,5,-1,4,10,1,0,10,3,-4,11,-16,-6,2,18,-6,5,-5,-6.0,-3,-4,2,0
2020,2020-09-03,R15,Regular,15.0,Cazaly's Stadium,Sydney,Melbourne,1,10,7,67,46,21,22,165,123,288,52,9,9,117,163,29,34,38,58,45,19,50,13,18,8.0,7,10,7,170,122,292,62,10,9,127,166,25,45,22,52,47,37,44,18,13,2.0,4,6,9,-5,1,-4,-10,-1,0,-10,-3,4,-11,16,6,-2,-18,6,-5,5,6.0,3,4,-2,0
2020,2020-09-04,R15,Regular,15.0,Gabba,Brisbane Lions,Collingwood,1,6,6,42,34,8,22,179,107,286,82,5,8,113,178,29,33,36,57,45,21,38,11,17,2.0,3,6,5,169,160,329,75,11,5,135,200,29,41,24,57,35,31,36,17,11,5.0,4,5,2,10,-53,-43,7,-6,3,-22,-22,0,-8,12,0,10,-10,2,-6,6,-3.0,-1,1,3,0
2020,2020-09-04,R15,Regular,15.0,Gabba,Collingwood,Brisbane Lions,0,5,4,34,42,-8,22,169,160,329,75,11,5,135,200,29,41,24,57,35,31,36,17,11,5.0,4,5,2,179,107,286,82,5,8,113,178,29,33,36,57,45,21,38,11,17,2.0,3,6,5,-10,53,43,-7,6,-3,22,22,0,8,-12,0,-10,10,-2,6,-6,3.0,1,-1,-3,0
2020,2020-09-05,R16,Regular,16.0,Carrara,North Melbourne,Port Adelaide,1,6,6,42,78,-36,22,152,122,274,65,6,10,109,164,23,35,30,51,43,24,50,14,16,1.0,5,6,4,185,148,333,63,4,11,119,209,38,41,26,63,55,31,44,16,14,0.0,7,11,11,-33,-26,-59,2,2,-1,-10,-45,-15,-6,4,-12,-12,-7,6,-2,2,1.0,-2,-5,-7,0
2020,2020-09-05,R16,Regular,16.0,Carrara,Port Adelaide,North Melbourne,0,11,12,78,42,36,22,185,148,333,63,4,11,119,209,38,41,26,63,55,31,44,16,14,0.0,7,11,11,152,122,274,65,6,10,109,164,23,35,30,51,43,24,50,14,16,1.0,5,6,4,33,26,59,-2,-2,1,10,45,15,6,-4,12,12,7,-6,2,-2,-1.0,2,5,7,0
2020,2020-09-06,R16,Regular,16.0,Gabba,Essendon,Geelong,0,5,12,42,108,-66,22,141,112,253,54,10,11,107,143,22,30,28,49,29,29,39,11,16,2.0,4,5,11,194,129,323,101,14,13,120,202,31,45,25,51,33,23,36,16,11,5.0,13,17,5,-53,-17,-70,-47,-4,-2,-13,-59,-9,-15,3,-2,-4,6,3,-5,5,-3.0,-9,-12,6,0
2020,2020-09-06,R16,Regular,16.0,Gabba,Geelong,Essendon,1,17,6,108,42,66,22,194,129,323,101,14,13,120,202,31,45,25,51,33,23,36,16,11,5.0,13,17,5,141,112,253,54,10,11,107,143,22,30,28,49,29,29,39,11,16,2.0,4,5,11,53,17,70,47,4,2,13,59,9,15,-3,2,4,-6,-3,5,-5,3.0,9,12,-6,0
2020,2020-09-06,R16,Regular,16.0,Carrara,Hawthorn,St Kilda,0,9,12,66,80,-14,22,159,127,286,71,13,10,95,183,24,42,30,32,27,18,36,8,12,2.0,7,9,11,205,109,314,112,11,15,90,218,25,43,31,34,33,30,33,12,8,2.0,10,11,11,-46,18,-28,-41,2,-5,5,-35,-1,-1,-1,-2,-6,-12,3,-4,4,0.0,-3,-2,0,0
2020,2020-09-06,R16,Regular,16.0,Carrara,St Kilda,Hawthorn,1,11,14,80,66,14,22,205,109,314,112,11,15,90,218,25,43,31,34,33,30,33,12,8,2.0,10,11,11,159,127,286,71,13,10,95,183,24,42,30,32,27,18,36,8,12,2.0,7,9,11,46,-18,28,41,-2,5,-5,35,1,1,1,2,6,12,-3,4,-4,0.0,3,2,0,0
2020,2020-09-06,R16,Regular,16.0,Carrara,West Coast,Western Bulldogs,0,7,5,47,49,-2,22,175,86,261,80,8,10,99,158,30,27,37,35,35,34,34,22,16,4.0,7,7,4,157,163,320,59,10,8,119,203,34,45,18,49,41,25,47,16,22,1.0,3,6,10,18,-77,-59,21,-2,2,-20,-45,-4,-18,19,-14,-6,9,-13,6,-6,3.0,4,1,-6,0
2020,2020-09-06,R16,Regular,16.0,Carrara,Western Bulldogs,West Coast,1,6,13,49,47,2,22,157,163,320,59,10,8,119,203,34,45,18,49,41,25,47,16,22,1.0,3,6,10,175,86,261,80,8,10,99,158,30,27,37,35,35,34,34,22,16,4.0,7,7,4,-18,77,59,-21,2,-2,20,45,4,18,-19,14,6,-9,13,-6,6,-3.0,-4,-1,6,0
2020,2020-09-07,R16,Regular,16.0,Cazaly's Stadium,Fremantle,Melbourne,0,6,11,47,33,14,22,190,150,340,73,5,3,135,206,32,46,30,65,55,24,51,18,13,0.0,2,6,10,162,93,255,32,9,4,143,98,37,35,39,46,61,44,66,13,18,0.0,3,4,8,28,57,85,41,-4,-1,-8,108,-5,11,-9,19,-6,-20,-15,5,-5,0.0,-1,2,2,0
2020,2020-09-07,R16,Regular,16.0,Cazaly's Stadium,Melbourne,Fremantle,1,4,9,33,47,-14,22,162,93,255,32,9,4,143,98,37,35,39,46,61,44,66,13,18,0.0,3,4,8,190,150,340,73,5,3,135,206,32,46,30,65,55,24,51,18,13,0.0,2,6,10,-28,-57,-85,-41,4,1,8,-108,5,-11,9,-19,6,20,15,-5,5,0.0,1,-2,-2,0
2020,2020-09-08,R16,Regular,16.0,Adelaide Oval,Adelaide,Greater Western Sydney,1,8,11,59,47,12,22,172,146,318,53,12,8,139,179,34,49,18,69,55,48,37,13,10,2.0,5,8,9,173,118,291,73,10,3,109,178,24,26,40,76,53,23,44,10,13,2.0,6,7,3,-1,28,27,-20,2,5,30,1,10,23,-22,-7,2,25,-7,3,-3,0.0,-1,1,6,0
2020,2020-09-08,R16,Regular,16.0,Carrara,Carlton,Sydney,1,8,9,57,52,5,22,202,97,299,85,9,6,132,164,32,50,24,56,41,27,43,18,12,9.0,6,8,8,154,91,245,54,9,6,110,129,31,34,41,57,40,31,38,12,18,2.0,4,8,4,48,6,54,31,0,0,22,35,1,16,-17,-1,1,-4,5,6,-6,7.0,2,0,4,0
2020,2020-09-08,R16,Regular,16.0,Adelaide Oval,Greater Western Sydney,Adelaide,0,7,5,47,59,-12,22,173,118,291,73,10,3,109,178,24,26,40,76,53,23,44,10,13,2.0,6,7,3,172,146,318,53,12,8,139,179,34,49,18,69,55,48,37,13,10,2.0,5,8,9,1,-28,-27,20,-2,-5,-30,-1,-10,-23,22,7,-2,-25,7,-3,3,0.0,1,-1,-6,0
2020,2020-09-08,R16,Regular,16.0,Carrara,Sydney,Carlton,0,8,4,52,57,-5,22,154,91,245,54,9,6,110,129,31,34,41,57,40,31,38,12,18,2.0,4,8,4,202,97,299,85,9,6,132,164,32,50,24,56,41,27,43,18,12,9.0,6,8,8,-48,-6,-54,-31,0,0,-22,-35,-1,-16,17,1,-1,4,-5,-6,6,-7.0,-2,0,-4,0
2020,2020-09-09,R16,Regular,16.0,Gabba,Brisbane Lions,Gold Coast,1,13,10,88,43,45,22,207,111,318,89,14,14,120,189,32,49,35,50,59,18,60,12,21,1.0,10,13,8,162,130,292,53,11,5,123,154,24,42,35,37,36,33,62,21,12,2.0,3,6,3,45,-19,26,36,3,9,-3,35,8,7,0,13,23,-15,-2,-9,9,-1.0,7,7,5,0
2020,2020-09-09,R16,Regular,16.0,Gabba,Gold Coast,Brisbane Lions,0,6,7,43,88,-45,22,162,130,292,53,11,5,123,154,24,42,35,37,36,33,62,21,12,2.0,3,6,3,207,111,318,89,14,14,120,189,32,49,35,50,59,18,60,12,21,1.0,10,13,8,-45,19,-26,-36,-3,-9,3,-35,-8,-7,0,-13,-23,15,2,9,-9,1.0,-7,-7,-5,0
2020,2020-09-10,R17,Regular,17.0,Gabba,St Kilda,West Coast,1,6,14,50,65,-15,22,174,111,285,47,4,5,125,146,40,44,29,57,60,37,58,16,15,3.0,2,6,11,180,90,270,69,15,11,125,139,30,39,37,44,71,34,46,15,16,0.0,7,9,9,-6,21,15,-22,-11,-6,0,7,10,5,-8,13,-11,3,12,1,-1,3.0,-5,-3,2,0
2020,2020-09-10,R17,Regular,17.0,Gabba,West Coast,St Kilda,0,9,11,65,50,15,22,180,90,270,69,15,11,125,139,30,39,37,44,71,34,46,15,16,0.0,7,9,9,174,111,285,47,4,5,125,146,40,44,29,57,60,37,58,16,15,3.0,2,6,11,6,-21,-15,22,11,6,0,-7,-10,-5,8,-13,11,-3,-12,-1,1,-3.0,5,3,-2,0
2020,2020-09-11,R17,Regular,17.0,Carrara,Geelong,Richmond,1,4,7,31,57,-26,22,207,99,306,111,15,7,117,191,32,40,34,43,36,20,42,17,11,5.0,4,4,5,166,107,273,73,11,14,103,167,16,42,36,49,37,23,47,11,17,17.0,5,7,13,41,-8,33,38,4,-7,14,24,16,-2,-2,-6,-1,-3,-5,6,-6,-12.0,-1,-3,-8,0
2020,2020-09-11,R17,Regular,17.0,Carrara,Richmond,Geelong,0,7,15,57,31,26,22,166,107,273,73,11,14,103,167,16,42,36,49,37,23,47,11,17,17.0,5,7,13,207,99,306,111,15,7,117,191,32,40,34,43,36,20,42,17,11,5.0,4,4,5,-41,8,-33,-38,-4,7,-14,-24,-16,2,2,6,1,3,5,-6,6,12.0,1,3,8,0
2020,2020-09-12,R17,Regular,17.0,Adelaide Oval,Essendon,Port Adelaide,0,4,5,29,79,-50,22,165,117,282,44,9,3,121,144,33,32,34,53,42,35,51,15,21,0.0,2,4,4,196,143,339,66,6,12,128,196,34,45,27,65,49,32,54,21,15,3.0,7,11,10,-31,-26,-57,-22,3,-9,-7,-52,-1,-13,7,-12,-7,3,-3,-6,6,-3.0,-5,-7,-6,0
2020,2020-09-12,R17,Regular,17.0,Carrara,Fremantle,North Melbourne,0,15,9,99,35,64,22,198,137,335,94,19,13,123,212,29,51,30,42,36,26,40,17,12,9.0,10,15,7,123,118,241,48,5,6,94,140,23,35,34,35,31,28,46,12,17,3.0,5,5,2,75,19,94,46,14,7,29,72,6,16,-4,7,5,-2,-6,5,-5,6.0,5,10,5,0
2020,2020-09-12,R17,Regular,17.0,Gabba,Greater Western Sydney,Melbourne,1,11,8,74,79,-5,22,168,119,287,49,10,6,147,145,32,52,27,67,55,21,51,15,16,4.0,7,11,7,192,97,289,78,7,6,123,156,36,39,39,55,38,44,48,16,15,0.0,7,12,7,-24,22,-2,-29,3,0,24,-11,-4,13,-12,12,17,-23,3,-1,1,4.0,0,-1,0,0
2020,2020-09-12,R17,Regular,17.0,Gabba,Melbourne,Greater Western Sydney,0,12,7,79,74,5,22,192,97,289,78,7,6,123,156,36,39,39,55,38,44,48,16,15,0.0,7,12,7,168,119,287,49,10,6,147,145,32,52,27,67,55,21,51,15,16,4.0,7,11,7,24,-22,2,29,-3,0,-24,11,4,-13,12,-12,-17,23,-3,1,-1,-4.0,0,1,0,0
2020,2020-09-12,R17,Regular,17.0,Carrara,North Melbourne,Fremantle,1,5,5,35,99,-64,22,123,118,241,48,5,6,94,140,23,35,34,35,31,28,46,12,17,3.0,5,5,2,198,137,335,94,19,13,123,212,29,51,30,42,36,26,40,17,12,9.0,10,15,7,-75,-19,-94,-46,-14,-7,-29,-72,-6,-16,4,-7,-5,2,6,-5,5,-6.0,-5,-10,-5,0
2020,2020-09-12,R17,Regular,17.0,Adelaide Oval,Port Adelaide,Essendon,1,11,13,79,29,50,22,196,143,339,66,6,12,128,196,34,45,27,65,49,32,54,21,15,3.0,7,11,10,165,117,282,44,9,3,121,144,33,32,34,53,42,35,51,15,21,0.0,2,4,4,31,26,57,22,-3,9,7,52,1,13,-7,12,7,-3,3,6,-6,3.0,5,7,6,0
2020,2020-09-13,R17,Regular,17.0,Carrara,Adelaide,Carlton,0,10,12,72,56,16,22,191,133,324,68,4,11,121,195,30,44,36,52,33,38,37,10,14,3.0,7,10,9,176,97,273,82,16,9,114,153,32,44,31,65,49,22,42,14,10,7.0,8,8,8,15,36,51,-14,-12,2,7,42,-2,0,5,-13,-16,16,-5,-4,4,-4.0,-1,2,1,0
2020,2020-09-13,R17,Regular,17.0,Cazaly's Stadium,Brisbane Lions,Sydney,0,11,7,73,41,32,22,177,80,257,58,5,4,119,132,34,46,35,55,35,34,50,15,18,1.0,6,11,5,178,112,290,56,5,6,127,155,37,42,34,50,41,20,53,18,15,4.0,4,6,3,-1,-32,-33,2,0,-2,-8,-23,-3,4,1,5,-6,14,-3,-3,3,-3.0,2,5,2,0
2020,2020-09-13,R17,Regular,17.0,Carrara,Carlton,Adelaide,1,8,8,56,72,-16,22,176,97,273,82,16,9,114,153,32,44,31,65,49,22,42,14,10,7.0,8,8,8,191,133,324,68,4,11,121,195,30,44,36,52,33,38,37,10,14,3.0,7,10,9,-15,-36,-51,14,12,-2,-7,-42,2,0,-5,13,16,-16,5,4,-4,4.0,1,-2,-1,0
2020,2020-09-13,R17,Regular,17.0,Adelaide Oval,Hawthorn,Western Bulldogs,1,6,4,40,76,-36,22,140,131,271,58,5,4,103,169,25,33,30,71,51,47,33,8,10,1.0,4,6,2,192,157,349,84,9,9,131,225,34,42,26,65,61,24,36,10,8,0.0,9,11,9,-52,-26,-78,-26,-4,-5,-28,-56,-9,-9,4,6,-10,23,-3,-2,2,1.0,-5,-5,-7,0
2020,2020-09-13,R17,Regular,17.0,Cazaly's Stadium,Sydney,Brisbane Lions,1,6,5,41,73,-32,22,178,112,290,56,5,6,127,155,37,42,34,50,41,20,53,18,15,4.0,4,6,3,177,80,257,58,5,4,119,132,34,46,35,55,35,34,50,15,18,1.0,6,11,5,1,32,33,-2,0,2,8,23,3,-4,-1,-5,6,-14,3,3,-3,3.0,-2,-5,-2,0
2020,2020-09-13,R17,Regular,17.0,Adelaide Oval,Western Bulldogs,Hawthorn,0,11,10,76,40,36,22,192,157,349,84,9,9,131,225,34,42,26,65,61,24,36,10,8,0.0,9,11,9,140,131,271,58,5,4,103,169,25,33,30,71,51,47,33,8,10,1.0,4,6,2,52,26,78,26,4,5,28,56,9,9,-4,-6,10,-23,3,2,-2,-1.0,5,5,7,0
2020,2020-09-14,R17,Regular,17.0,Gabba,Collingwood,Gold Coast,1,10,8,68,46,22,22,189,136,325,82,10,5,117,211,27,45,35,56,46,31,40,18,8,4.0,5,10,6,189,112,301,68,4,8,116,174,30,42,35,47,59,35,60,8,18,0.0,4,6,7,0,24,24,14,6,-3,1,37,-3,3,0,9,-13,-4,-20,10,-10,4.0,1,4,-1,0
2020,2020-09-14,R17,Regular,17.0,Gabba,Gold Coast,Collingwood,0,6,10,46,68,-22,22,189,112,301,68,4,8,116,174,30,42,35,47,59,35,60,8,18,0.0,4,6,7,189,136,325,82,10,5,117,211,27,45,35,56,46,31,40,18,8,4.0,5,10,6,0,-24,-24,-14,-6,3,-1,-37,3,-3,0,-9,13,4,20,-10,10,-4.0,-1,-4,1,0
2020,2020-09-17,R18,Regular,18.0,Carrara,North Melbourne,West Coast,1,4,10,34,49,-15,22,164,196,360,52,5,7,134,228,26,43,33,46,43,23,62,15,19,2.0,4,4,8,167,111,278,48,4,4,128,149,29,40,39,53,54,28,48,19,15,0.0,1,7,5,-3,85,82,4,1,3,6,79,-3,3,-6,-7,-11,-5,14,-4,4,2.0,3,-3,3,0
2020,2020-09-17,R18,Regular,18.0,Carrara,West Coast,North Melbourne,0,7,7,49,34,15,22,167,111,278,48,4,4,128,149,29,40,39,53,54,28,48,19,15,0.0,1,7,5,164,196,360,52,5,7,134,228,26,43,33,46,43,23,62,15,19,2.0,4,4,8,3,-85,-82,-4,-1,-3,-6,-79,3,-3,6,7,11,5,-14,4,-4,-2.0,-3,3,-3,0
2020,2020-09-18,R18,Regular,18.0,Gabba,Greater Western Sydney,St Kilda,0,3,12,30,82,-52,22,187,115,302,102,10,9,98,196,24,33,36,36,52,15,48,10,16,0.0,1,3,10,184,74,258,67,6,6,107,144,36,48,30,39,35,36,37,16,10,4.0,4,12,7,3,41,44,35,4,3,-9,52,-12,-15,6,-3,17,-21,11,-6,6,-4.0,-3,-9,3,0
2020,2020-09-18,R18,Regular,18.0,Gabba,St Kilda,Greater Western Sydney,1,12,10,82,30,52,22,184,74,258,67,6,6,107,144,36,48,30,39,35,36,37,16,10,4.0,4,12,7,187,115,302,102,10,9,98,196,24,33,36,36,52,15,48,10,16,0.0,1,3,10,-3,-41,-44,-35,-4,-3,9,-52,12,15,-6,3,-17,21,-11,6,-6,4.0,3,9,-3,0
2020,2020-09-19,R18,Regular,18.0,Adelaide Oval,Adelaide,Richmond,1,4,9,33,77,-44,22,173,157,330,67,15,5,127,190,29,34,44,40,41,33,37,17,8,1.0,1,4,8,177,119,296,75,12,14,122,171,28,56,29,63,55,27,49,8,17,8.0,10,12,3,-4,38,34,-8,3,-9,5,19,1,-22,15,-23,-14,6,-12,9,-9,-7.0,-9,-8,5,0
2020,2020-09-19,R18,Regular,18.0,Gabba,Brisbane Lions,Carlton,1,11,12,78,61,17,22,173,95,268,55,9,7,138,129,40,61,27,54,48,41,42,20,9,1.0,8,11,10,173,90,263,57,8,10,119,131,39,37,48,71,47,36,61,9,20,1.0,8,10,0,0,5,5,-2,1,-3,19,-2,1,24,-21,-17,1,5,-19,11,-11,0.0,0,1,10,0
2020,2020-09-19,R18,Regular,18.0,Gabba,Carlton,Brisbane Lions,0,10,1,61,78,-17,22,173,90,263,57,8,10,119,131,39,37,48,71,47,36,61,9,20,1.0,8,10,0,173,95,268,55,9,7,138,129,40,61,27,54,48,41,42,20,9,1.0,8,11,10,0,-5,-5,2,-1,3,-19,2,-1,-24,21,17,-1,-5,19,-11,11,0.0,0,-1,-10,0
2020,2020-09-19,R18,Regular,18.0,Carrara,Essendon,Melbourne,1,7,7,49,68,-19,22,171,150,321,79,11,8,100,220,22,44,29,43,32,17,38,12,15,9.0,5,7,6,200,110,310,117,8,13,99,209,22,39,35,25,46,28,32,15,12,3.0,9,10,7,-29,40,11,-38,3,-5,1,11,0,5,-6,18,-14,-11,6,-3,3,6.0,-4,-3,-1,0
2020,2020-09-19,R18,Regular,18.0,Carrara,Melbourne,Essendon,0,10,8,68,49,19,22,200,110,310,117,8,13,99,209,22,39,35,25,46,28,32,15,12,3.0,9,10,7,171,150,321,79,11,8,100,220,22,44,29,43,32,17,38,12,15,9.0,5,7,6,29,-40,-11,38,-3,5,-1,-11,0,-5,6,-18,14,11,-6,3,-3,-6.0,4,3,1,0
2020,2020-09-19,R18,Regular,18.0,Adelaide Oval,Richmond,Adelaide,0,12,5,77,33,44,22,177,119,296,75,12,14,122,171,28,56,29,63,55,27,49,8,17,8.0,10,12,3,173,157,330,67,15,5,127,190,29,34,44,40,41,33,37,17,8,1.0,1,4,8,4,-38,-34,8,-3,9,-5,-19,-1,22,-15,23,14,-6,12,-9,9,7.0,9,8,-5,0
2020,2020-09-20,R18,Regular,18.0,Cazaly's Stadium,Fremantle,Western Bulldogs,1,6,8,44,74,-30,22,172,129,301,79,9,8,106,197,31,32,35,38,31,44,42,10,15,4.0,5,6,6,162,125,287,58,8,12,106,186,35,48,27,58,55,22,36,15,10,6.0,8,11,8,10,4,14,21,1,-4,0,11,-4,-16,8,-20,-24,22,6,-5,5,-2.0,-3,-5,-2,0
2020,2020-09-20,R18,Regular,18.0,Carrara,Geelong,Sydney,0,10,9,69,63,6,22,189,95,284,88,10,7,111,169,28,44,37,41,49,25,52,17,19,1.0,7,10,9,189,145,334,81,5,6,102,225,25,47,33,33,37,25,52,19,17,5.0,7,9,7,0,-50,-50,7,5,1,9,-56,3,-3,4,8,12,0,0,-2,2,-4.0,0,1,2,0
2020,2020-09-20,R18,Regular,18.0,Adelaide Oval,Gold Coast,Hawthorn,0,8,9,57,108,-51,22,152,119,271,54,5,8,114,161,34,39,26,39,35,32,35,14,9,3.0,4,8,7,194,176,370,96,9,15,110,251,27,44,31,37,36,30,34,9,14,5.0,10,17,5,-42,-57,-99,-42,-4,-7,4,-90,7,-5,-5,2,-1,2,1,5,-5,-2.0,-6,-9,2,0
2020,2020-09-20,R18,Regular,18.0,Adelaide Oval,Hawthorn,Gold Coast,1,17,6,108,57,51,22,194,176,370,96,9,15,110,251,27,44,31,37,36,30,34,9,14,5.0,10,17,5,152,119,271,54,5,8,114,161,34,39,26,39,35,32,35,14,9,3.0,4,8,7,42,57,99,42,4,7,-4,90,-7,5,5,-2,1,-2,-1,-5,5,2.0,6,9,-2,0
2020,2020-09-20,R18,Regular,18.0,Carrara,Sydney,Geelong,1,9,9,63,69,-6,22,189,145,334,81,5,6,102,225,25,47,33,33,37,25,52,19,17,5.0,7,9,7,189,95,284,88,10,7,111,169,28,44,37,41,49,25,52,17,19,1.0,7,10,9,0,50,50,-7,-5,-1,-9,56,-3,3,-4,-8,-12,0,0,2,-2,4.0,0,-1,-2,0
2020,2020-09-20,R18,Regular,18.0,Cazaly's Stadium,Western Bulldogs,Fremantle,0,11,8,74,44,30,22,162,125,287,58,8,12,106,186,35,48,27,58,55,22,36,15,10,6.0,8,11,8,172,129,301,79,9,8,106,197,31,32,35,38,31,44,42,10,15,4.0,5,6,6,-10,-4,-14,-21,-1,4,0,-11,4,16,-8,20,24,-22,-6,5,-5,2.0,3,5,2,0
2020,2020-09-21,R18,Regular,18.0,Gabba,Collingwood,Port Adelaide,1,7,3,45,61,-16,22,161,150,311,62,11,4,120,194,29,35,34,49,62,41,54,15,9,1.0,7,7,1,184,133,317,83,4,7,117,200,39,44,25,40,41,28,50,9,15,2.0,6,9,5,-23,17,-6,-21,7,-3,3,-6,-10,-9,9,9,21,13,4,6,-6,-1.0,1,-2,-4,0
2020,2020-09-21,R18,Regular,18.0,Gabba,Port Adelaide,Collingwood,0,9,7,61,45,16,22,184,133,317,83,4,7,117,200,39,44,25,40,41,28,50,9,15,2.0,6,9,5,161,150,311,62,11,4,120,194,29,35,34,49,62,41,54,15,9,1.0,7,7,1,23,-17,6,21,-7,3,-3,6,10,9,-9,-9,-21,-13,-4,-6,6,1.0,-1,2,4,0
2020,2020-10-01,QF,Finals,19.0,Adelaide Oval,Geelong,Port Adelaide,0,5,12,42,58,-16,22,173,115,288,73,13,10,127,158,31,41,31,51,43,36,42,15,16,3.0,4,5,10,165,115,280,47,6,4,123,152,39,40,34,69,37,24,52,16,15,3.0,6,9,4,8,0,8,26,7,6,4,6,-8,1,-3,-18,6,12,-10,-1,1,0.0,-2,-4,6,1
2020,2020-10-01,QF,Finals,19.0,Adelaide Oval,Port Adelaide,Geelong,1,9,4,58,42,16,22,165,115,280,47,6,4,123,152,39,40,34,69,37,24,52,16,15,3.0,6,9,4,173,115,288,73,13,10,127,158,31,41,31,51,43,36,42,15,16,3.0,4,5,10,-8,0,-8,-26,-7,-6,-4,-6,8,-1,3,18,-6,-12,10,1,-1,0.0,2,4,-6,1
2020,2020-10-02,QF,Finals,19.0,Gabba,Brisbane Lions,Richmond,1,10,9,69,54,15,22,178,86,264,73,9,7,121,146,38,45,40,57,50,40,35,17,11,2.0,5,10,8,161,128,289,53,5,5,131,161,37,49,34,53,43,20,58,11,17,10.0,8,8,4,17,-42,-25,20,4,2,-10,-15,1,-4,6,4,7,20,-23,6,-6,-8.0,-3,2,4,1
2020,2020-10-02,QF,Finals,19.0,Gabba,Richmond,Brisbane Lions,0,8,6,54,69,-15,22,161,128,289,53,5,5,131,161,37,49,34,53,43,20,58,11,17,10.0,8,8,4,178,86,264,73,9,7,121,146,38,45,40,57,50,40,35,17,11,2.0,5,10,8,-17,42,25,-20,-4,-2,10,15,-1,4,-6,-4,-7,-20,23,-6,6,8.0,3,-2,-4,1
2020,2020-10-03,EF,Finals,19.0,Perth Stadium,Collingwood,West Coast,0,12,4,76,75,1,22,164,119,283,61,11,7,120,164,27,40,25,48,49,27,41,16,12,3.0,8,12,4,181,105,286,87,13,10,110,176,30,38,28,42,49,27,42,12,16,2.0,10,11,9,-17,14,-3,-26,-2,-3,10,-12,-3,2,-3,6,0,0,-1,4,-4,1.0,-2,1,-5,1
2020,2020-10-03,EF,Finals,19.0,Gabba,St Kilda,Western Bulldogs,1,10,7,67,64,3,22,184,100,284,88,21,12,112,177,24,35,40,32,44,31,47,8,15,6.0,7,10,7,175,122,297,75,13,9,110,179,26,50,24,41,48,8,27,15,8,3.0,4,9,10,9,-22,-13,13,8,3,2,-2,-2,-15,16,-9,-4,23,20,-7,7,3.0,3,1,-3,1
2020,2020-10-03,EF,Finals,19.0,Perth Stadium,West Coast,Collingwood,1,11,9,75,76,-1,22,181,105,286,87,13,10,110,176,30,38,28,42,49,27,42,12,16,2.0,10,11,9,164,119,283,61,11,7,120,164,27,40,25,48,49,27,41,16,12,3.0,8,12,4,17,-14,3,26,2,3,-10,12,3,-2,3,-6,0,0,1,-4,4,-1.0,2,-1,5,1
2020,2020-10-03,EF,Finals,19.0,Gabba,Western Bulldogs,St Kilda,0,9,10,64,67,-3,22,175,122,297,75,13,9,110,179,26,50,24,41,48,8,27,15,8,3.0,4,9,10,184,100,284,88,21,12,112,177,24,35,40,32,44,31,47,8,15,6.0,7,10,7,-9,22,13,-13,-8,-3,-2,2,2,15,-16,9,4,-23,-20,7,-7,-3.0,-3,-1,3,1
2020,2020-10-09,SF,Finals,20.0,Carrara,Richmond,St Kilda,1,12,8,80,49,31,22,184,145,329,72,9,8,123,203,29,52,34,49,50,16,52,19,15,2.0,8,12,6,177,131,308,77,8,7,117,186,26,40,38,38,32,26,46,15,19,2.0,5,6,9,7,14,21,-5,1,1,6,17,3,12,-4,11,18,-10,6,4,-4,0.0,3,6,-3,1
2020,2020-10-09,SF,Finals,20.0,Carrara,St Kilda,Richmond,0,6,13,49,80,-31,22,177,131,308,77,8,7,117,186,26,40,38,38,32,26,46,15,19,2.0,5,6,9,184,145,329,72,9,8,123,203,29,52,34,49,50,16,52,19,15,2.0,8,12,6,-7,-14,-21,5,-1,-1,-6,-17,-3,-12,4,-11,-18,10,-6,-4,4,0.0,-3,-6,3,1
2020,2020-10-10,SF,Finals,20.0,Gabba,Collingwood,Geelong,0,5,2,32,100,-68,22,120,80,200,46,8,5,85,110,21,30,28,50,36,37,48,10,13,2.0,3,5,2,227,129,356,134,14,17,107,252,34,46,25,48,37,19,38,13,10,1.0,12,15,7,-107,-49,-156,-88,-6,-12,-22,-142,-13,-16,3,2,-1,18,10,-3,3,1.0,-9,-10,-5,1
2020,2020-10-10,SF,Finals,20.0,Gabba,Geelong,Collingwood,1,15,10,100,32,68,22,227,129,356,134,14,17,107,252,34,46,25,48,37,19,38,13,10,1.0,12,15,7,120,80,200,46,8,5,85,110,21,30,28,50,36,37,48,10,13,2.0,3,5,2,107,49,156,88,6,12,22,142,13,16,-3,-2,1,-18,-10,3,-3,-1.0,9,10,5,1
2020,2020-10-16,PF,Finals,21.0,Adelaide Oval,Port Adelaide,Richmond,1,6,4,40,46,-6,22,190,110,300,42,8,5,141,147,29,58,38,62,46,45,59,24,19,1.0,4,6,3,177,91,268,32,9,6,135,113,41,44,50,66,48,23,73,19,24,2.0,3,6,7,13,19,32,10,-1,-1,6,34,-12,14,-12,-4,-2,22,-14,5,-5,-1.0,1,0,-4,1
2020,2020-10-16,PF,Finals,21.0,Adelaide Oval,Richmond,Port Adelaide,0,6,10,46,40,6,22,177,91,268,32,9,6,135,113,41,44,50,66,48,23,73,19,24,2.0,3,6,7,190,110,300,42,8,5,141,147,29,58,38,62,46,45,59,24,19,1.0,4,6,3,-13,-19,-32,-10,1,1,-6,-34,12,-14,12,4,2,-22,14,-5,5,1.0,-1,0,4,1
2020,2020-10-17,PF,Finals,21.0,Gabba,Brisbane Lions,Geelong,1,6,6,42,82,-40,22,142,93,235,56,13,4,102,112,32,32,37,52,31,36,40,13,7,1.0,3,6,6,186,114,300,77,7,14,118,177,36,50,24,55,32,38,43,7,13,1.0,9,11,11,-44,-21,-65,-21,6,-10,-16,-65,-4,-18,13,-3,-1,-2,-3,6,-6,0.0,-6,-5,-5,1
2020,2020-10-17,PF,Finals,21.0,Gabba,Geelong,Brisbane Lions,0,11,16,82,42,40,22,186,114,300,77,7,14,118,177,36,50,24,55,32,38,43,7,13,1.0,9,11,11,142,93,235,56,13,4,102,112,32,32,37,52,31,36,40,13,7,1.0,3,6,6,44,21,65,21,-6,10,16,65,4,18,-13,3,1,2,3,-6,6,0.0,6,5,5,1
2020,2020-10-24,GF,Finals,22.0,Gabba,Geelong,Richmond,0,7,8,50,81,-31,22,161,113,274,51,4,9,124,145,35,40,35,51,55,43,50,16,11,1.0,6,7,7,174,104,278,36,5,8,124,128,41,49,33,73,53,27,59,11,16,2.0,10,12,6,-13,9,-4,15,-1,1,0,17,-6,-9,2,-22,2,16,-9,5,-5,-1.0,-4,-5,1,1
2020,2020-10-24,GF,Finals,22.0,Gabba,Richmond,Geelong,1,12,9,81,50,31,22,174,104,278,36,5,8,124,128,41,49,33,73,53,27,59,11,16,2.0,10,12,6,161,113,274,51,4,9,124,145,35,40,35,51,55,43,50,16,11,1.0,6,7,7,13,-9,4,-15,1,-1,0,-17,6,9,-2,22,-2,-16,9,-5,5,1.0,4,5,-1,1
2021,2021-03-18,R1,Regular,1.0,M.C.G.,Carlton,Richmond,0,11,14,80,105,-25,23,235,142,377,93,9,10,139,225,34,41,59,37,52,34,54,25,15,10.0,10,11,12,216,160,376,77,7,16,146,216,40,75,30,43,57,33,69,15,25,11.0,11,15,14,19,-18,1,16,2,-6,-7,9,-6,-34,29,-6,-5,1,-15,10,-10,-1.0,-1,-4,-2,0
2021,2021-03-18,R1,Regular,1.0,M.C.G.,Richmond,Carlton,1,15,15,105,80,25,23,216,160,376,77,7,16,146,216,40,75,30,43,57,33,69,15,25,11.0,11,15,14,235,142,377,93,9,10,139,225,34,41,59,37,52,34,54,25,15,10.0,10,11,12,-19,18,-1,-16,-2,6,7,-9,6,34,-29,6,5,-1,15,-10,10,1.0,1,4,2,0
2021,2021-03-19,R1,Regular,1.0,M.C.G.,Collingwood,Western Bulldogs,1,7,11,53,69,-16,23,197,118,315,91,17,5,131,180,32,40,49,52,43,46,63,20,24,5.0,6,7,10,260,206,466,125,15,11,156,305,38,59,34,57,55,19,61,24,20,4.0,7,10,6,-63,-88,-151,-34,2,-6,-25,-125,-6,-19,15,-5,-12,27,2,-4,4,1.0,-1,-3,4,0
2021,2021-03-19,R1,Regular,1.0,M.C.G.,Western Bulldogs,Collingwood,0,10,9,69,53,16,23,260,206,466,125,15,11,156,305,38,59,34,57,55,19,61,24,20,4.0,7,10,6,197,118,315,91,17,5,131,180,32,40,49,52,43,46,63,20,24,5.0,6,7,10,63,88,151,34,-2,6,25,125,6,19,-15,5,12,-27,-2,4,-4,-1.0,1,3,-4,0
2021,2021-03-20,R1,Regular,1.0,Adelaide Oval,Adelaide,Geelong,1,15,13,103,91,12,23,199,118,317,90,12,13,139,174,36,51,37,60,36,31,52,31,16,3.0,12,15,13,195,154,349,78,7,12,128,217,38,52,35,59,41,31,61,16,31,7.0,10,13,11,4,-36,-32,12,5,1,11,-43,-2,-1,2,1,-5,0,-9,15,-15,-4.0,2,2,2,0
2021,2021-03-20,R1,Regular,1.0,Gabba,Brisbane Lions,Sydney,1,14,10,94,125,-31,23,195,110,305,64,9,5,138,155,32,57,38,41,56,26,65,22,30,1.0,11,14,6,229,139,368,89,11,23,145,210,30,59,42,51,55,30,63,30,22,6.0,19,19,8,-34,-29,-63,-25,-2,-18,-7,-55,2,-2,-4,-10,1,-4,2,-8,8,-5.0,-8,-5,-2,0
2021,2021-03-20,R1,Regular,1.0,Docklands,Essendon,Hawthorn,1,13,13,91,92,-1,23,201,176,377,75,7,12,136,236,29,64,39,69,59,31,54,25,12,9.0,10,13,11,207,195,402,96,16,15,138,251,33,53,51,57,47,28,62,12,25,4.0,9,14,6,-6,-19,-25,-21,-9,-3,-2,-15,-4,11,-12,12,12,3,-8,13,-13,5.0,1,-1,5,0
2021,2021-03-20,R1,Regular,1.0,M.C.G.,Fremantle,Melbourne,0,8,10,58,80,-22,23,188,155,343,69,9,7,143,203,35,57,49,49,46,17,73,20,21,2.0,7,8,9,218,147,365,104,16,19,132,219,27,61,49,55,46,40,75,21,20,7.0,8,11,12,-30,8,-22,-35,-7,-12,11,-16,8,-4,0,-6,0,-23,-2,-1,1,-5.0,-1,-3,-3,0
2021,2021-03-20,R1,Regular,1.0,Adelaide Oval,Geelong,Adelaide,0,13,13,91,103,-12,23,195,154,349,78,7,12,128,217,38,52,35,59,41,31,61,16,31,7.0,10,13,11,199,118,317,90,12,13,139,174,36,51,37,60,36,31,52,31,16,3.0,12,15,13,-4,36,32,-12,-5,-1,-11,43,2,1,-2,-1,5,0,9,-15,15,4.0,-2,-2,-2,0
2021,2021-03-20,R1,Regular,1.0,Docklands,Hawthorn,Essendon,0,14,8,92,91,1,23,207,195,402,96,16,15,138,251,33,53,51,57,47,28,62,12,25,4.0,9,14,6,201,176,377,75,7,12,136,236,29,64,39,69,59,31,54,25,12,9.0,10,13,11,6,19,25,21,9,3,2,15,4,-11,12,-12,-12,-3,8,-13,13,-5.0,-1,1,-5,0
2021,2021-03-20,R1,Regular,1.0,M.C.G.,Melbourne,Fremantle,1,11,14,80,58,22,23,218,147,365,104,16,19,132,219,27,61,49,55,46,40,75,21,20,7.0,8,11,12,188,155,343,69,9,7,143,203,35,57,49,49,46,17,73,20,21,2.0,7,8,9,30,-8,22,35,7,12,-11,16,-8,4,0,6,0,23,2,1,-1,5.0,1,3,3,0
2021,2021-03-20,R1,Regular,1.0,Gabba,Sydney,Brisbane Lions,0,19,11,125,94,31,23,229,139,368,89,11,23,145,210,30,59,42,51,55,30,63,30,22,6.0,19,19,8,195,110,305,64,9,5,138,155,32,57,38,41,56,26,65,22,30,1.0,11,14,6,34,29,63,25,2,18,7,55,-2,2,4,10,-1,4,-2,8,-8,5.0,8,5,2,0
2021,2021-03-21,R1,Regular,1.0,Perth Stadium,Gold Coast,West Coast,0,8,10,58,83,-25,23,256,125,381,137,8,5,114,264,30,44,39,39,37,31,64,15,20,14.0,4,8,10,259,131,390,144,15,14,120,265,30,52,36,34,37,23,44,20,15,12.0,7,12,11,-3,-6,-9,-7,-7,-9,-6,-1,0,-8,3,5,0,8,20,-5,5,2.0,-3,-4,-1,0
2021,2021-03-21,R1,Regular,1.0,Sydney Showground,Greater Western Sydney,St Kilda,1,11,12,78,86,-8,23,218,151,369,59,12,7,168,190,40,68,44,47,68,47,66,30,14,4.0,9,11,9,235,117,352,56,1,8,140,188,49,58,55,72,69,38,78,14,29,4.0,7,13,5,-17,34,17,3,11,-1,28,2,-9,10,-11,-25,-1,9,-12,16,-15,0.0,2,-2,4,0
2021,2021-03-21,R1,Regular,1.0,Docklands,North Melbourne,Port Adelaide,1,9,11,65,117,-52,23,193,157,350,77,6,8,138,205,29,50,43,56,51,28,66,33,23,6.0,6,9,9,229,146,375,88,10,17,147,221,36,60,40,54,48,36,69,23,33,9.0,11,17,13,-36,11,-25,-11,-4,-9,-9,-16,-7,-10,3,2,3,-8,-3,10,-10,-3.0,-5,-8,-4,0
2021,2021-03-21,R1,Regular,1.0,Docklands,Port Adelaide,North Melbourne,0,17,15,117,65,52,23,229,146,375,88,10,17,147,221,36,60,40,54,48,36,69,23,33,9.0,11,17,13,193,157,350,77,6,8,138,205,29,50,43,56,51,28,66,33,23,6.0,6,9,9,36,-11,25,11,4,9,9,16,7,10,-3,-2,-3,8,3,-10,10,3.0,5,8,4,0
2021,2021-03-21,R1,Regular,1.0,Sydney Showground,St Kilda,Greater Western Sydney,0,13,8,86,78,8,23,235,117,352,56,1,8,140,188,49,58,55,72,69,38,78,14,29,4.0,7,13,5,218,151,369,59,12,7,168,190,40,68,44,47,68,47,66,30,14,4.0,9,11,9,17,-34,-17,-3,-11,1,-28,-2,9,-10,11,25,1,-9,12,-16,15,0.0,-2,2,-4,0
2021,2021-03-21,R1,Regular,1.0,Perth Stadium,West Coast,Gold Coast,1,12,11,83,58,25,23,259,131,390,144,15,14,120,265,30,52,36,34,37,23,44,20,15,12.0,7,12,11,256,125,381,137,8,5,114,264,30,44,39,39,37,31,64,15,20,14.0,4,8,10,3,6,9,7,7,9,6,1,0,8,-3,-5,0,-8,-20,5,-5,-2.0,3,4,1,0
2021,2021-03-25,R2,Regular,2.0,M.C.G.,Carlton,Collingwood,1,13,7,85,106,-21,23,214,132,346,91,10,13,126,217,40,59,31,41,61,21,49,20,23,5.0,10,13,5,231,140,371,97,14,13,145,217,35,48,47,65,44,55,63,23,20,9.0,13,16,8,-17,-8,-25,-6,-4,0,-19,0,5,11,-16,-24,17,-34,-14,-3,3,-4.0,-3,-3,-3,0
2021,2021-03-25,R2,Regular,2.0,M.C.G.,Collingwood,Carlton,0,16,10,106,85,21,23,231,140,371,97,14,13,145,217,35,48,47,65,44,55,63,23,20,9.0,13,16,8,214,132,346,91,10,13,126,217,40,59,31,41,61,21,49,20,23,5.0,10,13,5,17,8,25,6,4,0,19,0,-5,-11,16,24,-17,34,14,3,-3,4.0,3,3,3,0
2021,2021-03-26,R2,Regular,2.0,Kardinia Park,Brisbane Lions,Geelong,0,11,14,80,81,-1,23,186,84,270,72,8,7,121,140,32,50,33,57,44,25,58,23,21,2.0,5,11,11,237,142,379,118,12,11,130,241,45,47,38,56,37,35,60,21,22,6.0,10,12,9,-51,-58,-109,-46,-4,-4,-9,-101,-13,3,-5,1,7,-10,-2,2,-1,-4.0,-5,-1,2,0
2021,2021-03-26,R2,Regular,2.0,Kardinia Park,Geelong,Brisbane Lions,1,12,9,81,80,1,23,237,142,379,118,12,11,130,241,45,47,38,56,37,35,60,21,22,6.0,10,12,9,186,84,270,72,8,7,121,140,32,50,33,57,44,25,58,23,21,2.0,5,11,11,51,58,109,46,4,4,9,101,13,-3,5,-1,-7,10,2,-2,1,4.0,5,1,-2,0
2021,2021-03-27,R2,Regular,2.0,S.C.G.,Adelaide,Sydney,0,11,22,88,121,-33,23,184,131,315,59,5,12,124,178,41,55,43,50,33,32,42,29,14,3.0,6,11,19,239,137,376,104,8,15,128,232,28,61,44,55,51,34,48,14,29,6.0,14,18,11,-55,-6,-61,-45,-3,-3,-4,-54,13,-6,-1,-5,-18,-2,-6,15,-15,-3.0,-8,-7,8,0
2021,2021-03-27,R2,Regular,2.0,Adelaide Oval,Essendon,Port Adelaide,0,9,11,65,119,-54,23,198,143,341,82,9,10,127,210,28,39,44,55,52,26,62,20,23,3.0,4,9,7,242,191,433,103,10,18,154,277,39,62,29,50,45,36,70,23,20,8.0,14,18,9,-44,-48,-92,-21,-1,-8,-27,-67,-11,-23,15,5,7,-10,-8,-3,3,-5.0,-10,-9,-2,0
2021,2021-03-27,R2,Regular,2.0,Carrara,Gold Coast,North Melbourne,1,14,14,98,39,59,23,292,148,440,115,8,16,158,274,39,66,47,69,58,34,68,20,21,11.0,8,14,13,203,165,368,81,7,3,139,224,32,52,50,62,51,40,77,21,19,1.0,5,5,7,89,-17,72,34,1,13,19,50,7,14,-3,7,7,-6,-9,-1,2,10.0,3,9,6,0
2021,2021-03-27,R2,Regular,2.0,Docklands,Melbourne,St Kilda,0,12,19,91,73,18,23,232,163,395,115,6,17,132,262,34,54,41,57,36,52,53,14,15,3.0,5,12,16,225,140,365,104,9,12,118,235,34,53,42,56,61,17,63,15,14,10.0,6,11,7,7,23,30,11,-3,5,14,27,0,1,-1,1,-25,35,-10,-1,1,-7.0,-1,1,9,0
2021,2021-03-27,R2,Regular,2.0,Carrara,North Melbourne,Gold Coast,0,5,9,39,98,-59,23,203,165,368,81,7,3,139,224,32,52,50,62,51,40,77,21,19,1.0,5,5,7,292,148,440,115,8,16,158,274,39,66,47,69,58,34,68,20,21,11.0,8,14,13,-89,17,-72,-34,-1,-13,-19,-50,-7,-14,3,-7,-7,6,9,1,-2,-10.0,-3,-9,-6,0
2021,2021-03-27,R2,Regular,2.0,Adelaide Oval,Port Adelaide,Essendon,1,18,11,119,65,54,23,242,191,433,103,10,18,154,277,39,62,29,50,45,36,70,23,20,8.0,14,18,9,198,143,341,82,9,10,127,210,28,39,44,55,52,26,62,20,23,3.0,4,9,7,44,48,92,21,1,8,27,67,11,23,-15,-5,-7,10,8,3,-3,5.0,10,9,2,0
2021,2021-03-27,R2,Regular,2.0,Docklands,St Kilda,Melbourne,1,11,7,73,91,-18,23,225,140,365,104,9,12,118,235,34,53,42,56,61,17,63,15,14,10.0,6,11,7,232,163,395,115,6,17,132,262,34,54,41,57,36,52,53,14,15,3.0,5,12,16,-7,-23,-30,-11,3,-5,-14,-27,0,-1,1,-1,25,-35,10,1,-1,7.0,1,-1,-9,0
2021,2021-03-27,R2,Regular,2.0,S.C.G.,Sydney,Adelaide,1,18,13,121,88,33,23,239,137,376,104,8,15,128,232,28,61,44,55,51,34,48,14,29,6.0,14,18,11,184,131,315,59,5,12,124,178,41,55,43,50,33,32,42,29,14,3.0,6,11,19,55,6,61,45,3,3,4,54,-13,6,1,5,18,2,6,-15,15,3.0,8,7,-8,0
2021,2021-03-28,R2,Regular,2.0,Perth Stadium,Fremantle,Greater Western Sydney,1,11,21,87,56,31,23,241,178,419,114,12,22,145,278,30,58,35,48,55,27,56,21,22,3.0,8,11,17,207,138,345,81,6,5,113,219,21,42,46,48,49,19,50,22,21,6.0,6,7,14,34,40,74,33,6,17,32,59,9,16,-11,0,6,8,6,-1,1,-3.0,2,4,3,0
2021,2021-03-28,R2,Regular,2.0,Perth Stadium,Greater Western Sydney,Fremantle,0,7,14,56,87,-31,23,207,138,345,81,6,5,113,219,21,42,46,48,49,19,50,22,21,6.0,6,7,14,241,178,419,114,12,22,145,278,30,58,35,48,55,27,56,21,22,3.0,8,11,17,-34,-40,-74,-33,-6,-17,-32,-59,-9,-16,11,0,-6,-8,-6,1,-1,3.0,-2,-4,-3,0
2021,2021-03-28,R2,Regular,2.0,M.C.G.,Hawthorn,Richmond,1,7,7,49,78,-29,23,231,167,398,137,10,11,117,288,23,45,46,36,55,25,67,22,25,9.0,5,7,6,222,143,365,116,13,16,128,236,26,58,38,42,43,24,59,25,22,15.0,8,11,11,9,24,33,21,-3,-5,-11,52,-3,-13,8,-6,12,1,8,-3,3,-6.0,-3,-4,-5,0
2021,2021-03-28,R2,Regular,2.0,M.C.G.,Richmond,Hawthorn,0,11,12,78,49,29,23,222,143,365,116,13,16,128,236,26,58,38,42,43,24,59,25,22,15.0,8,11,11,231,167,398,137,10,11,117,288,23,45,46,36,55,25,67,22,25,9.0,5,7,6,-9,-24,-33,-21,3,5,11,-52,3,13,-8,6,-12,-1,-8,3,-3,6.0,3,4,5,0
2021,2021-03-28,R2,Regular,2.0,Docklands,West Coast,Western Bulldogs,0,14,9,93,100,-7,23,219,93,312,102,16,13,128,179,37,47,37,46,58,52,47,19,14,3.0,10,14,8,214,192,406,95,15,17,139,275,41,51,31,43,50,21,51,14,19,7.0,12,14,12,5,-99,-94,7,1,-4,-11,-96,-4,-4,6,3,8,31,-4,5,-5,-4.0,-2,0,-4,0
2021,2021-03-28,R2,Regular,2.0,Docklands,Western Bulldogs,West Coast,1,14,16,100,93,7,23,214,192,406,95,15,17,139,275,41,51,31,43,50,21,51,14,19,7.0,12,14,12,219,93,312,102,16,13,128,179,37,47,37,46,58,52,47,19,14,3.0,10,14,8,-5,99,94,-7,-1,4,11,96,4,4,-6,-3,-8,-31,4,-5,5,4.0,2,0,4,0
2021,2021-04-01,R3,Regular,3.0,Docklands,Brisbane Lions,Collingwood,0,11,7,73,72,1,23,258,123,381,131,12,11,139,242,30,58,41,70,47,4,56,17,17,3.0,9,11,6,242,156,398,108,12,7,155,239,35,53,47,56,37,63,61,17,17,6.0,7,11,5,16,-33,-17,23,0,4,-16,3,-5,5,-6,14,10,-59,-5,0,0,-3.0,2,0,1,0
2021,2021-04-01,R3,Regular,3.0,Docklands,Collingwood,Brisbane Lions,1,11,6,72,73,-1,23,242,156,398,108,12,7,155,239,35,53,47,56,37,63,61,17,17,6.0,7,11,5,258,123,381,131,12,11,139,242,30,58,41,70,47,4,56,17,17,3.0,9,11,6,-16,33,17,-23,0,-4,16,-3,5,-5,6,-14,-10,59,5,0,0,3.0,-2,0,-1,0
2021,2021-04-02,R3,Regular,3.0,Adelaide Oval,Adelaide,Gold Coast,1,14,11,95,85,10,23,210,161,371,81,12,11,148,219,32,57,45,58,58,36,61,17,20,0.0,9,14,10,230,99,329,104,14,10,150,169,41,58,41,70,43,34,55,20,17,6.0,10,12,11,-20,62,42,-23,-2,1,-2,50,-9,-1,4,-12,15,2,6,-3,3,-6.0,-1,2,-1,0
2021,2021-04-02,R3,Regular,3.0,Adelaide Oval,Gold Coast,Adelaide,0,12,13,85,95,-10,23,230,99,329,104,14,10,150,169,41,58,41,70,43,34,55,20,17,6.0,10,12,11,210,161,371,81,12,11,148,219,32,57,45,58,58,36,61,17,20,0.0,9,14,10,20,-62,-42,23,2,-1,2,-50,9,1,-4,12,-15,-2,-6,3,-3,6.0,1,-2,1,0
2021,2021-04-02,R3,Regular,3.0,Docklands,North Melbourne,Western Bulldogs,1,5,9,39,167,-128,23,213,123,336,123,7,9,102,234,24,33,38,52,29,34,55,12,21,3.0,4,5,7,234,200,434,102,14,24,150,276,37,64,25,48,44,17,48,21,12,15.0,17,25,14,-21,-77,-98,21,-7,-15,-48,-42,-13,-31,13,4,-15,17,7,-9,9,-12.0,-13,-20,-7,0
2021,2021-04-02,R3,Regular,3.0,Docklands,Western Bulldogs,North Melbourne,0,25,17,167,39,128,23,234,200,434,102,14,24,150,276,37,64,25,48,44,17,48,21,12,15.0,17,25,14,213,123,336,123,7,9,102,234,24,33,38,52,29,34,55,12,21,3.0,4,5,7,21,77,98,-21,7,15,48,42,13,31,-13,-4,15,-17,-7,9,-9,12.0,13,20,7,0
2021,2021-04-03,R3,Regular,3.0,Docklands,Essendon,St Kilda,1,22,11,143,68,75,23,255,188,443,136,9,17,124,308,33,56,44,54,49,22,54,22,18,3.0,19,22,10,192,134,326,95,19,15,120,202,27,53,32,32,36,31,62,18,22,4.0,7,9,13,63,54,117,41,-10,2,4,106,6,3,12,22,13,-9,-8,4,-4,-1.0,12,13,-3,0
2021,2021-04-03,R3,Regular,3.0,Perth Stadium,Port Adelaide,West Coast,0,11,5,71,108,-37,23,198,153,351,87,13,9,135,211,27,40,41,52,54,30,59,16,21,4.0,10,11,4,272,140,412,142,21,15,153,270,41,57,29,46,57,32,49,21,16,0.0,12,16,11,-74,13,-61,-55,-8,-6,-18,-59,-14,-17,12,6,-3,-2,10,-5,5,4.0,-2,-5,-7,0
2021,2021-04-03,R3,Regular,3.0,M.C.G.,Richmond,Sydney,1,10,12,72,117,-45,23,188,152,340,79,9,10,122,216,25,47,43,55,47,20,69,15,25,11.0,6,10,12,253,134,387,124,7,15,129,253,31,62,36,39,37,26,50,25,15,3.0,12,17,13,-65,18,-47,-45,2,-5,-7,-37,-6,-15,7,16,10,-6,19,-10,10,8.0,-6,-7,-1,0
2021,2021-04-03,R3,Regular,3.0,Docklands,St Kilda,Essendon,0,9,14,68,143,-75,23,192,134,326,95,19,15,120,202,27,53,32,32,36,31,62,18,22,4.0,7,9,13,255,188,443,136,9,17,124,308,33,56,44,54,49,22,54,22,18,3.0,19,22,10,-63,-54,-117,-41,10,-2,-4,-106,-6,-3,-12,-22,-13,9,8,-4,4,1.0,-12,-13,3,0
2021,2021-04-03,R3,Regular,3.0,M.C.G.,Sydney,Richmond,0,17,15,117,72,45,23,253,134,387,124,7,15,129,253,31,62,36,39,37,26,50,25,15,3.0,12,17,13,188,152,340,79,9,10,122,216,25,47,43,55,47,20,69,15,25,11.0,6,10,12,65,-18,47,45,-2,5,7,37,6,15,-7,-16,-10,6,-19,10,-10,-8.0,6,7,1,0
2021,2021-04-03,R3,Regular,3.0,Perth Stadium,West Coast,Port Adelaide,1,16,12,108,71,37,23,272,140,412,142,21,15,153,270,41,57,29,46,57,32,49,21,16,0.0,12,16,11,198,153,351,87,13,9,135,211,27,40,41,52,54,30,59,16,21,4.0,10,11,4,74,-13,61,55,8,6,18,59,14,17,-12,-6,3,2,-10,5,-5,-4.0,2,5,7,0
2021,2021-04-04,R3,Regular,3.0,Docklands,Carlton,Fremantle,1,16,13,109,64,45,23,262,166,428,118,10,20,144,281,43,64,34,46,63,34,63,29,19,9.0,9,16,11,196,121,317,78,7,10,127,187,29,43,47,62,58,35,73,19,29,4.0,7,9,8,66,45,111,40,3,10,17,94,14,21,-13,-16,5,-1,-10,10,-10,5.0,2,7,3,0
2021,2021-04-04,R3,Regular,3.0,Docklands,Fremantle,Carlton,0,9,10,64,109,-45,23,196,121,317,78,7,10,127,187,29,43,47,62,58,35,73,19,29,4.0,7,9,8,262,166,428,118,10,20,144,281,43,64,34,46,63,34,63,29,19,9.0,9,16,11,-66,-45,-111,-40,-3,-10,-17,-94,-14,-21,13,16,-5,1,10,-10,10,-5.0,-2,-7,-3,0
2021,2021-04-04,R3,Regular,3.0,Manuka Oval,Greater Western Sydney,Melbourne,1,11,2,68,102,-34,23,208,151,359,80,6,6,133,223,37,49,49,53,70,31,71,20,21,4.0,8,11,2,241,136,377,97,12,12,153,226,45,67,38,62,44,41,62,21,20,6.0,8,15,11,-33,15,-18,-17,-6,-6,-20,-3,-8,-18,11,-9,26,-10,9,-1,1,-2.0,0,-4,-9,0
2021,2021-04-04,R3,Regular,3.0,Manuka Oval,Melbourne,Greater Western Sydney,0,15,12,102,68,34,23,241,136,377,97,12,12,153,226,45,67,38,62,44,41,62,21,20,6.0,8,15,11,208,151,359,80,6,6,133,223,37,49,49,53,70,31,71,20,21,4.0,8,11,2,33,-15,18,17,6,6,20,3,8,18,-11,9,-26,10,-9,1,-1,2.0,0,4,9,0
2021,2021-04-05,R3,Regular,3.0,M.C.G.,Geelong,Hawthorn,1,10,9,69,64,5,23,230,163,393,123,11,10,121,268,33,53,33,53,50,26,60,17,24,10.0,8,10,9,210,166,376,95,9,5,120,251,37,44,39,64,34,36,52,24,17,10.0,2,9,9,20,-3,17,28,2,5,1,17,-4,9,-6,-11,16,-10,8,-7,7,0.0,6,1,0,0
2021,2021-04-05,R3,Regular,3.0,M.C.G.,Hawthorn,Geelong,0,9,10,64,69,-5,23,210,166,376,95,9,5,120,251,37,44,39,64,34,36,52,24,17,10.0,2,9,9,230,163,393,123,11,10,121,268,33,53,33,53,50,26,60,17,24,10.0,8,10,9,-20,3,-17,-28,-2,-5,-1,-17,4,-9,6,11,-16,10,-8,7,-7,0.0,-6,-1,0,0
2021,2021-04-08,R4,Regular,4.0,S.C.G.,Essendon,Sydney,0,12,8,80,83,-3,23,189,147,336,78,11,11,128,188,26,53,42,78,52,27,69,17,29,4.0,7,12,6,230,136,366,83,12,18,154,204,45,56,38,54,52,36,52,29,17,5.0,8,11,16,-41,11,-30,-5,-1,-7,-26,-16,-19,-3,4,24,0,-9,17,-12,12,-1.0,-1,1,-10,0
2021,2021-04-08,R4,Regular,4.0,S.C.G.,Sydney,Essendon,1,11,17,83,80,3,23,230,136,366,83,12,18,154,204,45,56,38,54,52,36,52,29,17,5.0,8,11,16,189,147,336,78,11,11,128,188,26,53,42,78,52,27,69,17,29,4.0,7,12,6,41,-11,30,5,1,7,26,16,19,3,-4,-24,0,9,-17,12,-12,1.0,1,-1,10,0
2021,2021-04-09,R4,Regular,4.0,Adelaide Oval,Port Adelaide,Richmond,1,11,13,79,77,2,23,232,149,381,95,9,16,154,228,36,61,38,54,62,25,63,22,12,2.0,6,11,10,201,165,366,73,6,6,119,229,24,49,47,52,41,27,65,12,21,9.0,8,11,6,31,-16,15,22,3,10,35,-1,12,12,-9,2,21,-2,-2,10,-9,-7.0,-2,0,4,0
2021,2021-04-09,R4,Regular,4.0,Adelaide Oval,Richmond,Port Adelaide,0,11,11,77,79,-2,23,201,165,366,73,6,6,119,229,24,49,47,52,41,27,65,12,21,9.0,8,11,6,232,149,381,95,9,16,154,228,36,61,38,54,62,25,63,22,12,2.0,6,11,10,-31,16,-15,-22,-3,-10,-35,1,-12,-12,9,-2,-21,2,2,-10,9,7.0,2,0,-4,0
2021,2021-04-10,R4,Regular,4.0,Eureka Stadium,Brisbane Lions,Western Bulldogs,0,8,6,54,73,-19,23,232,129,361,110,20,9,150,216,43,44,51,50,55,35,80,16,30,1.0,6,8,5,193,154,347,63,15,11,156,192,41,61,33,81,37,40,46,30,16,6.0,6,10,13,39,-25,14,47,5,-2,-6,24,2,-17,18,-31,18,-5,34,-14,14,-5.0,0,-2,-8,0
2021,2021-04-10,R4,Regular,4.0,Carrara,Carlton,Gold Coast,0,9,16,70,59,11,23,252,116,368,88,11,6,150,201,39,56,37,62,46,64,59,17,24,5.0,6,9,15,250,111,361,94,7,8,143,199,46,45,45,78,50,20,63,24,17,10.0,7,8,5,2,5,7,-6,4,-2,7,2,-7,11,-8,-16,-4,44,-4,-7,7,-5.0,-1,1,10,0
2021,2021-04-10,R4,Regular,4.0,M.C.G.,Collingwood,Greater Western Sydney,1,9,6,60,90,-30,23,212,141,353,83,12,6,135,202,32,52,34,61,39,44,80,24,27,0.0,4,9,6,237,170,407,107,11,9,150,241,36,48,41,63,61,18,70,27,24,2.0,10,14,4,-25,-29,-54,-24,1,-3,-15,-39,-4,4,-7,-2,-22,26,10,-3,3,-2.0,-6,-5,2,0
2021,2021-04-10,R4,Regular,4.0,Carrara,Gold Coast,Carlton,1,8,11,59,70,-11,23,250,111,361,94,7,8,143,199,46,45,45,78,50,20,63,24,17,10.0,7,8,5,252,116,368,88,11,6,150,201,39,56,37,62,46,64,59,17,24,5.0,6,9,15,-2,-5,-7,6,-4,2,-7,-2,7,-11,8,16,4,-44,4,7,-7,5.0,1,-1,-10,0
2021,2021-04-10,R4,Regular,4.0,M.C.G.,Greater Western Sydney,Collingwood,0,14,6,90,60,30,23,237,170,407,107,11,9,150,241,36,48,41,63,61,18,70,27,24,2.0,10,14,4,212,141,353,83,12,6,135,202,32,52,34,61,39,44,80,24,27,0.0,4,9,6,25,29,54,24,-1,3,15,39,4,-4,7,2,22,-26,-10,3,-3,2.0,6,5,-2,0
2021,2021-04-10,R4,Regular,4.0,Docklands,St Kilda,West Coast,1,15,12,102,82,20,23,254,150,404,115,7,11,152,249,46,53,22,69,51,32,70,21,24,5.0,11,15,11,208,117,325,102,15,9,129,187,30,36,37,53,47,45,68,24,21,2.0,6,13,2,46,33,79,13,-8,2,23,62,16,17,-15,16,4,-13,2,-3,3,3.0,5,2,9,0
2021,2021-04-10,R4,Regular,4.0,Docklands,West Coast,St Kilda,0,13,4,82,102,-20,23,208,117,325,102,15,9,129,187,30,36,37,53,47,45,68,24,21,2.0,6,13,2,254,150,404,115,7,11,152,249,46,53,22,69,51,32,70,21,24,5.0,11,15,11,-46,-33,-79,-13,8,-2,-23,-62,-16,-17,15,-16,-4,13,-2,3,-3,-3.0,-5,-2,-9,0
2021,2021-04-10,R4,Regular,4.0,Eureka Stadium,Western Bulldogs,Brisbane Lions,1,10,13,73,54,19,23,193,154,347,63,15,11,156,192,41,61,33,81,37,40,46,30,16,6.0,6,10,13,232,129,361,110,20,9,150,216,43,44,51,50,55,35,80,16,30,1.0,6,8,5,-39,25,-14,-47,-5,2,6,-24,-2,17,-18,31,-18,5,-34,14,-14,5.0,0,2,8,0
2021,2021-04-11,R4,Regular,4.0,Docklands,Adelaide,North Melbourne,0,16,13,109,68,41,23,221,149,370,105,19,15,141,227,32,59,42,68,46,31,55,26,28,9.0,13,16,11,190,138,328,76,8,6,132,188,30,53,42,66,45,38,69,28,25,12.0,5,10,6,31,11,42,29,11,9,9,39,2,6,0,2,1,-7,-14,-2,3,-3.0,8,6,5,0
2021,2021-04-11,R4,Regular,4.0,Perth Stadium,Fremantle,Hawthorn,1,13,18,96,81,15,23,196,142,338,90,17,21,131,209,37,62,30,41,48,30,58,20,16,5.0,9,13,16,238,185,423,118,15,11,130,279,30,45,47,41,43,33,61,16,20,2.0,6,12,7,-42,-43,-85,-28,2,10,1,-70,7,17,-17,0,5,-3,-3,4,-4,3.0,3,1,9,0
2021,2021-04-11,R4,Regular,4.0,M.C.G.,Geelong,Melbourne,0,9,6,60,85,-25,23,209,153,362,81,8,6,148,211,35,50,50,74,56,24,65,21,23,6.0,5,9,6,237,130,367,78,12,9,167,189,45,62,41,82,49,54,59,23,21,2.0,8,12,10,-28,23,-5,3,-4,-3,-19,22,-10,-12,9,-8,7,-30,6,-2,2,4.0,-3,-3,-4,0
2021,2021-04-11,R4,Regular,4.0,Perth Stadium,Hawthorn,Fremantle,0,12,9,81,96,-15,23,238,185,423,118,15,11,130,279,30,45,47,41,43,33,61,16,20,2.0,6,12,7,196,142,338,90,17,21,131,209,37,62,30,41,48,30,58,20,16,5.0,9,13,16,42,43,85,28,-2,-10,-1,70,-7,-17,17,0,-5,3,3,-4,4,-3.0,-3,-1,-9,0
2021,2021-04-11,R4,Regular,4.0,M.C.G.,Melbourne,Geelong,1,12,13,85,60,25,23,237,130,367,78,12,9,167,189,45,62,41,82,49,54,59,23,21,2.0,8,12,10,209,153,362,81,8,6,148,211,35,50,50,74,56,24,65,21,23,6.0,5,9,6,28,-23,5,-3,4,3,19,-22,10,12,-9,8,-7,30,-6,2,-2,-4.0,3,3,4,0
2021,2021-04-11,R4,Regular,4.0,Docklands,North Melbourne,Adelaide,1,10,8,68,109,-41,23,190,138,328,76,8,6,132,188,30,53,42,66,45,38,69,28,25,12.0,5,10,6,221,149,370,105,19,15,141,227,32,59,42,68,46,31,55,26,28,9.0,13,16,11,-31,-11,-42,-29,-11,-9,-9,-39,-2,-6,0,-2,-1,7,14,2,-3,3.0,-8,-6,-5,0
2021,2021-04-15,R5,Regular,5.0,Docklands,Richmond,St Kilda,0,20,14,134,48,86,23,204,185,389,77,6,17,142,235,44,64,25,66,51,44,64,14,24,7.0,14,20,10,203,149,352,108,8,5,123,227,28,33,41,52,44,28,61,24,14,6.0,6,7,4,1,36,37,-31,-2,12,19,8,16,31,-16,14,7,16,3,-10,10,1.0,8,13,6,0
2021,2021-04-15,R5,Regular,5.0,Docklands,St Kilda,Richmond,1,7,6,48,134,-86,23,203,149,352,108,8,5,123,227,28,33,41,52,44,28,61,24,14,6.0,6,7,4,204,185,389,77,6,17,142,235,44,64,25,66,51,44,64,14,24,7.0,14,20,10,-1,-36,-37,31,2,-12,-19,-8,-16,-31,16,-14,-7,-16,-3,10,-10,-1.0,-8,-13,-6,0
2021,2021-04-16,R5,Regular,5.0,Perth Stadium,Collingwood,West Coast,0,11,10,76,103,-27,23,194,145,339,81,8,11,143,205,31,50,25,36,46,29,48,18,19,1.0,9,11,8,268,146,414,136,13,11,138,275,39,41,39,51,52,28,49,19,18,6.0,10,16,6,-74,-1,-75,-55,-5,0,5,-70,-8,9,-14,-15,-6,1,-1,-1,1,-5.0,-1,-5,2,0
2021,2021-04-16,R5,Regular,5.0,Perth Stadium,West Coast,Collingwood,1,16,7,103,76,27,23,268,146,414,136,13,11,138,275,39,41,39,51,52,28,49,19,18,6.0,10,16,6,194,145,339,81,8,11,143,205,31,50,25,36,46,29,48,18,19,1.0,9,11,8,74,1,75,55,5,0,-5,70,8,-9,14,15,6,-1,1,1,-1,5.0,1,5,-2,0
2021,2021-04-17,R5,Regular,5.0,Gabba,Brisbane Lions,Essendon,1,15,12,102,45,57,23,252,132,384,92,13,14,168,201,41,67,35,63,42,38,81,16,31,2.0,9,15,10,199,159,358,50,5,4,151,188,37,41,50,81,48,31,75,31,16,6.0,3,6,7,53,-27,26,42,8,10,17,13,4,26,-15,-18,-6,7,6,-15,15,-4.0,6,9,3,0
2021,2021-04-17,R5,Regular,5.0,M.C.G.,Carlton,Port Adelaide,1,9,14,68,96,-28,23,213,120,333,94,15,14,135,191,36,57,33,57,51,25,59,23,15,5.0,6,9,10,240,160,400,110,15,13,141,250,31,48,48,48,58,29,69,15,23,4.0,11,15,6,-27,-40,-67,-16,0,1,-6,-59,5,9,-15,9,-7,-4,-10,8,-8,1.0,-5,-6,4,0
2021,2021-04-17,R5,Regular,5.0,Gabba,Essendon,Brisbane Lions,0,6,9,45,102,-57,23,199,159,358,50,5,4,151,188,37,41,50,81,48,31,75,31,16,6.0,3,6,7,252,132,384,92,13,14,168,201,41,67,35,63,42,38,81,16,31,2.0,9,15,10,-53,27,-26,-42,-8,-10,-17,-13,-4,-26,15,18,6,-7,-6,15,-15,4.0,-6,-9,-3,0
2021,2021-04-17,R5,Regular,5.0,Docklands,Gold Coast,Western Bulldogs,0,8,8,56,118,-62,23,238,117,355,144,11,8,115,245,23,39,46,55,51,20,47,12,13,6.0,4,8,8,234,181,415,105,8,16,145,268,41,64,31,53,44,44,44,13,12,14.0,13,17,13,4,-64,-60,39,3,-8,-30,-23,-18,-25,15,2,7,-24,3,-1,1,-8.0,-9,-9,-5,0
2021,2021-04-17,R5,Regular,5.0,S.C.G.,Greater Western Sydney,Sydney,0,9,17,71,69,2,23,208,167,375,71,11,12,151,221,39,56,43,42,77,29,58,21,22,4.0,5,9,13,209,128,337,77,14,9,138,188,40,55,47,69,47,39,61,22,21,3.0,8,10,8,-1,39,38,-6,-3,3,13,33,-1,1,-4,-27,30,-10,-3,-1,1,1.0,-3,-1,5,0
2021,2021-04-17,R5,Regular,5.0,M.C.G.,Port Adelaide,Carlton,0,15,6,96,68,28,23,240,160,400,110,15,13,141,250,31,48,48,48,58,29,69,15,23,4.0,11,15,6,213,120,333,94,15,14,135,191,36,57,33,57,51,25,59,23,15,5.0,6,9,10,27,40,67,16,0,-1,6,59,-5,-9,15,-9,7,4,10,-8,8,-1.0,5,6,-4,0
2021,2021-04-17,R5,Regular,5.0,S.C.G.,Sydney,Greater Western Sydney,1,10,9,69,71,-2,23,209,128,337,77,14,9,138,188,40,55,47,69,47,39,61,22,21,3.0,8,10,8,208,167,375,71,11,12,151,221,39,56,43,42,77,29,58,21,22,4.0,5,9,13,1,-39,-38,6,3,-3,-13,-33,1,-1,4,27,-30,10,3,1,-1,-1.0,3,1,-5,0
2021,2021-04-17,R5,Regular,5.0,Docklands,Western Bulldogs,Gold Coast,1,17,16,118,56,62,23,234,181,415,105,8,16,145,268,41,64,31,53,44,44,44,13,12,14.0,13,17,13,238,117,355,144,11,8,115,245,23,39,46,55,51,20,47,12,13,6.0,4,8,8,-4,64,60,-39,-3,8,30,23,18,25,-15,-2,-7,24,-3,1,-1,8.0,9,9,5,0
2021,2021-04-18,R5,Regular,5.0,Adelaide Oval,Adelaide,Fremantle,1,11,6,72,84,-12,23,213,161,374,94,13,9,139,229,35,55,42,51,56,37,60,18,20,4.0,7,11,6,218,141,359,102,17,14,151,211,42,54,42,57,52,39,53,20,18,12.0,11,12,8,-5,20,15,-8,-4,-5,-12,18,-7,1,0,-6,4,-2,7,-2,2,-8.0,-4,-1,-2,0
2021,2021-04-18,R5,Regular,5.0,Adelaide Oval,Fremantle,Adelaide,0,12,12,84,72,12,23,218,141,359,102,17,14,151,211,42,54,42,57,52,39,53,20,18,12.0,11,12,8,213,161,374,94,13,9,139,229,35,55,42,51,56,37,60,18,20,4.0,7,11,6,5,-20,-15,8,4,5,12,-18,7,-1,0,6,-4,2,-7,2,-2,8.0,4,1,2,0
2021,2021-04-18,R5,Regular,5.0,Kardinia Park,Geelong,North Melbourne,1,10,17,77,47,30,23,229,212,441,98,12,15,149,289,43,64,36,40,56,15,60,23,20,3.0,7,10,14,199,122,321,89,10,10,118,187,26,43,52,53,32,45,67,20,23,2.0,5,7,3,30,90,120,9,2,5,31,102,17,21,-16,-13,24,-30,-7,3,-3,1.0,2,3,11,0
2021,2021-04-18,R5,Regular,5.0,M.C.G.,Hawthorn,Melbourne,1,8,6,54,104,-50,23,189,153,342,78,15,5,126,207,35,41,45,56,52,21,64,15,27,8.0,4,8,2,244,144,388,116,19,17,162,230,34,61,32,53,43,48,53,27,15,6.0,10,15,14,-55,9,-46,-38,-4,-12,-36,-23,1,-20,13,3,9,-27,11,-12,12,2.0,-6,-7,-12,0
2021,2021-04-18,R5,Regular,5.0,M.C.G.,Melbourne,Hawthorn,0,15,14,104,54,50,23,244,144,388,116,19,17,162,230,34,61,32,53,43,48,53,27,15,6.0,10,15,14,189,153,342,78,15,5,126,207,35,41,45,56,52,21,64,15,27,8.0,4,8,2,55,-9,46,38,4,12,36,23,-1,20,-13,-3,-9,27,-11,12,-12,-2.0,6,7,12,0
2021,2021-04-18,R5,Regular,5.0,Kardinia Park,North Melbourne,Geelong,0,7,5,47,77,-30,23,199,122,321,89,10,10,118,187,26,43,52,53,32,45,67,20,23,2.0,5,7,3,229,212,441,98,12,15,149,289,43,64,36,40,56,15,60,23,20,3.0,7,10,14,-30,-90,-120,-9,-2,-5,-31,-102,-17,-21,16,13,-24,30,7,-3,3,-1.0,-2,-3,-11,0
2021,2021-04-23,R6,Regular,6.0,Manuka Oval,Greater Western Sydney,Western Bulldogs,1,9,11,65,104,-39,23,214,115,329,99,12,7,124,191,33,42,34,52,49,26,40,15,16,2.0,7,9,8,221,175,396,89,17,18,168,231,46,49,33,54,47,45,42,16,15,2.0,13,15,10,-7,-60,-67,10,-5,-11,-44,-40,-13,-7,1,-2,2,-19,-2,-1,1,0.0,-6,-6,-2,0
2021,2021-04-23,R6,Regular,6.0,Manuka Oval,Western Bulldogs,Greater Western Sydney,0,15,14,104,65,39,23,221,175,396,89,17,18,168,231,46,49,33,54,47,45,42,16,15,2.0,13,15,10,214,115,329,99,12,7,124,191,33,42,34,52,49,26,40,15,16,2.0,7,9,8,7,60,67,-10,5,11,44,40,13,7,-1,2,-2,19,2,1,-1,0.0,6,6,2,0
2021,2021-04-24,R6,Regular,6.0,Docklands,Brisbane Lions,Carlton,0,15,13,103,85,18,23,222,131,353,72,8,10,160,197,44,61,45,71,48,42,66,20,25,1.0,12,15,11,223,133,356,90,19,12,149,194,42,58,44,64,54,47,67,25,20,9.0,12,12,12,-1,-2,-3,-18,-11,-2,11,3,2,3,1,7,-6,-5,-1,-5,5,-8.0,0,3,-1,0
2021,2021-04-24,R6,Regular,6.0,Docklands,Carlton,Brisbane Lions,1,12,13,85,103,-18,23,223,133,356,90,19,12,149,194,42,58,44,64,54,47,67,25,20,9.0,12,12,12,222,131,353,72,8,10,160,197,44,61,45,71,48,42,66,20,25,1.0,12,15,11,1,2,3,18,11,2,-11,-3,-2,-3,-1,-7,6,5,1,5,-5,8.0,0,-3,1,0
2021,2021-04-24,R6,Regular,6.0,Perth Stadium,Fremantle,North Melbourne,1,14,15,99,48,51,23,227,165,392,100,12,13,155,234,38,53,38,58,38,30,49,16,16,6.0,7,14,15,245,153,398,128,12,9,125,265,25,44,40,62,46,33,50,16,16,2.0,3,6,9,-18,12,-6,-28,0,4,30,-31,13,9,-2,-4,-8,-3,-1,0,0,4.0,4,8,6,0
2021,2021-04-24,R6,Regular,6.0,Kardinia Park,Geelong,West Coast,1,21,10,136,39,97,23,243,155,398,120,15,17,145,257,43,55,32,57,50,28,52,29,15,5.0,10,21,8,170,92,262,64,9,8,120,142,35,38,33,51,45,45,56,15,29,2.0,3,5,7,73,63,136,56,6,9,25,115,8,17,-1,6,5,-17,-4,14,-14,3.0,7,16,1,0
2021,2021-04-24,R6,Regular,6.0,Carrara,Gold Coast,Sydney,1,15,10,100,60,40,23,246,150,396,114,11,15,154,241,44,52,44,79,46,20,39,19,16,9.0,11,15,7,216,175,391,90,10,8,144,246,41,53,36,71,51,76,51,15,19,6.0,7,9,4,30,-25,5,24,1,7,10,-5,3,-1,8,8,-5,-56,-12,4,-3,3.0,4,6,3,0
2021,2021-04-24,R6,Regular,6.0,M.C.G.,Melbourne,Richmond,1,12,10,82,48,34,23,223,226,449,80,14,8,164,267,37,56,53,71,51,42,72,24,17,1.0,7,12,9,196,158,354,55,7,11,156,187,32,60,42,80,52,20,64,17,24,10.0,4,6,9,27,68,95,25,7,-3,8,80,5,-4,11,-9,-1,22,8,7,-7,-9.0,3,6,0,0
2021,2021-04-24,R6,Regular,6.0,Perth Stadium,North Melbourne,Fremantle,0,6,12,48,99,-51,23,245,153,398,128,12,9,125,265,25,44,40,62,46,33,50,16,16,2.0,3,6,9,227,165,392,100,12,13,155,234,38,53,38,58,38,30,49,16,16,6.0,7,14,15,18,-12,6,28,0,-4,-30,31,-13,-9,2,4,8,3,1,0,0,-4.0,-4,-8,-6,0
2021,2021-04-24,R6,Regular,6.0,M.C.G.,Richmond,Melbourne,0,6,12,48,82,-34,23,196,158,354,55,7,11,156,187,32,60,42,80,52,20,64,17,24,10.0,4,6,9,223,226,449,80,14,8,164,267,37,56,53,71,51,42,72,24,17,1.0,7,12,9,-27,-68,-95,-25,-7,3,-8,-80,-5,4,-11,9,1,-22,-8,-7,7,9.0,-3,-6,0,0
2021,2021-04-24,R6,Regular,6.0,Carrara,Sydney,Gold Coast,0,9,6,60,100,-40,23,216,175,391,90,10,8,144,246,41,53,36,71,51,76,51,15,19,6.0,7,9,4,246,150,396,114,11,15,154,241,44,52,44,79,46,20,39,19,16,9.0,11,15,7,-30,25,-5,-24,-1,-7,-10,5,-3,1,-8,-8,5,56,12,-4,3,-3.0,-4,-6,-3,0
2021,2021-04-24,R6,Regular,6.0,Kardinia Park,West Coast,Geelong,0,5,9,39,136,-97,23,170,92,262,64,9,8,120,142,35,38,33,51,45,45,56,15,29,2.0,3,5,7,243,155,398,120,15,17,145,257,43,55,32,57,50,28,52,29,15,5.0,10,21,8,-73,-63,-136,-56,-6,-9,-25,-115,-8,-17,1,-6,-5,17,4,-14,14,-3.0,-7,-16,-1,0
2021,2021-04-25,R6,Regular,6.0,York Park,Adelaide,Hawthorn,0,16,3,99,102,-3,23,197,141,338,80,19,14,144,195,40,51,44,58,33,43,69,25,30,3.0,10,16,3,207,162,369,86,16,18,146,214,30,61,35,51,38,28,70,30,25,10.0,11,15,9,-10,-21,-31,-6,3,-4,-2,-19,10,-10,9,7,-5,15,-1,-5,5,-7.0,-1,1,-6,0
2021,2021-04-25,R6,Regular,6.0,M.C.G.,Collingwood,Essendon,1,13,7,85,109,-24,23,200,156,356,81,9,8,140,211,38,43,38,56,49,49,58,23,17,2.0,7,13,6,233,143,376,114,13,9,126,250,39,54,29,86,38,31,54,17,23,8.0,9,16,12,-33,13,-20,-33,-4,-1,14,-39,-1,-11,9,-30,11,18,4,6,-6,-6.0,-2,-3,-6,0
2021,2021-04-25,R6,Regular,6.0,M.C.G.,Essendon,Collingwood,0,16,13,109,85,24,23,233,143,376,114,13,9,126,250,39,54,29,86,38,31,54,17,23,8.0,9,16,12,200,156,356,81,9,8,140,211,38,43,38,56,49,49,58,23,17,2.0,7,13,6,33,-13,20,33,4,1,-14,39,1,11,-9,30,-11,-18,-4,-6,6,6.0,2,3,6,0
2021,2021-04-25,R6,Regular,6.0,York Park,Hawthorn,Adelaide,1,15,12,102,99,3,23,207,162,369,86,16,18,146,214,30,61,35,51,38,28,70,30,25,10.0,11,15,9,197,141,338,80,19,14,144,195,40,51,44,58,33,43,69,25,30,3.0,10,16,3,10,21,31,6,-3,4,2,19,-10,10,-9,-7,5,-15,1,5,-5,7.0,1,-1,6,0
2021,2021-04-25,R6,Regular,6.0,Adelaide Oval,Port Adelaide,St Kilda,1,14,9,93,39,54,23,278,181,459,157,19,12,137,315,37,52,45,48,43,35,42,19,15,2.0,9,14,8,209,102,311,91,17,10,128,174,34,52,38,50,35,32,58,15,19,5.0,4,5,8,69,79,148,66,2,2,9,141,3,0,7,-2,8,3,-16,4,-4,-3.0,5,9,0,0
2021,2021-04-25,R6,Regular,6.0,Adelaide Oval,St Kilda,Port Adelaide,0,5,9,39,93,-54,23,209,102,311,91,17,10,128,174,34,52,38,50,35,32,58,15,19,5.0,4,5,8,278,181,459,157,19,12,137,315,37,52,45,48,43,35,42,19,15,2.0,9,14,8,-69,-79,-148,-66,-2,-2,-9,-141,-3,0,-7,2,-8,-3,16,-4,4,3.0,-5,-9,0,0
2021,2021-04-30,R7,Regular,7.0,M.C.G.,Richmond,Western Bulldogs,1,11,11,77,55,22,23,236,126,362,130,16,16,135,219,31,57,34,51,44,21,44,21,17,4.0,9,11,10,206,160,366,98,11,10,127,235,36,43,45,52,50,32,59,17,21,10.0,4,7,9,30,-34,-4,32,5,6,8,-16,-5,14,-11,-1,-6,-11,-15,4,-4,-6.0,5,4,1,0
2021,2021-04-30,R7,Regular,7.0,M.C.G.,Western Bulldogs,Richmond,0,7,13,55,77,-22,23,206,160,366,98,11,10,127,235,36,43,45,52,50,32,59,17,21,10.0,4,7,9,236,126,362,130,16,16,135,219,31,57,34,51,44,21,44,21,17,4.0,9,11,10,-30,34,4,-32,-5,-6,-8,16,5,-14,11,1,6,11,15,-4,4,6.0,-5,-4,-1,0
2021,2021-05-01,R7,Regular,7.0,Adelaide Oval,Adelaide,Greater Western Sydney,1,4,15,39,106,-67,23,197,152,349,85,9,5,114,230,17,52,42,41,44,28,52,17,18,9.0,2,4,9,246,164,410,111,7,14,134,264,41,58,48,60,57,24,52,18,17,5.0,12,15,14,-49,-12,-61,-26,2,-9,-20,-34,-24,-6,-6,-19,-13,4,0,-1,1,4.0,-10,-11,-5,0
2021,2021-05-01,R7,Regular,7.0,Gabba,Brisbane Lions,Port Adelaide,1,13,15,93,44,49,23,234,125,359,93,10,14,154,194,32,55,50,56,56,24,62,18,22,3.0,10,13,12,205,158,363,88,13,14,135,220,29,58,39,50,41,33,63,22,18,1.0,5,5,13,29,-33,-4,5,-3,0,19,-26,3,-3,11,6,15,-9,-1,-4,4,2.0,5,8,-1,0
2021,2021-05-01,R7,Regular,7.0,M.C.G.,Collingwood,Gold Coast,1,7,13,55,79,-24,23,221,149,370,99,17,8,136,229,37,47,38,51,38,50,55,14,16,14.0,6,7,11,263,140,403,146,21,12,138,266,31,50,39,58,44,14,53,16,14,8.0,8,12,5,-42,9,-33,-47,-4,-4,-2,-37,6,-3,-1,-7,-6,36,2,-2,2,6.0,-2,-5,6,0
2021,2021-05-01,R7,Regular,7.0,S.C.G.,Geelong,Sydney,0,12,16,88,90,-2,23,232,172,404,97,11,9,151,249,39,65,25,57,40,32,53,23,16,3.0,7,12,13,203,121,324,83,12,10,117,182,36,39,48,50,51,32,62,16,23,2.0,9,14,4,29,51,80,14,-1,-1,34,67,3,26,-23,7,-11,0,-9,7,-7,1.0,-2,-2,9,0
2021,2021-05-01,R7,Regular,7.0,M.C.G.,Gold Coast,Collingwood,0,12,7,79,55,24,23,263,140,403,146,21,12,138,266,31,50,39,58,44,14,53,16,14,8.0,8,12,5,221,149,370,99,17,8,136,229,37,47,38,51,38,50,55,14,16,14.0,6,7,11,42,-9,33,47,4,4,2,37,-6,3,1,7,6,-36,-2,2,-2,-6.0,2,5,-6,0
2021,2021-05-01,R7,Regular,7.0,Adelaide Oval,Greater Western Sydney,Adelaide,0,15,16,106,39,67,23,246,164,410,111,7,14,134,264,41,58,48,60,57,24,52,18,17,5.0,12,15,14,197,152,349,85,9,5,114,230,17,52,42,41,44,28,52,17,18,9.0,2,4,9,49,12,61,26,-2,9,20,34,24,6,6,19,13,-4,0,1,-1,-4.0,10,11,5,0
2021,2021-05-01,R7,Regular,7.0,Docklands,Hawthorn,St Kilda,0,9,5,59,128,-69,23,205,182,387,89,6,13,130,250,32,49,44,66,40,27,49,10,14,6.0,9,9,4,250,200,450,110,12,18,157,291,42,66,40,54,58,51,36,14,10,6.0,15,19,11,-45,-18,-63,-21,-6,-5,-27,-41,-10,-17,4,12,-18,-24,13,-4,4,0.0,-6,-10,-7,0
2021,2021-05-01,R7,Regular,7.0,Gabba,Port Adelaide,Brisbane Lions,0,5,14,44,93,-49,23,205,158,363,88,13,14,135,220,29,58,39,50,41,33,63,22,18,1.0,5,5,13,234,125,359,93,10,14,154,194,32,55,50,56,56,24,62,18,22,3.0,10,13,12,-29,33,4,-5,3,0,-19,26,-3,3,-11,-6,-15,9,1,4,-4,-2.0,-5,-8,1,0
2021,2021-05-01,R7,Regular,7.0,Docklands,St Kilda,Hawthorn,1,19,14,128,59,69,23,250,200,450,110,12,18,157,291,42,66,40,54,58,51,36,14,10,6.0,15,19,11,205,182,387,89,6,13,130,250,32,49,44,66,40,27,49,10,14,6.0,9,9,4,45,18,63,21,6,5,27,41,10,17,-4,-12,18,24,-13,4,-4,0.0,6,10,7,0
2021,2021-05-01,R7,Regular,7.0,S.C.G.,Sydney,Geelong,1,14,6,90,88,2,23,203,121,324,83,12,10,117,182,36,39,48,50,51,32,62,16,23,2.0,9,14,4,232,172,404,97,11,9,151,249,39,65,25,57,40,32,53,23,16,3.0,7,12,13,-29,-51,-80,-14,1,1,-34,-67,-3,-26,23,-7,11,0,9,-7,7,-1.0,2,2,-9,0
2021,2021-05-02,R7,Regular,7.0,M.C.G.,Carlton,Essendon,0,19,9,123,107,16,23,218,134,352,83,10,13,146,208,38,57,46,67,53,41,59,18,21,10.0,16,19,7,219,143,362,97,15,13,151,211,39,63,36,74,31,30,53,21,18,10.0,13,16,9,-1,-9,-10,-14,-5,0,-5,-3,-1,-6,10,-7,22,11,6,-3,3,0.0,3,3,-2,0
2021,2021-05-02,R7,Regular,7.0,M.C.G.,Essendon,Carlton,1,16,11,107,123,-16,23,219,143,362,97,15,13,151,211,39,63,36,74,31,30,53,21,18,10.0,13,16,9,218,134,352,83,10,13,146,208,38,57,46,67,53,41,59,18,21,10.0,16,19,7,1,9,10,14,5,0,5,3,1,6,-10,7,-22,-11,-6,3,-3,0.0,-3,-3,2,0
2021,2021-05-02,R7,Regular,7.0,Perth Stadium,Fremantle,West Coast,0,11,7,73,132,-59,23,190,186,376,84,6,10,120,255,31,47,35,45,56,33,54,13,18,5.0,10,11,7,249,160,409,119,9,17,135,269,40,58,35,47,51,34,48,18,13,7.0,12,20,9,-59,26,-33,-35,-3,-7,-15,-14,-9,-11,0,-2,5,-1,6,-5,5,-2.0,-2,-9,-2,0
2021,2021-05-02,R7,Regular,7.0,Bellerive Oval,Melbourne,North Melbourne,0,16,7,103,73,30,23,231,144,375,117,13,8,136,244,35,52,39,54,37,36,51,16,21,9.0,7,16,6,217,150,367,102,11,9,136,228,40,51,34,51,63,32,63,21,16,3.0,9,11,5,14,-6,8,15,2,-1,0,16,-5,1,5,3,-26,4,-12,-5,5,6.0,-2,5,1,0
2021,2021-05-02,R7,Regular,7.0,Bellerive Oval,North Melbourne,Melbourne,1,11,7,73,103,-30,23,217,150,367,102,11,9,136,228,40,51,34,51,63,32,63,21,16,3.0,9,11,5,231,144,375,117,13,8,136,244,35,52,39,54,37,36,51,16,21,9.0,7,16,6,-14,6,-8,-15,-2,1,0,-16,5,-1,-5,-3,26,-4,12,5,-5,-6.0,2,-5,-1,0
2021,2021-05-02,R7,Regular,7.0,Perth Stadium,West Coast,Fremantle,1,20,12,132,73,59,23,249,160,409,119,9,17,135,269,40,58,35,47,51,34,48,18,13,7.0,12,20,9,190,186,376,84,6,10,120,255,31,47,35,45,56,33,54,13,18,5.0,10,11,7,59,-26,33,35,3,7,15,14,9,11,0,2,-5,1,-6,5,-5,2.0,2,9,2,0
2021,2021-05-07,R8,Regular,8.0,M.C.G.,Geelong,Richmond,0,19,12,126,63,63,23,248,191,439,122,7,20,148,283,39,55,34,75,46,25,41,21,11,4.0,17,19,9,160,148,308,70,6,6,115,193,30,43,36,60,37,39,56,11,21,12.0,6,9,6,88,43,131,52,1,14,33,90,9,12,-2,15,9,-14,-15,10,-10,-8.0,11,10,3,0
2021,2021-05-07,R8,Regular,8.0,M.C.G.,Richmond,Geelong,1,9,9,63,126,-63,23,160,148,308,70,6,6,115,193,30,43,36,60,37,39,56,11,21,12.0,6,9,6,248,191,439,122,7,20,148,283,39,55,34,75,46,25,41,21,11,4.0,17,19,9,-88,-43,-131,-52,-1,-14,-33,-90,-9,-12,2,-15,-9,14,15,-10,10,8.0,-11,-10,-3,0
2021,2021-05-08,R8,Regular,8.0,Adelaide Oval,Adelaide,Port Adelaide,0,5,8,38,87,-49,23,197,125,322,46,5,2,159,145,38,48,48,77,56,32,59,21,18,0.0,4,5,8,257,161,418,84,13,12,170,235,44,63,43,85,57,42,65,18,21,3.0,9,12,12,-60,-36,-96,-38,-8,-10,-11,-90,-6,-15,5,-8,-1,-10,-6,3,-3,-3.0,-5,-7,-4,0
2021,2021-05-08,R8,Regular,8.0,Docklands,Collingwood,North Melbourne,0,14,10,94,76,18,23,240,187,427,112,11,11,133,288,29,52,44,49,44,25,56,18,21,3.0,9,14,7,227,151,378,110,9,16,119,258,24,55,38,44,47,20,59,21,18,7.0,8,11,10,13,36,49,2,2,-5,14,30,5,-3,6,5,-3,5,-3,-3,3,-4.0,1,3,-3,0
2021,2021-05-08,R8,Regular,8.0,Sydney Showground,Essendon,Greater Western Sydney,0,16,9,105,107,-2,23,227,166,393,103,9,14,117,264,32,61,33,44,51,36,56,17,17,12.0,14,16,9,226,154,380,88,11,9,135,241,37,49,44,43,57,28,56,17,17,8.0,10,16,8,1,12,13,15,-2,5,-18,23,-5,12,-11,1,-6,8,0,0,0,4.0,4,0,1,0
2021,2021-05-08,R8,Regular,8.0,Carrara,Gold Coast,St Kilda,1,7,12,54,63,-9,23,231,144,375,120,10,11,123,239,27,53,47,60,46,15,65,17,19,16.0,6,7,11,260,137,397,125,13,10,140,248,37,57,46,56,51,49,63,19,17,2.0,4,8,13,-29,7,-22,-5,-3,1,-17,-9,-10,-4,1,4,-5,-34,2,-2,2,14.0,2,-1,-2,0
2021,2021-05-08,R8,Regular,8.0,Sydney Showground,Greater Western Sydney,Essendon,1,16,11,107,105,2,23,226,154,380,88,11,9,135,241,37,49,44,43,57,28,56,17,17,8.0,10,16,8,227,166,393,103,9,14,117,264,32,61,33,44,51,36,56,17,17,12.0,14,16,9,-1,-12,-13,-15,2,-5,18,-23,5,-12,11,-1,6,-8,0,0,0,-4.0,-4,0,-1,0
2021,2021-05-08,R8,Regular,8.0,M.C.G.,Melbourne,Sydney,1,10,7,67,58,9,23,193,179,372,56,4,9,159,205,37,46,49,76,48,53,63,15,17,3.0,7,10,4,234,146,380,87,11,6,165,211,39,58,36,92,56,28,60,17,15,6.0,6,8,5,-41,33,-8,-31,-7,3,-6,-6,-2,-12,13,-16,-8,25,3,-2,2,-3.0,1,2,-1,0
2021,2021-05-08,R8,Regular,8.0,Docklands,North Melbourne,Collingwood,1,11,10,76,94,-18,23,227,151,378,110,9,16,119,258,24,55,38,44,47,20,59,21,18,7.0,8,11,10,240,187,427,112,11,11,133,288,29,52,44,49,44,25,56,18,21,3.0,9,14,7,-13,-36,-49,-2,-2,5,-14,-30,-5,3,-6,-5,3,-5,3,3,-3,4.0,-1,-3,3,0
2021,2021-05-08,R8,Regular,8.0,Adelaide Oval,Port Adelaide,Adelaide,1,12,15,87,38,49,23,257,161,418,84,13,12,170,235,44,63,43,85,57,42,65,18,21,3.0,9,12,12,197,125,322,46,5,2,159,145,38,48,48,77,56,32,59,21,18,0.0,4,5,8,60,36,96,38,8,10,11,90,6,15,-5,8,1,10,6,-3,3,3.0,5,7,4,0
2021,2021-05-08,R8,Regular,8.0,Carrara,St Kilda,Gold Coast,0,8,15,63,54,9,23,260,137,397,125,13,10,140,248,37,57,46,56,51,49,63,19,17,2.0,4,8,13,231,144,375,120,10,11,123,239,27,53,47,60,46,15,65,17,19,16.0,6,7,11,29,-7,22,5,3,-1,17,9,10,4,-1,-4,5,34,-2,2,-2,-14.0,-2,1,2,0
2021,2021-05-08,R8,Regular,8.0,M.C.G.,Sydney,Melbourne,0,8,10,58,67,-9,23,234,146,380,87,11,6,165,211,39,58,36,92,56,28,60,17,15,6.0,6,8,5,193,179,372,56,4,9,159,205,37,46,49,76,48,53,63,15,17,3.0,7,10,4,41,-33,8,31,7,-3,6,6,2,12,-13,16,8,-25,-3,2,-2,3.0,-1,-2,1,0
2021,2021-05-09,R8,Regular,8.0,Gabba,Brisbane Lions,Fremantle,1,14,11,95,71,24,23,243,117,360,119,18,22,135,218,34,49,40,44,39,18,43,16,11,1.0,12,14,10,184,159,343,74,8,18,121,215,33,52,33,40,47,52,51,11,16,11.0,9,10,9,59,-42,17,45,10,4,14,3,1,-3,7,4,-8,-34,-8,5,-5,-10.0,3,4,1,0
2021,2021-05-09,R8,Regular,8.0,Docklands,Carlton,Western Bulldogs,0,13,13,91,107,-16,23,199,121,320,83,15,11,132,187,27,44,44,46,41,42,63,19,22,8.0,11,13,12,221,138,359,98,15,19,131,222,43,60,31,58,52,23,63,22,19,2.0,11,16,8,-22,-17,-39,-15,0,-8,1,-35,-16,-16,13,-12,-11,19,0,-3,3,6.0,0,-3,4,0
2021,2021-05-09,R8,Regular,8.0,Gabba,Fremantle,Brisbane Lions,0,10,11,71,95,-24,23,184,159,343,74,8,18,121,215,33,52,33,40,47,52,51,11,16,11.0,9,10,9,243,117,360,119,18,22,135,218,34,49,40,44,39,18,43,16,11,1.0,12,14,10,-59,42,-17,-45,-10,-4,-14,-3,-1,3,-7,-4,8,34,8,-5,5,10.0,-3,-4,-1,0
2021,2021-05-09,R8,Regular,8.0,M.C.G.,Hawthorn,West Coast,1,8,12,60,98,-38,23,207,194,401,99,7,10,122,283,27,35,49,63,57,25,55,16,10,4.0,6,8,7,246,136,382,126,20,12,139,252,35,63,26,49,57,39,49,10,16,8.0,9,14,7,-39,58,19,-27,-13,-2,-17,31,-8,-28,23,14,0,-14,6,6,-6,-4.0,-3,-6,0,0
2021,2021-05-09,R8,Regular,8.0,M.C.G.,West Coast,Hawthorn,0,14,14,98,60,38,23,246,136,382,126,20,12,139,252,35,63,26,49,57,39,49,10,16,8.0,9,14,7,207,194,401,99,7,10,122,283,27,35,49,63,57,25,55,16,10,4.0,6,8,7,39,-58,-19,27,13,2,17,-31,8,28,-23,-14,0,14,-6,-6,6,4.0,3,6,0,0
2021,2021-05-09,R8,Regular,8.0,Docklands,Western Bulldogs,Carlton,1,16,11,107,91,16,23,221,138,359,98,15,19,131,222,43,60,31,58,52,23,63,22,19,2.0,11,16,8,199,121,320,83,15,11,132,187,27,44,44,46,41,42,63,19,22,8.0,11,13,12,22,17,39,15,0,8,-1,35,16,16,-13,12,11,-19,0,3,-3,-6.0,0,3,-4,0
2021,2021-05-14,R9,Regular,9.0,Docklands,Geelong,St Kilda,0,10,8,68,47,21,23,226,172,398,103,11,9,134,258,30,45,40,62,41,23,42,13,12,3.0,7,10,7,195,128,323,89,8,14,112,204,34,48,35,87,40,42,43,12,13,7.0,1,5,13,31,44,75,14,3,-5,22,54,-4,-3,5,-25,1,-19,-1,1,-1,-4.0,6,5,-6,0
2021,2021-05-14,R9,Regular,9.0,Docklands,St Kilda,Geelong,1,5,17,47,68,-21,23,195,128,323,89,8,14,112,204,34,48,35,87,40,42,43,12,13,7.0,1,5,13,226,172,398,103,11,9,134,258,30,45,40,62,41,23,42,13,12,3.0,7,10,7,-31,-44,-75,-14,-3,5,-22,-54,4,3,-5,25,-1,19,1,-1,1,4.0,-6,-5,6,0
2021,2021-05-15,R9,Regular,9.0,Carrara,Brisbane Lions,Gold Coast,0,19,10,124,51,73,23,263,151,414,138,20,16,135,279,40,64,32,39,44,42,42,21,11,3.0,13,19,7,177,118,295,81,10,6,111,190,25,39,40,43,53,17,50,11,21,12.0,3,7,7,86,33,119,57,10,10,24,89,15,25,-8,-4,-9,25,-8,10,-10,-9.0,10,12,0,0
2021,2021-05-15,R9,Regular,9.0,S.C.G.,Collingwood,Sydney,0,5,12,42,72,-30,23,189,181,370,69,11,4,149,210,39,45,46,69,40,34,70,15,20,5.0,4,5,8,218,184,402,95,21,12,153,243,29,58,40,82,42,22,56,20,15,1.0,8,10,12,-29,-3,-32,-26,-10,-8,-4,-33,10,-13,6,-13,-2,12,14,-5,5,4.0,-4,-5,-4,0
2021,2021-05-15,R9,Regular,9.0,Carrara,Gold Coast,Brisbane Lions,1,7,9,51,124,-73,23,177,118,295,81,10,6,111,190,25,39,40,43,53,17,50,11,21,12.0,3,7,7,263,151,414,138,20,16,135,279,40,64,32,39,44,42,42,21,11,3.0,13,19,7,-86,-33,-119,-57,-10,-10,-24,-89,-15,-25,8,4,9,-25,8,-10,10,9.0,-10,-12,0,0
2021,2021-05-15,R9,Regular,9.0,Docklands,Greater Western Sydney,Richmond,0,12,11,83,87,-4,23,210,163,373,89,6,17,150,219,40,44,32,77,46,45,62,19,12,4.0,9,12,8,193,151,344,82,9,9,135,200,36,46,32,69,39,37,63,12,19,3.0,6,13,8,17,12,29,7,-3,8,15,19,4,-2,0,8,7,8,-1,7,-7,1.0,3,-1,0,0
2021,2021-05-15,R9,Regular,9.0,York Park,Hawthorn,North Melbourne,1,12,8,80,87,-7,23,192,185,377,82,12,5,123,257,28,40,44,60,57,33,60,13,25,9.0,11,12,7,194,155,349,76,6,12,144,203,50,59,27,54,56,45,49,25,13,12.0,8,13,9,-2,30,28,6,6,-7,-21,54,-22,-19,17,6,1,-12,11,-12,12,-3.0,3,-1,-2,0
2021,2021-05-15,R9,Regular,9.0,York Park,North Melbourne,Hawthorn,0,13,9,87,80,7,23,194,155,349,76,6,12,144,203,50,59,27,54,56,45,49,25,13,12.0,8,13,9,192,185,377,82,12,5,123,257,28,40,44,60,57,33,60,13,25,9.0,11,12,7,2,-30,-28,-6,-6,7,21,-54,22,19,-17,-6,-1,12,-11,12,-12,3.0,-3,1,2,0
2021,2021-05-15,R9,Regular,9.0,Adelaide Oval,Port Adelaide,Western Bulldogs,1,12,5,77,96,-19,23,199,138,337,64,10,11,136,185,38,51,38,68,59,52,58,25,23,0.0,9,12,5,213,168,381,78,14,10,147,233,44,55,37,66,47,23,57,23,25,0.0,10,15,4,-14,-30,-44,-14,-4,1,-11,-48,-6,-4,1,2,12,29,1,2,-2,0.0,-1,-3,1,0
2021,2021-05-15,R9,Regular,9.0,Docklands,Richmond,Greater Western Sydney,1,13,9,87,83,4,23,193,151,344,82,9,9,135,200,36,46,32,69,39,37,63,12,19,3.0,6,13,8,210,163,373,89,6,17,150,219,40,44,32,77,46,45,62,19,12,4.0,9,12,8,-17,-12,-29,-7,3,-8,-15,-19,-4,2,0,-8,-7,-8,1,-7,7,-1.0,-3,1,0,0
2021,2021-05-15,R9,Regular,9.0,S.C.G.,Sydney,Collingwood,1,10,12,72,42,30,23,218,184,402,95,21,12,153,243,29,58,40,82,42,22,56,20,15,1.0,8,10,12,189,181,370,69,11,4,149,210,39,45,46,69,40,34,70,15,20,5.0,4,5,8,29,3,32,26,10,8,4,33,-10,13,-6,13,2,-12,-14,5,-5,-4.0,4,5,4,0
2021,2021-05-15,R9,Regular,9.0,Adelaide Oval,Western Bulldogs,Port Adelaide,0,15,6,96,77,19,23,213,168,381,78,14,10,147,233,44,55,37,66,47,23,57,23,25,0.0,10,15,4,199,138,337,64,10,11,136,185,38,51,38,68,59,52,58,25,23,0.0,9,12,5,14,30,44,14,4,-1,11,48,6,4,-1,-2,-12,-29,-1,-2,2,0.0,1,3,-1,0
2021,2021-05-16,R9,Regular,9.0,Perth Stadium,Adelaide,West Coast,0,11,10,76,106,-30,23,201,171,372,82,16,13,143,229,30,56,32,47,52,20,57,18,17,1.0,7,11,10,241,148,389,127,18,18,132,256,32,48,45,50,40,41,45,17,18,7.0,13,16,9,-40,23,-17,-45,-2,-5,11,-27,-2,8,-13,-3,12,-21,12,1,-1,-6.0,-6,-5,1,0
2021,2021-05-16,R9,Regular,9.0,M.C.G.,Carlton,Melbourne,0,10,8,68,94,-26,23,210,130,340,69,9,6,133,190,48,53,37,77,57,26,70,27,23,8.0,5,10,7,218,142,360,78,10,14,152,204,33,52,43,75,52,47,82,23,27,5.0,8,13,11,-8,-12,-20,-9,-1,-8,-19,-14,15,1,-6,2,5,-21,-12,4,-4,3.0,-3,-3,-4,0
2021,2021-05-16,R9,Regular,9.0,Docklands,Essendon,Fremantle,1,10,8,68,61,7,23,214,164,378,96,11,11,137,230,33,47,41,68,38,28,60,17,13,3.0,8,10,7,209,172,381,102,10,12,134,245,35,49,37,70,51,44,59,13,17,4.0,7,8,11,5,-8,-3,-6,1,-1,3,-15,-2,-2,4,-2,-13,-16,1,4,-4,-1.0,1,2,-4,0
2021,2021-05-16,R9,Regular,9.0,Docklands,Fremantle,Essendon,0,8,13,61,68,-7,23,209,172,381,102,10,12,134,245,35,49,37,70,51,44,59,13,17,4.0,7,8,11,214,164,378,96,11,11,137,230,33,47,41,68,38,28,60,17,13,3.0,8,10,7,-5,8,3,6,-1,1,-3,15,2,2,-4,2,13,16,-1,-4,4,1.0,-1,-2,4,0
2021,2021-05-16,R9,Regular,9.0,M.C.G.,Melbourne,Carlton,1,13,16,94,68,26,23,218,142,360,78,10,14,152,204,33,52,43,75,52,47,82,23,27,5.0,8,13,11,210,130,340,69,9,6,133,190,48,53,37,77,57,26,70,27,23,8.0,5,10,7,8,12,20,9,1,8,19,14,-15,-1,6,-2,-5,21,12,-4,4,-3.0,3,3,4,0
2021,2021-05-16,R9,Regular,9.0,Perth Stadium,West Coast,Adelaide,1,16,10,106,76,30,23,241,148,389,127,18,18,132,256,32,48,45,50,40,41,45,17,18,7.0,13,16,9,201,171,372,82,16,13,143,229,30,56,32,47,52,20,57,18,17,1.0,7,11,10,40,-23,17,45,2,5,-11,27,2,-8,13,3,-12,21,-12,-1,1,6.0,6,5,-1,0
2021,2021-05-21,R10,Regular,10.0,Gabba,Brisbane Lions,Richmond,1,15,12,102,74,28,23,229,120,349,83,15,11,165,176,52,57,33,60,38,42,46,28,16,2.0,11,15,10,176,153,329,85,17,12,138,193,24,45,40,63,52,28,64,16,28,10.0,9,11,6,53,-33,20,-2,-2,-1,27,-17,28,12,-7,-3,-14,14,-18,12,-12,-8.0,2,4,4,0
2021,2021-05-21,R10,Regular,10.0,Gabba,Richmond,Brisbane Lions,0,11,8,74,102,-28,23,176,153,329,85,17,12,138,193,24,45,40,63,52,28,64,16,28,10.0,9,11,6,229,120,349,83,15,11,165,176,52,57,33,60,38,42,46,28,16,2.0,11,15,10,-53,33,-20,2,2,1,-27,17,-28,-12,7,3,14,-14,18,-12,12,8.0,-2,-4,-4,0
2021,2021-05-22,R10,Regular,10.0,Adelaide Oval,Adelaide,Melbourne,1,15,6,96,95,1,23,207,163,370,87,17,8,142,220,22,47,37,65,53,27,59,24,24,7.0,11,15,5,207,126,333,74,18,11,153,175,45,54,30,78,43,49,59,24,24,3.0,9,14,9,0,37,37,13,-1,-3,-11,45,-23,-7,7,-13,10,-22,0,0,0,4.0,2,1,-4,0
2021,2021-05-22,R10,Regular,10.0,M.C.G.,Carlton,Hawthorn,1,13,8,86,63,23,23,231,146,377,103,17,9,145,227,37,60,40,64,60,42,49,21,19,17.0,9,13,7,208,178,386,66,7,8,150,239,45,49,46,75,61,36,59,19,21,4.0,7,9,7,23,-32,-9,37,10,1,-5,-12,-8,11,-6,-11,-1,6,-10,2,-2,13.0,2,4,0,0
2021,2021-05-22,R10,Regular,10.0,Perth Stadium,Fremantle,Sydney,1,12,14,86,84,2,23,235,129,364,103,16,7,158,213,46,69,31,51,55,58,54,19,12,4.0,7,12,12,228,136,364,80,6,6,143,218,44,45,57,69,59,29,56,12,19,1.0,9,13,5,7,-7,0,23,10,1,15,-5,2,24,-26,-18,-4,29,-2,7,-7,3.0,-2,-1,7,0
2021,2021-05-22,R10,Regular,10.0,Kardinia Park,Geelong,Gold Coast,1,14,7,91,57,34,23,238,214,452,104,9,13,163,290,53,62,34,68,42,59,47,17,12,5.0,10,14,6,182,109,291,74,9,7,132,154,36,41,46,76,56,30,55,12,17,1.0,4,8,9,56,105,161,30,0,6,31,136,17,21,-12,-8,-14,29,-8,5,-5,4.0,6,6,-3,0
2021,2021-05-22,R10,Regular,10.0,Kardinia Park,Gold Coast,Geelong,0,8,9,57,91,-34,23,182,109,291,74,9,7,132,154,36,41,46,76,56,30,55,12,17,1.0,4,8,9,238,214,452,104,9,13,163,290,53,62,34,68,42,59,47,17,12,5.0,10,14,6,-56,-105,-161,-30,0,-6,-31,-136,-17,-21,12,8,14,-29,8,-5,5,-4.0,-6,-6,3,0
2021,2021-05-22,R10,Regular,10.0,M.C.G.,Hawthorn,Carlton,0,9,9,63,86,-23,23,208,178,386,66,7,8,150,239,45,49,46,75,61,36,59,19,21,4.0,7,9,7,231,146,377,103,17,9,145,227,37,60,40,64,60,42,49,21,19,17.0,9,13,7,-23,32,9,-37,-10,-1,5,12,8,-11,6,11,1,-6,10,-2,2,-13.0,-2,-4,0,0
2021,2021-05-22,R10,Regular,10.0,Adelaide Oval,Melbourne,Adelaide,0,14,11,95,96,-1,23,207,126,333,74,18,11,153,175,45,54,30,78,43,49,59,24,24,3.0,9,14,9,207,163,370,87,17,8,142,220,22,47,37,65,53,27,59,24,24,7.0,11,15,5,0,-37,-37,-13,1,3,11,-45,23,7,-7,13,-10,22,0,0,0,-4.0,-2,-1,4,0
2021,2021-05-22,R10,Regular,10.0,Docklands,St Kilda,Western Bulldogs,0,5,3,33,144,-111,23,199,150,349,86,8,7,127,209,31,42,46,48,60,53,65,13,23,4.0,3,5,3,220,179,399,94,12,17,139,267,44,69,35,74,57,21,34,23,13,9.0,15,21,16,-21,-29,-50,-8,-4,-10,-12,-58,-13,-27,11,-26,3,32,31,-10,10,-5.0,-12,-16,-13,0
2021,2021-05-22,R10,Regular,10.0,Perth Stadium,Sydney,Fremantle,0,13,6,84,86,-2,23,228,136,364,80,6,6,143,218,44,45,57,69,59,29,56,12,19,1.0,9,13,5,235,129,364,103,16,7,158,213,46,69,31,51,55,58,54,19,12,4.0,7,12,12,-7,7,0,-23,-10,-1,-15,5,-2,-24,26,18,4,-29,2,-7,7,-3.0,2,1,-7,0
2021,2021-05-22,R10,Regular,10.0,Docklands,Western Bulldogs,St Kilda,1,21,18,144,33,111,23,220,179,399,94,12,17,139,267,44,69,35,74,57,21,34,23,13,9.0,15,21,16,199,150,349,86,8,7,127,209,31,42,46,48,60,53,65,13,23,4.0,3,5,3,21,29,50,8,4,10,12,58,13,27,-11,26,-3,-32,-31,10,-10,5.0,12,16,13,0
2021,2021-05-23,R10,Regular,10.0,M.C.G.,Collingwood,Port Adelaide,1,8,10,58,59,-1,23,259,159,418,138,13,7,137,282,35,51,39,49,41,42,57,16,12,3.0,4,8,9,216,127,343,99,14,10,127,206,29,48,42,56,48,11,49,12,16,2.0,7,8,8,43,32,75,39,-1,-3,10,76,6,3,-3,-7,-7,31,8,4,-4,1.0,-3,0,1,0
2021,2021-05-23,R10,Regular,10.0,Docklands,Essendon,North Melbourne,1,22,9,141,69,72,23,235,165,400,134,12,22,114,289,28,50,41,44,31,28,36,15,13,7.0,17,22,9,208,153,361,111,14,11,113,246,31,51,27,40,40,33,54,13,15,8.0,9,10,6,27,12,39,23,-2,11,1,43,-3,-1,14,4,-9,-5,-18,2,-2,-1.0,8,12,3,0
2021,2021-05-23,R10,Regular,10.0,Sydney Showground,Greater Western Sydney,West Coast,1,13,15,93,77,16,23,248,156,404,121,10,13,134,270,41,50,34,79,60,21,54,15,15,11.0,9,13,11,177,126,303,72,18,13,135,174,33,45,36,46,42,47,49,15,15,3.0,8,11,9,71,30,101,49,-8,0,-1,96,8,5,-2,33,18,-26,5,0,0,8.0,1,2,2,0
2021,2021-05-23,R10,Regular,10.0,Docklands,North Melbourne,Essendon,0,10,9,69,141,-72,23,208,153,361,111,14,11,113,246,31,51,27,40,40,33,54,13,15,8.0,9,10,6,235,165,400,134,12,22,114,289,28,50,41,44,31,28,36,15,13,7.0,17,22,9,-27,-12,-39,-23,2,-11,-1,-43,3,1,-14,-4,9,5,18,-2,2,1.0,-8,-12,-3,0
2021,2021-05-23,R10,Regular,10.0,M.C.G.,Port Adelaide,Collingwood,0,8,11,59,58,1,23,216,127,343,99,14,10,127,206,29,48,42,56,48,11,49,12,16,2.0,7,8,8,259,159,418,138,13,7,137,282,35,51,39,49,41,42,57,16,12,3.0,4,8,9,-43,-32,-75,-39,1,3,-10,-76,-6,-3,3,7,7,-31,-8,-4,4,-1.0,3,0,-1,0
2021,2021-05-23,R10,Regular,10.0,Sydney Showground,West Coast,Greater Western Sydney,0,11,11,77,93,-16,23,177,126,303,72,18,13,135,174,33,45,36,46,42,47,49,15,15,3.0,8,11,9,248,156,404,121,10,13,134,270,41,50,34,79,60,21,54,15,15,11.0,9,13,11,-71,-30,-101,-49,8,0,1,-96,-8,-5,2,-33,-18,26,-5,0,0,-8.0,-1,-2,-2,0
2021,2021-05-28,R11,Regular,11.0,Docklands,Melbourne,Western Bulldogs,0,13,9,87,59,28,23,211,128,339,96,16,16,136,194,27,46,44,46,45,38,57,15,16,4.0,10,13,7,235,158,393,105,7,11,118,267,36,52,31,57,58,26,46,16,15,12.0,6,8,5,-24,-30,-54,-9,9,5,18,-73,-9,-6,13,-11,-13,12,11,-1,1,-8.0,4,5,2,0
2021,2021-05-28,R11,Regular,11.0,Docklands,Western Bulldogs,Melbourne,1,8,11,59,87,-28,23,235,158,393,105,7,11,118,267,36,52,31,57,58,26,46,16,15,12.0,6,8,5,211,128,339,96,16,16,136,194,27,46,44,46,45,38,57,15,16,4.0,10,13,7,24,30,54,9,-9,-5,-18,73,9,6,-13,11,13,-12,-11,1,-1,8.0,-4,-5,-2,0
2021,2021-05-29,R11,Regular,11.0,Gabba,Brisbane Lions,Greater Western Sydney,1,19,15,129,65,64,23,242,131,373,120,12,15,136,228,34,56,31,50,39,33,49,18,16,4.0,12,19,12,223,146,369,102,12,4,139,225,41,43,37,57,51,38,66,16,18,5.0,4,10,4,19,-15,4,18,0,11,-3,3,-7,13,-6,-7,-12,-5,-17,2,-2,-1.0,8,9,8,0
2021,2021-05-29,R11,Regular,11.0,M.C.G.,Collingwood,Geelong,1,6,15,51,61,-10,23,226,151,377,129,8,11,100,272,26,44,33,53,39,28,38,13,11,0.0,3,6,9,224,146,370,121,9,12,111,248,29,42,38,42,48,28,39,11,13,2.0,7,8,12,2,5,7,8,-1,-1,-11,24,-3,2,-5,11,-9,0,-1,2,-2,-2.0,-4,-2,-3,0
2021,2021-05-29,R11,Regular,11.0,Perth Stadium,Essendon,West Coast,0,12,15,87,71,16,23,236,140,376,99,11,13,138,241,38,57,33,55,55,14,47,15,16,0.0,9,12,13,218,146,364,78,9,7,147,213,37,45,45,45,55,52,59,16,15,4.0,8,11,5,18,-6,12,21,2,6,-9,28,1,12,-12,10,0,-38,-12,-1,1,-4.0,1,1,8,0
2021,2021-05-29,R11,Regular,11.0,M.C.G.,Geelong,Collingwood,0,8,13,61,51,10,23,224,146,370,121,9,12,111,248,29,42,38,42,48,28,39,11,13,2.0,7,8,12,226,151,377,129,8,11,100,272,26,44,33,53,39,28,38,13,11,0.0,3,6,9,-2,-5,-7,-8,1,1,11,-24,3,-2,5,-11,9,0,1,-2,2,2.0,4,2,3,0
2021,2021-05-29,R11,Regular,11.0,S.C.G.,Gold Coast,Hawthorn,1,17,11,113,76,37,23,246,134,380,111,11,17,140,232,42,61,35,62,43,28,57,14,17,19.0,13,17,7,215,126,341,91,11,12,120,213,35,47,43,65,60,57,51,17,14,5.0,10,11,7,31,8,39,20,0,5,20,19,7,14,-8,-3,-17,-29,6,-3,3,14.0,3,6,0,0
2021,2021-05-29,R11,Regular,11.0,Gabba,Greater Western Sydney,Brisbane Lions,0,10,5,65,129,-64,23,223,146,369,102,12,4,139,225,41,43,37,57,51,38,66,16,18,5.0,4,10,4,242,131,373,120,12,15,136,228,34,56,31,50,39,33,49,18,16,4.0,12,19,12,-19,15,-4,-18,0,-11,3,-3,7,-13,6,7,12,5,17,-2,2,1.0,-8,-9,-8,0
2021,2021-05-29,R11,Regular,11.0,S.C.G.,Hawthorn,Gold Coast,0,11,10,76,113,-37,23,215,126,341,91,11,12,120,213,35,47,43,65,60,57,51,17,14,5.0,10,11,7,246,134,380,111,11,17,140,232,42,61,35,62,43,28,57,14,17,19.0,13,17,7,-31,-8,-39,-20,0,-5,-20,-19,-7,-14,8,3,17,29,-6,3,-3,-14.0,-3,-6,0,0
2021,2021-05-29,R11,Regular,11.0,Docklands,North Melbourne,St Kilda,0,10,8,68,88,-20,23,208,142,350,94,9,10,124,214,37,41,40,53,35,46,58,21,24,5.0,9,10,5,211,113,324,94,11,17,127,193,36,52,31,82,45,35,42,24,21,9.0,9,12,15,-3,29,26,0,-2,-7,-3,21,1,-11,9,-29,-10,11,16,-3,3,-4.0,0,-2,-10,0
2021,2021-05-29,R11,Regular,11.0,Docklands,St Kilda,North Melbourne,1,12,16,88,68,20,23,211,113,324,94,11,17,127,193,36,52,31,82,45,35,42,24,21,9.0,9,12,15,208,142,350,94,9,10,124,214,37,41,40,53,35,46,58,21,24,5.0,9,10,5,3,-29,-26,0,2,7,3,-21,-1,11,-9,29,10,-11,-16,3,-3,4.0,0,2,10,0
2021,2021-05-29,R11,Regular,11.0,Perth Stadium,West Coast,Essendon,1,11,5,71,87,-16,23,218,146,364,78,9,7,147,213,37,45,45,45,55,52,59,16,15,4.0,8,11,5,236,140,376,99,11,13,138,241,38,57,33,55,55,14,47,15,16,0.0,9,12,13,-18,6,-12,-21,-2,-6,9,-28,-1,-12,12,-10,0,38,12,1,-1,4.0,-1,-1,-8,0
2021,2021-05-30,R11,Regular,11.0,Sydney Showground,Adelaide,Richmond,0,12,11,83,111,-28,23,181,136,317,55,16,8,133,168,40,50,31,53,44,37,59,12,19,0.0,7,12,9,247,141,388,146,14,20,132,260,27,48,37,68,39,32,50,19,12,6.0,12,17,8,-66,-5,-71,-91,2,-12,1,-92,13,2,-6,-15,5,5,9,-7,7,-6.0,-5,-5,1,0
2021,2021-05-30,R11,Regular,11.0,S.C.G.,Carlton,Sydney,0,11,12,78,100,-22,23,199,104,303,72,10,9,139,158,35,44,42,53,41,44,50,26,23,7.0,3,11,9,238,126,364,107,12,14,135,223,35,58,33,82,49,30,65,23,26,4.0,11,15,5,-39,-22,-61,-35,-2,-5,4,-65,0,-14,9,-29,-8,14,-15,3,-3,3.0,-8,-4,4,0
2021,2021-05-30,R11,Regular,11.0,Adelaide Oval,Fremantle,Port Adelaide,0,9,15,69,115,-46,23,182,170,352,69,10,9,133,220,34,58,41,42,57,31,51,20,14,0.0,7,9,11,252,172,424,120,16,15,135,272,32,60,48,58,49,26,53,14,20,1.0,13,18,7,-70,-2,-72,-51,-6,-6,-2,-52,2,-2,-7,-16,8,5,-2,6,-6,-1.0,-6,-9,4,0
2021,2021-05-30,R11,Regular,11.0,Adelaide Oval,Port Adelaide,Fremantle,1,18,7,115,69,46,23,252,172,424,120,16,15,135,272,32,60,48,58,49,26,53,14,20,1.0,13,18,7,182,170,352,69,10,9,133,220,34,58,41,42,57,31,51,20,14,0.0,7,9,11,70,2,72,51,6,6,2,52,-2,2,7,16,-8,-5,2,-6,6,1.0,6,9,-4,0
2021,2021-05-30,R11,Regular,11.0,Sydney Showground,Richmond,Adelaide,1,17,9,111,83,28,23,247,141,388,146,14,20,132,260,27,48,37,68,39,32,50,19,12,6.0,12,17,8,181,136,317,55,16,8,133,168,40,50,31,53,44,37,59,12,19,0.0,7,12,9,66,5,71,91,-2,12,-1,92,-13,-2,6,15,-5,-5,-9,7,-7,6.0,5,5,-1,0
2021,2021-05-30,R11,Regular,11.0,S.C.G.,Sydney,Carlton,1,15,10,100,78,22,23,238,126,364,107,12,14,135,223,35,58,33,82,49,30,65,23,26,4.0,11,15,5,199,104,303,72,10,9,139,158,35,44,42,53,41,44,50,26,23,7.0,3,11,9,39,22,61,35,2,5,-4,65,0,14,-9,29,8,-14,15,-3,3,-3.0,8,4,-4,0
2021,2021-06-04,R12,Regular,12.0,Sydney Showground,Brisbane Lions,Melbourne,0,11,9,75,97,-22,23,233,113,346,105,13,10,132,198,35,49,40,60,42,20,47,28,20,2.0,4,11,7,192,122,314,79,16,12,138,179,37,54,38,59,50,37,59,20,28,7.0,6,14,12,41,-9,32,26,-3,-2,-6,19,-2,-5,2,1,-8,-17,-12,8,-8,-5.0,-2,-3,-5,0
2021,2021-06-04,R12,Regular,12.0,Sydney Showground,Melbourne,Brisbane Lions,1,14,13,97,75,22,23,192,122,314,79,16,12,138,179,37,54,38,59,50,37,59,20,28,7.0,6,14,12,233,113,346,105,13,10,132,198,35,49,40,60,42,20,47,28,20,2.0,4,11,7,-41,9,-32,-26,3,2,6,-19,2,5,-2,-1,8,17,12,-8,8,5.0,2,3,5,0
2021,2021-06-05,R12,Regular,12.0,Adelaide Oval,Adelaide,Collingwood,1,10,13,73,78,-5,23,202,155,357,75,15,15,142,211,38,50,32,52,48,37,48,19,16,2.0,9,10,11,225,109,334,115,16,15,122,206,31,44,40,76,47,29,54,16,19,1.0,10,12,5,-23,46,23,-40,-1,0,20,5,7,6,-8,-24,1,8,-6,3,-3,1.0,-1,-2,6,0
2021,2021-06-05,R12,Regular,12.0,Adelaide Oval,Collingwood,Adelaide,0,12,6,78,73,5,23,225,109,334,115,16,15,122,206,31,44,40,76,47,29,54,16,19,1.0,10,12,5,202,155,357,75,15,15,142,211,38,50,32,52,48,37,48,19,16,2.0,9,10,11,23,-46,-23,40,1,0,-20,-5,-7,-6,8,24,-1,-8,6,-3,3,-1.0,1,2,-6,0
2021,2021-06-05,R12,Regular,12.0,Perth Stadium,Essendon,Richmond,1,12,12,84,123,-39,23,196,152,348,91,7,15,121,227,32,53,32,43,54,27,48,12,17,8.0,8,12,9,230,150,380,112,12,15,134,249,34,52,40,46,49,31,47,17,12,6.0,16,19,8,-34,2,-32,-21,-5,0,-13,-22,-2,1,-8,-3,5,-4,1,-5,5,2.0,-8,-7,1,0
2021,2021-06-05,R12,Regular,12.0,Perth Stadium,Richmond,Essendon,0,19,9,123,84,39,23,230,150,380,112,12,15,134,249,34,52,40,46,49,31,47,17,12,6.0,16,19,8,196,152,348,91,7,15,121,227,32,53,32,43,54,27,48,12,17,8.0,8,12,9,34,-2,32,21,5,0,13,22,2,-1,8,3,-5,4,-1,5,-5,-2.0,8,7,-1,0
2021,2021-06-05,R12,Regular,12.0,S.C.G.,St Kilda,Sydney,0,12,11,83,92,-9,23,207,170,377,88,12,11,138,231,35,49,43,61,50,36,52,21,18,4.0,7,12,11,215,144,359,97,12,12,135,224,36,57,38,53,48,26,54,18,21,4.0,10,13,10,-8,26,18,-9,0,-1,3,7,-1,-8,5,8,2,10,-2,3,-3,0.0,-3,-1,1,0
2021,2021-06-05,R12,Regular,12.0,S.C.G.,Sydney,St Kilda,1,13,14,92,83,9,23,215,144,359,97,12,12,135,224,36,57,38,53,48,26,54,18,21,4.0,10,13,10,207,170,377,88,12,11,138,231,35,49,43,61,50,36,52,21,18,4.0,7,12,11,8,-26,-18,9,0,1,-3,-7,1,8,-5,-8,-2,-10,2,-3,3,0.0,3,1,-1,0
2021,2021-06-06,R12,Regular,12.0,S.C.G.,Carlton,West Coast,1,10,13,73,95,-22,23,238,119,357,127,14,16,111,236,24,47,42,43,42,14,50,13,15,13.0,9,10,11,247,111,358,116,15,11,135,218,37,57,36,49,60,38,56,15,13,3.0,10,14,6,-9,8,-1,11,-1,5,-24,18,-13,-10,6,-6,-18,-24,-6,-2,2,10.0,-1,-4,5,0
2021,2021-06-06,R12,Regular,12.0,Perth Stadium,Fremantle,Western Bulldogs,1,9,11,65,93,-28,23,215,138,353,96,8,9,136,211,37,45,39,50,58,46,58,21,21,1.0,6,9,10,202,138,340,82,11,19,137,208,33,52,35,54,52,26,48,21,21,4.0,10,13,14,13,0,13,14,-3,-10,-1,3,4,-7,4,-4,6,20,10,0,0,-3.0,-4,-4,-4,0
2021,2021-06-06,R12,Regular,12.0,S.C.G.,West Coast,Carlton,0,14,11,95,73,22,23,247,111,358,116,15,11,135,218,37,57,36,49,60,38,56,15,13,3.0,10,14,6,238,119,357,127,14,16,111,236,24,47,42,43,42,14,50,13,15,13.0,9,10,11,9,-8,1,-11,1,-5,24,-18,13,10,-6,6,18,24,6,2,-2,-10.0,1,4,-5,0
2021,2021-06-06,R12,Regular,12.0,Perth Stadium,Western Bulldogs,Fremantle,0,13,15,93,65,28,23,202,138,340,82,11,19,137,208,33,52,35,54,52,26,48,21,21,4.0,10,13,14,215,138,353,96,8,9,136,211,37,45,39,50,58,46,58,21,21,1.0,6,9,10,-13,0,-13,-14,3,10,1,-3,-4,7,-4,4,-6,-20,-10,0,0,3.0,4,4,4,0
2021,2021-06-10,R13,Regular,13.0,Adelaide Oval,Geelong,Port Adelaide,0,17,10,112,91,21,23,201,120,321,83,21,18,126,177,38,52,30,37,29,36,57,23,26,1.0,15,17,10,201,125,326,85,10,9,116,196,38,45,35,65,38,36,65,26,23,0.0,10,14,5,0,-5,-5,-2,11,9,10,-19,0,7,-5,-28,-9,0,-8,-3,3,1.0,5,3,5,0
2021,2021-06-10,R13,Regular,13.0,Adelaide Oval,Port Adelaide,Geelong,1,14,7,91,112,-21,23,201,125,326,85,10,9,116,196,38,45,35,65,38,36,65,26,23,0.0,10,14,5,201,120,321,83,21,18,126,177,38,52,30,37,29,36,57,23,26,1.0,15,17,10,0,5,5,2,-11,-9,-10,19,0,-7,5,28,9,0,8,3,-3,-1.0,-5,-3,-5,0
2021,2021-06-11,R13,Regular,13.0,S.C.G.,Hawthorn,Sydney,0,14,5,89,51,38,23,207,167,374,70,15,10,165,213,42,59,42,77,69,50,32,26,10,2.0,7,14,3,191,177,368,75,8,11,139,236,39,50,43,81,60,34,60,10,26,3.0,6,7,6,16,-10,6,-5,7,-1,26,-23,3,9,-1,-4,9,16,-28,16,-16,-1.0,1,7,-3,0
2021,2021-06-11,R13,Regular,13.0,S.C.G.,Sydney,Hawthorn,1,7,9,51,89,-38,23,191,177,368,75,8,11,139,236,39,50,43,81,60,34,60,10,26,3.0,6,7,6,207,167,374,70,15,10,165,213,42,59,42,77,69,50,32,26,10,2.0,7,14,3,-16,10,-6,5,-7,1,-26,23,-3,-9,1,4,-9,-16,28,-16,16,1.0,-1,-7,3,0
2021,2021-06-12,R13,Regular,13.0,Cazaly's Stadium,Adelaide,St Kilda,0,9,12,66,60,6,23,223,134,357,43,4,5,164,168,46,54,45,57,51,35,75,29,26,0.0,4,9,9,236,145,381,70,12,7,161,200,30,57,44,102,73,45,74,25,29,3.0,3,8,9,-13,-11,-24,-27,-8,-2,3,-32,16,-3,1,-45,-22,-10,1,4,-3,-3.0,1,1,0,0
2021,2021-06-12,R13,Regular,13.0,Perth Stadium,Fremantle,Gold Coast,1,11,10,76,49,27,23,246,146,392,133,15,14,129,254,34,48,38,66,36,41,54,26,23,3.0,8,11,9,194,124,318,89,12,8,114,193,30,46,36,61,48,23,59,23,26,9.0,3,6,12,52,22,74,44,3,6,15,61,4,2,2,5,-12,18,-5,3,-3,-6.0,5,5,-3,0
2021,2021-06-12,R13,Regular,13.0,Perth Stadium,Gold Coast,Fremantle,0,6,13,49,76,-27,23,194,124,318,89,12,8,114,193,30,46,36,61,48,23,59,23,26,9.0,3,6,12,246,146,392,133,15,14,129,254,34,48,38,66,36,41,54,26,23,3.0,8,11,9,-52,-22,-74,-44,-3,-6,-15,-61,-4,-2,-2,-5,12,-18,5,-3,3,6.0,-5,-5,3,0
2021,2021-06-12,R13,Regular,13.0,Cazaly's Stadium,St Kilda,Adelaide,1,8,12,60,66,-6,23,236,145,381,70,12,7,161,200,30,57,44,102,73,45,74,25,29,3.0,3,8,9,223,134,357,43,4,5,164,168,46,54,45,57,51,35,75,29,26,0.0,4,9,9,13,11,24,27,8,2,-3,32,-16,3,-1,45,22,10,-1,-4,3,3.0,-1,-1,0,0
2021,2021-06-13,R13,Regular,13.0,Bellerive Oval,Greater Western Sydney,North Melbourne,0,14,10,94,94,0,23,232,124,356,92,13,9,148,203,34,53,36,54,51,28,56,20,18,3.0,8,14,7,220,140,360,105,10,16,120,230,36,51,38,60,46,34,59,18,20,4.0,10,14,6,12,-16,-4,-13,3,-7,28,-27,-2,2,-2,-6,5,-6,-3,2,-2,-1.0,-2,0,1,0
2021,2021-06-13,R13,Regular,13.0,Bellerive Oval,North Melbourne,Greater Western Sydney,1,14,10,94,94,0,23,220,140,360,105,10,16,120,230,36,51,38,60,46,34,59,18,20,4.0,10,14,6,232,124,356,92,13,9,148,203,34,53,36,54,51,28,56,20,18,3.0,8,14,7,-12,16,4,13,-3,7,-28,27,2,-2,2,6,-5,6,3,-2,2,1.0,2,0,-1,0
2021,2021-06-13,R13,Regular,13.0,Perth Stadium,Richmond,West Coast,0,12,9,81,85,-4,23,233,151,384,113,11,6,137,250,29,47,38,53,48,18,70,15,25,6.0,9,12,9,223,130,353,112,11,15,137,216,36,52,33,41,44,39,51,25,15,4.0,10,13,4,10,21,31,1,0,-9,0,34,-7,-5,5,12,4,-21,19,-10,10,2.0,-1,-1,5,0
2021,2021-06-13,R13,Regular,13.0,Perth Stadium,West Coast,Richmond,1,13,7,85,81,4,23,223,130,353,112,11,15,137,216,36,52,33,41,44,39,51,25,15,4.0,10,13,4,233,151,384,113,11,6,137,250,29,47,38,53,48,18,70,15,25,6.0,9,12,9,-10,-21,-31,-1,0,9,0,-34,7,5,-5,-12,-4,21,-19,10,-10,-2.0,1,1,-5,0
2021,2021-06-14,R13,Regular,13.0,S.C.G.,Collingwood,Melbourne,0,11,14,80,63,17,23,237,158,395,124,14,18,126,257,34,47,43,53,52,33,73,17,28,2.0,8,11,8,203,154,357,97,14,9,125,223,24,53,36,43,46,26,51,28,17,1.0,5,9,7,34,4,38,27,0,9,1,34,10,-6,7,10,6,7,22,-11,11,1.0,3,2,1,0
2021,2021-06-14,R13,Regular,13.0,S.C.G.,Melbourne,Collingwood,1,9,9,63,80,-17,23,203,154,357,97,14,9,125,223,24,53,36,43,46,26,51,28,17,1.0,5,9,7,237,158,395,124,14,18,126,257,34,47,43,53,52,33,73,17,28,2.0,8,11,8,-34,-4,-38,-27,0,-9,-1,-34,-10,6,-7,-10,-6,-7,-22,11,-11,-1.0,-3,-2,-1,0
2021,2021-06-18,R14,Regular,14.0,Kardinia Park,Geelong,Western Bulldogs,1,12,11,83,78,5,23,231,183,414,81,19,11,163,251,38,53,38,67,57,48,58,13,21,2.0,10,12,8,200,162,362,68,10,11,147,216,42,49,40,64,78,35,55,21,13,5.0,8,11,9,31,21,52,13,9,0,16,35,-4,4,-2,3,-21,13,3,-8,8,-3.0,2,1,-1,0
2021,2021-06-18,R14,Regular,14.0,Kardinia Park,Western Bulldogs,Geelong,0,11,12,78,83,-5,23,200,162,362,68,10,11,147,216,42,49,40,64,78,35,55,21,13,5.0,8,11,9,231,183,414,81,19,11,163,251,38,53,38,67,57,48,58,13,21,2.0,10,12,8,-31,-21,-52,-13,-9,0,-16,-35,4,-4,2,-3,21,-13,-3,8,-8,3.0,-2,-1,1,0
2021,2021-06-19,R14,Regular,14.0,Bellerive Oval,Brisbane Lions,North Melbourne,0,9,14,68,45,23,23,226,129,355,73,9,13,154,193,42,68,38,69,66,34,68,20,23,2.0,2,9,13,210,127,337,67,7,10,140,180,37,44,58,76,50,62,68,23,20,3.0,5,6,8,16,2,18,6,2,3,14,13,5,24,-20,-7,16,-28,0,-3,3,-1.0,-3,3,5,0
2021,2021-06-19,R14,Regular,14.0,Sydney Showground,Carlton,Greater Western Sydney,0,9,12,66,102,-36,23,193,117,310,89,12,8,125,178,32,49,35,41,34,37,49,21,20,11.0,4,9,10,242,107,349,138,18,13,123,221,38,52,38,79,42,33,58,19,21,7.0,9,16,5,-49,10,-39,-49,-6,-5,2,-43,-6,-3,-3,-38,-8,4,-9,2,-1,4.0,-5,-7,5,0
2021,2021-06-19,R14,Regular,14.0,Carrara,Gold Coast,Port Adelaide,1,4,7,31,81,-50,23,203,150,353,89,12,5,140,213,40,52,45,66,64,28,65,22,21,8.0,3,4,4,247,198,445,112,16,13,158,290,39,57,45,70,56,39,69,21,22,8.0,10,12,8,-44,-48,-92,-23,-4,-8,-18,-77,1,-5,0,-4,8,-11,-4,1,-1,0.0,-7,-8,-4,0
2021,2021-06-19,R14,Regular,14.0,Sydney Showground,Greater Western Sydney,Carlton,1,16,6,102,66,36,23,242,107,349,138,18,13,123,221,38,52,38,79,42,33,58,19,21,7.0,9,16,5,193,117,310,89,12,8,125,178,32,49,35,41,34,37,49,21,20,11.0,4,9,10,49,-10,39,49,6,5,-2,43,6,3,3,38,8,-4,9,-2,1,-4.0,5,7,-5,0
2021,2021-06-19,R14,Regular,14.0,Bellerive Oval,North Melbourne,Brisbane Lions,1,6,9,45,68,-23,23,210,127,337,67,7,10,140,180,37,44,58,76,50,62,68,23,20,3.0,5,6,8,226,129,355,73,9,13,154,193,42,68,38,69,66,34,68,20,23,2.0,2,9,13,-16,-2,-18,-6,-2,-3,-14,-13,-5,-24,20,7,-16,28,0,3,-3,1.0,3,-3,-5,0
2021,2021-06-19,R14,Regular,14.0,Carrara,Port Adelaide,Gold Coast,0,12,9,81,31,50,23,247,198,445,112,16,13,158,290,39,57,45,70,56,39,69,21,22,8.0,10,12,8,203,150,353,89,12,5,140,213,40,52,45,66,64,28,65,22,21,8.0,3,4,4,44,48,92,23,4,8,18,77,-1,5,0,4,-8,11,4,-1,1,0.0,7,8,4,0
2021,2021-06-20,R14,Regular,14.0,York Park,Essendon,Hawthorn,0,13,8,86,73,13,23,200,138,338,74,19,7,156,180,42,47,39,47,47,23,72,16,26,10.0,4,13,4,216,146,362,96,11,11,137,226,29,50,33,63,49,38,48,26,16,1.0,6,10,11,-16,-8,-24,-22,8,-4,19,-46,13,-3,6,-16,-2,-15,24,-10,10,9.0,-2,3,-7,0
2021,2021-06-20,R14,Regular,14.0,York Park,Hawthorn,Essendon,1,10,13,73,86,-13,23,216,146,362,96,11,11,137,226,29,50,33,63,49,38,48,26,16,1.0,6,10,11,200,138,338,74,19,7,156,180,42,47,39,47,47,23,72,16,26,10.0,4,13,4,16,8,24,22,-8,4,-19,46,-13,3,-6,16,2,15,-24,10,-10,-9.0,2,-3,7,0
2021,2021-06-24,R15,Regular,15.0,Gabba,Brisbane Lions,Geelong,1,13,16,94,50,44,23,212,83,295,92,10,17,124,163,35,55,43,67,53,36,59,26,28,0.0,10,13,11,198,149,347,81,5,9,135,204,40,50,41,47,39,38,66,28,26,8.0,6,7,7,14,-66,-52,11,5,8,-11,-41,-5,5,2,20,14,-2,-7,-2,2,-8.0,4,6,4,0
2021,2021-06-24,R15,Regular,15.0,Gabba,Geelong,Brisbane Lions,0,7,8,50,94,-44,23,198,149,347,81,5,9,135,204,40,50,41,47,39,38,66,28,26,8.0,6,7,7,212,83,295,92,10,17,124,163,35,55,43,67,53,36,59,26,28,0.0,10,13,11,-14,66,52,-11,-5,-8,11,41,5,-5,-2,-20,-14,2,7,2,-2,8.0,-4,-6,-4,0
2021,2021-06-25,R15,Regular,15.0,M.C.G.,Richmond,St Kilda,1,2,10,22,62,-40,23,220,151,371,82,7,10,120,240,23,43,33,63,60,21,62,23,18,6.0,2,2,9,253,135,388,114,11,5,142,233,42,42,40,54,50,42,67,18,23,2.0,5,9,7,-33,16,-17,-32,-4,5,-22,7,-19,1,-7,9,10,-21,-5,5,-5,4.0,-3,-7,2,0
2021,2021-06-25,R15,Regular,15.0,M.C.G.,St Kilda,Richmond,0,9,8,62,22,40,23,253,135,388,114,11,5,142,233,42,42,40,54,50,42,67,18,23,2.0,5,9,7,220,151,371,82,7,10,120,240,23,43,33,63,60,21,62,23,18,6.0,2,2,9,33,-16,17,32,4,-5,22,-7,19,-1,7,-9,-10,21,5,-5,5,-4.0,3,7,-2,0
2021,2021-06-26,R15,Regular,15.0,Docklands,Collingwood,Fremantle,1,12,7,79,91,-12,23,238,163,401,130,17,14,124,270,23,47,36,56,36,29,55,21,17,6.0,9,12,7,198,148,346,85,8,9,120,218,34,51,34,34,53,20,52,17,21,6.0,11,14,7,40,15,55,45,9,5,4,52,-11,-4,2,22,-17,9,3,4,-4,0.0,-2,-2,0,0
2021,2021-06-26,R15,Regular,15.0,M.C.G.,Essendon,Melbourne,1,8,9,57,68,-11,23,205,192,397,93,9,8,121,267,35,50,47,61,43,23,55,11,15,10.0,4,8,7,225,154,379,114,10,14,150,229,32,56,41,47,52,40,54,15,10,7.0,6,9,8,-20,38,18,-21,-1,-6,-29,38,3,-6,6,14,-9,-17,1,-4,5,3.0,-2,-1,-1,0
2021,2021-06-26,R15,Regular,15.0,Docklands,Fremantle,Collingwood,0,14,7,91,79,12,23,198,148,346,85,8,9,120,218,34,51,34,34,53,20,52,17,21,6.0,11,14,7,238,163,401,130,17,14,124,270,23,47,36,56,36,29,55,21,17,6.0,9,12,7,-40,-15,-55,-45,-9,-5,-4,-52,11,4,-2,-22,17,-9,-3,-4,4,0.0,2,2,0,0
2021,2021-06-26,R15,Regular,15.0,Bellerive Oval,Gold Coast,North Melbourne,0,9,9,63,72,-9,23,197,127,324,83,7,8,126,198,26,45,48,65,50,18,56,19,27,4.0,5,9,4,223,147,370,93,10,14,145,216,47,61,36,54,53,51,54,27,19,2.0,9,9,13,-26,-20,-46,-10,-3,-6,-19,-18,-21,-16,12,11,-3,-33,2,-8,8,2.0,-4,0,-9,0
2021,2021-06-26,R15,Regular,15.0,M.C.G.,Melbourne,Essendon,0,9,14,68,57,11,23,225,154,379,114,10,14,150,229,32,56,41,47,52,40,54,15,10,7.0,6,9,8,205,192,397,93,9,8,121,267,35,50,47,61,43,23,55,11,15,10.0,4,8,7,20,-38,-18,21,1,6,29,-38,-3,6,-6,-14,9,17,-1,4,-5,-3.0,2,1,1,0
2021,2021-06-26,R15,Regular,15.0,Bellerive Oval,North Melbourne,Gold Coast,1,9,18,72,63,9,23,223,147,370,93,10,14,145,216,47,61,36,54,53,51,54,27,19,2.0,9,9,13,197,127,324,83,7,8,126,198,26,45,48,65,50,18,56,19,27,4.0,5,9,4,26,20,46,10,3,6,19,18,21,16,-12,-11,3,33,-2,8,-8,-2.0,4,0,9,0
2021,2021-06-26,R15,Regular,15.0,Adelaide Oval,Port Adelaide,Sydney,1,12,9,81,71,10,23,214,131,345,54,13,8,154,168,38,47,41,74,61,44,65,26,25,1.0,6,12,8,193,160,353,49,7,8,148,195,38,51,34,60,60,32,71,25,26,2.0,4,10,9,21,-29,-8,5,6,0,6,-27,0,-4,7,14,1,12,-6,1,-1,-1.0,2,2,-1,0
2021,2021-06-26,R15,Regular,15.0,Adelaide Oval,Sydney,Port Adelaide,0,10,11,71,81,-10,23,193,160,353,49,7,8,148,195,38,51,34,60,60,32,71,25,26,2.0,4,10,9,214,131,345,54,13,8,154,168,38,47,41,74,61,44,65,26,25,1.0,6,12,8,-21,29,8,-5,-6,0,-6,27,0,4,-7,-14,-1,-12,6,-1,1,1.0,-2,-2,1,0
2021,2021-06-27,R15,Regular,15.0,Docklands,Adelaide,Carlton,0,10,13,73,83,-10,23,199,127,326,83,3,10,117,202,38,50,42,52,39,34,47,22,14,2.0,8,10,9,244,136,380,128,11,19,130,251,22,54,41,45,54,30,54,14,22,12.0,9,12,11,-45,-9,-54,-45,-8,-9,-13,-49,16,-4,1,7,-15,4,-7,8,-8,-10.0,-1,-2,-2,0
2021,2021-06-27,R15,Regular,15.0,Docklands,Carlton,Adelaide,1,12,11,83,73,10,23,244,136,380,128,11,19,130,251,22,54,41,45,54,30,54,14,22,12.0,9,12,11,199,127,326,83,3,10,117,202,38,50,42,52,39,34,47,22,14,2.0,8,10,9,45,9,54,45,8,9,13,49,-16,4,-1,-7,15,-4,7,-8,8,10.0,1,2,2,0
2021,2021-06-27,R15,Regular,15.0,M.C.G.,Greater Western Sydney,Hawthorn,1,11,6,72,90,-18,23,207,153,360,94,14,7,125,230,34,49,43,62,40,25,57,22,19,8.0,9,11,5,223,177,400,109,17,15,135,260,34,59,38,45,55,38,54,19,22,10.0,9,13,10,-16,-24,-40,-15,-3,-8,-10,-30,0,-10,5,17,-15,-13,3,3,-3,-2.0,0,-2,-5,0
2021,2021-06-27,R15,Regular,15.0,M.C.G.,Hawthorn,Greater Western Sydney,0,13,12,90,72,18,23,223,177,400,109,17,15,135,260,34,59,38,45,55,38,54,19,22,10.0,9,13,10,207,153,360,94,14,7,125,230,34,49,43,62,40,25,57,22,19,8.0,9,11,5,16,24,40,15,3,8,10,30,0,10,-5,-17,15,13,-3,-3,3,2.0,0,2,5,0
2021,2021-06-27,R15,Regular,15.0,Perth Stadium,West Coast,Western Bulldogs,1,6,7,43,98,-55,23,238,107,345,127,18,9,121,218,30,37,45,49,53,45,64,11,18,0.0,4,6,6,221,141,362,86,11,16,151,220,43,60,30,52,64,25,42,18,11,12.0,11,13,15,17,-34,-17,41,7,-7,-30,-2,-13,-23,15,-3,-11,20,22,-7,7,-12.0,-7,-7,-9,0
2021,2021-06-27,R15,Regular,15.0,Perth Stadium,Western Bulldogs,West Coast,0,13,20,98,43,55,23,221,141,362,86,11,16,151,220,43,60,30,52,64,25,42,18,11,12.0,11,13,15,238,107,345,127,18,9,121,218,30,37,45,49,53,45,64,11,18,0.0,4,6,6,-17,34,17,-41,-7,7,30,2,13,23,-15,3,11,-20,-22,7,-7,12.0,7,7,9,0
2021,2021-07-01,R16,Regular,16.0,Docklands,Gold Coast,Richmond,1,10,17,77,67,10,23,252,109,361,120,18,14,146,211,36,64,30,66,42,29,50,29,22,5.0,7,10,14,187,133,320,57,13,10,130,176,30,42,54,48,51,37,74,22,29,8.0,8,10,6,65,-24,41,63,5,4,16,35,6,22,-24,18,-9,-8,-24,7,-7,-3.0,-1,0,8,0
2021,2021-07-01,R16,Regular,16.0,Docklands,Richmond,Gold Coast,0,10,7,67,77,-10,23,187,133,320,57,13,10,130,176,30,42,54,48,51,37,74,22,29,8.0,8,10,6,252,109,361,120,18,14,146,211,36,64,30,66,42,29,50,29,22,5.0,7,10,14,-65,24,-41,-63,-5,-4,-16,-35,-6,-22,24,-18,9,8,24,-7,7,3.0,1,0,-8,0
2021,2021-07-02,R16,Regular,16.0,Kardinia Park,Essendon,Geelong,0,8,9,57,98,-41,23,194,145,339,66,13,5,139,196,35,62,30,66,42,42,65,14,23,0.0,5,8,6,235,134,369,99,9,13,140,217,48,45,54,52,70,41,56,23,14,1.0,11,15,6,-41,11,-30,-33,4,-8,-1,-21,-13,17,-24,14,-28,1,9,-9,9,-1.0,-6,-7,0,0
2021,2021-07-02,R16,Regular,16.0,Kardinia Park,Geelong,Essendon,1,15,8,98,57,41,23,235,134,369,99,9,13,140,217,48,45,54,52,70,41,56,23,14,1.0,11,15,6,194,145,339,66,13,5,139,196,35,62,30,66,42,42,65,14,23,0.0,5,8,6,41,-11,30,33,-4,8,1,21,13,-17,24,-14,28,-1,-9,9,-9,1.0,6,7,0,0
2021,2021-07-03,R16,Regular,16.0,Adelaide Oval,Adelaide,Brisbane Lions,1,8,11,59,111,-52,23,212,144,356,54,11,6,167,181,43,45,43,61,62,45,60,18,20,6.0,7,8,10,217,133,350,70,12,9,166,179,51,62,35,77,55,31,47,20,18,2.0,10,17,7,-5,11,6,-16,-1,-3,1,2,-8,-17,8,-16,7,14,13,-2,2,4.0,-3,-9,3,0
2021,2021-07-03,R16,Regular,16.0,Adelaide Oval,Brisbane Lions,Adelaide,0,17,9,111,59,52,23,217,133,350,70,12,9,166,179,51,62,35,77,55,31,47,20,18,2.0,10,17,7,212,144,356,54,11,6,167,181,43,45,43,61,62,45,60,18,20,6.0,7,8,10,5,-11,-6,16,1,3,-1,-2,8,17,-8,16,-7,-14,-13,2,-2,-4.0,3,9,-3,0
2021,2021-07-03,R16,Regular,16.0,M.C.G.,Carlton,Fremantle,0,12,8,80,64,16,23,220,115,335,104,17,12,122,205,26,40,43,51,51,29,58,21,17,6.0,9,12,7,206,117,323,88,10,10,123,194,45,52,28,36,49,41,54,17,21,10.0,6,8,13,14,-2,12,16,7,2,-1,11,-19,-12,15,15,2,-12,4,4,-4,-4.0,3,4,-6,0
2021,2021-07-03,R16,Regular,16.0,M.C.G.,Fremantle,Carlton,1,8,16,64,80,-16,23,206,117,323,88,10,10,123,194,45,52,28,36,49,41,54,17,21,10.0,6,8,13,220,115,335,104,17,12,122,205,26,40,43,51,51,29,58,21,17,6.0,9,12,7,-14,2,-12,-16,-7,-2,1,-11,19,12,-15,-15,-2,12,-4,-4,4,4.0,-3,-4,6,0
2021,2021-07-03,R16,Regular,16.0,M.C.G.,Greater Western Sydney,Melbourne,0,9,10,64,55,9,23,209,135,344,84,9,6,131,207,39,55,47,60,60,32,52,21,19,4.0,8,9,7,227,151,378,115,20,10,138,237,25,56,45,63,47,29,60,19,21,7.0,6,7,10,-18,-16,-34,-31,-11,-4,-7,-30,14,-1,2,-3,13,3,-8,2,-2,-3.0,2,2,-3,0
2021,2021-07-03,R16,Regular,16.0,Docklands,Hawthorn,Port Adelaide,1,7,11,53,87,-34,23,175,152,327,69,10,6,134,188,37,39,39,67,49,31,54,16,22,3.0,5,7,7,246,143,389,82,6,7,157,212,41,54,32,69,52,44,63,22,16,2.0,11,13,9,-71,9,-62,-13,4,-1,-23,-24,-4,-15,7,-2,-3,-13,-9,-6,6,1.0,-6,-6,-2,0
2021,2021-07-03,R16,Regular,16.0,M.C.G.,Melbourne,Greater Western Sydney,1,7,13,55,64,-9,23,227,151,378,115,20,10,138,237,25,56,45,63,47,29,60,19,21,7.0,6,7,10,209,135,344,84,9,6,131,207,39,55,47,60,60,32,52,21,19,4.0,8,9,7,18,16,34,31,11,4,7,30,-14,1,-2,3,-13,-3,8,-2,2,3.0,-2,-2,3,0
2021,2021-07-03,R16,Regular,16.0,Docklands,Port Adelaide,Hawthorn,0,13,9,87,53,34,23,246,143,389,82,6,7,157,212,41,54,32,69,52,44,63,22,16,2.0,11,13,9,175,152,327,69,10,6,134,188,37,39,39,67,49,31,54,16,22,3.0,5,7,7,71,-9,62,13,-4,1,23,24,4,15,-7,2,3,13,9,6,-6,-1.0,6,6,2,0
2021,2021-07-04,R16,Regular,16.0,M.C.G.,Collingwood,St Kilda,1,8,13,61,70,-9,23,213,164,377,94,6,15,132,241,34,48,42,60,64,38,57,19,18,0.0,6,8,11,260,150,410,107,12,8,143,256,39,54,38,70,42,39,69,18,19,3.0,6,10,8,-47,14,-33,-13,-6,7,-11,-15,-5,-6,4,-10,22,-1,-12,1,-1,-3.0,0,-2,3,0
2021,2021-07-04,R16,Regular,16.0,Docklands,North Melbourne,Western Bulldogs,0,11,13,79,108,-29,23,245,122,367,138,16,13,120,245,36,52,32,37,33,43,65,14,21,4.0,9,11,12,207,134,341,98,10,19,111,218,29,50,41,55,40,25,49,21,14,11.0,12,16,12,38,-12,26,40,6,-6,9,27,7,2,-9,-18,-7,18,16,-7,7,-7.0,-3,-5,0,0
2021,2021-07-04,R16,Regular,16.0,M.C.G.,St Kilda,Collingwood,0,10,10,70,61,9,23,260,150,410,107,12,8,143,256,39,54,38,70,42,39,69,18,19,3.0,6,10,8,213,164,377,94,6,15,132,241,34,48,42,60,64,38,57,19,18,0.0,6,8,11,47,-14,33,13,6,-7,11,15,5,6,-4,10,-22,1,12,-1,1,3.0,0,2,-3,0
2021,2021-07-04,R16,Regular,16.0,Kardinia Park,Sydney,West Coast,1,18,10,118,26,92,23,236,200,436,88,12,10,151,288,39,60,36,62,63,25,52,18,18,5.0,10,18,10,200,152,352,83,12,7,145,210,30,40,40,60,42,39,62,18,18,4.0,2,3,7,36,48,84,5,0,3,6,78,9,20,-4,2,21,-14,-10,0,0,1.0,8,15,3,0
2021,2021-07-04,R16,Regular,16.0,Kardinia Park,West Coast,Sydney,0,3,8,26,118,-92,23,200,152,352,83,12,7,145,210,30,40,40,60,42,39,62,18,18,4.0,2,3,7,236,200,436,88,12,10,151,288,39,60,36,62,63,25,52,18,18,5.0,10,18,10,-36,-48,-84,-5,0,-3,-6,-78,-9,-20,4,-2,-21,14,10,0,0,-1.0,-8,-15,-3,0
2021,2021-07-04,R16,Regular,16.0,Docklands,Western Bulldogs,North Melbourne,1,16,12,108,79,29,23,207,134,341,98,10,19,111,218,29,50,41,55,40,25,49,21,14,11.0,12,16,12,245,122,367,138,16,13,120,245,36,52,32,37,33,43,65,14,21,4.0,9,11,12,-38,12,-26,-40,-6,6,-9,-27,-7,-2,9,18,7,-18,-16,7,-7,7.0,3,5,0,0
2021,2021-07-08,R17,Regular,17.0,Adelaide Oval,Melbourne,Port Adelaide,0,12,14,86,55,31,23,220,135,355,88,15,11,156,194,37,45,39,69,42,42,48,18,19,1.0,8,12,11,198,129,327,87,21,8,142,169,33,48,32,61,48,30,49,19,18,1.0,4,8,5,22,6,28,1,-6,3,14,25,4,-3,7,8,-6,12,-1,-1,1,0.0,4,4,6,0
2021,2021-07-08,R17,Regular,17.0,Adelaide Oval,Port Adelaide,Melbourne,1,8,7,55,86,-31,23,198,129,327,87,21,8,142,169,33,48,32,61,48,30,49,19,18,1.0,4,8,5,220,135,355,88,15,11,156,194,37,45,39,69,42,42,48,18,19,1.0,8,12,11,-22,-6,-28,-1,6,-3,-14,-25,-4,3,-7,-8,6,-12,1,1,-1,0.0,-4,-4,-6,0
2021,2021-07-09,R17,Regular,17.0,Docklands,Adelaide,Essendon,0,2,9,21,84,-63,23,208,122,330,108,7,2,104,216,30,31,48,45,40,43,61,16,23,0.0,0,2,8,224,157,381,112,16,13,124,247,36,61,28,57,51,26,43,23,16,15.0,9,11,15,-16,-35,-51,-4,-9,-11,-20,-31,-6,-30,20,-12,-11,17,18,-7,7,-15.0,-9,-9,-7,0
2021,2021-07-09,R17,Regular,17.0,Docklands,Essendon,Adelaide,1,11,18,84,21,63,23,224,157,381,112,16,13,124,247,36,61,28,57,51,26,43,23,16,15.0,9,11,15,208,122,330,108,7,2,104,216,30,31,48,45,40,43,61,16,23,0.0,0,2,8,16,35,51,4,9,11,20,31,6,30,-20,12,11,-17,-18,7,-7,15.0,9,9,7,0
2021,2021-07-10,R17,Regular,17.0,Carrara,Brisbane Lions,St Kilda,1,8,15,63,95,-32,23,186,125,311,84,12,10,114,186,30,43,38,41,35,24,39,23,19,2.0,2,8,13,242,164,406,128,18,20,125,277,29,54,34,55,39,32,56,19,23,3.0,12,14,7,-56,-39,-95,-44,-6,-10,-11,-91,1,-11,4,-14,-4,-8,-17,4,-4,-1.0,-10,-6,6,0
2021,2021-07-10,R17,Regular,17.0,M.C.G.,Carlton,Geelong,1,5,14,44,70,-26,23,207,155,362,89,9,10,118,229,28,38,46,53,48,18,64,21,18,4.0,4,5,11,232,134,366,108,12,12,125,231,28,56,33,51,40,27,55,18,20,2.0,8,10,7,-25,21,-4,-19,-3,-2,-7,-2,0,-18,13,2,8,-9,9,3,-2,2.0,-4,-5,4,0
2021,2021-07-10,R17,Regular,17.0,York Park,Fremantle,Hawthorn,0,16,12,108,46,62,23,223,165,388,96,15,14,152,235,33,59,35,42,47,31,56,19,20,4.0,13,16,10,198,146,344,89,13,7,127,217,32,41,42,55,68,32,54,20,19,4.0,3,6,7,25,19,44,7,2,7,25,18,1,18,-7,-13,-21,-1,2,-1,1,0.0,10,10,3,0
2021,2021-07-10,R17,Regular,17.0,M.C.G.,Geelong,Carlton,0,10,10,70,44,26,23,232,134,366,108,12,12,125,231,28,56,33,51,40,27,55,18,20,2.0,8,10,7,207,155,362,89,9,10,118,229,28,38,46,53,48,18,64,21,18,4.0,4,5,11,25,-21,4,19,3,2,7,2,0,18,-13,-2,-8,9,-9,-3,2,-2.0,4,5,-4,0
2021,2021-07-10,R17,Regular,17.0,York Park,Hawthorn,Fremantle,1,6,10,46,108,-62,23,198,146,344,89,13,7,127,217,32,41,42,55,68,32,54,20,19,4.0,3,6,7,223,165,388,96,15,14,152,235,33,59,35,42,47,31,56,19,20,4.0,13,16,10,-25,-19,-44,-7,-2,-7,-25,-18,-1,-18,7,13,21,1,-2,1,-1,0.0,-10,-10,-3,0
2021,2021-07-10,R17,Regular,17.0,Carrara,St Kilda,Brisbane Lions,0,14,11,95,63,32,23,242,164,406,128,18,20,125,277,29,54,34,55,39,32,56,19,23,3.0,12,14,7,186,125,311,84,12,10,114,186,30,43,38,41,35,24,39,23,19,2.0,2,8,13,56,39,95,44,6,10,11,91,-1,11,-4,14,4,8,17,-4,4,1.0,10,6,-6,0
2021,2021-07-11,R17,Regular,17.0,M.C.G.,Collingwood,Richmond,0,13,9,87,71,16,23,240,200,440,122,12,13,153,296,36,55,40,55,47,45,62,24,16,6.0,8,13,8,182,161,343,64,9,10,128,210,29,51,42,53,49,18,62,16,24,3.0,6,11,2,58,39,97,58,3,3,25,86,7,4,-2,2,-2,27,0,8,-8,3.0,2,2,6,0
2021,2021-07-11,R17,Regular,17.0,Eureka Stadium,Gold Coast,Greater Western Sydney,0,10,5,65,64,1,23,224,145,369,86,12,5,157,209,38,59,42,92,56,50,64,22,12,10.0,7,10,5,207,170,377,52,13,8,185,190,53,53,48,84,64,57,86,12,22,5.0,8,9,7,17,-25,-8,34,-1,-3,-28,19,-15,6,-6,8,-8,-7,-22,10,-10,5.0,-1,1,-2,0
2021,2021-07-11,R17,Regular,17.0,Eureka Stadium,Greater Western Sydney,Gold Coast,1,9,10,64,65,-1,23,207,170,377,52,13,8,185,190,53,53,48,84,64,57,86,12,22,5.0,8,9,7,224,145,369,86,12,5,157,209,38,59,42,92,56,50,64,22,12,10.0,7,10,5,-17,25,8,-34,1,3,28,-19,15,-6,6,-8,8,7,22,-10,10,-5.0,1,-1,2,0
2021,2021-07-11,R17,Regular,17.0,M.C.G.,Richmond,Collingwood,1,11,5,71,87,-16,23,182,161,343,64,9,10,128,210,29,51,42,53,49,18,62,16,24,3.0,6,11,2,240,200,440,122,12,13,153,296,36,55,40,55,47,45,62,24,16,6.0,8,13,8,-58,-39,-97,-58,-3,-3,-25,-86,-7,-4,2,-2,2,-27,0,-8,8,-3.0,-2,-2,-6,0
2021,2021-07-11,R17,Regular,17.0,Docklands,Sydney,Western Bulldogs,0,11,13,79,60,19,23,238,137,375,123,20,12,136,229,26,47,44,46,51,40,62,16,27,4.0,8,11,11,193,149,342,67,8,9,142,191,46,52,35,58,49,31,53,29,16,3.0,6,8,10,45,-12,33,56,12,3,-6,38,-20,-5,9,-12,2,9,9,-13,11,1.0,2,3,1,0
2021,2021-07-11,R17,Regular,17.0,Docklands,Western Bulldogs,Sydney,1,8,12,60,79,-19,23,193,149,342,67,8,9,142,191,46,52,35,58,49,31,53,29,16,3.0,6,8,10,238,137,375,123,20,12,136,229,26,47,44,46,51,40,62,16,27,4.0,8,11,11,-45,12,-33,-56,-12,-3,6,-38,20,5,-9,12,-2,-9,-9,13,-11,-1.0,-2,-3,-1,0
2021,2021-07-12,R17,Regular,17.0,Perth Stadium,North Melbourne,West Coast,0,10,10,70,60,10,23,237,129,366,105,14,10,133,231,34,45,45,54,49,33,69,23,17,0.0,7,10,9,218,121,339,103,13,11,123,214,43,53,34,48,51,40,67,17,23,3.0,3,8,7,19,8,27,2,1,-1,10,17,-9,-8,11,6,-2,-7,2,6,-6,-3.0,4,2,2,0
2021,2021-07-12,R17,Regular,17.0,Perth Stadium,West Coast,North Melbourne,1,8,12,60,70,-10,23,218,121,339,103,13,11,123,214,43,53,34,48,51,40,67,17,23,3.0,3,8,7,237,129,366,105,14,10,133,231,34,45,45,54,49,33,69,23,17,0.0,7,10,9,-19,-8,-27,-2,-1,1,-10,-17,9,8,-11,-6,2,7,-2,-6,6,3.0,-4,-2,-2,0
2021,2021-07-15,R18,Regular,18.0,Perth Stadium,Fremantle,Geelong,1,3,13,31,100,-69,23,178,121,299,65,9,2,125,167,37,38,43,43,56,39,56,13,17,1.0,1,3,9,258,164,422,137,16,28,145,274,44,58,35,55,57,29,49,17,13,2.0,14,14,13,-80,-43,-123,-72,-7,-26,-20,-107,-7,-20,8,-12,-1,10,7,-4,4,-1.0,-13,-11,-4,0
2021,2021-07-15,R18,Regular,18.0,Perth Stadium,Geelong,Fremantle,0,14,16,100,31,69,23,258,164,422,137,16,28,145,274,44,58,35,55,57,29,49,17,13,2.0,14,14,13,178,121,299,65,9,2,125,167,37,38,43,43,56,39,56,13,17,1.0,1,3,9,80,43,123,72,7,26,20,107,7,20,-8,12,1,-10,-7,4,-4,1.0,13,11,4,0
2021,2021-07-16,R18,Regular,18.0,Carrara,Brisbane Lions,Richmond,0,13,8,86,106,-20,23,223,119,342,95,10,17,134,202,47,53,44,49,52,38,70,23,25,3.0,10,13,7,200,140,340,82,13,16,133,203,41,61,39,57,46,37,59,25,23,9.0,9,16,6,23,-21,2,13,-3,1,1,-1,6,-8,5,-8,6,1,11,-2,2,-6.0,1,-3,1,0
2021,2021-07-16,R18,Regular,18.0,Carrara,Richmond,Brisbane Lions,1,16,10,106,86,20,23,200,140,340,82,13,16,133,203,41,61,39,57,46,37,59,25,23,9.0,9,16,6,223,119,342,95,10,17,134,202,47,53,44,49,52,38,70,23,25,3.0,10,13,7,-23,21,-2,-13,3,-1,-1,1,-6,8,-5,8,-6,-1,-11,2,-2,6.0,-1,3,-1,0
2021,2021-07-17,R18,Regular,18.0,Carrara,Gold Coast,Western Bulldogs,1,11,13,79,90,-11,23,230,148,378,99,14,10,136,240,37,45,41,59,58,33,54,21,20,5.0,7,11,13,201,191,392,70,5,10,144,242,47,56,33,42,40,46,67,20,21,12.0,10,14,3,29,-43,-14,29,9,0,-8,-2,-10,-11,8,17,18,-13,-13,1,-1,-7.0,-3,-3,10,0
2021,2021-07-17,R18,Regular,18.0,M.C.G.,Hawthorn,Melbourne,0,12,7,79,79,0,23,213,129,342,57,3,6,139,180,34,50,46,81,69,34,60,22,15,8.0,8,12,6,221,160,381,80,11,14,158,210,41,58,38,60,66,38,61,15,22,1.0,5,11,10,-8,-31,-39,-23,-8,-8,-19,-30,-7,-8,8,21,3,-4,-1,7,-7,7.0,3,1,-4,0
2021,2021-07-17,R18,Regular,18.0,M.C.G.,Melbourne,Hawthorn,1,11,13,79,79,0,23,221,160,381,80,11,14,158,210,41,58,38,60,66,38,61,15,22,1.0,5,11,10,213,129,342,57,3,6,139,180,34,50,46,81,69,34,60,22,15,8.0,8,12,6,8,31,39,23,8,8,19,30,7,8,-8,-21,-3,4,1,-7,7,-7.0,-3,-1,4,0
2021,2021-07-17,R18,Regular,18.0,Docklands,Port Adelaide,St Kilda,0,10,14,74,61,13,23,205,154,359,84,16,12,134,212,37,43,45,75,43,34,48,17,15,2.0,7,10,11,224,163,387,91,12,9,127,240,32,53,33,57,44,45,53,16,17,5.0,3,8,8,-19,-9,-28,-7,4,3,7,-28,5,-10,12,18,-1,-11,-5,1,-2,-3.0,4,2,3,0
2021,2021-07-17,R18,Regular,18.0,Docklands,St Kilda,Port Adelaide,1,8,13,61,74,-13,23,224,163,387,91,12,9,127,240,32,53,33,57,44,45,53,16,17,5.0,3,8,8,205,154,359,84,16,12,134,212,37,43,45,75,43,34,48,17,15,2.0,7,10,11,19,9,28,7,-4,-3,-7,28,-5,10,-12,-18,1,11,5,-1,2,3.0,-4,-2,-3,0
2021,2021-07-17,R18,Regular,18.0,Carrara,Western Bulldogs,Gold Coast,0,14,6,90,79,11,23,201,191,392,70,5,10,144,242,47,56,33,42,40,46,67,20,21,12.0,10,14,3,230,148,378,99,14,10,136,240,37,45,41,59,58,33,54,21,20,5.0,7,11,13,-29,43,14,-29,-9,0,8,2,10,11,-8,-17,-18,13,13,-1,1,7.0,3,3,-10,0
2021,2021-07-18,R18,Regular,18.0,Adelaide Oval,Adelaide,West Coast,1,8,8,56,98,-42,23,228,165,393,105,5,8,118,271,32,44,45,58,59,27,42,23,18,4.0,6,8,6,245,132,377,118,13,11,131,238,35,60,35,57,53,40,41,18,23,8.0,10,14,12,-17,33,16,-13,-8,-3,-13,33,-3,-16,10,1,6,-13,1,5,-5,-4.0,-4,-6,-6,0
2021,2021-07-18,R18,Regular,18.0,M.C.G.,Carlton,Collingwood,0,13,13,91,62,29,23,230,120,350,115,21,12,136,208,36,54,36,42,39,24,45,18,14,3.0,6,13,10,214,142,356,117,18,14,123,227,22,45,41,62,41,31,59,14,18,5.0,6,9,5,16,-22,-6,-2,3,-2,13,-19,14,9,-5,-20,-2,-7,-14,4,-4,-2.0,0,4,5,0
2021,2021-07-18,R18,Regular,18.0,M.C.G.,Collingwood,Carlton,1,9,8,62,91,-29,23,214,142,356,117,18,14,123,227,22,45,41,62,41,31,59,14,18,5.0,6,9,5,230,120,350,115,21,12,136,208,36,54,36,42,39,24,45,18,14,3.0,6,13,10,-16,22,6,2,-3,2,-13,19,-14,-9,5,20,2,7,14,-4,4,2.0,0,-4,-5,0
2021,2021-07-18,R18,Regular,18.0,Carrara,Essendon,North Melbourne,0,13,14,92,74,18,23,196,173,369,92,7,13,114,252,40,53,37,42,38,30,51,11,24,18.0,10,13,11,216,127,343,111,7,11,105,231,29,49,39,51,30,41,45,24,11,3.0,8,11,8,-20,46,26,-19,0,2,9,21,11,4,-2,-9,8,-11,6,-13,13,15.0,2,2,3,0
2021,2021-07-18,R18,Regular,18.0,Carrara,Greater Western Sydney,Sydney,1,11,6,72,98,-26,23,186,158,344,69,10,11,141,205,35,41,31,66,44,35,49,18,16,2.0,6,11,4,213,165,378,88,10,10,139,236,44,47,29,56,51,49,47,16,18,9.0,10,15,6,-27,-7,-34,-19,0,1,2,-31,-9,-6,2,10,-7,-14,2,2,-2,-7.0,-4,-4,-2,0
2021,2021-07-18,R18,Regular,18.0,Carrara,North Melbourne,Essendon,1,11,8,74,92,-18,23,216,127,343,111,7,11,105,231,29,49,39,51,30,41,45,24,11,3.0,8,11,8,196,173,369,92,7,13,114,252,40,53,37,42,38,30,51,11,24,18.0,10,13,11,20,-46,-26,19,0,-2,-9,-21,-11,-4,2,9,-8,11,-6,13,-13,-15.0,-2,-2,-3,0
2021,2021-07-18,R18,Regular,18.0,Carrara,Sydney,Greater Western Sydney,0,15,8,98,72,26,23,213,165,378,88,10,10,139,236,44,47,29,56,51,49,47,16,18,9.0,10,15,6,186,158,344,69,10,11,141,205,35,41,31,66,44,35,49,18,16,2.0,6,11,4,27,7,34,19,0,-1,-2,31,9,6,-2,-10,7,14,-2,-2,2,7.0,4,4,2,0
2021,2021-07-18,R18,Regular,18.0,Adelaide Oval,West Coast,Adelaide,0,14,14,98,56,42,23,245,132,377,118,13,11,131,238,35,60,35,57,53,40,41,18,23,8.0,10,14,12,228,165,393,105,5,8,118,271,32,44,45,58,59,27,42,23,18,4.0,6,8,6,17,-33,-16,13,8,3,13,-33,3,16,-10,-1,-6,13,-1,-5,5,4.0,4,6,6,0
2021,2021-07-23,R19,Regular,19.0,Docklands,Collingwood,Port Adelaide,0,10,9,69,97,-28,23,214,165,379,94,7,14,127,241,35,39,42,53,42,27,65,18,19,0.0,7,10,8,194,170,364,73,11,16,141,216,36,58,28,55,35,34,56,19,18,3.0,12,14,9,20,-5,15,21,-4,-2,-14,25,-1,-19,14,-2,7,-7,9,-1,1,-3.0,-5,-4,-1,0
2021,2021-07-23,R19,Regular,19.0,Docklands,Port Adelaide,Collingwood,1,14,13,97,69,28,23,194,170,364,73,11,16,141,216,36,58,28,55,35,34,56,19,18,3.0,12,14,9,214,165,379,94,7,14,127,241,35,39,42,53,42,27,65,18,19,0.0,7,10,8,-20,5,-15,-21,4,2,14,-25,1,19,-14,2,-7,7,-9,1,-1,3.0,5,4,1,0
2021,2021-07-24,R19,Regular,19.0,Docklands,Adelaide,Hawthorn,1,16,6,102,83,19,23,234,119,353,117,19,15,137,210,32,48,45,49,50,29,56,23,20,2.0,9,16,4,199,172,371,78,14,7,145,222,40,59,32,66,48,45,64,20,23,7.0,8,13,4,35,-53,-18,39,5,8,-8,-12,-8,-11,13,-17,2,-16,-8,3,-3,-5.0,1,3,0,0
2021,2021-07-24,R19,Regular,19.0,Gabba,Brisbane Lions,Gold Coast,1,17,18,120,71,49,23,254,119,373,108,19,14,148,211,40,72,30,50,42,46,57,21,20,7.0,10,17,16,215,149,364,105,7,11,116,241,26,40,52,55,53,20,65,20,20,3.0,6,10,10,39,-30,9,3,12,3,32,-30,14,32,-22,-5,-11,26,-8,1,0,4.0,4,7,6,0
2021,2021-07-24,R19,Regular,19.0,Docklands,Carlton,North Melbourne,1,11,11,77,116,-39,23,212,130,342,96,10,13,118,212,27,49,35,44,43,23,45,23,15,7.0,11,11,9,239,169,408,113,9,13,126,271,42,54,38,51,41,41,53,15,23,7.0,16,18,5,-27,-39,-66,-17,1,0,-8,-59,-15,-5,-3,-7,2,-18,-8,8,-8,0.0,-5,-7,4,0
2021,2021-07-24,R19,Regular,19.0,Gabba,Gold Coast,Brisbane Lions,0,10,11,71,120,-49,23,215,149,364,105,7,11,116,241,26,40,52,55,53,20,65,20,20,3.0,6,10,10,254,119,373,108,19,14,148,211,40,72,30,50,42,46,57,21,20,7.0,10,17,16,-39,30,-9,-3,-12,-3,-32,30,-14,-32,22,5,11,-26,8,-1,0,-4.0,-4,-7,-6,0
2021,2021-07-24,R19,Regular,19.0,Docklands,Hawthorn,Adelaide,0,13,5,83,102,-19,23,199,172,371,78,14,7,145,222,40,59,32,66,48,45,64,20,23,7.0,8,13,4,234,119,353,117,19,15,137,210,32,48,45,49,50,29,56,23,20,2.0,9,16,4,-35,53,18,-39,-5,-8,8,12,8,11,-13,17,-2,16,8,-3,3,5.0,-1,-3,0,0
2021,2021-07-24,R19,Regular,19.0,M.C.G.,Melbourne,Western Bulldogs,1,9,11,65,85,-20,23,221,149,370,60,6,9,177,190,44,51,39,77,56,67,88,11,25,3.0,4,9,9,221,144,365,71,7,6,154,206,47,55,41,76,68,18,61,25,11,7.0,9,13,5,0,5,5,-11,-1,3,23,-16,-3,-4,-2,1,-12,49,27,-14,14,-4.0,-5,-4,4,0
2021,2021-07-24,R19,Regular,19.0,Docklands,North Melbourne,Carlton,0,18,8,116,77,39,23,239,169,408,113,9,13,126,271,42,54,38,51,41,41,53,15,23,7.0,16,18,5,212,130,342,96,10,13,118,212,27,49,35,44,43,23,45,23,15,7.0,11,11,9,27,39,66,17,-1,0,8,59,15,5,3,7,-2,18,8,-8,8,0.0,5,7,-4,0
2021,2021-07-24,R19,Regular,19.0,Perth Stadium,St Kilda,West Coast,0,13,8,86,94,-8,23,201,148,349,91,18,11,128,219,32,51,38,56,45,37,42,15,18,9.0,9,13,7,228,113,341,122,12,15,132,221,39,54,38,39,48,34,39,18,15,6.0,10,14,9,-27,35,8,-31,6,-4,-4,-2,-7,-3,0,17,-3,3,3,-3,3,3.0,-1,-1,-2,0
2021,2021-07-24,R19,Regular,19.0,Perth Stadium,West Coast,St Kilda,1,14,10,94,86,8,23,228,113,341,122,12,15,132,221,39,54,38,39,48,34,39,18,15,6.0,10,14,9,201,148,349,91,18,11,128,219,32,51,38,56,45,37,42,15,18,9.0,9,13,7,27,-35,-8,31,-6,4,4,2,7,3,0,-17,3,-3,-3,3,-3,-3.0,1,1,2,0
2021,2021-07-24,R19,Regular,19.0,M.C.G.,Western Bulldogs,Melbourne,0,13,7,85,65,20,23,221,144,365,71,7,6,154,206,47,55,41,76,68,18,61,25,11,7.0,9,13,5,221,149,370,60,6,9,177,190,44,51,39,77,56,67,88,11,25,3.0,4,9,9,0,-5,-5,11,1,-3,-23,16,3,4,2,-1,12,-49,-27,14,-14,4.0,5,4,-4,0
2021,2021-07-25,R19,Regular,19.0,Carrara,Essendon,Greater Western Sydney,1,7,11,53,66,-13,23,190,124,314,90,11,13,114,196,27,43,34,49,45,33,48,22,21,13.0,5,7,10,244,130,374,139,17,12,121,254,30,43,35,39,47,20,50,21,22,5.0,5,9,11,-54,-6,-60,-49,-6,1,-7,-58,-3,0,-1,10,-2,13,-2,1,-1,8.0,0,-2,-1,0
2021,2021-07-25,R19,Regular,19.0,Carrara,Fremantle,Sydney,0,8,10,58,98,-40,23,199,145,344,92,7,10,116,219,33,43,41,36,29,39,55,19,17,4.0,6,8,9,232,161,393,107,13,13,126,254,29,55,35,64,44,24,50,17,19,9.0,10,14,12,-33,-16,-49,-15,-6,-3,-10,-35,4,-12,6,-28,-15,15,5,2,-2,-5.0,-4,-6,-3,0
2021,2021-07-25,R19,Regular,19.0,M.C.G.,Geelong,Richmond,1,15,5,95,57,38,23,220,166,386,98,9,14,143,245,42,52,38,56,47,44,63,18,19,8.0,10,15,4,180,151,331,78,3,8,118,210,34,46,37,60,48,25,71,19,18,3.0,6,8,8,40,15,55,20,6,6,25,35,8,6,1,-4,-1,19,-8,-1,1,5.0,4,7,-4,0
2021,2021-07-25,R19,Regular,19.0,Carrara,Greater Western Sydney,Essendon,0,9,12,66,53,13,23,244,130,374,139,17,12,121,254,30,43,35,39,47,20,50,21,22,5.0,5,9,11,190,124,314,90,11,13,114,196,27,43,34,49,45,33,48,22,21,13.0,5,7,10,54,6,60,49,6,-1,7,58,3,0,1,-10,2,-13,2,-1,1,-8.0,0,2,1,0
2021,2021-07-25,R19,Regular,19.0,M.C.G.,Richmond,Geelong,0,8,9,57,95,-38,23,180,151,331,78,3,8,118,210,34,46,37,60,48,25,71,19,18,3.0,6,8,8,220,166,386,98,9,14,143,245,42,52,38,56,47,44,63,18,19,8.0,10,15,4,-40,-15,-55,-20,-6,-6,-25,-35,-8,-6,-1,4,1,-19,8,1,-1,-5.0,-4,-7,4,0
2021,2021-07-25,R19,Regular,19.0,Carrara,Sydney,Fremantle,1,14,14,98,58,40,23,232,161,393,107,13,13,126,254,29,55,35,64,44,24,50,17,19,9.0,10,14,12,199,145,344,92,7,10,116,219,33,43,41,36,29,39,55,19,17,4.0,6,8,9,33,16,49,15,6,3,10,35,-4,12,-6,28,15,-15,-5,-2,2,5.0,4,6,3,0
2021,2021-07-30,R20,Regular,20.0,Docklands,Carlton,St Kilda,0,18,4,112,81,31,23,204,142,346,81,8,10,132,204,37,44,38,79,37,11,60,22,20,8.0,16,18,4,205,186,391,83,7,17,155,234,39,51,26,64,35,70,63,20,22,3.0,10,12,9,-1,-44,-45,-2,1,-7,-23,-30,-2,-7,12,15,2,-59,-3,2,-2,5.0,6,6,-5,0
2021,2021-07-30,R20,Regular,20.0,Docklands,St Kilda,Carlton,1,12,9,81,112,-31,23,205,186,391,83,7,17,155,234,39,51,26,64,35,70,63,20,22,3.0,10,12,9,204,142,346,81,8,10,132,204,37,44,38,79,37,11,60,22,20,8.0,16,18,4,1,44,45,2,-1,7,23,30,2,7,-12,-15,-2,59,3,-2,2,-5.0,-6,-6,5,0
2021,2021-07-31,R20,Regular,20.0,Eureka Stadium,Adelaide,Western Bulldogs,0,8,8,56,105,-49,23,185,146,331,68,18,8,143,181,35,40,50,59,43,49,68,20,20,4.0,5,8,6,211,161,372,85,16,17,142,222,43,65,32,69,51,36,54,20,20,8.0,9,15,9,-26,-15,-41,-17,2,-9,1,-41,-8,-25,18,-10,-8,13,14,0,0,-4.0,-4,-7,-3,0
2021,2021-07-31,R20,Regular,20.0,M.C.G.,Collingwood,West Coast,1,14,6,90,45,45,23,280,181,461,166,11,18,104,352,26,42,39,39,42,23,44,13,16,5.0,12,14,5,197,157,354,101,8,10,103,250,34,45,27,32,34,27,45,16,13,1.0,5,6,9,83,24,107,65,3,8,1,102,-8,-3,12,7,8,-4,-1,-3,3,4.0,7,8,-4,0
2021,2021-07-31,R20,Regular,20.0,Bellerive Oval,Geelong,North Melbourne,0,8,14,62,42,20,23,237,157,394,136,10,14,113,285,29,60,27,40,42,31,35,14,8,8.0,5,8,11,219,122,341,126,9,9,97,240,27,34,50,38,44,29,58,8,14,10.0,2,6,2,18,35,53,10,1,5,16,45,2,26,-23,2,-2,2,-23,6,-6,-2.0,3,2,9,0
2021,2021-07-31,R20,Regular,20.0,Bellerive Oval,North Melbourne,Geelong,1,6,6,42,62,-20,23,219,122,341,126,9,9,97,240,27,34,50,38,44,29,58,8,14,10.0,2,6,2,237,157,394,136,10,14,113,285,29,60,27,40,42,31,35,14,8,8.0,5,8,11,-18,-35,-53,-10,-1,-5,-16,-45,-2,-26,23,-2,2,-2,23,-6,6,2.0,-3,-2,-9,0
2021,2021-07-31,R20,Regular,20.0,M.C.G.,West Coast,Collingwood,0,6,9,45,90,-45,23,197,157,354,101,8,10,103,250,34,45,27,32,34,27,45,16,13,1.0,5,6,9,280,181,461,166,11,18,104,352,26,42,39,39,42,23,44,13,16,5.0,12,14,5,-83,-24,-107,-65,-3,-8,-1,-102,8,3,-12,-7,-8,4,1,3,-3,-4.0,-7,-8,4,0
2021,2021-07-31,R20,Regular,20.0,Eureka Stadium,Western Bulldogs,Adelaide,1,15,15,105,56,49,23,211,161,372,85,16,17,142,222,43,65,32,69,51,36,54,20,20,8.0,9,15,9,185,146,331,68,18,8,143,181,35,40,50,59,43,49,68,20,20,4.0,5,8,6,26,15,41,17,-2,9,-1,41,8,25,-18,10,8,-13,-14,0,0,4.0,4,7,3,0
2021,2021-08-01,R20,Regular,20.0,York Park,Brisbane Lions,Hawthorn,0,12,8,80,92,-12,23,230,149,379,111,18,8,148,223,46,41,45,70,51,50,67,13,16,2.0,9,12,6,216,163,379,83,12,9,148,230,45,60,29,85,53,48,53,16,13,8.0,9,14,8,14,-14,0,28,6,-1,0,-7,1,-19,16,-15,-2,2,14,-3,3,-6.0,0,-2,-2,0
2021,2021-08-01,R20,Regular,20.0,M.C.G.,Essendon,Sydney,1,16,6,102,109,-7,23,186,138,324,70,11,14,130,198,36,50,28,39,48,28,62,23,28,5.0,13,16,5,231,154,385,120,12,11,123,256,28,47,34,42,41,25,51,28,23,10.0,13,17,5,-45,-16,-61,-50,-1,3,7,-58,8,3,-6,-3,7,3,11,-5,5,-5.0,0,-1,0,0
2021,2021-08-01,R20,Regular,20.0,Perth Stadium,Fremantle,Richmond,1,7,13,55,51,4,23,216,151,367,80,10,8,140,228,35,41,45,55,48,28,55,20,12,4.0,5,7,11,192,175,367,84,9,13,114,241,20,51,34,52,63,25,66,12,20,4.0,5,6,11,24,-24,0,-4,1,-5,26,-13,15,-10,11,3,-15,3,-11,8,-8,0.0,0,1,0,0
2021,2021-08-01,R20,Regular,20.0,Docklands,Gold Coast,Melbourne,1,4,6,30,128,-98,23,198,122,320,89,4,5,108,202,28,27,53,61,62,25,62,16,16,9.0,3,4,5,231,155,386,106,12,19,139,248,41,71,23,63,46,49,47,16,16,9.0,11,18,13,-33,-33,-66,-17,-8,-14,-31,-46,-13,-44,30,-2,16,-24,15,0,0,0.0,-8,-14,-8,0
2021,2021-08-01,R20,Regular,20.0,Docklands,Greater Western Sydney,Port Adelaide,1,11,7,73,100,-27,23,198,162,360,80,11,11,141,223,27,45,49,47,49,24,56,22,21,3.0,9,11,6,236,148,384,103,17,10,149,234,30,65,33,62,43,36,65,21,22,5.0,11,15,9,-38,14,-24,-23,-6,1,-8,-11,-3,-20,16,-15,6,-12,-9,1,-1,-2.0,-2,-4,-3,0
2021,2021-08-01,R20,Regular,20.0,York Park,Hawthorn,Brisbane Lions,1,14,8,92,80,12,23,216,163,379,83,12,9,148,230,45,60,29,85,53,48,53,16,13,8.0,9,14,8,230,149,379,111,18,8,148,223,46,41,45,70,51,50,67,13,16,2.0,9,12,6,-14,14,0,-28,-6,1,0,7,-1,19,-16,15,2,-2,-14,3,-3,6.0,0,2,2,0
2021,2021-08-01,R20,Regular,20.0,Docklands,Melbourne,Gold Coast,0,18,20,128,30,98,23,231,155,386,106,12,19,139,248,41,71,23,63,46,49,47,16,16,9.0,11,18,13,198,122,320,89,4,5,108,202,28,27,53,61,62,25,62,16,16,9.0,3,4,5,33,33,66,17,8,14,31,46,13,44,-30,2,-16,24,-15,0,0,0.0,8,14,8,0
2021,2021-08-01,R20,Regular,20.0,Docklands,Port Adelaide,Greater Western Sydney,0,15,10,100,73,27,23,236,148,384,103,17,10,149,234,30,65,33,62,43,36,65,21,22,5.0,11,15,9,198,162,360,80,11,11,141,223,27,45,49,47,49,24,56,22,21,3.0,9,11,6,38,-14,24,23,6,-1,8,11,3,20,-16,15,-6,12,9,-1,1,2.0,2,4,3,0
2021,2021-08-01,R20,Regular,20.0,Perth Stadium,Richmond,Fremantle,0,6,15,51,55,-4,23,192,175,367,84,9,13,114,241,20,51,34,52,63,25,66,12,20,4.0,5,6,11,216,151,367,80,10,8,140,228,35,41,45,55,48,28,55,20,12,4.0,5,7,11,-24,24,0,4,-1,5,-26,13,-15,10,-11,-3,15,-3,11,-8,8,0.0,0,-1,0,0
2021,2021-08-01,R20,Regular,20.0,M.C.G.,Sydney,Essendon,0,17,7,109,102,7,23,231,154,385,120,12,11,123,256,28,47,34,42,41,25,51,28,23,10.0,13,17,5,186,138,324,70,11,14,130,198,36,50,28,39,48,28,62,23,28,5.0,13,16,5,45,16,61,50,1,-3,-7,58,-8,-3,6,3,-7,-3,-11,5,-5,5.0,0,1,0,0
2021,2021-08-06,R21,Regular,21.0,Kardinia Park,Geelong,Greater Western Sydney,1,8,17,65,84,-19,23,223,121,344,103,14,12,136,204,39,64,29,77,37,49,51,20,18,4.0,6,8,11,207,152,359,74,11,5,154,202,32,43,56,71,56,26,63,18,20,3.0,6,13,6,16,-31,-15,29,3,7,-18,2,7,21,-27,6,-19,23,-12,2,-2,1.0,0,-5,5,0
2021,2021-08-06,R21,Regular,21.0,Kardinia Park,Greater Western Sydney,Geelong,0,13,6,84,65,19,23,207,152,359,74,11,5,154,202,32,43,56,71,56,26,63,18,20,3.0,6,13,6,223,121,344,103,14,12,136,204,39,64,29,77,37,49,51,20,18,4.0,6,8,11,-16,31,15,-29,-3,-7,18,-2,-7,-21,27,-6,19,-23,12,-2,2,-1.0,0,5,-5,0
2021,2021-08-07,R21,Regular,21.0,Adelaide Oval,Adelaide,Port Adelaide,1,7,9,51,55,-4,23,205,154,359,54,8,7,155,192,33,48,40,64,48,31,57,25,23,4.0,5,7,7,240,150,390,90,18,10,165,221,37,48,40,77,64,37,58,23,25,6.0,6,7,10,-35,4,-31,-36,-10,-3,-10,-29,-4,0,0,-13,-16,-6,-1,2,-2,-2.0,-1,0,-3,0
2021,2021-08-07,R21,Regular,21.0,Docklands,Carlton,Gold Coast,1,8,9,57,76,-19,23,212,101,313,98,7,13,120,192,31,49,39,61,49,28,60,22,22,4.0,5,8,6,254,122,376,131,8,13,130,243,41,52,41,65,58,34,57,22,22,7.0,7,11,6,-42,-21,-63,-33,-1,0,-10,-51,-10,-3,-2,-4,-9,-6,3,0,0,-3.0,-2,-3,0,0
2021,2021-08-07,R21,Regular,21.0,Docklands,Gold Coast,Carlton,0,11,10,76,57,19,23,254,122,376,131,8,13,130,243,41,52,41,65,58,34,57,22,22,7.0,7,11,6,212,101,313,98,7,13,120,192,31,49,39,61,49,28,60,22,22,4.0,5,8,6,42,21,63,33,1,0,10,51,10,3,2,4,9,6,-3,0,0,3.0,2,3,0,0
2021,2021-08-07,R21,Regular,21.0,M.C.G.,North Melbourne,Richmond,0,8,8,56,89,-33,23,215,184,399,107,5,12,111,288,32,45,34,37,41,40,62,15,18,6.0,7,8,6,227,182,409,119,7,14,115,290,20,49,37,53,47,20,61,18,15,7.0,9,13,8,-12,2,-10,-12,-2,-2,-4,-2,12,-4,-3,-16,-6,20,1,-3,3,-1.0,-2,-5,-2,0
2021,2021-08-07,R21,Regular,21.0,Adelaide Oval,Port Adelaide,Adelaide,0,7,13,55,51,4,23,240,150,390,90,18,10,165,221,37,48,40,77,64,37,58,23,25,6.0,6,7,10,205,154,359,54,8,7,155,192,33,48,40,64,48,31,57,25,23,4.0,5,7,7,35,-4,31,36,10,3,10,29,4,0,0,13,16,6,1,-2,2,2.0,1,0,3,0
2021,2021-08-07,R21,Regular,21.0,M.C.G.,Richmond,North Melbourne,1,13,11,89,56,33,23,227,182,409,119,7,14,115,290,20,49,37,53,47,20,61,18,15,7.0,9,13,8,215,184,399,107,5,12,111,288,32,45,34,37,41,40,62,15,18,6.0,7,8,6,12,-2,10,12,2,2,4,2,-12,4,3,16,6,-20,-1,3,-3,1.0,2,5,2,0
2021,2021-08-07,R21,Regular,21.0,Docklands,St Kilda,Sydney,1,14,9,93,64,29,23,238,164,402,102,11,18,137,259,31,58,38,67,55,33,61,17,18,9.0,8,14,5,207,150,357,77,5,6,129,220,40,48,43,45,51,35,58,18,17,9.0,5,10,4,31,14,45,25,6,12,8,39,-9,10,-5,22,4,-2,3,-1,1,0.0,3,4,1,0
2021,2021-08-07,R21,Regular,21.0,Docklands,Sydney,St Kilda,0,10,4,64,93,-29,23,207,150,357,77,5,6,129,220,40,48,43,45,51,35,58,18,17,9.0,5,10,4,238,164,402,102,11,18,137,259,31,58,38,67,55,33,61,17,18,9.0,8,14,5,-31,-14,-45,-25,-6,-12,-8,-39,9,-10,5,-22,-4,2,-3,1,-1,0.0,-3,-4,-1,0
2021,2021-08-08,R21,Regular,21.0,Perth Stadium,Brisbane Lions,Fremantle,0,18,10,118,54,64,23,222,150,372,88,8,11,133,227,40,52,44,71,55,26,65,20,23,2.0,12,18,9,191,147,338,95,11,13,127,208,36,53,33,35,36,42,56,23,20,7.0,6,8,3,31,3,34,-7,-3,-2,6,19,4,-1,11,36,19,-16,9,-3,3,-5.0,6,10,6,0
2021,2021-08-08,R21,Regular,21.0,M.C.G.,Collingwood,Hawthorn,0,12,6,78,97,-19,23,220,155,375,113,12,8,117,252,33,45,32,53,47,41,65,18,15,6.0,9,12,4,238,195,433,137,12,11,114,319,39,48,31,38,43,35,48,15,18,3.0,15,15,2,-18,-40,-58,-24,0,-3,3,-67,-6,-3,1,15,4,6,17,3,-3,3.0,-6,-3,2,0
2021,2021-08-08,R21,Regular,21.0,Docklands,Essendon,Western Bulldogs,0,15,7,97,84,13,23,187,134,321,81,13,13,108,203,47,39,46,55,33,48,41,14,17,5.0,11,15,5,189,181,370,81,14,20,127,243,31,60,22,37,55,27,45,17,14,6.0,9,12,10,-2,-47,-49,0,-1,-7,-19,-40,16,-21,24,18,-22,21,-4,-3,3,-1.0,2,3,-5,0
2021,2021-08-08,R21,Regular,21.0,Perth Stadium,Fremantle,Brisbane Lions,1,8,6,54,118,-64,23,191,147,338,95,11,13,127,208,36,53,33,35,36,42,56,23,20,7.0,6,8,3,222,150,372,88,8,11,133,227,40,52,44,71,55,26,65,20,23,2.0,12,18,9,-31,-3,-34,7,3,2,-6,-19,-4,1,-11,-36,-19,16,-9,3,-3,5.0,-6,-10,-6,0
2021,2021-08-08,R21,Regular,21.0,M.C.G.,Hawthorn,Collingwood,1,15,7,97,78,19,23,238,195,433,137,12,11,114,319,39,48,31,38,43,35,48,15,18,3.0,15,15,2,220,155,375,113,12,8,117,252,33,45,32,53,47,41,65,18,15,6.0,9,12,4,18,40,58,24,0,3,-3,67,6,3,-1,-15,-4,-6,-17,-3,3,-3.0,6,3,-2,0
2021,2021-08-08,R21,Regular,21.0,Docklands,Western Bulldogs,Essendon,1,12,12,84,97,-13,23,189,181,370,81,14,20,127,243,31,60,22,37,55,27,45,17,14,6.0,9,12,10,187,134,321,81,13,13,108,203,47,39,46,55,33,48,41,14,17,5.0,11,15,5,2,47,49,0,1,7,19,40,-16,21,-24,-18,22,-21,4,3,-3,1.0,-2,-3,5,0
2021,2021-08-09,R21,Regular,21.0,Perth Stadium,Melbourne,West Coast,0,10,12,72,63,9,23,205,145,350,68,12,11,136,203,41,48,40,46,43,36,68,17,28,0.0,5,10,9,215,125,340,83,15,9,146,183,40,50,38,55,62,40,72,28,17,3.0,7,9,8,-10,20,10,-15,-3,2,-10,20,1,-2,2,-9,-19,-4,-4,-11,11,-3.0,-2,1,1,0
2021,2021-08-09,R21,Regular,21.0,Perth Stadium,West Coast,Melbourne,1,9,9,63,72,-9,23,215,125,340,83,15,9,146,183,40,50,38,55,62,40,72,28,17,3.0,7,9,8,205,145,350,68,12,11,136,203,41,48,40,46,43,36,68,17,28,0.0,5,10,9,10,-20,-10,15,3,-2,10,-20,-1,2,-2,9,19,4,4,11,-11,3.0,2,-1,-1,0
2021,2021-08-13,R22,Regular,22.0,Docklands,Greater Western Sydney,Richmond,1,16,10,106,67,39,23,203,127,330,97,8,15,116,209,34,56,33,60,51,29,42,21,16,3.0,11,16,10,190,162,352,87,6,13,128,222,37,43,40,52,35,41,67,16,21,9.0,9,10,7,13,-35,-22,10,2,2,-12,-13,-3,13,-7,8,16,-12,-25,5,-5,-6.0,2,6,3,0
2021,2021-08-13,R22,Regular,22.0,Docklands,Richmond,Greater Western Sydney,0,10,7,67,106,-39,23,190,162,352,87,6,13,128,222,37,43,40,52,35,41,67,16,21,9.0,9,10,7,203,127,330,97,8,15,116,209,34,56,33,60,51,29,42,21,16,3.0,11,16,10,-13,35,22,-10,-2,-2,12,13,3,-13,7,-8,-16,12,25,-5,5,6.0,-2,-6,-3,0
2021,2021-08-14,R22,Regular,22.0,Gabba,Brisbane Lions,Collingwood,1,22,10,142,57,85,23,220,155,375,86,14,23,141,224,43,70,33,65,48,37,46,15,14,4.0,19,22,9,209,164,373,86,10,8,138,230,40,42,46,47,53,53,57,14,15,1.0,5,8,8,11,-9,2,0,4,15,3,-6,3,28,-13,18,-5,-16,-11,1,-1,3.0,14,14,1,0
2021,2021-08-14,R22,Regular,22.0,Adelaide Oval,Carlton,Port Adelaide,0,5,15,45,140,-95,23,203,133,336,88,9,11,120,203,33,43,40,60,54,29,75,8,20,2.0,3,5,9,239,184,423,94,15,15,159,248,39,62,37,54,37,42,50,20,8,9.0,15,21,12,-36,-51,-87,-6,-6,-4,-39,-45,-6,-19,3,6,17,-13,25,-12,12,-7.0,-12,-16,-3,0
2021,2021-08-14,R22,Regular,22.0,Gabba,Collingwood,Brisbane Lions,0,8,9,57,142,-85,23,209,164,373,86,10,8,138,230,40,42,46,47,53,53,57,14,15,1.0,5,8,8,220,155,375,86,14,23,141,224,43,70,33,65,48,37,46,15,14,4.0,19,22,9,-11,9,-2,0,-4,-15,-3,6,-3,-28,13,-18,5,16,11,-1,1,-3.0,-14,-14,-1,0
2021,2021-08-14,R22,Regular,22.0,Kardinia Park,Geelong,St Kilda,1,13,7,85,71,14,23,228,172,400,111,11,16,143,263,41,45,20,55,43,45,45,26,23,0.0,10,13,5,178,118,296,75,7,11,108,184,30,32,33,52,47,23,49,23,26,5.0,9,11,5,50,54,104,36,4,5,35,79,11,13,-13,3,-4,22,-4,3,-3,-5.0,1,2,0,0
2021,2021-08-14,R22,Regular,22.0,York Park,Hawthorn,Western Bulldogs,1,9,10,64,37,27,23,232,154,386,116,20,13,142,234,35,51,30,68,49,55,40,14,11,4.0,6,9,8,188,157,345,80,14,9,125,217,33,35,42,64,53,15,50,11,14,10.0,3,5,6,44,-3,41,36,6,4,17,17,2,16,-12,4,-4,40,-10,3,-3,-6.0,3,4,2,0
2021,2021-08-14,R22,Regular,22.0,Docklands,North Melbourne,Sydney,1,12,5,77,91,-14,23,194,129,323,94,10,10,110,207,32,37,44,42,38,43,62,14,22,2.0,9,12,4,233,137,370,108,10,15,140,232,38,57,25,53,33,27,52,22,14,2.0,7,13,11,-39,-8,-47,-14,0,-5,-30,-25,-6,-20,19,-11,5,16,10,-8,8,0.0,2,-1,-7,0
2021,2021-08-14,R22,Regular,22.0,Adelaide Oval,Port Adelaide,Carlton,1,21,14,140,45,95,23,239,184,423,94,15,15,159,248,39,62,37,54,37,42,50,20,8,9.0,15,21,12,203,133,336,88,9,11,120,203,33,43,40,60,54,29,75,8,20,2.0,3,5,9,36,51,87,6,6,4,39,45,6,19,-3,-6,-17,13,-25,12,-12,7.0,12,16,3,0
2021,2021-08-14,R22,Regular,22.0,Kardinia Park,St Kilda,Geelong,0,11,5,71,85,-14,23,178,118,296,75,7,11,108,184,30,32,33,52,47,23,49,23,26,5.0,9,11,5,228,172,400,111,11,16,143,263,41,45,20,55,43,45,45,26,23,0.0,10,13,5,-50,-54,-104,-36,-4,-5,-35,-79,-11,-13,13,-3,4,-22,4,-3,3,5.0,-1,-2,0,0
2021,2021-08-14,R22,Regular,22.0,Docklands,Sydney,North Melbourne,0,13,13,91,77,14,23,233,137,370,108,10,15,140,232,38,57,25,53,33,27,52,22,14,2.0,7,13,11,194,129,323,94,10,10,110,207,32,37,44,42,38,43,62,14,22,2.0,9,12,4,39,8,47,14,0,5,30,25,6,20,-19,11,-5,-16,-10,8,-8,0.0,-2,1,7,0
2021,2021-08-14,R22,Regular,22.0,York Park,Western Bulldogs,Hawthorn,0,5,7,37,64,-27,23,188,157,345,80,14,9,125,217,33,35,42,64,53,15,50,11,14,10.0,3,5,6,232,154,386,116,20,13,142,234,35,51,30,68,49,55,40,14,11,4.0,6,9,8,-44,3,-41,-36,-6,-4,-17,-17,-2,-16,12,-4,4,-40,10,-3,3,6.0,-3,-4,-2,0
2021,2021-08-15,R22,Regular,22.0,M.C.G.,Adelaide,Melbourne,0,9,9,63,104,-41,23,220,166,386,96,14,12,139,244,36,47,43,63,38,28,63,18,26,6.0,6,9,7,215,137,352,92,9,12,139,204,34,59,38,77,42,47,52,26,18,2.0,8,16,8,5,29,34,4,5,0,0,40,2,-12,5,-14,-4,-19,11,-8,8,4.0,-2,-7,-1,0
2021,2021-08-15,R22,Regular,22.0,Kardinia Park,Essendon,Gold Coast,0,14,14,98,30,68,23,222,183,405,94,18,16,146,257,37,61,42,35,50,34,57,22,17,10.0,6,14,11,205,140,345,92,10,3,124,216,31,46,45,32,49,23,72,17,22,8.0,2,4,3,17,43,60,2,8,13,22,41,6,15,-3,3,1,11,-15,5,-5,2.0,4,10,8,0
2021,2021-08-15,R22,Regular,22.0,Perth Stadium,Fremantle,West Coast,1,12,7,79,64,15,23,203,135,338,95,12,10,125,207,41,40,44,62,38,37,39,12,15,4.0,8,12,7,221,121,342,111,15,12,128,216,39,55,28,71,42,48,42,15,12,3.0,5,9,10,-18,14,-4,-16,-3,-2,-3,-9,2,-15,16,-9,-4,-11,-3,-3,3,1.0,3,3,-3,0
2021,2021-08-15,R22,Regular,22.0,Kardinia Park,Gold Coast,Essendon,1,4,6,30,98,-68,23,205,140,345,92,10,3,124,216,31,46,45,32,49,23,72,17,22,8.0,2,4,3,222,183,405,94,18,16,146,257,37,61,42,35,50,34,57,22,17,10.0,6,14,11,-17,-43,-60,-2,-8,-13,-22,-41,-6,-15,3,-3,-1,-11,15,-5,5,-2.0,-4,-10,-8,0
2021,2021-08-15,R22,Regular,22.0,M.C.G.,Melbourne,Adelaide,1,16,8,104,63,41,23,215,137,352,92,9,12,139,204,34,59,38,77,42,47,52,26,18,2.0,8,16,8,220,166,386,96,14,12,139,244,36,47,43,63,38,28,63,18,26,6.0,6,9,7,-5,-29,-34,-4,-5,0,0,-40,-2,12,-5,14,4,19,-11,8,-8,-4.0,2,7,1,0
2021,2021-08-15,R22,Regular,22.0,Perth Stadium,West Coast,Fremantle,0,9,10,64,79,-15,23,221,121,342,111,15,12,128,216,39,55,28,71,42,48,42,15,12,3.0,5,9,10,203,135,338,95,12,10,125,207,41,40,44,62,38,37,39,12,15,4.0,8,12,7,18,-14,4,16,3,2,3,9,-2,15,-16,9,4,11,3,3,-3,-1.0,-3,-3,3,0
2021,2021-08-20,R23,Regular,23.0,Docklands,Port Adelaide,Western Bulldogs,0,9,12,66,64,2,23,239,155,394,114,13,13,138,251,35,50,33,64,44,51,50,23,15,5.0,8,9,11,203,131,334,91,12,6,131,196,28,43,40,54,54,18,57,15,23,8.0,8,10,3,36,24,60,23,1,7,7,55,7,7,-7,10,-10,33,-7,8,-8,-3.0,0,-1,8,0
2021,2021-08-20,R23,Regular,23.0,Docklands,Western Bulldogs,Port Adelaide,1,10,4,64,66,-2,23,203,131,334,91,12,6,131,196,28,43,40,54,54,18,57,15,23,8.0,8,10,3,239,155,394,114,13,13,138,251,35,50,33,64,44,51,50,23,15,5.0,8,9,11,-36,-24,-60,-23,-1,-7,-7,-55,-7,-7,7,-10,10,-33,7,-8,8,3.0,0,1,-8,0
2021,2021-08-21,R23,Regular,23.0,Gabba,Brisbane Lions,West Coast,1,19,11,125,87,38,23,204,136,340,75,17,13,141,190,42,61,43,82,58,25,50,24,18,3.0,15,19,9,208,114,322,75,12,13,141,169,46,57,42,51,69,60,63,18,24,8.0,11,13,6,-4,22,18,0,5,0,0,21,-4,4,1,31,-11,-35,-13,6,-6,-5.0,4,6,3,0
2021,2021-08-21,R23,Regular,23.0,Docklands,Carlton,Greater Western Sydney,1,11,9,75,89,-14,23,217,125,342,99,11,11,118,212,34,46,45,42,55,42,57,14,20,9.0,10,11,6,220,134,354,93,16,18,147,204,43,58,34,61,46,33,50,20,14,7.0,8,12,14,-3,-9,-12,6,-5,-7,-29,8,-9,-12,11,-19,9,9,7,-6,6,2.0,2,-1,-8,0
2021,2021-08-21,R23,Regular,23.0,Kardinia Park,Geelong,Melbourne,1,12,5,77,81,-4,23,229,148,377,106,2,8,140,234,41,49,42,61,58,39,58,23,17,1.0,9,12,5,207,151,358,87,12,8,140,207,48,56,37,70,42,49,60,17,23,2.0,8,12,5,22,-3,19,19,-10,0,0,27,-7,-7,5,-9,16,-10,-2,6,-6,-1.0,1,0,0,0
2021,2021-08-21,R23,Regular,23.0,Docklands,Gold Coast,Sydney,0,6,13,49,136,-87,23,195,140,335,86,7,7,125,211,36,47,34,55,37,34,60,15,22,3.0,5,6,11,255,142,397,129,13,24,132,261,27,55,40,51,49,32,54,22,15,11.0,17,21,9,-60,-2,-62,-43,-6,-17,-7,-50,9,-8,-6,4,-12,2,6,-7,7,-8.0,-12,-15,2,0
2021,2021-08-21,R23,Regular,23.0,Docklands,Greater Western Sydney,Carlton,0,12,17,89,75,14,23,220,134,354,93,16,18,147,204,43,58,34,61,46,33,50,20,14,7.0,8,12,14,217,125,342,99,11,11,118,212,34,46,45,42,55,42,57,14,20,9.0,10,11,6,3,9,12,-6,5,7,29,-8,9,12,-11,19,-9,-9,-7,6,-6,-2.0,-2,1,8,0
2021,2021-08-21,R23,Regular,23.0,M.C.G.,Hawthorn,Richmond,0,12,11,83,83,0,23,229,194,423,112,6,9,129,292,36,47,40,47,44,42,43,18,16,6.0,6,12,8,210,129,339,115,14,15,127,213,25,53,33,51,46,16,45,16,18,5.0,7,12,9,19,65,84,-3,-8,-6,2,79,11,-6,7,-4,-2,26,-2,2,-2,1.0,-1,0,-1,0
2021,2021-08-21,R23,Regular,23.0,Kardinia Park,Melbourne,Geelong,0,12,9,81,77,4,23,207,151,358,87,12,8,140,207,48,56,37,70,42,49,60,17,23,2.0,8,12,5,229,148,377,106,2,8,140,234,41,49,42,61,58,39,58,23,17,1.0,9,12,5,-22,3,-19,-19,10,0,0,-27,7,7,-5,9,-16,10,2,-6,6,1.0,-1,0,0,0
2021,2021-08-21,R23,Regular,23.0,M.C.G.,Richmond,Hawthorn,1,12,11,83,83,0,23,210,129,339,115,14,15,127,213,25,53,33,51,46,16,45,16,18,5.0,7,12,9,229,194,423,112,6,9,129,292,36,47,40,47,44,42,43,18,16,6.0,6,12,8,-19,-65,-84,3,8,6,-2,-79,-11,6,-7,4,2,-26,2,-2,2,-1.0,1,0,1,0
2021,2021-08-21,R23,Regular,23.0,Docklands,Sydney,Gold Coast,1,21,10,136,49,87,23,255,142,397,129,13,24,132,261,27,55,40,51,49,32,54,22,15,11.0,17,21,9,195,140,335,86,7,7,125,211,36,47,34,55,37,34,60,15,22,3.0,5,6,11,60,2,62,43,6,17,7,50,-9,8,6,-4,12,-2,-6,7,-7,8.0,12,15,-2,0
2021,2021-08-21,R23,Regular,23.0,Gabba,West Coast,Brisbane Lions,0,13,9,87,125,-38,23,208,114,322,75,12,13,141,169,46,57,42,51,69,60,63,18,24,8.0,11,13,6,204,136,340,75,17,13,141,190,42,61,43,82,58,25,50,24,18,3.0,15,19,9,4,-22,-18,0,-5,0,0,-21,4,-4,-1,-31,11,35,13,-6,6,5.0,-4,-6,-3,0
2021,2021-08-22,R23,Regular,23.0,Adelaide Oval,Adelaide,North Melbourne,1,13,20,98,54,44,23,222,196,418,90,14,22,152,266,42,57,28,57,36,37,55,14,19,8.0,9,13,17,175,140,315,69,5,9,111,190,26,37,42,67,44,45,57,19,14,12.0,3,8,5,47,56,103,21,9,13,41,76,16,20,-14,-10,-8,-8,-2,-5,5,-4.0,6,5,12,0
2021,2021-08-22,R23,Regular,23.0,M.C.G.,Collingwood,Essendon,0,9,10,64,102,-38,23,206,144,350,111,10,13,116,242,30,45,37,40,38,27,69,14,20,4.0,6,9,10,233,158,391,121,14,17,112,276,26,54,36,45,40,24,51,20,14,10.0,13,16,6,-27,-14,-41,-10,-4,-4,4,-34,4,-9,1,-5,-2,3,18,-6,6,-6.0,-7,-7,4,0
2021,2021-08-22,R23,Regular,23.0,M.C.G.,Essendon,Collingwood,1,16,6,102,64,38,23,233,158,391,121,14,17,112,276,26,54,36,45,40,24,51,20,14,10.0,13,16,6,206,144,350,111,10,13,116,242,30,45,37,40,38,27,69,14,20,4.0,6,9,10,27,14,41,10,4,4,-4,34,-4,9,-1,5,2,-3,-18,6,-6,6.0,7,7,-4,0
2021,2021-08-22,R23,Regular,23.0,Bellerive Oval,Fremantle,St Kilda,0,6,13,49,107,-58,23,180,174,354,70,6,8,134,226,40,50,34,54,41,43,69,15,21,9.0,4,6,9,223,163,386,105,10,13,127,263,34,52,43,69,50,32,56,21,15,15.0,11,17,5,-43,11,-32,-35,-4,-5,7,-37,6,-2,-9,-15,-9,11,13,-6,6,-6.0,-7,-11,4,0
2021,2021-08-22,R23,Regular,23.0,Adelaide Oval,North Melbourne,Adelaide,0,8,6,54,98,-44,23,175,140,315,69,5,9,111,190,26,37,42,67,44,45,57,19,14,12.0,3,8,5,222,196,418,90,14,22,152,266,42,57,28,57,36,37,55,14,19,8.0,9,13,17,-47,-56,-103,-21,-9,-13,-41,-76,-16,-20,14,10,8,8,2,5,-5,4.0,-6,-5,-12,0
2021,2021-08-22,R23,Regular,23.0,Bellerive Oval,St Kilda,Fremantle,1,17,5,107,49,58,23,223,163,386,105,10,13,127,263,34,52,43,69,50,32,56,21,15,15.0,11,17,5,180,174,354,70,6,8,134,226,40,50,34,54,41,43,69,15,21,9.0,4,6,9,43,-11,32,35,4,5,-7,37,-6,2,9,15,9,-11,-13,6,-6,6.0,7,11,-4,0
2021,2021-08-27,QF,Finals,24.0,Adelaide Oval,Geelong,Port Adelaide,0,5,13,43,86,-43,23,193,122,315,76,10,8,128,179,37,45,48,50,59,36,59,24,19,5.0,5,5,10,231,148,379,107,15,12,136,232,29,60,40,65,51,31,54,19,24,3.0,8,12,13,-38,-26,-64,-31,-5,-4,-8,-53,8,-15,8,-15,8,5,5,5,-5,2.0,-3,-7,-3,1
2021,2021-08-27,QF,Finals,24.0,Adelaide Oval,Port Adelaide,Geelong,1,12,14,86,43,43,23,231,148,379,107,15,12,136,232,29,60,40,65,51,31,54,19,24,3.0,8,12,13,193,122,315,76,10,8,128,179,37,45,48,50,59,36,59,24,19,5.0,5,5,10,38,26,64,31,5,4,8,53,-8,15,-8,15,-8,-5,-5,-5,5,-2.0,3,7,3,1
2021,2021-08-28,QF,Finals,24.0,Adelaide Oval,Brisbane Lions,Melbourne,0,9,6,60,93,-33,23,212,129,341,68,2,5,141,191,44,45,53,57,65,31,71,14,18,2.0,5,9,5,229,144,373,81,12,15,162,199,44,68,36,54,56,50,58,18,14,0.0,6,13,13,-17,-15,-32,-13,-10,-10,-21,-8,0,-23,17,3,9,-19,13,-4,4,2.0,-1,-4,-8,1
2021,2021-08-28,EF,Finals,24.0,York Park,Greater Western Sydney,Sydney,0,11,8,74,73,1,23,217,125,342,90,13,9,146,191,43,46,55,64,61,39,51,20,18,4.0,6,11,7,202,130,332,86,14,15,133,190,35,65,34,68,57,45,55,18,20,5.0,7,10,11,15,-5,10,4,-1,-6,13,1,8,-19,21,-4,4,-6,-4,2,-2,-1.0,-1,1,-4,1
2021,2021-08-28,QF,Finals,24.0,Adelaide Oval,Melbourne,Brisbane Lions,1,13,15,93,60,33,23,229,144,373,81,12,15,162,199,44,68,36,54,56,50,58,18,14,0.0,6,13,13,212,129,341,68,2,5,141,191,44,45,53,57,65,31,71,14,18,2.0,5,9,5,17,15,32,13,10,10,21,8,0,23,-17,-3,-9,19,-13,4,-4,-2.0,1,4,8,1
2021,2021-08-28,EF,Finals,24.0,York Park,Sydney,Greater Western Sydney,1,10,13,73,74,-1,23,202,130,332,86,14,15,133,190,35,65,34,68,57,45,55,18,20,5.0,7,10,11,217,125,342,90,13,9,146,191,43,46,55,64,61,39,51,20,18,4.0,6,11,7,-15,5,-10,-4,1,6,-13,-1,-8,19,-21,4,-4,6,4,-2,2,1.0,1,-1,4,1
2021,2021-08-29,EF,Finals,24.0,York Park,Essendon,Western Bulldogs,0,4,12,36,85,-49,23,212,155,367,77,7,4,148,213,37,51,42,80,82,53,64,14,22,1.0,1,4,11,222,145,367,59,10,6,170,186,45,56,45,64,65,34,70,22,14,4.0,7,13,5,-10,10,0,18,-3,-2,-22,27,-8,-5,-3,16,17,19,-6,-8,8,-3.0,-6,-9,6,1
2021,2021-08-29,EF,Finals,24.0,York Park,Western Bulldogs,Essendon,1,13,7,85,36,49,23,222,145,367,59,10,6,170,186,45,56,45,64,65,34,70,22,14,4.0,7,13,5,212,155,367,77,7,4,148,213,37,51,42,80,82,53,64,14,22,1.0,1,4,11,10,-10,0,-18,3,2,22,-27,8,5,3,-16,-17,-19,6,8,-8,3.0,6,9,-6,1
2021,2021-09-03,SF,Finals,25.0,Perth Stadium,Geelong,Greater Western Sydney,1,15,13,103,68,35,23,223,132,355,92,12,13,141,221,41,49,38,59,61,41,42,24,17,5.0,12,15,10,185,140,325,65,8,5,135,198,43,49,34,68,57,35,57,17,24,6.0,6,10,6,38,-8,30,27,4,8,6,23,-2,0,4,-9,4,6,-15,7,-7,-1.0,6,5,4,1
2021,2021-09-03,SF,Finals,25.0,Perth Stadium,Greater Western Sydney,Geelong,0,10,8,68,103,-35,23,185,140,325,65,8,5,135,198,43,49,34,68,57,35,57,17,24,6.0,6,10,6,223,132,355,92,12,13,141,221,41,49,38,59,61,41,42,24,17,5.0,12,15,10,-38,8,-30,-27,-4,-8,-6,-23,2,0,-4,9,-4,-6,15,-7,7,1.0,-6,-5,-4,1
2021,2021-09-04,SF,Finals,25.0,Gabba,Brisbane Lions,Western Bulldogs,1,11,12,78,79,-1,23,211,140,351,79,7,12,145,208,37,68,41,67,70,45,69,19,28,4.0,10,11,10,223,129,352,65,8,6,155,189,47,54,57,64,67,32,59,28,19,9.0,7,11,11,-12,11,-1,14,-1,6,-10,19,-10,14,-16,3,3,13,10,-9,9,-5.0,3,0,-1,1
2021,2021-09-04,SF,Finals,25.0,Gabba,Western Bulldogs,Brisbane Lions,0,11,13,79,78,1,23,223,129,352,65,8,6,155,189,47,54,57,64,67,32,59,28,19,9.0,7,11,11,211,140,351,79,7,12,145,208,37,68,41,67,70,45,69,19,28,4.0,10,11,10,12,-11,1,-14,1,-6,10,-19,10,-14,16,-3,-3,-13,-10,9,-9,5.0,-3,0,1,1
2021,2021-09-10,PF,Finals,26.0,Perth Stadium,Geelong,Melbourne,0,6,6,42,125,-83,23,180,161,341,57,8,5,130,203,45,42,35,60,58,43,51,12,15,9.0,2,6,2,227,147,374,88,13,16,160,207,41,55,36,63,45,46,44,15,12,5.0,9,19,7,-47,14,-33,-31,-5,-11,-30,-4,4,-13,-1,-3,13,-3,7,-3,3,4.0,-7,-13,-5,1
2021,2021-09-10,PF,Finals,26.0,Perth Stadium,Melbourne,Geelong,1,19,11,125,42,83,23,227,147,374,88,13,16,160,207,41,55,36,63,45,46,44,15,12,5.0,9,19,7,180,161,341,57,8,5,130,203,45,42,35,60,58,43,51,12,15,9.0,2,6,2,47,-14,33,31,5,11,30,4,-4,13,1,3,-13,3,-7,3,-3,-4.0,7,13,5,1
2021,2021-09-11,PF,Finals,26.0,Adelaide Oval,Port Adelaide,Western Bulldogs,1,6,9,45,116,-71,23,209,160,369,85,11,9,136,222,35,48,41,72,51,49,70,22,16,3.0,4,6,8,234,133,367,78,18,14,166,199,41,60,40,58,63,24,62,16,22,10.0,12,17,12,-25,27,2,7,-7,-5,-30,23,-6,-12,1,14,-12,25,8,6,-6,-7.0,-8,-11,-4,1
2021,2021-09-11,PF,Finals,26.0,Adelaide Oval,Western Bulldogs,Port Adelaide,0,17,14,116,45,71,23,234,133,367,78,18,14,166,199,41,60,40,58,63,24,62,16,22,10.0,12,17,12,209,160,369,85,11,9,136,222,35,48,41,72,51,49,70,22,16,3.0,4,6,8,25,-27,-2,-7,7,5,30,-23,6,12,-1,-14,12,-25,-8,-6,6,7.0,8,11,4,1
2021,2021-09-25,GF,Finals,27.0,Perth Stadium,Melbourne,Western Bulldogs,1,21,14,140,66,74,23,206,160,366,68,7,17,151,214,45,64,37,54,46,47,57,19,13,7.0,18,21,11,207,172,379,76,7,4,149,227,32,49,43,57,53,30,71,13,19,9.0,5,10,4,-1,-12,-13,-8,0,13,2,-13,13,15,-6,-3,-7,17,-14,6,-6,-2.0,13,11,7,1
2021,2021-09-25,GF,Finals,27.0,Perth Stadium,Western Bulldogs,Melbourne,0,10,6,66,140,-74,23,207,172,379,76,7,4,149,227,32,49,43,57,53,30,71,13,19,9.0,5,10,4,206,160,366,68,7,17,151,214,45,64,37,54,46,47,57,19,13,7.0,18,21,11,1,12,13,8,0,-13,-2,13,-13,-15,6,3,7,-17,14,-6,6,2.0,-13,-11,-7,1
2022,2022-03-16,R1,Regular,1.0,M.C.G.,Melbourne,Western Bulldogs,1,14,13,97,71,26,23,213,137,350,96,16,17,146,204,30,56,40,46,54,44,72,17,30,8.0,8,14,11,224,152,376,92,6,6,126,243,40,51,43,53,43,20,59,30,17,4.0,8,11,4,-11,-15,-26,4,10,11,20,-39,-10,5,-3,-7,11,24,13,-13,13,4.0,0,3,7,0
2022,2022-03-16,R1,Regular,1.0,M.C.G.,Western Bulldogs,Melbourne,0,11,5,71,97,-26,23,224,152,376,92,6,6,126,243,40,51,43,53,43,20,59,30,17,4.0,8,11,4,213,137,350,96,16,17,146,204,30,56,40,46,54,44,72,17,30,8.0,8,14,11,11,15,26,-4,-10,-11,-20,39,10,-5,3,7,-11,-24,-13,13,-13,-4.0,0,-3,-7,0
2022,2022-03-17,R1,Regular,1.0,M.C.G.,Carlton,Richmond,1,14,17,101,76,25,23,207,157,364,84,4,11,135,225,40,64,29,42,44,26,56,28,20,17.0,9,14,16,181,126,307,81,8,10,114,188,22,40,50,32,48,29,79,20,28,13.0,7,11,8,26,31,57,3,-4,1,21,37,18,24,-21,10,-4,-3,-23,8,-8,4.0,2,3,8,0
2022,2022-03-17,R1,Regular,1.0,M.C.G.,Richmond,Carlton,0,11,10,76,101,-25,23,181,126,307,81,8,10,114,188,22,40,50,32,48,29,79,20,28,13.0,7,11,8,207,157,364,84,4,11,135,225,40,64,29,42,44,26,56,28,20,17.0,9,14,16,-26,-31,-57,-3,4,-1,-21,-37,-18,-24,21,-10,4,3,23,-8,8,-4.0,-2,-3,-8,0
2022,2022-03-18,R1,Regular,1.0,Docklands,Collingwood,St Kilda,0,15,12,102,85,17,23,218,170,388,87,9,12,147,237,38,54,34,60,48,41,66,25,18,5.0,12,15,11,227,141,368,98,12,9,144,221,36,47,37,51,51,27,62,18,25,1.0,5,12,11,-9,29,20,-11,-3,3,3,16,2,7,-3,9,-3,14,4,7,-7,4.0,7,3,0,0
2022,2022-03-18,R1,Regular,1.0,Docklands,St Kilda,Collingwood,1,12,13,85,102,-17,23,227,141,368,98,12,9,144,221,36,47,37,51,51,27,62,18,25,1.0,5,12,11,218,170,388,87,9,12,147,237,38,54,34,60,48,41,66,25,18,5.0,12,15,11,9,-29,-20,11,3,-3,-3,-16,-2,-7,3,-9,3,-14,-4,-7,7,-4.0,-7,-3,0,0
2022,2022-03-19,R1,Regular,1.0,Gabba,Brisbane Lions,Port Adelaide,1,11,14,80,69,11,23,206,123,329,90,12,12,141,194,40,52,44,57,45,52,72,26,25,8.0,9,11,11,216,141,357,82,8,6,140,206,41,55,40,54,68,26,63,25,26,5.0,6,10,8,-10,-18,-28,8,4,6,1,-12,-1,-3,4,3,-23,26,9,1,-1,3.0,3,1,3,0
2022,2022-03-19,R1,Regular,1.0,M.C.G.,Essendon,Geelong,0,11,6,72,138,-66,23,222,186,408,119,8,14,109,290,27,48,43,40,47,45,48,20,19,9.0,9,11,4,218,171,389,76,15,13,151,234,51,63,36,37,47,33,61,19,20,13.0,16,20,12,4,15,19,43,-7,1,-42,56,-24,-15,7,3,0,12,-13,1,-1,-4.0,-7,-9,-8,0
2022,2022-03-19,R1,Regular,1.0,M.C.G.,Geelong,Essendon,1,20,18,138,72,66,23,218,171,389,76,15,13,151,234,51,63,36,37,47,33,61,19,20,13.0,16,20,12,222,186,408,119,8,14,109,290,27,48,43,40,47,45,48,20,19,9.0,9,11,4,-4,-15,-19,-43,7,-1,42,-56,24,15,-7,-3,0,-12,13,-1,1,4.0,7,9,8,0
2022,2022-03-19,R1,Regular,1.0,Stadium Australia,Greater Western Sydney,Sydney,1,13,14,92,112,-20,23,210,134,344,88,14,14,143,191,38,48,32,62,45,35,51,20,15,3.0,4,13,11,206,106,312,76,11,9,130,167,42,49,34,62,47,40,50,15,20,6.0,9,17,6,4,28,32,12,3,5,13,24,-4,-1,-2,0,-2,-5,1,5,-5,-3.0,-5,-4,5,0
2022,2022-03-19,R1,Regular,1.0,Gabba,Port Adelaide,Brisbane Lions,0,10,9,69,80,-11,23,216,141,357,82,8,6,140,206,41,55,40,54,68,26,63,25,26,5.0,6,10,8,206,123,329,90,12,12,141,194,40,52,44,57,45,52,72,26,25,8.0,9,11,11,10,18,28,-8,-4,-6,-1,12,1,3,-4,-3,23,-26,-9,-1,1,-3.0,-3,-1,-3,0
2022,2022-03-19,R1,Regular,1.0,Stadium Australia,Sydney,Greater Western Sydney,0,17,10,112,92,20,23,206,106,312,76,11,9,130,167,42,49,34,62,47,40,50,15,20,6.0,9,17,6,210,134,344,88,14,14,143,191,38,48,32,62,45,35,51,20,15,3.0,4,13,11,-4,-28,-32,-12,-3,-5,-13,-24,4,1,2,0,2,5,-1,-5,5,3.0,5,4,-5,0
2022,2022-03-20,R1,Regular,1.0,Adelaide Oval,Adelaide,Fremantle,1,12,10,82,83,-1,23,215,144,359,92,8,12,143,219,35,48,43,51,45,29,55,32,15,1.0,7,12,10,175,138,313,73,7,10,129,187,38,55,36,58,57,41,61,16,32,5.0,8,11,15,40,6,46,19,1,2,14,32,-3,-7,7,-7,-12,-12,-6,16,-17,-4.0,-1,1,-5,0
2022,2022-03-20,R1,Regular,1.0,Adelaide Oval,Fremantle,Adelaide,0,11,17,83,82,1,23,175,138,313,73,7,10,129,187,38,55,36,58,57,41,61,16,32,5.0,8,11,15,215,144,359,92,8,12,143,219,35,48,43,51,45,29,55,32,15,1.0,7,12,10,-40,-6,-46,-19,-1,-2,-14,-32,3,7,-7,7,12,12,6,-16,17,4.0,1,-1,5,0
2022,2022-03-20,R1,Regular,1.0,Perth Stadium,Gold Coast,West Coast,0,16,11,107,80,27,23,212,143,355,65,8,16,156,190,39,59,30,59,38,35,65,24,20,2.0,12,16,8,216,123,339,91,6,9,122,211,35,42,42,38,62,39,66,20,24,4.0,8,12,6,-4,20,16,-26,2,7,34,-21,4,17,-12,21,-24,-4,-1,4,-4,-2.0,4,4,2,0
2022,2022-03-20,R1,Regular,1.0,M.C.G.,Hawthorn,North Melbourne,1,11,12,78,58,20,23,213,154,367,96,17,14,132,231,27,49,44,62,42,35,65,25,25,6.0,8,11,9,217,124,341,101,13,8,130,198,34,53,37,50,46,32,62,25,25,6.0,4,8,8,-4,30,26,-5,4,6,2,33,-7,-4,7,12,-4,3,3,0,0,0.0,4,3,1,0
2022,2022-03-20,R1,Regular,1.0,M.C.G.,North Melbourne,Hawthorn,0,8,10,58,78,-20,23,217,124,341,101,13,8,130,198,34,53,37,50,46,32,62,25,25,6.0,4,8,8,213,154,367,96,17,14,132,231,27,49,44,62,42,35,65,25,25,6.0,8,11,9,4,-30,-26,5,-4,-6,-2,-33,7,4,-7,-12,4,-3,-3,0,0,0.0,-4,-3,-1,0
2022,2022-03-20,R1,Regular,1.0,Perth Stadium,West Coast,Gold Coast,1,12,8,80,107,-27,23,216,123,339,91,6,9,122,211,35,42,42,38,62,39,66,20,24,4.0,8,12,6,212,143,355,65,8,16,156,190,39,59,30,59,38,35,65,24,20,2.0,12,16,8,4,-20,-16,26,-2,-7,-34,21,-4,-17,12,-21,24,4,1,-4,4,2.0,-4,-4,-2,0
2022,2022-03-24,R2,Regular,2.0,Docklands,Carlton,Western Bulldogs,0,16,6,102,90,12,23,245,188,433,104,14,9,161,265,39,49,37,39,49,43,64,19,19,15.0,11,16,5,202,164,366,89,10,15,123,236,32,51,33,49,51,25,52,19,19,8.0,10,13,9,43,24,67,15,4,-6,38,29,7,-2,4,-10,-2,18,12,0,0,7.0,1,3,-4,0
2022,2022-03-24,R2,Regular,2.0,Docklands,Western Bulldogs,Carlton,1,13,12,90,102,-12,23,202,164,366,89,10,15,123,236,32,51,33,49,51,25,52,19,19,8.0,10,13,9,245,188,433,104,14,9,161,265,39,49,37,39,49,43,64,19,19,15.0,11,16,5,-43,-24,-67,-15,-4,6,-38,-29,-7,2,-4,10,2,-18,-12,0,0,-7.0,-1,-3,4,0
2022,2022-03-25,R2,Regular,2.0,S.C.G.,Geelong,Sydney,0,10,17,77,107,-30,23,202,136,338,76,3,13,119,200,35,65,30,55,50,35,64,23,24,3.0,7,10,12,247,123,370,116,3,13,119,236,32,47,54,40,43,26,64,24,23,5.0,11,17,3,-45,13,-32,-40,0,0,0,-36,3,18,-24,15,7,9,0,-1,1,-2.0,-4,-7,9,0
2022,2022-03-25,R2,Regular,2.0,S.C.G.,Sydney,Geelong,1,17,5,107,77,30,23,247,123,370,116,3,13,119,236,32,47,54,40,43,26,64,24,23,5.0,11,17,3,202,136,338,76,3,13,119,200,35,65,30,55,50,35,64,23,24,3.0,7,10,12,45,-13,32,40,0,0,0,36,-3,-18,24,-15,-7,-9,0,1,-1,2.0,4,7,-9,0
2022,2022-03-26,R2,Regular,2.0,M.C.G.,Adelaide,Collingwood,0,8,10,58,100,-42,23,220,169,389,102,2,8,136,252,36,51,37,53,43,33,69,18,30,2.0,6,8,8,201,183,384,72,3,9,139,230,29,54,43,61,48,30,61,30,16,11.0,10,15,8,19,-14,5,30,-1,-1,-3,22,7,-3,-6,-8,-5,3,8,-12,14,-9.0,-4,-7,0,0
2022,2022-03-26,R2,Regular,2.0,Docklands,Brisbane Lions,Essendon,0,15,7,97,75,22,23,226,125,351,104,13,11,133,205,37,52,46,39,49,24,63,18,23,3.0,10,15,6,205,138,343,89,11,15,138,206,30,56,35,32,46,38,57,23,18,5.0,9,10,13,21,-13,8,15,2,-4,-5,-1,7,-4,11,7,3,-14,6,-5,5,-2.0,1,5,-7,0
2022,2022-03-26,R2,Regular,2.0,M.C.G.,Collingwood,Adelaide,1,15,10,100,58,42,23,201,183,384,72,3,9,139,230,29,54,43,61,48,30,61,30,16,11.0,10,15,8,220,169,389,102,2,8,136,252,36,51,37,53,43,33,69,18,30,2.0,6,8,8,-19,14,-5,-30,1,1,3,-22,-7,3,6,8,5,-3,-8,12,-14,9.0,4,7,0,0
2022,2022-03-26,R2,Regular,2.0,Docklands,Essendon,Brisbane Lions,1,10,15,75,97,-22,23,205,138,343,89,11,15,138,206,30,56,35,32,46,38,57,23,18,5.0,9,10,13,226,125,351,104,13,11,133,205,37,52,46,39,49,24,63,18,23,3.0,10,15,6,-21,13,-8,-15,-2,4,5,1,-7,4,-11,-7,-3,14,-6,5,-5,2.0,-1,-5,7,0
2022,2022-03-26,R2,Regular,2.0,Carrara,Gold Coast,Melbourne,1,10,9,69,82,-13,23,199,101,300,73,9,10,148,157,40,60,41,51,80,49,66,17,20,4.0,7,10,8,253,169,422,92,5,6,171,243,47,55,49,64,56,35,60,20,17,0.0,6,12,8,-54,-68,-122,-19,4,4,-23,-86,-7,5,-8,-13,24,14,6,-3,3,4.0,1,-2,0,0
2022,2022-03-26,R2,Regular,2.0,Adelaide Oval,Hawthorn,Port Adelaide,0,19,6,120,56,64,23,201,141,342,80,12,12,139,193,30,46,48,52,51,53,49,17,15,6.0,14,19,5,221,195,416,82,8,9,147,262,54,58,24,71,51,29,62,15,16,8.0,4,7,13,-20,-54,-74,-2,4,3,-8,-69,-24,-12,24,-19,0,24,-13,2,-1,-2.0,10,12,-8,0
2022,2022-03-26,R2,Regular,2.0,Carrara,Melbourne,Gold Coast,0,12,10,82,69,13,23,253,169,422,92,5,6,171,243,47,55,49,64,56,35,60,20,17,0.0,6,12,8,199,101,300,73,9,10,148,157,40,60,41,51,80,49,66,17,20,4.0,7,10,8,54,68,122,19,-4,-4,23,86,7,-5,8,13,-24,-14,-6,3,-3,-4.0,-1,2,0,0
2022,2022-03-26,R2,Regular,2.0,Adelaide Oval,Port Adelaide,Hawthorn,1,7,14,56,120,-64,23,221,195,416,82,8,9,147,262,54,58,24,71,51,29,62,15,16,8.0,4,7,13,201,141,342,80,12,12,139,193,30,46,48,52,51,53,49,17,15,6.0,14,19,5,20,54,74,2,-4,-3,8,69,24,12,-24,19,0,-24,13,-2,1,2.0,-10,-12,8,0
2022,2022-03-27,R2,Regular,2.0,Perth Stadium,Fremantle,St Kilda,1,8,7,55,65,-10,23,221,147,368,98,9,3,130,234,26,42,39,53,54,29,67,27,24,4.0,4,8,6,230,148,378,100,12,12,142,231,37,50,33,60,35,32,72,24,27,8.0,5,9,10,-9,-1,-10,-2,-3,-9,-12,3,-11,-8,6,-7,19,-3,-5,3,-3,-4.0,-1,-1,-4,0
2022,2022-03-27,R2,Regular,2.0,M.C.G.,Greater Western Sydney,Richmond,0,10,13,73,109,-36,23,236,168,404,127,9,12,115,287,24,55,34,42,52,19,60,18,26,10.0,6,10,10,208,131,339,91,11,10,133,203,30,53,45,38,51,32,48,26,18,11.0,9,16,8,28,37,65,36,-2,2,-18,84,-6,2,-11,4,1,-13,12,-8,8,-1.0,-3,-6,2,0
2022,2022-03-27,R2,Regular,2.0,Docklands,North Melbourne,West Coast,1,10,14,74,59,15,23,236,150,386,112,13,14,141,247,33,48,41,54,48,44,63,25,21,4.0,7,10,10,204,99,303,94,6,8,114,180,34,50,38,64,46,13,63,21,25,4.0,3,8,8,32,51,83,18,7,6,27,67,-1,-2,3,-10,2,31,0,4,-4,0.0,4,2,2,0
2022,2022-03-27,R2,Regular,2.0,M.C.G.,Richmond,Greater Western Sydney,1,16,13,109,73,36,23,208,131,339,91,11,10,133,203,30,53,45,38,51,32,48,26,18,11.0,9,16,8,236,168,404,127,9,12,115,287,24,55,34,42,52,19,60,18,26,10.0,6,10,10,-28,-37,-65,-36,2,-2,18,-84,6,-2,11,-4,-1,13,-12,8,-8,1.0,3,6,-2,0
2022,2022-03-27,R2,Regular,2.0,Perth Stadium,St Kilda,Fremantle,0,9,11,65,55,10,23,230,148,378,100,12,12,142,231,37,50,33,60,35,32,72,24,27,8.0,5,9,10,221,147,368,98,9,3,130,234,26,42,39,53,54,29,67,27,24,4.0,4,8,6,9,1,10,2,3,9,12,-3,11,8,-6,7,-19,3,5,-3,3,4.0,1,1,4,0
2022,2022-03-27,R2,Regular,2.0,Docklands,West Coast,North Melbourne,0,8,11,59,74,-15,23,204,99,303,94,6,8,114,180,34,50,38,64,46,13,63,21,25,4.0,3,8,8,236,150,386,112,13,14,141,247,33,48,41,54,48,44,63,25,21,4.0,7,10,10,-32,-51,-83,-18,-7,-6,-27,-67,1,2,-3,10,-2,-31,0,-4,4,0.0,-4,-2,-2,0
2022,2022-03-31,R3,Regular,3.0,Docklands,Sydney,Western Bulldogs,0,9,6,60,71,-11,23,222,138,360,107,11,8,131,220,32,49,48,49,50,35,66,14,31,10.0,4,9,4,227,146,373,96,11,11,155,222,41,59,40,65,49,30,51,31,14,15.0,4,9,12,-5,-8,-13,11,0,-3,-24,-2,-9,-10,8,-16,1,5,15,-17,17,-5.0,0,0,-8,0
2022,2022-03-31,R3,Regular,3.0,Docklands,Western Bulldogs,Sydney,1,9,17,71,60,11,23,227,146,373,96,11,11,155,222,41,59,40,65,49,30,51,31,14,15.0,4,9,12,222,138,360,107,11,8,131,220,32,49,48,49,50,35,66,14,31,10.0,4,9,4,5,8,13,-11,0,3,24,2,9,10,-8,16,-1,-5,-15,17,-17,5.0,0,0,8,0
2022,2022-04-01,R3,Regular,3.0,Adelaide Oval,Adelaide,Port Adelaide,1,15,6,96,92,4,23,192,153,345,67,13,9,140,197,40,43,34,64,40,46,50,28,23,3.0,8,15,6,192,151,343,67,11,10,134,194,40,48,26,80,49,33,64,23,28,4.0,8,13,11,0,2,2,0,2,-1,6,3,0,-5,8,-16,-9,13,-14,5,-5,-1.0,0,2,-5,0
2022,2022-04-01,R3,Regular,3.0,M.C.G.,Essendon,Melbourne,0,10,10,70,99,-29,23,206,114,320,88,13,12,117,184,39,39,51,51,37,35,53,20,19,1.0,9,10,7,232,145,377,120,12,17,131,241,32,65,29,37,37,29,56,19,20,4.0,12,14,14,-26,-31,-57,-32,1,-5,-14,-57,7,-26,22,14,0,6,-3,1,-1,-3.0,-3,-4,-7,0
2022,2022-04-01,R3,Regular,3.0,M.C.G.,Melbourne,Essendon,1,14,15,99,70,29,23,232,145,377,120,12,17,131,241,32,65,29,37,37,29,56,19,20,4.0,12,14,14,206,114,320,88,13,12,117,184,39,39,51,51,37,35,53,20,19,1.0,9,10,7,26,31,57,32,-1,5,14,57,-7,26,-22,-14,0,-6,3,-1,1,3.0,3,4,7,0
2022,2022-04-01,R3,Regular,3.0,Adelaide Oval,Port Adelaide,Adelaide,0,13,14,92,96,-4,23,192,151,343,67,11,10,134,194,40,48,26,80,49,33,64,23,28,4.0,8,13,11,192,153,345,67,13,9,140,197,40,43,34,64,40,46,50,28,23,3.0,8,15,6,0,-2,-2,0,-2,1,-6,-3,0,5,-8,16,9,-13,14,-5,5,1.0,0,-2,5,0
2022,2022-04-02,R3,Regular,3.0,Gabba,Brisbane Lions,North Melbourne,1,23,18,156,48,108,23,263,135,398,127,20,26,156,243,39,78,33,50,55,27,50,19,18,4.0,17,23,17,185,131,316,66,5,5,118,184,46,40,53,45,52,42,66,18,19,6.0,3,7,5,78,4,82,61,15,21,38,59,-7,38,-20,5,3,-15,-16,1,-1,-2.0,14,16,12,0
2022,2022-04-02,R3,Regular,3.0,M.C.G.,Collingwood,Geelong,1,13,13,91,104,-13,23,204,189,393,80,5,7,158,239,41,59,31,56,54,34,65,23,21,2.0,7,13,10,197,160,357,75,9,20,135,205,37,47,46,60,57,31,68,21,23,1.0,14,16,5,7,29,36,5,-4,-13,23,34,4,12,-15,-4,-3,3,-3,2,-2,1.0,-7,-3,5,0
2022,2022-04-02,R3,Regular,3.0,M.C.G.,Geelong,Collingwood,0,16,8,104,91,13,23,197,160,357,75,9,20,135,205,37,47,46,60,57,31,68,21,23,1.0,14,16,5,204,189,393,80,5,7,158,239,41,59,31,56,54,34,65,23,21,2.0,7,13,10,-7,-29,-36,-5,4,13,-23,-34,-4,-12,15,4,3,-3,3,-2,2,-1.0,7,3,-5,0
2022,2022-04-02,R3,Regular,3.0,Sydney Showground,Gold Coast,Greater Western Sydney,0,8,9,57,83,-26,23,185,115,300,70,8,8,121,175,34,50,40,49,52,41,63,20,25,8.0,4,8,7,221,173,394,91,10,12,144,241,53,55,42,77,44,43,48,25,20,7.0,10,12,11,-36,-58,-94,-21,-2,-4,-23,-66,-19,-5,-2,-28,8,-2,15,-5,5,1.0,-6,-4,-4,0
2022,2022-04-02,R3,Regular,3.0,Sydney Showground,Greater Western Sydney,Gold Coast,1,12,11,83,57,26,23,221,173,394,91,10,12,144,241,53,55,42,77,44,43,48,25,20,7.0,10,12,11,185,115,300,70,8,8,121,175,34,50,40,49,52,41,63,20,25,8.0,4,8,7,36,58,94,21,2,4,23,66,19,5,2,28,-8,2,-15,5,-5,-1.0,6,4,4,0
2022,2022-04-02,R3,Regular,3.0,Gabba,North Melbourne,Brisbane Lions,0,7,6,48,156,-108,23,185,131,316,66,5,5,118,184,46,40,53,45,52,42,66,18,19,6.0,3,7,5,263,135,398,127,20,26,156,243,39,78,33,50,55,27,50,19,18,4.0,17,23,17,-78,-4,-82,-61,-15,-21,-38,-59,7,-38,20,-5,-3,15,16,-1,1,2.0,-14,-16,-12,0
2022,2022-04-03,R3,Regular,3.0,M.C.G.,Carlton,Hawthorn,1,11,8,74,73,1,23,253,146,399,115,13,10,147,250,37,64,35,68,55,34,69,23,20,8.0,7,11,6,222,144,366,103,9,8,137,225,31,46,52,57,49,31,68,20,23,10.0,8,11,5,31,2,33,12,4,2,10,25,6,18,-17,11,6,3,1,3,-3,-2.0,-1,0,1,0
2022,2022-04-03,R3,Regular,3.0,Perth Stadium,Fremantle,West Coast,0,15,12,102,47,55,23,238,137,375,116,7,15,126,248,36,55,38,52,61,18,69,22,29,5.0,11,15,10,201,112,313,86,15,6,133,183,29,46,39,55,51,41,62,29,22,1.0,3,7,3,37,25,62,30,-8,9,-7,65,7,9,-1,-3,10,-23,7,-7,7,4.0,8,8,7,0
2022,2022-04-03,R3,Regular,3.0,M.C.G.,Hawthorn,Carlton,0,11,7,73,74,-1,23,222,144,366,103,9,8,137,225,31,46,52,57,49,31,68,20,23,10.0,8,11,5,253,146,399,115,13,10,147,250,37,64,35,68,55,34,69,23,20,8.0,7,11,6,-31,-2,-33,-12,-4,-2,-10,-25,-6,-18,17,-11,-6,-3,-1,-3,3,2.0,1,0,-1,0
2022,2022-04-03,R3,Regular,3.0,Docklands,Richmond,St Kilda,0,13,6,84,117,-33,23,196,144,340,86,10,8,127,216,34,55,31,53,49,38,68,19,27,2.0,8,13,4,214,166,380,73,8,12,153,230,45,49,41,43,63,41,63,27,19,6.0,13,18,8,-18,-22,-40,13,2,-4,-26,-14,-11,6,-10,10,-14,-3,5,-8,8,-4.0,-5,-5,-4,0
2022,2022-04-03,R3,Regular,3.0,Docklands,St Kilda,Richmond,1,18,9,117,84,33,23,214,166,380,73,8,12,153,230,45,49,41,43,63,41,63,27,19,6.0,13,18,8,196,144,340,86,10,8,127,216,34,55,31,53,49,38,68,19,27,2.0,8,13,4,18,22,40,-13,-2,4,26,14,11,-6,10,-10,14,3,-5,8,-8,4.0,5,5,4,0
2022,2022-04-03,R3,Regular,3.0,Perth Stadium,West Coast,Fremantle,1,7,5,47,102,-55,23,201,112,313,86,15,6,133,183,29,46,39,55,51,41,62,29,22,1.0,3,7,3,238,137,375,116,7,15,126,248,36,55,38,52,61,18,69,22,29,5.0,11,15,10,-37,-25,-62,-30,8,-9,7,-65,-7,-9,1,3,-10,23,-7,7,-7,-4.0,-8,-8,-7,0
2022,2022-04-07,R4,Regular,4.0,Adelaide Oval,Melbourne,Port Adelaide,0,10,8,68,36,32,23,197,157,354,76,16,11,147,206,39,55,41,50,46,41,75,24,21,5.0,7,10,6,260,148,408,135,6,3,123,280,30,48,45,54,64,27,70,21,24,8.0,2,4,11,-63,9,-54,-59,10,8,24,-74,9,7,-4,-4,-18,14,5,3,-3,-3.0,5,6,-5,0
2022,2022-04-07,R4,Regular,4.0,Adelaide Oval,Port Adelaide,Melbourne,1,4,12,36,68,-32,23,260,148,408,135,6,3,123,280,30,48,45,54,64,27,70,21,24,8.0,2,4,11,197,157,354,76,16,11,147,206,39,55,41,50,46,41,75,24,21,5.0,7,10,6,63,-9,54,59,-10,-8,-24,74,-9,-7,4,4,18,-14,-5,-3,3,3.0,-5,-6,5,0
2022,2022-04-08,R4,Regular,4.0,Kardinia Park,Brisbane Lions,Geelong,0,11,4,70,80,-10,23,222,113,335,107,20,12,133,195,33,42,47,49,39,25,59,16,18,2.0,10,11,4,220,159,379,104,15,19,132,247,38,59,31,62,44,45,52,18,16,3.0,8,11,13,2,-46,-44,3,5,-7,1,-52,-5,-17,16,-13,-5,-20,7,-2,2,-1.0,2,0,-9,0
2022,2022-04-08,R4,Regular,4.0,Kardinia Park,Geelong,Brisbane Lions,1,11,14,80,70,10,23,220,159,379,104,15,19,132,247,38,59,31,62,44,45,52,18,16,3.0,8,11,13,222,113,335,107,20,12,133,195,33,42,47,49,39,25,59,16,18,2.0,10,11,4,-2,46,44,-3,-5,7,-1,52,5,17,-16,13,5,20,-7,2,-2,1.0,-2,0,9,0
2022,2022-04-09,R4,Regular,4.0,Docklands,Collingwood,West Coast,1,10,14,74,87,-13,23,206,146,352,88,14,13,129,223,35,61,27,68,45,34,59,28,21,0.0,6,10,9,214,124,338,99,8,12,136,206,34,42,51,41,47,31,63,21,28,1.0,12,14,2,-8,22,14,-11,6,1,-7,17,1,19,-24,27,-2,3,-4,7,-7,-1.0,-6,-4,7,0
2022,2022-04-09,R4,Regular,4.0,Perth Stadium,Fremantle,Greater Western Sydney,1,13,10,88,54,34,23,223,163,386,85,8,10,153,225,34,51,36,70,56,35,52,42,16,7.0,11,13,9,193,131,324,84,5,7,129,196,36,45,37,59,51,38,72,16,42,1.0,2,8,6,30,32,62,1,3,3,24,29,-2,6,-1,11,5,-3,-20,26,-26,6.0,9,5,3,0
2022,2022-04-09,R4,Regular,4.0,Perth Stadium,Greater Western Sydney,Fremantle,0,8,6,54,88,-34,23,193,131,324,84,5,7,129,196,36,45,37,59,51,38,72,16,42,1.0,2,8,6,223,163,386,85,8,10,153,225,34,51,36,70,56,35,52,42,16,7.0,11,13,9,-30,-32,-62,-1,-3,-3,-24,-29,2,-6,1,-11,-5,3,20,-26,26,-6.0,-9,-5,-3,0
2022,2022-04-09,R4,Regular,4.0,S.C.G.,North Melbourne,Sydney,0,12,3,75,86,-11,23,207,129,336,77,6,8,137,189,30,54,42,66,49,36,58,34,26,2.0,9,12,3,207,143,350,72,9,9,144,207,43,56,42,65,51,33,69,26,34,6.0,9,13,7,0,-14,-14,5,-3,-1,-7,-18,-13,-2,0,1,-2,3,-11,8,-8,-4.0,0,-1,-4,0
2022,2022-04-09,R4,Regular,4.0,M.C.G.,Richmond,Western Bulldogs,1,15,9,99,61,38,23,230,137,367,107,13,11,136,227,25,48,50,46,55,36,69,15,25,4.0,5,15,8,225,189,414,95,9,11,136,283,37,57,30,40,50,25,55,25,15,4.0,6,7,15,5,-52,-47,12,4,0,0,-56,-12,-9,20,6,5,11,14,-10,10,0.0,-1,8,-7,0
2022,2022-04-09,R4,Regular,4.0,S.C.G.,Sydney,North Melbourne,1,13,8,86,75,11,23,207,143,350,72,9,9,144,207,43,56,42,65,51,33,69,26,34,6.0,9,13,7,207,129,336,77,6,8,137,189,30,54,42,66,49,36,58,34,26,2.0,9,12,3,0,14,14,-5,3,1,7,18,13,2,0,-1,2,-3,11,-8,8,4.0,0,1,4,0
2022,2022-04-09,R4,Regular,4.0,Docklands,West Coast,Collingwood,0,14,3,87,74,13,23,214,124,338,99,8,12,136,206,34,42,51,41,47,31,63,21,28,1.0,12,14,2,206,146,352,88,14,13,129,223,35,61,27,68,45,34,59,28,21,0.0,6,10,9,8,-22,-14,11,-6,-1,7,-17,-1,-19,24,-27,2,-3,4,-7,7,1.0,6,4,-7,0
2022,2022-04-09,R4,Regular,4.0,M.C.G.,Western Bulldogs,Richmond,0,7,19,61,99,-38,23,225,189,414,95,9,11,136,283,37,57,30,40,50,25,55,25,15,4.0,6,7,15,230,137,367,107,13,11,136,227,25,48,50,46,55,36,69,15,25,4.0,5,15,8,-5,52,47,-12,-4,0,0,56,12,9,-20,-6,-5,-11,-14,10,-10,0.0,1,-8,7,0
2022,2022-04-10,R4,Regular,4.0,Docklands,Adelaide,Essendon,0,15,9,99,103,-4,23,211,162,373,81,8,7,157,212,40,53,50,45,53,25,77,26,24,5.0,10,15,6,221,144,365,100,12,14,136,222,39,65,37,47,50,44,65,24,26,11.0,13,15,9,-10,18,8,-19,-4,-7,21,-10,1,-12,13,-2,3,-19,12,2,-2,-6.0,-3,0,-3,0
2022,2022-04-10,R4,Regular,4.0,Carrara,Carlton,Gold Coast,0,8,14,62,92,-30,23,233,148,381,101,9,10,129,237,27,47,50,67,56,19,66,21,17,15.0,5,8,13,216,129,345,79,12,13,142,192,43,64,39,35,46,52,60,17,21,3.0,10,13,13,17,19,36,22,-3,-3,-13,45,-16,-17,11,32,10,-33,6,4,-4,12.0,-5,-5,0,0
2022,2022-04-10,R4,Regular,4.0,Docklands,Essendon,Adelaide,1,15,13,103,99,4,23,221,144,365,100,12,14,136,222,39,65,37,47,50,44,65,24,26,11.0,13,15,9,211,162,373,81,8,7,157,212,40,53,50,45,53,25,77,26,24,5.0,10,15,6,10,-18,-8,19,4,7,-21,10,-1,12,-13,2,-3,19,-12,-2,2,6.0,3,0,3,0
2022,2022-04-10,R4,Regular,4.0,Carrara,Gold Coast,Carlton,1,13,14,92,62,30,23,216,129,345,79,12,13,142,192,43,64,39,35,46,52,60,17,21,3.0,10,13,13,233,148,381,101,9,10,129,237,27,47,50,67,56,19,66,21,17,15.0,5,8,13,-17,-19,-36,-22,3,3,13,-45,16,17,-11,-32,-10,33,-6,-4,4,-12.0,5,5,0,0
2022,2022-04-10,R4,Regular,4.0,M.C.G.,Hawthorn,St Kilda,1,10,13,73,142,-69,23,192,142,334,89,9,10,117,219,34,45,22,41,48,25,65,25,27,3.0,5,10,12,251,161,412,117,9,22,137,269,30,46,35,53,43,33,72,27,24,12.0,18,22,9,-59,-19,-78,-28,0,-12,-20,-50,4,-1,-13,-12,5,-8,-7,-2,3,-9.0,-13,-12,3,0
2022,2022-04-10,R4,Regular,4.0,M.C.G.,St Kilda,Hawthorn,0,22,10,142,73,69,23,251,161,412,117,9,22,137,269,30,46,35,53,43,33,72,27,24,12.0,18,22,9,192,142,334,89,9,10,117,219,34,45,22,41,48,25,65,25,27,3.0,5,10,12,59,19,78,28,0,12,20,50,-4,1,13,12,-5,8,7,2,-3,9.0,13,12,-3,0
2022,2022-04-14,R5,Regular,5.0,Gabba,Brisbane Lions,Collingwood,1,15,8,98,91,7,23,231,144,375,96,12,13,147,215,41,54,47,56,38,25,78,26,24,1.0,11,15,7,194,167,361,78,7,8,130,223,38,62,38,62,49,39,66,24,26,3.0,7,14,7,37,-23,14,18,5,5,17,-8,3,-8,9,-6,-11,-14,12,2,-2,-2.0,4,1,0,0
2022,2022-04-14,R5,Regular,5.0,Gabba,Collingwood,Brisbane Lions,0,14,7,91,98,-7,23,194,167,361,78,7,8,130,223,38,62,38,62,49,39,66,24,26,3.0,7,14,7,231,144,375,96,12,13,147,215,41,54,47,56,38,25,78,26,24,1.0,11,15,7,-37,23,-14,-18,-5,-5,-17,8,-3,8,-9,6,11,14,-12,-2,2,2.0,-4,-1,0,0
2022,2022-04-15,R5,Regular,5.0,Docklands,North Melbourne,Western Bulldogs,1,11,5,71,139,-68,23,172,116,288,62,8,9,120,163,38,45,44,54,39,45,55,28,22,4.0,6,11,4,268,159,427,124,12,16,156,273,40,67,33,53,50,27,63,22,28,3.0,14,21,11,-96,-43,-139,-62,-4,-7,-36,-110,-2,-22,11,1,-11,18,-8,6,-6,1.0,-8,-10,-7,0
2022,2022-04-15,R5,Regular,5.0,Perth Stadium,Sydney,West Coast,0,18,13,121,58,63,23,243,142,385,103,11,15,148,239,35,65,19,51,46,34,56,20,19,6.0,14,18,11,199,114,313,89,5,6,111,194,27,29,47,57,41,25,54,19,20,1.0,3,9,4,44,28,72,14,6,9,37,45,8,36,-28,-6,5,9,2,1,-1,5.0,11,9,7,0
2022,2022-04-15,R5,Regular,5.0,Perth Stadium,West Coast,Sydney,1,9,4,58,121,-63,23,199,114,313,89,5,6,111,194,27,29,47,57,41,25,54,19,20,1.0,3,9,4,243,142,385,103,11,15,148,239,35,65,19,51,46,34,56,20,19,6.0,14,18,11,-44,-28,-72,-14,-6,-9,-37,-45,-8,-36,28,6,-5,-9,-2,-1,1,-5.0,-11,-9,-7,0
2022,2022-04-15,R5,Regular,5.0,Docklands,Western Bulldogs,North Melbourne,0,21,13,139,71,68,23,268,159,427,124,12,16,156,273,40,67,33,53,50,27,63,22,28,3.0,14,21,11,172,116,288,62,8,9,120,163,38,45,44,54,39,45,55,28,22,4.0,6,11,4,96,43,139,62,4,7,36,110,2,22,-11,-1,11,-18,8,-6,6,-1.0,8,10,7,0
2022,2022-04-16,R5,Regular,5.0,Adelaide Oval,Adelaide,Richmond,1,15,11,101,82,19,23,212,161,373,81,14,10,146,217,35,51,49,47,48,29,48,33,13,2.0,11,15,7,191,162,353,80,12,10,131,223,36,61,34,42,55,41,66,13,33,6.0,8,12,7,21,-1,20,1,2,0,15,-6,-1,-10,15,5,-7,-12,-18,20,-20,-4.0,3,3,0,0
2022,2022-04-16,R5,Regular,5.0,Docklands,Gold Coast,St Kilda,0,9,7,61,87,-26,23,211,118,329,108,12,11,120,207,24,56,39,45,48,37,51,15,18,8.0,7,9,4,237,160,397,108,12,11,138,252,42,53,46,54,62,27,54,18,15,7.0,11,13,9,-26,-42,-68,0,0,0,-18,-45,-18,3,-7,-9,-14,10,-3,-3,3,1.0,-4,-4,-5,0
2022,2022-04-16,R5,Regular,5.0,M.C.G.,Greater Western Sydney,Melbourne,0,7,11,53,120,-67,23,194,194,388,75,5,4,148,242,41,53,36,61,73,34,58,24,16,3.0,4,7,7,226,174,400,101,12,13,144,254,32,57,46,53,35,34,58,18,24,4.0,14,19,5,-32,20,-12,-26,-7,-9,4,-12,9,-4,-10,8,38,0,0,6,-8,-1.0,-10,-12,2,0
2022,2022-04-16,R5,Regular,5.0,M.C.G.,Melbourne,Greater Western Sydney,1,19,6,120,53,67,23,226,174,400,101,12,13,144,254,32,57,46,53,35,34,58,18,24,4.0,14,19,5,194,194,388,75,5,4,148,242,41,53,36,61,73,34,58,24,16,3.0,4,7,7,32,-20,12,26,7,9,-4,12,-9,4,10,-8,-38,0,0,-6,8,1.0,10,12,-2,0
2022,2022-04-16,R5,Regular,5.0,Adelaide Oval,Richmond,Adelaide,0,12,10,82,101,-19,23,191,162,353,80,12,10,131,223,36,61,34,42,55,41,66,13,33,6.0,8,12,7,212,161,373,81,14,10,146,217,35,51,49,47,48,29,48,33,13,2.0,11,15,7,-21,1,-20,-1,-2,0,-15,6,1,10,-15,-5,7,12,18,-20,20,4.0,-3,-3,0,0
2022,2022-04-16,R5,Regular,5.0,Docklands,St Kilda,Gold Coast,1,13,9,87,61,26,23,237,160,397,108,12,11,138,252,42,53,46,54,62,27,54,18,15,7.0,11,13,9,211,118,329,108,12,11,120,207,24,56,39,45,48,37,51,15,18,8.0,7,9,4,26,42,68,0,0,0,18,45,18,-3,7,9,14,-10,3,3,-3,-1.0,4,4,5,0
2022,2022-04-17,R5,Regular,5.0,M.C.G.,Carlton,Port Adelaide,1,14,10,94,91,3,23,202,202,404,71,10,10,145,253,38,50,34,49,54,38,62,20,23,11.0,9,14,7,239,117,356,121,7,14,120,240,33,47,36,52,52,24,46,23,20,5.0,9,13,9,-37,85,48,-50,3,-4,25,13,5,3,-2,-3,2,14,16,-3,3,6.0,0,1,-2,0
2022,2022-04-17,R5,Regular,5.0,Docklands,Essendon,Fremantle,1,8,11,59,107,-48,23,191,171,362,86,6,8,117,244,30,41,37,37,43,39,61,21,22,9.0,7,8,10,226,172,398,105,10,14,134,259,42,53,30,49,37,31,77,22,21,10.0,13,16,10,-35,-1,-36,-19,-4,-6,-17,-15,-12,-12,7,-12,6,8,-16,-1,1,-1.0,-6,-8,0,0
2022,2022-04-17,R5,Regular,5.0,Docklands,Fremantle,Essendon,0,16,11,107,59,48,23,226,172,398,105,10,14,134,259,42,53,30,49,37,31,77,22,21,10.0,13,16,10,191,171,362,86,6,8,117,244,30,41,37,37,43,39,61,21,22,9.0,7,8,10,35,1,36,19,4,6,17,15,12,12,-7,12,-6,-8,16,1,-1,1.0,6,8,0,0
2022,2022-04-17,R5,Regular,5.0,M.C.G.,Port Adelaide,Carlton,0,13,13,91,94,-3,23,239,117,356,121,7,14,120,240,33,47,36,52,52,24,46,23,20,5.0,9,13,9,202,202,404,71,10,10,145,253,38,50,34,49,54,38,62,20,23,11.0,9,14,7,37,-85,-48,50,-3,4,-25,-13,-5,-3,2,3,-2,-14,-16,3,-3,-6.0,0,-1,2,0
2022,2022-04-18,R5,Regular,5.0,M.C.G.,Geelong,Hawthorn,0,11,14,80,92,-12,23,204,147,351,86,10,18,126,216,36,54,33,65,61,47,73,18,25,5.0,8,11,10,228,148,376,88,5,5,152,217,36,47,41,53,45,26,70,25,18,4.0,8,14,6,-24,-1,-25,-2,5,13,-26,-1,0,7,-8,12,16,21,3,-7,7,1.0,0,-3,4,0
2022,2022-04-18,R5,Regular,5.0,M.C.G.,Hawthorn,Geelong,1,14,8,92,80,12,23,228,148,376,88,5,5,152,217,36,47,41,53,45,26,70,25,18,4.0,8,14,6,204,147,351,86,10,18,126,216,36,54,33,65,61,47,73,18,25,5.0,8,11,10,24,1,25,2,-5,-13,26,1,0,-7,8,-12,-16,-21,-3,7,-7,-1.0,0,3,-4,0
2022,2022-04-22,R6,Regular,6.0,Manuka Oval,Greater Western Sydney,St Kilda,1,8,12,60,77,-17,23,203,147,350,70,12,6,157,185,46,50,46,76,54,77,63,26,21,1.0,2,8,11,215,113,328,90,10,13,138,199,36,57,41,80,58,19,65,21,26,3.0,5,10,12,-12,34,22,-20,2,-7,19,-14,10,-7,5,-4,-4,58,-2,5,-5,-2.0,-3,-2,-1,0
2022,2022-04-22,R6,Regular,6.0,Manuka Oval,St Kilda,Greater Western Sydney,0,10,17,77,60,17,23,215,113,328,90,10,13,138,199,36,57,41,80,58,19,65,21,26,3.0,5,10,12,203,147,350,70,12,6,157,185,46,50,46,76,54,77,63,26,21,1.0,2,8,11,12,-34,-22,20,-2,7,-19,14,-10,7,-5,4,4,-58,2,-5,5,2.0,3,2,1,0
2022,2022-04-23,R6,Regular,6.0,Eureka Stadium,Adelaide,Western Bulldogs,0,8,15,63,62,1,23,206,158,364,91,16,16,149,213,39,58,33,64,48,51,55,10,24,3.0,4,8,12,214,153,367,81,12,8,145,212,44,43,49,78,58,30,56,24,10,1.0,5,9,5,-8,5,-3,10,4,8,4,1,-5,15,-16,-14,-10,21,-1,-14,14,2.0,-1,-1,7,0
2022,2022-04-23,R6,Regular,6.0,Perth Stadium,Carlton,Fremantle,0,9,8,62,97,-35,23,216,165,381,110,12,7,129,252,36,38,41,56,65,18,52,23,21,7.0,6,9,6,221,137,358,111,15,11,128,225,33,56,29,45,51,50,44,21,23,3.0,10,14,9,-5,28,23,-1,-3,-4,1,27,3,-18,12,11,14,-32,8,2,-2,4.0,-4,-5,-3,0
2022,2022-04-23,R6,Regular,6.0,Perth Stadium,Fremantle,Carlton,1,14,13,97,62,35,23,221,137,358,111,15,11,128,225,33,56,29,45,51,50,44,21,23,3.0,10,14,9,216,165,381,110,12,7,129,252,36,38,41,56,65,18,52,23,21,7.0,6,9,6,5,-28,-23,1,3,4,-1,-27,-3,18,-12,-11,-14,32,-8,-2,2,-4.0,4,5,3,0
2022,2022-04-23,R6,Regular,6.0,Adelaide Oval,Port Adelaide,West Coast,1,18,9,117,33,84,23,231,172,403,105,10,19,147,253,45,65,29,75,47,54,67,22,12,2.0,14,18,8,195,132,327,85,11,8,113,202,33,34,46,58,32,28,52,12,22,4.0,4,4,8,36,40,76,20,-1,11,34,51,12,31,-17,17,15,26,15,10,-10,-2.0,10,14,0,0
2022,2022-04-23,R6,Regular,6.0,Adelaide Oval,West Coast,Port Adelaide,0,4,9,33,117,-84,23,195,132,327,85,11,8,113,202,33,34,46,58,32,28,52,12,22,4.0,4,4,8,231,172,403,105,10,19,147,253,45,65,29,75,47,54,67,22,12,2.0,14,18,8,-36,-40,-76,-20,1,-11,-34,-51,-12,-31,17,-17,-15,-26,-15,-10,10,2.0,-10,-14,0,0
2022,2022-04-23,R6,Regular,6.0,Eureka Stadium,Western Bulldogs,Adelaide,1,9,8,62,63,-1,23,214,153,367,81,12,8,145,212,44,43,49,78,58,30,56,24,10,1.0,5,9,5,206,158,364,91,16,16,149,213,39,58,33,64,48,51,55,10,24,3.0,4,8,12,8,-5,3,-10,-4,-8,-4,-1,5,-15,16,14,10,-21,1,14,-14,-2.0,1,1,-7,0
2022,2022-04-24,R6,Regular,6.0,Carrara,Brisbane Lions,Gold Coast,0,21,6,132,80,52,23,214,130,344,64,10,9,163,166,44,53,43,71,58,41,66,30,24,5.0,13,21,5,213,117,330,74,10,7,159,168,51,57,33,61,64,55,68,24,30,5.0,8,11,10,1,13,14,-10,0,2,4,-2,-7,-4,10,10,-6,-14,-2,6,-6,0.0,5,10,-5,0
2022,2022-04-24,R6,Regular,6.0,Bellerive Oval,Geelong,North Melbourne,0,17,19,121,61,60,23,227,170,397,99,13,17,145,245,27,62,35,71,50,46,67,29,26,5.0,13,17,16,187,134,321,73,10,3,133,187,38,45,44,55,35,33,83,26,29,1.0,5,9,7,40,36,76,26,3,14,12,58,-11,17,-9,16,15,13,-16,3,-3,4.0,8,8,9,0
2022,2022-04-24,R6,Regular,6.0,Carrara,Gold Coast,Brisbane Lions,1,11,14,80,132,-52,23,213,117,330,74,10,7,159,168,51,57,33,61,64,55,68,24,30,5.0,8,11,10,214,130,344,64,10,9,163,166,44,53,43,71,58,41,66,30,24,5.0,13,21,5,-1,-13,-14,10,0,-2,-4,2,7,4,-10,-10,6,14,2,-6,6,0.0,-5,-10,5,0
2022,2022-04-24,R6,Regular,6.0,M.C.G.,Melbourne,Richmond,0,9,22,76,54,22,23,220,191,411,96,11,12,150,262,37,64,33,45,51,39,72,28,19,0.0,6,9,19,233,113,346,103,10,5,128,194,28,42,55,48,59,27,89,19,28,3.0,5,8,5,-13,78,65,-7,1,7,22,68,9,22,-22,-3,-8,12,-17,9,-9,-3.0,1,1,14,0
2022,2022-04-24,R6,Regular,6.0,Bellerive Oval,North Melbourne,Geelong,1,9,7,61,121,-60,23,187,134,321,73,10,3,133,187,38,45,44,55,35,33,83,26,29,1.0,5,9,7,227,170,397,99,13,17,145,245,27,62,35,71,50,46,67,29,26,5.0,13,17,16,-40,-36,-76,-26,-3,-14,-12,-58,11,-17,9,-16,-15,-13,16,-3,3,-4.0,-8,-8,-9,0
2022,2022-04-24,R6,Regular,6.0,M.C.G.,Richmond,Melbourne,1,8,6,54,76,-22,23,233,113,346,103,10,5,128,194,28,42,55,48,59,27,89,19,28,3.0,5,8,5,220,191,411,96,11,12,150,262,37,64,33,45,51,39,72,28,19,0.0,6,9,19,13,-78,-65,7,-1,-7,-22,-68,-9,-22,22,3,8,-12,17,-9,9,3.0,-1,-1,-14,0
2022,2022-04-25,R6,Regular,6.0,M.C.G.,Collingwood,Essendon,0,15,3,93,82,11,23,207,131,338,105,14,9,114,217,31,48,40,52,40,36,68,16,22,10.0,9,15,2,195,192,387,95,8,17,123,267,43,52,32,40,51,36,56,22,16,8.0,10,12,7,12,-61,-49,10,6,-8,-9,-50,-12,-4,8,12,-11,0,12,-6,6,2.0,-1,3,-5,0
2022,2022-04-25,R6,Regular,6.0,M.C.G.,Essendon,Collingwood,1,12,10,82,93,-11,23,195,192,387,95,8,17,123,267,43,52,32,40,51,36,56,22,16,8.0,10,12,7,207,131,338,105,14,9,114,217,31,48,40,52,40,36,68,16,22,10.0,9,15,2,-12,61,49,-10,-6,8,9,50,12,4,-8,-12,11,0,-12,6,-6,-2.0,1,-3,5,0
2022,2022-04-25,R6,Regular,6.0,York Park,Hawthorn,Sydney,1,10,8,68,109,-41,23,199,120,319,100,9,10,120,195,28,42,51,61,38,27,72,22,29,8.0,5,10,6,222,147,369,95,15,13,147,221,41,68,32,57,47,40,65,29,22,2.0,13,16,11,-23,-27,-50,5,-6,-3,-27,-26,-13,-26,19,4,-9,-13,7,-7,7,6.0,-8,-6,-5,0
2022,2022-04-25,R6,Regular,6.0,York Park,Sydney,Hawthorn,0,16,13,109,68,41,23,222,147,369,95,15,13,147,221,41,68,32,57,47,40,65,29,22,2.0,13,16,11,199,120,319,100,9,10,120,195,28,42,51,61,38,27,72,22,29,8.0,5,10,6,23,27,50,-5,6,3,27,26,13,26,-19,-4,9,13,-7,7,-7,-6.0,8,6,5,0
2022,2022-04-29,R7,Regular,7.0,Perth Stadium,Richmond,West Coast,0,25,15,165,56,109,23,245,133,378,118,22,23,140,229,34,65,28,42,49,45,58,23,20,12.0,19,25,11,218,139,357,118,18,8,120,235,30,36,39,43,57,15,70,20,23,3.0,6,8,7,27,-6,21,0,4,15,20,-6,4,29,-11,-1,-8,30,-12,3,-3,9.0,13,17,4,0
2022,2022-04-29,R7,Regular,7.0,Perth Stadium,West Coast,Richmond,1,8,8,56,165,-109,23,218,139,357,118,18,8,120,235,30,36,39,43,57,15,70,20,23,3.0,6,8,7,245,133,378,118,22,23,140,229,34,65,28,42,49,45,58,23,20,12.0,19,25,11,-27,6,-21,0,-4,-15,-20,6,-4,-29,11,1,8,-30,12,-3,3,-9.0,-13,-17,-4,0
2022,2022-04-30,R7,Regular,7.0,Adelaide Oval,Adelaide,Greater Western Sydney,1,8,6,54,113,-59,23,179,167,346,64,4,3,125,219,39,48,36,60,48,32,46,20,17,0.0,7,8,6,206,198,404,95,20,17,152,253,44,55,38,80,59,49,54,17,20,4.0,15,17,8,-27,-31,-58,-31,-16,-14,-27,-34,-5,-7,-2,-20,-11,-17,-8,3,-3,-4.0,-8,-9,-2,0
2022,2022-04-30,R7,Regular,7.0,Docklands,Carlton,North Melbourne,1,17,12,114,64,50,23,234,157,391,111,13,17,136,249,45,60,31,56,48,30,53,27,18,7.0,13,17,11,191,100,291,77,15,8,130,155,35,42,42,48,45,56,64,18,27,3.0,7,10,4,43,57,100,34,-2,9,6,94,10,18,-11,8,3,-26,-11,9,-9,4.0,6,7,7,0
2022,2022-04-30,R7,Regular,7.0,Kardinia Park,Fremantle,Geelong,0,10,9,69,66,3,23,187,174,361,68,5,8,141,220,44,47,44,57,45,36,66,24,29,3.0,6,10,6,199,164,363,86,20,13,144,207,37,54,37,57,45,44,72,29,24,4.0,6,10,4,-12,10,-2,-18,-15,-5,-3,13,7,-7,7,0,0,-8,-6,-5,5,-1.0,0,0,2,0
2022,2022-04-30,R7,Regular,7.0,Kardinia Park,Geelong,Fremantle,1,10,6,66,69,-3,23,199,164,363,86,20,13,144,207,37,54,37,57,45,44,72,29,24,4.0,6,10,4,187,174,361,68,5,8,141,220,44,47,44,57,45,36,66,24,29,3.0,6,10,6,12,-10,2,18,15,5,3,-13,-7,7,-7,0,0,8,6,5,-5,1.0,0,0,-2,0
2022,2022-04-30,R7,Regular,7.0,Adelaide Oval,Greater Western Sydney,Adelaide,0,17,11,113,54,59,23,206,198,404,95,20,17,152,253,44,55,38,80,59,49,54,17,20,4.0,15,17,8,179,167,346,64,4,3,125,219,39,48,36,60,48,32,46,20,17,0.0,7,8,6,27,31,58,31,16,14,27,34,5,7,2,20,11,17,8,-3,3,4.0,8,9,2,0
2022,2022-04-30,R7,Regular,7.0,M.C.G.,Hawthorn,Melbourne,0,11,15,81,91,-10,23,211,152,363,103,7,8,125,234,27,50,42,51,45,22,63,14,26,4.0,6,11,11,208,144,352,82,8,13,134,211,38,56,39,59,47,42,57,26,14,2.0,12,13,9,3,8,11,21,-1,-5,-9,23,-11,-6,3,-8,-2,-20,6,-12,12,2.0,-6,-2,2,0
2022,2022-04-30,R7,Regular,7.0,M.C.G.,Melbourne,Hawthorn,1,13,13,91,81,10,23,208,144,352,82,8,13,134,211,38,56,39,59,47,42,57,26,14,2.0,12,13,9,211,152,363,103,7,8,125,234,27,50,42,51,45,22,63,14,26,4.0,6,11,11,-3,-8,-11,-21,1,5,9,-23,11,6,-3,8,2,20,-6,12,-12,-2.0,6,2,-2,0
2022,2022-04-30,R7,Regular,7.0,Docklands,North Melbourne,Carlton,0,10,4,64,114,-50,23,191,100,291,77,15,8,130,155,35,42,42,48,45,56,64,18,27,3.0,7,10,4,234,157,391,111,13,17,136,249,45,60,31,56,48,30,53,27,18,7.0,13,17,11,-43,-57,-100,-34,2,-9,-6,-94,-10,-18,11,-8,-3,26,11,-9,9,-4.0,-6,-7,-7,0
2022,2022-04-30,R7,Regular,7.0,Cazaly's Stadium,Port Adelaide,St Kilda,0,5,13,43,42,1,23,245,130,375,83,6,6,136,216,28,56,56,51,66,12,70,20,26,3.0,3,5,11,248,127,375,62,8,7,160,182,32,61,50,62,71,37,75,26,20,2.0,3,4,14,-3,3,0,21,-2,-1,-24,34,-4,-5,6,-11,-5,-25,-5,-6,6,1.0,0,1,-3,0
2022,2022-04-30,R7,Regular,7.0,Cazaly's Stadium,St Kilda,Port Adelaide,1,4,18,42,43,-1,23,248,127,375,62,8,7,160,182,32,61,50,62,71,37,75,26,20,2.0,3,4,14,245,130,375,83,6,6,136,216,28,56,56,51,66,12,70,20,26,3.0,3,5,11,3,-3,0,-21,2,1,24,-34,4,5,-6,11,5,25,5,6,-6,-1.0,0,-1,3,0
2022,2022-05-01,R7,Regular,7.0,S.C.G.,Brisbane Lions,Sydney,0,17,11,113,89,24,23,239,116,355,87,7,8,148,186,47,60,42,60,51,45,72,23,24,2.0,9,17,10,192,165,357,72,12,11,142,205,44,55,42,77,54,31,69,24,23,2.0,10,13,8,47,-49,-2,15,-5,-3,6,-19,3,5,0,-17,-3,14,3,-1,1,0.0,-1,4,2,0
2022,2022-05-01,R7,Regular,7.0,M.C.G.,Collingwood,Gold Coast,1,17,13,115,90,25,23,208,148,356,92,15,13,129,221,33,52,31,56,40,17,71,23,19,2.0,10,17,9,198,129,327,89,9,16,123,199,36,46,33,55,44,50,74,19,23,6.0,12,14,6,10,19,29,3,6,-3,6,22,-3,6,-2,1,-4,-33,-3,4,-4,-4.0,-2,3,3,0
2022,2022-05-01,R7,Regular,7.0,Docklands,Essendon,Western Bulldogs,0,10,11,71,103,-32,23,208,185,393,90,11,7,142,257,33,39,49,52,45,42,61,25,27,2.0,8,10,8,223,157,380,96,10,12,145,229,38,66,29,57,52,27,66,27,25,13.0,12,16,6,-15,28,13,-6,1,-5,-3,28,-5,-27,20,-5,-7,15,-5,-2,2,-11.0,-4,-6,2,0
2022,2022-05-01,R7,Regular,7.0,M.C.G.,Gold Coast,Collingwood,0,14,6,90,115,-25,23,198,129,327,89,9,16,123,199,36,46,33,55,44,50,74,19,23,6.0,12,14,6,208,148,356,92,15,13,129,221,33,52,31,56,40,17,71,23,19,2.0,10,17,9,-10,-19,-29,-3,-6,3,-6,-22,3,-6,2,-1,4,33,3,-4,4,4.0,2,-3,-3,0
2022,2022-05-01,R7,Regular,7.0,S.C.G.,Sydney,Brisbane Lions,1,13,11,89,113,-24,23,192,165,357,72,12,11,142,205,44,55,42,77,54,31,69,24,23,2.0,10,13,8,239,116,355,87,7,8,148,186,47,60,42,60,51,45,72,23,24,2.0,9,17,10,-47,49,2,-15,5,3,-6,19,-3,-5,0,17,3,-14,-3,1,-1,0.0,1,-4,-2,0
2022,2022-05-01,R7,Regular,7.0,Docklands,Western Bulldogs,Essendon,1,16,7,103,71,32,23,223,157,380,96,10,12,145,229,38,66,29,57,52,27,66,27,25,13.0,12,16,6,208,185,393,90,11,7,142,257,33,39,49,52,45,42,61,25,27,2.0,8,10,8,15,-28,-13,6,-1,5,3,-28,5,27,-20,5,7,-15,5,2,-2,11.0,4,6,-2,0
2022,2022-05-06,R8,Regular,8.0,Perth Stadium,Fremantle,North Melbourne,1,15,12,102,24,78,23,224,183,407,105,14,14,129,268,47,67,28,69,42,49,44,16,14,5.0,11,15,9,187,117,304,85,12,7,128,175,31,32,52,46,39,44,57,14,16,3.0,1,3,4,37,66,103,20,2,7,1,93,16,35,-24,23,3,5,-13,2,-2,2.0,10,12,5,0
2022,2022-05-06,R8,Regular,8.0,Perth Stadium,North Melbourne,Fremantle,0,3,6,24,102,-78,23,187,117,304,85,12,7,128,175,31,32,52,46,39,44,57,14,16,3.0,1,3,4,224,183,407,105,14,14,129,268,47,67,28,69,42,49,44,16,14,5.0,11,15,9,-37,-66,-103,-20,-2,-7,-1,-93,-16,-35,24,-23,-3,-5,13,-2,2,-2.0,-10,-12,-5,0
2022,2022-05-06,R8,Regular,8.0,Adelaide Oval,Port Adelaide,Western Bulldogs,1,12,14,86,69,17,23,206,127,333,94,14,21,126,205,30,44,38,57,44,40,62,26,26,4.0,10,12,13,200,121,321,76,11,9,130,178,34,49,32,37,42,21,67,26,26,4.0,6,10,8,6,6,12,18,3,12,-4,27,-4,-5,6,20,2,19,-5,0,0,0.0,4,2,5,0
2022,2022-05-06,R8,Regular,8.0,Adelaide Oval,Western Bulldogs,Port Adelaide,0,10,9,69,86,-17,23,200,121,321,76,11,9,130,178,34,49,32,37,42,21,67,26,26,4.0,6,10,8,206,127,333,94,14,21,126,205,30,44,38,57,44,40,62,26,26,4.0,10,12,13,-6,-6,-12,-18,-3,-12,4,-27,4,5,-6,-20,-2,-19,5,0,0,0.0,-4,-2,-5,0
2022,2022-05-07,R8,Regular,8.0,Gabba,Brisbane Lions,West Coast,1,16,9,105,30,75,23,241,130,371,112,8,15,138,233,38,68,27,74,49,58,43,18,17,0.0,9,16,9,218,143,361,107,11,6,136,218,37,33,50,64,38,13,65,17,18,1.0,2,4,6,23,-13,10,5,-3,9,2,15,1,35,-23,10,11,45,-22,1,-1,-1.0,7,12,3,0
2022,2022-05-07,R8,Regular,8.0,M.C.G.,Collingwood,Richmond,0,12,14,86,113,-27,23,194,170,364,74,9,12,124,230,31,58,44,48,48,16,60,22,14,4.0,7,12,13,234,154,388,94,9,19,138,236,35,61,43,39,47,49,74,15,22,4.0,11,17,7,-40,16,-24,-20,0,-7,-14,-6,-4,-3,1,9,1,-33,-14,7,-8,0.0,-4,-5,6,0
2022,2022-05-07,R8,Regular,8.0,Docklands,Essendon,Hawthorn,1,16,12,108,81,27,23,223,129,352,105,9,20,124,218,33,57,36,59,39,41,51,17,19,14.0,10,16,11,200,153,353,103,12,15,119,232,29,47,40,45,35,23,45,19,17,9.0,9,11,14,23,-24,-1,2,-3,5,5,-14,4,10,-4,14,4,18,6,-2,2,5.0,1,5,-3,0
2022,2022-05-07,R8,Regular,8.0,Manuka Oval,Geelong,Greater Western Sydney,0,12,16,88,35,53,23,255,180,435,141,10,15,125,298,33,60,39,53,35,25,65,18,22,3.0,9,12,15,205,152,357,84,10,7,127,222,34,43,48,50,33,49,61,22,18,5.0,4,4,11,50,28,78,57,0,8,-2,76,-1,17,-9,3,2,-24,4,-4,4,-2.0,5,8,4,0
2022,2022-05-07,R8,Regular,8.0,S.C.G.,Gold Coast,Sydney,0,10,15,75,61,14,23,235,92,327,118,9,11,139,188,36,55,32,47,43,42,48,26,19,8.0,7,10,13,201,110,311,96,13,13,124,182,29,41,45,62,36,23,68,19,26,8.0,7,8,11,34,-18,16,22,-4,-2,15,6,7,14,-13,-15,7,19,-20,7,-7,0.0,0,2,2,0
2022,2022-05-07,R8,Regular,8.0,Manuka Oval,Greater Western Sydney,Geelong,1,4,11,35,88,-53,23,205,152,357,84,10,7,127,222,34,43,48,50,33,49,61,22,18,5.0,4,4,11,255,180,435,141,10,15,125,298,33,60,39,53,35,25,65,18,22,3.0,9,12,15,-50,-28,-78,-57,0,-8,2,-76,1,-17,9,-3,-2,24,-4,4,-4,2.0,-5,-8,-4,0
2022,2022-05-07,R8,Regular,8.0,Docklands,Hawthorn,Essendon,0,11,15,81,108,-27,23,200,153,353,103,12,15,119,232,29,47,40,45,35,23,45,19,17,9.0,9,11,14,223,129,352,105,9,20,124,218,33,57,36,59,39,41,51,17,19,14.0,10,16,11,-23,24,1,-2,3,-5,-5,14,-4,-10,4,-14,-4,-18,-6,2,-2,-5.0,-1,-5,3,0
2022,2022-05-07,R8,Regular,8.0,M.C.G.,Richmond,Collingwood,1,17,11,113,86,27,23,234,154,388,94,9,19,138,236,35,61,43,39,47,49,74,15,22,4.0,11,17,7,194,170,364,74,9,12,124,230,31,58,44,48,48,16,60,22,14,4.0,7,12,13,40,-16,24,20,0,7,14,6,4,3,-1,-9,-1,33,14,-7,8,0.0,4,5,-6,0
2022,2022-05-07,R8,Regular,8.0,S.C.G.,Sydney,Gold Coast,1,8,13,61,75,-14,23,201,110,311,96,13,13,124,182,29,41,45,62,36,23,68,19,26,8.0,7,8,11,235,92,327,118,9,11,139,188,36,55,32,47,43,42,48,26,19,8.0,7,10,13,-34,18,-16,-22,4,2,-15,-6,-7,-14,13,15,-7,-19,20,-7,7,0.0,0,-2,-2,0
2022,2022-05-07,R8,Regular,8.0,Gabba,West Coast,Brisbane Lions,0,4,6,30,105,-75,23,218,143,361,107,11,6,136,218,37,33,50,64,38,13,65,17,18,1.0,2,4,6,241,130,371,112,8,15,138,233,38,68,27,74,49,58,43,18,17,0.0,9,16,9,-23,13,-10,-5,3,-9,-2,-15,-1,-35,23,-10,-11,-45,22,-1,1,1.0,-7,-12,-3,0
2022,2022-05-08,R8,Regular,8.0,Docklands,Adelaide,Carlton,0,10,8,68,116,-48,23,218,145,363,93,5,6,128,232,31,49,57,56,50,46,72,24,29,3.0,7,10,7,243,145,388,114,12,11,142,243,42,74,36,49,45,22,59,29,24,10.0,11,17,13,-25,0,-25,-21,-7,-5,-14,-11,-11,-25,21,7,5,24,13,-5,5,-7.0,-4,-7,-6,0
2022,2022-05-08,R8,Regular,8.0,Docklands,Carlton,Adelaide,1,17,14,116,68,48,23,243,145,388,114,12,11,142,243,42,74,36,49,45,22,59,29,24,10.0,11,17,13,218,145,363,93,5,6,128,232,31,49,57,56,50,46,72,24,29,3.0,7,10,7,25,0,25,21,7,5,14,11,11,25,-21,-7,-5,-24,-13,5,-5,7.0,4,7,6,0
2022,2022-05-08,R8,Regular,8.0,M.C.G.,Melbourne,St Kilda,1,14,9,93,55,38,23,230,160,390,101,13,9,148,244,29,55,35,53,40,25,54,25,18,2.0,6,14,7,237,125,362,115,10,5,129,226,30,44,41,61,51,31,77,18,25,9.0,3,8,7,-7,35,28,-14,3,4,19,18,-1,11,-6,-8,-11,-6,-23,7,-7,-7.0,3,6,0,0
2022,2022-05-08,R8,Regular,8.0,M.C.G.,St Kilda,Melbourne,0,8,7,55,93,-38,23,237,125,362,115,10,5,129,226,30,44,41,61,51,31,77,18,25,9.0,3,8,7,230,160,390,101,13,9,148,244,29,55,35,53,40,25,54,25,18,2.0,6,14,7,7,-35,-28,14,-3,-4,-19,-18,1,-11,6,8,11,6,23,-7,7,7.0,-3,-6,0,0
2022,2022-05-13,R9,Regular,9.0,Docklands,Collingwood,Western Bulldogs,1,7,9,51,99,-48,23,183,140,323,85,9,11,106,202,27,46,51,56,41,38,65,18,22,11.0,5,7,7,269,168,437,129,8,14,146,286,43,68,38,55,56,35,64,22,18,9.0,10,14,11,-86,-28,-114,-44,1,-3,-40,-84,-16,-22,13,1,-15,3,1,-4,4,2.0,-5,-7,-4,0
2022,2022-05-13,R9,Regular,9.0,Docklands,Western Bulldogs,Collingwood,0,14,15,99,51,48,23,269,168,437,129,8,14,146,286,43,68,38,55,56,35,64,22,18,9.0,10,14,11,183,140,323,85,9,11,106,202,27,46,51,56,41,38,65,18,22,11.0,5,7,7,86,28,114,44,-1,3,40,84,16,22,-13,-1,15,-3,-1,4,-4,-2.0,5,7,4,0
2022,2022-05-14,R9,Regular,9.0,Adelaide Oval,Adelaide,Brisbane Lions,1,9,12,66,102,-36,23,206,147,353,71,5,8,149,195,42,53,40,73,51,34,59,28,22,1.0,7,9,11,224,119,343,80,11,7,162,167,45,57,43,59,53,59,68,22,26,2.0,12,16,6,-18,28,10,-9,-6,1,-13,28,-3,-4,-3,14,-2,-25,-9,6,-4,-1.0,-5,-7,5,0
2022,2022-05-14,R9,Regular,9.0,Adelaide Oval,Brisbane Lions,Adelaide,0,16,6,102,66,36,23,224,119,343,80,11,7,162,167,45,57,43,59,53,59,68,22,26,2.0,12,16,6,206,147,353,71,5,8,149,195,42,53,40,73,51,34,59,28,22,1.0,7,9,11,18,-28,-10,9,6,-1,13,-28,3,4,3,-14,2,25,9,-6,4,1.0,5,7,-5,0
2022,2022-05-14,R9,Regular,9.0,S.C.G.,Essendon,Sydney,0,6,11,47,105,-58,23,195,136,331,83,8,6,125,195,28,49,46,30,43,26,58,18,24,4.0,3,6,9,255,139,394,117,8,19,138,248,33,60,41,55,53,24,50,24,18,5.0,11,14,17,-60,-3,-63,-34,0,-13,-13,-53,-5,-11,5,-25,-10,2,8,-6,6,-1.0,-8,-8,-8,0
2022,2022-05-14,R9,Regular,9.0,Docklands,Geelong,St Kilda,0,11,14,80,90,-10,23,205,167,372,94,9,12,120,246,35,51,39,45,56,36,52,19,19,3.0,8,11,10,241,167,408,110,12,14,135,261,39,52,40,50,37,40,40,19,19,9.0,9,13,9,-36,0,-36,-16,-3,-2,-15,-15,-4,-1,-1,-5,19,-4,12,0,0,-6.0,-1,-2,1,0
2022,2022-05-14,R9,Regular,9.0,M.C.G.,Hawthorn,Richmond,1,14,10,94,117,-23,23,203,134,337,82,17,9,137,184,36,45,49,54,41,22,54,23,13,5.0,10,14,7,218,160,378,76,9,13,141,220,42,66,29,75,48,60,67,13,23,7.0,9,17,13,-15,-26,-41,6,8,-4,-4,-36,-6,-21,20,-21,-7,-38,-13,10,-10,-2.0,1,-3,-6,0
2022,2022-05-14,R9,Regular,9.0,Bellerive Oval,North Melbourne,Port Adelaide,1,6,10,46,115,-69,23,184,113,297,68,9,6,116,169,33,43,43,52,47,33,61,25,18,0.0,5,6,8,226,155,381,91,9,22,149,235,44,61,36,50,56,39,64,18,25,4.0,14,17,13,-42,-42,-84,-23,0,-16,-33,-66,-11,-18,7,2,-9,-6,-3,7,-7,-4.0,-9,-11,-5,0
2022,2022-05-14,R9,Regular,9.0,Bellerive Oval,Port Adelaide,North Melbourne,0,17,13,115,46,69,23,226,155,381,91,9,22,149,235,44,61,36,50,56,39,64,18,25,4.0,14,17,13,184,113,297,68,9,6,116,169,33,43,43,52,47,33,61,25,18,0.0,5,6,8,42,42,84,23,0,16,33,66,11,18,-7,-2,9,6,3,-7,7,4.0,9,11,5,0
2022,2022-05-14,R9,Regular,9.0,M.C.G.,Richmond,Hawthorn,0,17,15,117,94,23,23,218,160,378,76,9,13,141,220,42,66,29,75,48,60,67,13,23,7.0,9,17,13,203,134,337,82,17,9,137,184,36,45,49,54,41,22,54,23,13,5.0,10,14,7,15,26,41,-6,-8,4,4,36,6,21,-20,21,7,38,13,-10,10,2.0,-1,3,6,0
2022,2022-05-14,R9,Regular,9.0,Docklands,St Kilda,Geelong,1,13,12,90,80,10,23,241,167,408,110,12,14,135,261,39,52,40,50,37,40,40,19,19,9.0,9,13,9,205,167,372,94,9,12,120,246,35,51,39,45,56,36,52,19,19,3.0,8,11,10,36,0,36,16,3,2,15,15,4,1,1,5,-19,4,-12,0,0,6.0,1,2,-1,0
2022,2022-05-14,R9,Regular,9.0,S.C.G.,Sydney,Essendon,1,14,21,105,47,58,23,255,139,394,117,8,19,138,248,33,60,41,55,53,24,50,24,18,5.0,11,14,17,195,136,331,83,8,6,125,195,28,49,46,30,43,26,58,18,24,4.0,3,6,9,60,3,63,34,0,13,13,53,5,11,-5,25,10,-2,-8,6,-6,1.0,8,8,8,0
2022,2022-05-15,R9,Regular,9.0,Sydney Showground,Carlton,Greater Western Sydney,0,15,15,105,75,30,23,246,174,420,109,13,12,163,261,36,64,35,42,36,15,69,19,25,11.0,9,15,11,205,149,354,84,10,5,129,209,28,47,48,51,61,44,69,25,19,4.0,3,11,7,41,25,66,25,3,7,34,52,8,17,-13,-9,-25,-29,0,-6,6,7.0,6,4,4,0
2022,2022-05-15,R9,Regular,9.0,Carrara,Fremantle,Gold Coast,0,4,9,33,69,-36,23,211,165,376,70,3,3,157,211,30,65,26,93,60,46,72,24,20,3.0,1,4,7,225,110,335,62,9,5,174,155,46,35,60,85,72,33,87,20,24,5.0,5,10,9,-14,55,41,8,-6,-2,-17,56,-16,30,-34,8,-12,13,-15,4,-4,-2.0,-4,-6,-2,0
2022,2022-05-15,R9,Regular,9.0,Carrara,Gold Coast,Fremantle,1,10,9,69,33,36,23,225,110,335,62,9,5,174,155,46,35,60,85,72,33,87,20,24,5.0,5,10,9,211,165,376,70,3,3,157,211,30,65,26,93,60,46,72,24,20,3.0,1,4,7,14,-55,-41,-8,6,2,17,-56,16,-30,34,-8,12,-13,15,-4,4,2.0,4,6,2,0
2022,2022-05-15,R9,Regular,9.0,Sydney Showground,Greater Western Sydney,Carlton,1,11,9,75,105,-30,23,205,149,354,84,10,5,129,209,28,47,48,51,61,44,69,25,19,4.0,3,11,7,246,174,420,109,13,12,163,261,36,64,35,42,36,15,69,19,25,11.0,9,15,11,-41,-25,-66,-25,-3,-7,-34,-52,-8,-17,13,9,25,29,0,6,-6,-7.0,-6,-4,-4,0
2022,2022-05-15,R9,Regular,9.0,Perth Stadium,Melbourne,West Coast,0,16,16,112,38,74,23,222,181,403,86,5,13,137,257,37,59,29,52,43,47,61,18,25,6.0,10,16,14,208,141,349,102,4,8,118,228,27,35,42,61,54,19,57,25,18,5.0,4,5,6,14,40,54,-16,1,5,19,29,10,24,-13,-9,-11,28,4,-7,7,1.0,6,11,8,0
2022,2022-05-15,R9,Regular,9.0,Perth Stadium,West Coast,Melbourne,1,5,8,38,112,-74,23,208,141,349,102,4,8,118,228,27,35,42,61,54,19,57,25,18,5.0,4,5,6,222,181,403,86,5,13,137,257,37,59,29,52,43,47,61,18,25,6.0,10,16,14,-14,-40,-54,16,-1,-5,-19,-29,-10,-24,13,9,11,-28,-4,7,-7,-1.0,-6,-11,-8,0
2022,2022-05-20,R10,Regular,10.0,Docklands,Carlton,Sydney,1,15,12,102,87,15,23,217,153,370,81,16,7,160,213,32,49,42,60,52,31,42,32,21,6.0,9,15,10,224,114,338,107,12,14,136,198,34,56,33,50,36,24,68,21,32,3.0,10,13,8,-7,39,32,-26,4,-7,24,15,-2,-7,9,10,16,7,-26,11,-11,3.0,-1,2,2,0
2022,2022-05-20,R10,Regular,10.0,Docklands,Sydney,Carlton,0,13,9,87,102,-15,23,224,114,338,107,12,14,136,198,34,56,33,50,36,24,68,21,32,3.0,10,13,8,217,153,370,81,16,7,160,213,32,49,42,60,52,31,42,32,21,6.0,9,15,10,7,-39,-32,26,-4,7,-24,-15,2,7,-9,-10,-16,-7,26,-11,11,-3.0,1,-2,-2,0
2022,2022-05-21,R10,Regular,10.0,Adelaide Oval,Adelaide,St Kilda,1,9,15,69,90,-21,23,211,125,336,89,12,10,128,202,36,47,31,55,46,22,51,31,20,0.0,4,9,13,208,142,350,93,14,14,126,216,29,45,37,39,61,45,73,20,31,5.0,11,14,3,3,-17,-14,-4,-2,-4,2,-14,7,2,-6,16,-15,-23,-22,11,-11,-5.0,-7,-5,10,0
2022,2022-05-21,R10,Regular,10.0,M.C.G.,Essendon,Richmond,0,7,6,48,80,-32,23,202,154,356,75,5,4,143,205,32,49,45,64,48,20,68,25,20,3.0,6,7,4,227,168,395,100,15,14,153,240,30,55,42,51,60,36,71,20,25,4.0,9,11,11,-25,-14,-39,-25,-10,-10,-10,-35,2,-6,3,13,-12,-16,-3,5,-5,-1.0,-3,-4,-7,0
2022,2022-05-21,R10,Regular,10.0,Kardinia Park,Geelong,Port Adelaide,1,11,16,82,47,35,23,216,185,401,83,10,5,150,255,46,57,35,56,50,36,55,24,20,8.0,8,11,8,221,154,375,109,11,13,121,248,35,43,45,51,47,40,55,20,24,8.0,6,7,5,-5,31,26,-26,-1,-8,29,7,11,14,-10,5,3,-4,0,4,-4,0.0,2,4,3,0
2022,2022-05-21,R10,Regular,10.0,Eureka Stadium,Gold Coast,Western Bulldogs,0,13,9,87,106,-19,23,209,81,290,86,11,9,133,150,36,56,41,66,46,58,58,20,21,0.0,7,13,9,205,160,365,78,18,15,152,215,49,58,42,62,54,34,60,21,20,3.0,10,15,15,4,-79,-75,8,-7,-6,-19,-65,-13,-2,-1,4,-8,24,-2,-1,1,-3.0,-3,-2,-6,0
2022,2022-05-21,R10,Regular,10.0,Docklands,Melbourne,North Melbourne,0,14,16,100,53,47,23,193,139,332,66,12,8,140,189,49,74,26,56,35,33,54,25,18,4.0,10,14,12,224,136,360,111,9,6,119,232,32,34,58,59,47,48,70,18,25,4.0,5,8,4,-31,3,-28,-45,3,2,21,-43,17,40,-32,-3,-12,-15,-16,7,-7,0.0,5,6,8,0
2022,2022-05-21,R10,Regular,10.0,Docklands,North Melbourne,Melbourne,1,8,5,53,100,-47,23,224,136,360,111,9,6,119,232,32,34,58,59,47,48,70,18,25,4.0,5,8,4,193,139,332,66,12,8,140,189,49,74,26,56,35,33,54,25,18,4.0,10,14,12,31,-3,28,45,-3,-2,-21,43,-17,-40,32,3,12,15,16,-7,7,0.0,-5,-6,-8,0
2022,2022-05-21,R10,Regular,10.0,Kardinia Park,Port Adelaide,Geelong,0,7,5,47,82,-35,23,221,154,375,109,11,13,121,248,35,43,45,51,47,40,55,20,24,8.0,6,7,5,216,185,401,83,10,5,150,255,46,57,35,56,50,36,55,24,20,8.0,8,11,8,5,-31,-26,26,1,8,-29,-7,-11,-14,10,-5,-3,4,0,-4,4,0.0,-2,-4,-3,0
2022,2022-05-21,R10,Regular,10.0,M.C.G.,Richmond,Essendon,1,11,14,80,48,32,23,227,168,395,100,15,14,153,240,30,55,42,51,60,36,71,20,25,4.0,9,11,11,202,154,356,75,5,4,143,205,32,49,45,64,48,20,68,25,20,3.0,6,7,4,25,14,39,25,10,10,10,35,-2,6,-3,-13,12,16,3,-5,5,1.0,3,4,7,0
2022,2022-05-21,R10,Regular,10.0,Adelaide Oval,St Kilda,Adelaide,0,14,6,90,69,21,23,208,142,350,93,14,14,126,216,29,45,37,39,61,45,73,20,31,5.0,11,14,3,211,125,336,89,12,10,128,202,36,47,31,55,46,22,51,31,20,0.0,4,9,13,-3,17,14,4,2,4,-2,14,-7,-2,6,-16,15,23,22,-11,11,5.0,7,5,-10,0
2022,2022-05-21,R10,Regular,10.0,Eureka Stadium,Western Bulldogs,Gold Coast,1,15,16,106,87,19,23,205,160,365,78,18,15,152,215,49,58,42,62,54,34,60,21,20,3.0,10,15,15,209,81,290,86,11,9,133,150,36,56,41,66,46,58,58,20,21,0.0,7,13,9,-4,79,75,-8,7,6,19,65,13,2,1,-4,8,-24,2,1,-1,3.0,3,2,6,0
2022,2022-05-22,R10,Regular,10.0,York Park,Brisbane Lions,Hawthorn,0,17,10,112,117,-5,23,225,124,349,84,13,13,152,198,42,61,32,63,67,71,67,27,36,0.0,11,17,9,186,126,312,61,11,10,142,169,43,50,43,62,56,27,63,36,27,10.0,9,18,4,39,-2,37,23,2,3,10,29,-1,11,-11,1,11,44,4,-9,9,-10.0,2,-1,5,0
2022,2022-05-22,R10,Regular,10.0,Perth Stadium,Collingwood,Fremantle,0,12,8,80,44,36,23,228,121,349,62,12,8,152,170,45,60,38,89,74,33,71,19,25,1.0,7,12,5,219,177,396,72,12,2,175,213,43,46,48,60,59,59,66,25,19,0.0,2,6,6,9,-56,-47,-10,0,6,-23,-43,2,14,-10,29,15,-26,5,-6,6,1.0,5,6,-1,0
2022,2022-05-22,R10,Regular,10.0,Perth Stadium,Fremantle,Collingwood,1,6,8,44,80,-36,23,219,177,396,72,12,2,175,213,43,46,48,60,59,59,66,25,19,0.0,2,6,6,228,121,349,62,12,8,152,170,45,60,38,89,74,33,71,19,25,1.0,7,12,5,-9,56,47,10,0,-6,23,43,-2,-14,10,-29,-15,26,-5,6,-6,-1.0,-5,-6,1,0
2022,2022-05-22,R10,Regular,10.0,Sydney Showground,Greater Western Sydney,West Coast,1,21,12,138,86,52,23,224,164,388,121,13,21,141,252,40,48,30,63,37,42,50,16,15,5.0,14,21,10,169,119,288,79,12,13,113,171,36,44,27,54,33,48,40,15,16,4.0,8,13,5,55,45,100,42,1,8,28,81,4,4,3,9,4,-6,10,1,-1,1.0,6,8,5,0
2022,2022-05-22,R10,Regular,10.0,York Park,Hawthorn,Brisbane Lions,1,18,9,117,112,5,23,186,126,312,61,11,10,142,169,43,50,43,62,56,27,63,36,27,10.0,9,18,4,225,124,349,84,13,13,152,198,42,61,32,63,67,71,67,27,36,0.0,11,17,9,-39,2,-37,-23,-2,-3,-10,-29,1,-11,11,-1,-11,-44,-4,9,-9,10.0,-2,1,-5,0
2022,2022-05-22,R10,Regular,10.0,Sydney Showground,West Coast,Greater Western Sydney,0,13,8,86,138,-52,23,169,119,288,79,12,13,113,171,36,44,27,54,33,48,40,15,16,4.0,8,13,5,224,164,388,121,13,21,141,252,40,48,30,63,37,42,50,16,15,5.0,14,21,10,-55,-45,-100,-42,-1,-8,-28,-81,-4,-4,-3,-9,-4,6,-10,-1,1,-1.0,-6,-8,-5,0
2022,2022-05-27,R11,Regular,11.0,S.C.G.,Richmond,Sydney,0,15,10,100,106,-6,23,194,141,335,59,7,6,143,184,43,57,43,72,50,41,73,31,30,2.0,9,15,7,212,97,309,70,10,11,142,156,39,60,41,56,56,34,66,30,31,8.0,11,16,6,-18,44,26,-11,-3,-5,1,28,4,-3,2,16,-6,7,7,1,-1,-6.0,-2,-1,1,0
2022,2022-05-27,R11,Regular,11.0,S.C.G.,Sydney,Richmond,1,16,10,106,100,6,23,212,97,309,70,10,11,142,156,39,60,41,56,56,34,66,30,31,8.0,11,16,6,194,141,335,59,7,6,143,184,43,57,43,72,50,41,73,31,30,2.0,9,15,7,18,-44,-26,11,3,5,-1,-28,-4,3,-2,-16,6,-7,-7,-1,1,6.0,2,1,-1,0
2022,2022-05-28,R11,Regular,11.0,Kardinia Park,Adelaide,Geelong,0,7,13,55,97,-42,23,198,183,381,82,7,11,161,227,51,36,45,78,55,50,70,25,24,2.0,6,7,10,226,180,406,102,9,6,150,257,45,61,28,100,48,42,72,24,25,2.0,10,15,4,-28,3,-25,-20,-2,5,11,-30,6,-25,17,-22,7,8,-2,1,-1,0.0,-4,-8,6,0
2022,2022-05-28,R11,Regular,11.0,Gabba,Brisbane Lions,Greater Western Sydney,1,16,14,110,96,14,23,215,148,363,85,11,15,155,211,37,60,35,48,56,51,59,19,19,5.0,11,16,9,215,118,333,90,10,7,126,199,37,50,43,61,56,22,58,19,19,9.0,10,15,5,0,30,30,-5,1,8,29,12,0,10,-8,-13,0,29,1,0,0,-4.0,1,1,4,0
2022,2022-05-28,R11,Regular,11.0,M.C.G.,Fremantle,Melbourne,0,14,10,94,56,38,23,257,137,394,130,17,9,140,251,40,53,42,47,42,39,46,12,15,1.0,10,14,8,192,144,336,74,10,7,128,196,30,51,39,43,58,27,51,15,12,4.0,6,7,11,65,-7,58,56,7,2,12,55,10,2,3,4,-16,12,-5,-3,3,-3.0,4,7,-3,0
2022,2022-05-28,R11,Regular,11.0,Kardinia Park,Geelong,Adelaide,1,15,7,97,55,42,23,226,180,406,102,9,6,150,257,45,61,28,100,48,42,72,24,25,2.0,10,15,4,198,183,381,82,7,11,161,227,51,36,45,78,55,50,70,25,24,2.0,6,7,10,28,-3,25,20,2,-5,-11,30,-6,25,-17,22,-7,-8,2,-1,1,0.0,4,8,-6,0
2022,2022-05-28,R11,Regular,11.0,Marrara Oval,Gold Coast,Hawthorn,1,18,13,121,54,67,23,226,95,321,78,13,17,149,157,35,62,35,75,59,40,54,32,22,7.0,11,18,10,194,123,317,68,5,5,115,182,23,44,44,55,56,8,76,22,32,8.0,4,7,9,32,-28,4,10,8,12,34,-25,12,18,-9,20,3,32,-22,10,-10,-1.0,7,11,1,0
2022,2022-05-28,R11,Regular,11.0,Gabba,Greater Western Sydney,Brisbane Lions,0,15,6,96,110,-14,23,215,118,333,90,10,7,126,199,37,50,43,61,56,22,58,19,19,9.0,10,15,5,215,148,363,85,11,15,155,211,37,60,35,48,56,51,59,19,19,5.0,11,16,9,0,-30,-30,5,-1,-8,-29,-12,0,-10,8,13,0,-29,-1,0,0,4.0,-1,-1,-4,0
2022,2022-05-28,R11,Regular,11.0,Marrara Oval,Hawthorn,Gold Coast,0,7,12,54,121,-67,23,194,123,317,68,5,5,115,182,23,44,44,55,56,8,76,22,32,8.0,4,7,9,226,95,321,78,13,17,149,157,35,62,35,75,59,40,54,32,22,7.0,11,18,10,-32,28,-4,-10,-8,-12,-34,25,-12,-18,9,-20,-3,-32,22,-10,10,1.0,-7,-11,-1,0
2022,2022-05-28,R11,Regular,11.0,M.C.G.,Melbourne,Fremantle,1,7,14,56,94,-38,23,192,144,336,74,10,7,128,196,30,51,39,43,58,27,51,15,12,4.0,6,7,11,257,137,394,130,17,9,140,251,40,53,42,47,42,39,46,12,15,1.0,10,14,8,-65,7,-58,-56,-7,-2,-12,-55,-10,-2,-3,-4,16,-12,5,3,-3,3.0,-4,-7,3,0
2022,2022-05-28,R11,Regular,11.0,Perth Stadium,West Coast,Western Bulldogs,1,9,6,60,161,-101,23,208,120,328,106,9,8,112,217,30,37,40,60,37,23,53,16,26,1.0,5,9,4,218,180,398,93,11,20,139,255,41,68,28,60,41,44,45,26,16,13.0,17,25,9,-10,-60,-70,13,-2,-12,-27,-38,-11,-31,12,0,-4,-21,8,-10,10,-12.0,-12,-16,-5,0
2022,2022-05-28,R11,Regular,11.0,Perth Stadium,Western Bulldogs,West Coast,0,25,11,161,60,101,23,218,180,398,93,11,20,139,255,41,68,28,60,41,44,45,26,16,13.0,17,25,9,208,120,328,106,9,8,112,217,30,37,40,60,37,23,53,16,26,1.0,5,9,4,10,60,70,-13,2,12,27,38,11,31,-12,0,4,21,-8,10,-10,12.0,12,16,5,0
2022,2022-05-29,R11,Regular,11.0,M.C.G.,Carlton,Collingwood,0,11,9,75,79,-4,23,210,179,389,86,10,9,140,244,33,56,39,50,56,19,67,24,20,5.0,7,11,7,213,120,333,95,17,18,135,196,28,51,44,55,52,37,62,20,24,10.0,9,11,9,-3,59,56,-9,-7,-9,5,48,5,5,-5,-5,4,-18,5,4,-4,-5.0,-2,0,-2,0
2022,2022-05-29,R11,Regular,11.0,M.C.G.,Collingwood,Carlton,1,11,13,79,75,4,23,213,120,333,95,17,18,135,196,28,51,44,55,52,37,62,20,24,10.0,9,11,9,210,179,389,86,10,9,140,244,33,56,39,50,56,19,67,24,20,5.0,7,11,7,3,-59,-56,9,7,9,-5,-48,-5,-5,5,5,-4,18,-5,-4,4,5.0,2,0,2,0
2022,2022-05-29,R11,Regular,11.0,Adelaide Oval,Essendon,Port Adelaide,0,6,14,50,66,-16,23,207,147,354,81,7,12,127,224,36,50,33,54,57,38,53,19,15,5.0,5,6,12,212,130,342,78,13,17,139,189,34,42,44,52,66,30,55,15,19,2.0,5,9,11,-5,17,12,3,-6,-5,-12,35,2,8,-11,2,-9,8,-2,4,-4,3.0,0,-3,1,0
2022,2022-05-29,R11,Regular,11.0,Docklands,North Melbourne,St Kilda,0,7,8,50,103,-53,23,194,115,309,97,10,10,117,197,44,34,38,68,41,47,62,18,21,4.0,4,7,6,241,143,384,122,11,11,138,255,32,58,26,67,39,48,71,21,18,16.0,9,16,7,-47,-28,-75,-25,-1,-1,-21,-58,12,-24,12,1,2,-1,-9,-3,3,-12.0,-5,-9,-1,0
2022,2022-05-29,R11,Regular,11.0,Adelaide Oval,Port Adelaide,Essendon,1,9,12,66,50,16,23,212,130,342,78,13,17,139,189,34,42,44,52,66,30,55,15,19,2.0,5,9,11,207,147,354,81,7,12,127,224,36,50,33,54,57,38,53,19,15,5.0,5,6,12,5,-17,-12,-3,6,5,12,-35,-2,-8,11,-2,9,-8,2,-4,4,-3.0,0,3,-1,0
2022,2022-05-29,R11,Regular,11.0,Docklands,St Kilda,North Melbourne,1,16,7,103,50,53,23,241,143,384,122,11,11,138,255,32,58,26,67,39,48,71,21,18,16.0,9,16,7,194,115,309,97,10,10,117,197,44,34,38,68,41,47,62,18,21,4.0,4,7,6,47,28,75,25,1,1,21,58,-12,24,-12,-1,-2,1,9,3,-3,12.0,5,9,1,0
2022,2022-06-03,R12,Regular,12.0,Docklands,Geelong,Western Bulldogs,0,12,11,83,70,13,23,238,119,357,127,14,16,132,219,32,47,45,61,42,38,61,22,20,2.0,9,12,9,210,174,384,102,9,9,127,252,35,57,34,50,46,23,58,20,22,7.0,7,10,6,28,-55,-27,25,5,7,5,-33,-3,-10,11,11,-4,15,3,2,-2,-5.0,2,2,3,0
2022,2022-06-03,R12,Regular,12.0,Docklands,Western Bulldogs,Geelong,1,10,10,70,83,-13,23,210,174,384,102,9,9,127,252,35,57,34,50,46,23,58,20,22,7.0,7,10,6,238,119,357,127,14,16,132,219,32,47,45,61,42,38,61,22,20,2.0,9,12,9,-28,55,27,-25,-5,-7,-5,33,3,10,-11,-11,4,-15,-3,-2,2,5.0,-2,-2,-3,0
2022,2022-06-04,R12,Regular,12.0,Adelaide Oval,Adelaide,West Coast,1,13,10,88,57,31,23,201,166,367,71,8,11,153,215,37,59,36,75,42,48,61,24,22,1.0,9,13,7,215,125,340,86,10,5,127,209,34,44,44,74,57,30,68,23,23,2.0,6,8,4,-14,41,27,-15,-2,6,26,6,3,15,-8,1,-15,18,-7,1,-1,-1.0,3,5,3,0
2022,2022-06-04,R12,Regular,12.0,Marrara Oval,Gold Coast,North Melbourne,1,15,19,109,47,62,23,256,95,351,69,3,7,171,176,51,81,29,81,85,42,57,26,21,7.0,7,15,14,206,88,294,48,9,6,147,123,47,35,63,69,70,51,82,21,26,1.0,4,7,1,50,7,57,21,-6,1,24,53,4,46,-34,12,15,-9,-25,5,-5,6.0,3,8,13,0
2022,2022-06-04,R12,Regular,12.0,M.C.G.,Melbourne,Sydney,1,9,7,61,73,-12,23,205,143,348,80,12,8,150,198,33,51,41,53,51,39,64,23,24,2.0,8,9,6,218,87,305,98,15,10,136,163,36,52,41,75,59,20,54,24,23,5.0,7,10,11,-13,56,43,-18,-3,-2,14,35,-3,-1,0,-22,-8,19,10,-1,1,-3.0,1,-1,-5,0
2022,2022-06-04,R12,Regular,12.0,Marrara Oval,North Melbourne,Gold Coast,0,7,5,47,109,-62,23,206,88,294,48,9,6,147,123,47,35,63,69,70,51,82,21,26,1.0,4,7,1,256,95,351,69,3,7,171,176,51,81,29,81,85,42,57,26,21,7.0,7,15,14,-50,-7,-57,-21,6,-1,-24,-53,-4,-46,34,-12,-15,9,25,-5,5,-6.0,-3,-8,-13,0
2022,2022-06-04,R12,Regular,12.0,M.C.G.,Sydney,Melbourne,0,10,13,73,61,12,23,218,87,305,98,15,10,136,163,36,52,41,75,59,20,54,24,23,5.0,7,10,11,205,143,348,80,12,8,150,198,33,51,41,53,51,39,64,23,24,2.0,8,9,6,13,-56,-43,18,3,2,-14,-35,3,1,0,22,8,-19,-10,1,-1,3.0,-1,1,5,0
2022,2022-06-04,R12,Regular,12.0,Adelaide Oval,West Coast,Adelaide,0,8,9,57,88,-31,23,215,125,340,86,10,5,127,209,34,44,44,74,57,30,68,23,23,2.0,6,8,4,201,166,367,71,8,11,153,215,37,59,36,75,42,48,61,24,22,1.0,9,13,7,14,-41,-27,15,2,-6,-26,-6,-3,-15,8,-1,15,-18,7,-1,1,1.0,-3,-5,-3,0
2022,2022-06-05,R12,Regular,12.0,Perth Stadium,Brisbane Lions,Fremantle,0,13,7,85,99,-14,23,227,128,355,91,9,12,142,216,36,54,35,57,73,44,61,26,18,2.0,9,13,4,218,166,384,98,12,11,139,246,47,51,40,53,64,38,64,18,26,7.0,9,15,5,9,-38,-29,-7,-3,1,3,-30,-11,3,-5,4,9,6,-3,8,-8,-5.0,0,-2,-1,0
2022,2022-06-05,R12,Regular,12.0,M.C.G.,Collingwood,Hawthorn,0,10,12,72,68,4,23,235,168,403,75,9,10,169,235,34,65,29,64,76,36,67,26,20,3.0,5,10,9,211,150,361,65,7,3,140,205,37,40,55,81,77,35,93,20,26,6.0,7,10,7,24,18,42,10,2,7,29,30,-3,25,-26,-17,-1,1,-26,6,-6,-3.0,-2,0,2,0
2022,2022-06-05,R12,Regular,12.0,Perth Stadium,Fremantle,Brisbane Lions,1,15,9,99,85,14,23,218,166,384,98,12,11,139,246,47,51,40,53,64,38,64,18,26,7.0,9,15,5,227,128,355,91,9,12,142,216,36,54,35,57,73,44,61,26,18,2.0,9,13,4,-9,38,29,7,3,-1,-3,30,11,-3,5,-4,-9,-6,3,-8,8,5.0,0,2,1,0
2022,2022-06-05,R12,Regular,12.0,M.C.G.,Hawthorn,Collingwood,1,10,8,68,72,-4,23,211,150,361,65,7,3,140,205,37,40,55,81,77,35,93,20,26,6.0,7,10,7,235,168,403,75,9,10,169,235,34,65,29,64,76,36,67,26,20,3.0,5,10,9,-24,-18,-42,-10,-2,-7,-29,-30,3,-25,26,17,1,-1,26,-6,6,3.0,2,0,-2,0
2022,2022-06-09,R13,Regular,13.0,M.C.G.,Port Adelaide,Richmond,0,10,5,65,77,-12,23,218,160,378,84,9,9,146,225,39,48,51,49,47,18,71,21,24,1.0,7,10,4,209,136,345,81,14,8,146,194,30,64,38,49,68,41,62,24,21,8.0,7,11,10,9,24,33,3,-5,1,0,31,9,-16,13,0,-21,-23,9,-3,3,-7.0,0,-1,-6,0
2022,2022-06-09,R13,Regular,13.0,M.C.G.,Richmond,Port Adelaide,1,11,11,77,65,12,23,209,136,345,81,14,8,146,194,30,64,38,49,68,41,62,24,21,8.0,7,11,10,218,160,378,84,9,9,146,225,39,48,51,49,47,18,71,21,24,1.0,7,10,4,-9,-24,-33,-3,5,-1,0,-31,-9,16,-13,0,21,23,-9,3,-3,7.0,0,1,6,0
2022,2022-06-10,R13,Regular,13.0,M.C.G.,Carlton,Essendon,0,12,8,80,54,26,23,241,141,382,113,8,13,128,242,35,54,39,55,47,26,55,23,16,9.0,8,12,6,196,124,320,80,14,7,125,184,32,46,42,75,38,43,65,16,23,6.0,4,7,9,45,17,62,33,-6,6,3,58,3,8,-3,-20,9,-17,-10,7,-7,3.0,4,5,-3,0
2022,2022-06-10,R13,Regular,13.0,M.C.G.,Essendon,Carlton,1,7,12,54,80,-26,23,196,124,320,80,14,7,125,184,32,46,42,75,38,43,65,16,23,6.0,4,7,9,241,141,382,113,8,13,128,242,35,54,39,55,47,26,55,23,16,9.0,8,12,6,-45,-17,-62,-33,6,-6,-3,-58,-3,-8,3,20,-9,17,10,-7,7,-3.0,-4,-5,3,0
2022,2022-06-11,R13,Regular,13.0,Gabba,Brisbane Lions,St Kilda,1,10,18,78,57,21,23,253,115,368,116,6,5,125,233,34,60,31,61,46,23,51,28,20,1.0,4,10,16,202,123,325,85,10,8,128,197,25,41,49,52,48,31,59,20,28,9.0,4,8,8,51,-8,43,31,-4,-3,-3,36,9,19,-18,9,-2,-8,-8,8,-8,-8.0,0,2,8,0
2022,2022-06-11,R13,Regular,13.0,Perth Stadium,Fremantle,Hawthorn,1,14,11,95,82,13,23,237,221,458,101,8,6,154,299,37,47,47,73,53,46,51,17,19,3.0,10,14,10,191,133,324,73,10,10,132,182,34,61,31,63,51,27,50,19,17,3.0,5,12,7,46,88,134,28,-2,-4,22,117,3,-14,16,10,2,19,1,-2,2,0.0,5,2,3,0
2022,2022-06-11,R13,Regular,13.0,Perth Stadium,Hawthorn,Fremantle,0,12,10,82,95,-13,23,191,133,324,73,10,10,132,182,34,61,31,63,51,27,50,19,17,3.0,5,12,7,237,221,458,101,8,6,154,299,37,47,47,73,53,46,51,17,19,3.0,10,14,10,-46,-88,-134,-28,2,4,-22,-117,-3,14,-16,-10,-2,-19,-1,2,-2,0.0,-5,-2,-3,0
2022,2022-06-11,R13,Regular,13.0,Gabba,St Kilda,Brisbane Lions,0,8,9,57,78,-21,23,202,123,325,85,10,8,128,197,25,41,49,52,48,31,59,20,28,9.0,4,8,8,253,115,368,116,6,5,125,233,34,60,31,61,46,23,51,28,20,1.0,4,10,16,-51,8,-43,-31,4,3,3,-36,-9,-19,18,-9,2,8,8,-8,8,8.0,0,-2,-8,0
2022,2022-06-12,R13,Regular,13.0,Docklands,Greater Western Sydney,North Melbourne,0,15,12,102,53,49,23,258,165,423,149,5,10,102,308,32,54,31,54,41,13,60,22,20,5.0,11,15,9,173,122,295,69,6,11,113,176,33,40,38,50,37,60,61,20,22,8.0,5,7,7,85,43,128,80,-1,-1,-11,132,-1,14,-7,4,4,-47,-1,2,-2,-3.0,6,8,2,0
2022,2022-06-12,R13,Regular,13.0,Docklands,North Melbourne,Greater Western Sydney,1,7,11,53,102,-49,23,173,122,295,69,6,11,113,176,33,40,38,50,37,60,61,20,22,8.0,5,7,7,258,165,423,149,5,10,102,308,32,54,31,54,41,13,60,22,20,5.0,11,15,9,-85,-43,-128,-80,1,1,11,-132,1,-14,7,-4,-4,47,1,-2,2,3.0,-6,-8,-2,0
2022,2022-06-13,R13,Regular,13.0,M.C.G.,Collingwood,Melbourne,1,12,10,82,56,26,23,221,159,380,95,18,12,144,231,34,53,44,51,65,28,57,14,18,13.0,11,12,8,234,171,405,103,7,6,132,264,28,52,41,61,42,24,62,18,14,4.0,3,8,4,-13,-12,-25,-8,11,6,12,-33,6,1,3,-10,23,4,-5,-4,4,9.0,8,4,4,0
2022,2022-06-13,R13,Regular,13.0,M.C.G.,Melbourne,Collingwood,0,8,8,56,82,-26,23,234,171,405,103,7,6,132,264,28,52,41,61,42,24,62,18,14,4.0,3,8,4,221,159,380,95,18,12,144,231,34,53,44,51,65,28,57,14,18,13.0,11,12,8,13,12,25,8,-11,-6,-12,33,-6,-1,-3,10,-23,-4,5,4,-4,-9.0,-8,-4,-4,0
2022,2022-06-16,R14,Regular,14.0,M.C.G.,Carlton,Richmond,0,9,12,66,81,-15,23,222,166,388,79,13,11,168,208,27,51,65,49,59,28,80,17,20,19.0,7,9,11,237,135,372,69,6,9,160,195,41,76,42,60,73,32,76,20,16,7.0,6,11,9,-15,31,16,10,7,2,8,13,-14,-25,23,-11,-14,-4,4,-3,4,12.0,1,-2,2,0
2022,2022-06-16,R14,Regular,14.0,M.C.G.,Richmond,Carlton,1,11,15,81,66,15,23,237,135,372,69,6,9,160,195,41,76,42,60,73,32,76,20,16,7.0,6,11,9,222,166,388,79,13,11,168,208,27,51,65,49,59,28,80,17,20,19.0,7,9,11,15,-31,-16,-10,-7,-2,-8,-13,14,25,-23,11,14,4,-4,3,-4,-12.0,-1,2,-2,0
2022,2022-06-17,R14,Regular,14.0,Docklands,Essendon,St Kilda,0,15,17,107,72,35,23,227,160,387,109,15,13,135,257,32,61,35,51,58,31,60,20,25,15.0,11,15,15,224,109,333,105,13,9,112,204,32,46,46,38,39,24,61,25,20,14.0,6,11,5,3,51,54,4,2,4,23,53,0,15,-11,13,19,7,-1,-5,5,1.0,5,4,10,0
2022,2022-06-17,R14,Regular,14.0,Docklands,St Kilda,Essendon,1,11,6,72,107,-35,23,224,109,333,105,13,9,112,204,32,46,46,38,39,24,61,25,20,14.0,6,11,5,227,160,387,109,15,13,135,257,32,61,35,51,58,31,60,20,25,15.0,11,15,15,-3,-51,-54,-4,-2,-4,-23,-53,0,-15,11,-13,-19,-7,1,5,-5,-1.0,-5,-4,-10,0
2022,2022-06-18,R14,Regular,14.0,Perth Stadium,Geelong,West Coast,0,12,9,81,63,18,23,205,140,345,99,8,14,123,220,37,51,30,55,41,43,53,19,24,4.0,9,12,8,209,120,329,109,7,7,105,220,30,40,37,55,26,27,49,24,19,8.0,6,9,8,-4,20,16,-10,1,7,18,0,7,11,-7,0,15,16,4,-5,5,-4.0,3,3,0,0
2022,2022-06-18,R14,Regular,14.0,Sydney Showground,Greater Western Sydney,Western Bulldogs,1,16,9,105,125,-20,23,193,162,355,87,17,12,131,217,34,56,39,61,48,45,46,17,11,4.0,13,16,6,207,179,386,86,13,19,154,236,46,61,40,61,49,40,51,11,17,6.0,12,19,10,-14,-17,-31,1,4,-7,-23,-19,-12,-5,-1,0,-1,5,-5,6,-6,-2.0,1,-3,-4,0
2022,2022-06-18,R14,Regular,14.0,Adelaide Oval,Port Adelaide,Sydney,1,12,10,82,59,23,23,228,156,384,96,7,15,130,241,43,46,38,72,41,28,64,19,19,6.0,4,12,9,185,121,306,70,12,9,132,165,32,46,34,51,43,32,53,19,19,2.0,7,8,9,43,35,78,26,-5,6,-2,76,11,0,4,21,-2,-4,11,0,0,4.0,-3,4,0,0
2022,2022-06-18,R14,Regular,14.0,Adelaide Oval,Sydney,Port Adelaide,0,8,11,59,82,-23,23,185,121,306,70,12,9,132,165,32,46,34,51,43,32,53,19,19,2.0,7,8,9,228,156,384,96,7,15,130,241,43,46,38,72,41,28,64,19,19,6.0,4,12,9,-43,-35,-78,-26,5,-6,2,-76,-11,0,-4,-21,2,4,-11,0,0,-4.0,3,-4,0,0
2022,2022-06-18,R14,Regular,14.0,Perth Stadium,West Coast,Geelong,1,9,9,63,81,-18,23,209,120,329,109,7,7,105,220,30,40,37,55,26,27,49,24,19,8.0,6,9,8,205,140,345,99,8,14,123,220,37,51,30,55,41,43,53,19,24,4.0,9,12,8,4,-20,-16,10,-1,-7,-18,0,-7,-11,7,0,-15,-16,-4,5,-5,4.0,-3,-3,0,0
2022,2022-06-18,R14,Regular,14.0,Sydney Showground,Western Bulldogs,Greater Western Sydney,0,19,11,125,105,20,23,207,179,386,86,13,19,154,236,46,61,40,61,49,40,51,11,17,6.0,12,19,10,193,162,355,87,17,12,131,217,34,56,39,61,48,45,46,17,11,4.0,13,16,6,14,17,31,-1,-4,7,23,19,12,5,1,0,1,-5,5,-6,6,2.0,-1,3,4,0
2022,2022-06-19,R14,Regular,14.0,Carrara,Adelaide,Gold Coast,0,10,13,73,116,-43,23,211,195,406,90,9,14,140,260,40,44,43,66,47,39,82,22,29,5.0,8,10,9,217,108,325,80,10,11,144,171,35,62,33,47,58,41,64,30,22,6.0,12,18,7,-6,87,81,10,-1,3,-4,89,5,-18,10,19,-11,-2,18,-8,7,-1.0,-4,-8,2,0
2022,2022-06-19,R14,Regular,14.0,Carrara,Gold Coast,Adelaide,1,18,8,116,73,43,23,217,108,325,80,10,11,144,171,35,62,33,47,58,41,64,30,22,6.0,12,18,7,211,195,406,90,9,14,140,260,40,44,43,66,47,39,82,22,29,5.0,8,10,9,6,-87,-81,-10,1,-3,4,-89,-5,18,-10,-19,11,2,-18,8,-7,1.0,4,8,-2,0
2022,2022-06-23,R15,Regular,15.0,M.C.G.,Brisbane Lions,Melbourne,0,7,11,53,117,-64,23,211,121,332,100,15,8,132,187,35,43,42,68,57,39,59,11,13,1.0,5,7,10,223,176,399,84,9,14,170,232,46,62,35,68,45,28,53,13,11,2.0,11,16,14,-12,-55,-67,16,6,-6,-38,-45,-11,-19,7,0,12,11,6,-2,2,-1.0,-6,-9,-4,0
2022,2022-06-23,R15,Regular,15.0,M.C.G.,Melbourne,Brisbane Lions,1,16,21,117,53,64,23,223,176,399,84,9,14,170,232,46,62,35,68,45,28,53,13,11,2.0,11,16,14,211,121,332,100,15,8,132,187,35,43,42,68,57,39,59,11,13,1.0,5,7,10,12,55,67,-16,-6,6,38,45,11,19,-7,0,-12,-11,-6,2,-2,1.0,6,9,4,0
2022,2022-06-24,R15,Regular,15.0,Perth Stadium,Essendon,West Coast,0,14,13,97,107,-10,23,203,132,335,101,9,13,118,217,36,58,26,45,47,36,52,13,14,6.0,11,14,11,224,95,319,114,8,18,112,201,30,42,41,43,35,26,43,14,13,5.0,12,16,7,-21,37,16,-13,1,-5,6,16,6,16,-15,2,12,10,9,-1,1,1.0,-1,-2,4,0
2022,2022-06-24,R15,Regular,15.0,Docklands,Hawthorn,Western Bulldogs,0,12,11,83,125,-42,23,204,151,355,100,13,14,133,223,30,48,37,53,39,41,56,10,19,10.0,9,12,10,228,168,396,98,18,13,150,248,41,57,36,58,52,35,39,19,10,6.0,11,19,10,-24,-17,-41,2,-5,1,-17,-25,-11,-9,1,-5,-13,6,17,-9,9,4.0,-2,-7,0,0
2022,2022-06-24,R15,Regular,15.0,Perth Stadium,West Coast,Essendon,1,16,11,107,97,10,23,224,95,319,114,8,18,112,201,30,42,41,43,35,26,43,14,13,5.0,12,16,7,203,132,335,101,9,13,118,217,36,58,26,45,47,36,52,13,14,6.0,11,14,11,21,-37,-16,13,-1,5,-6,-16,-6,-16,15,-2,-12,-10,-9,1,-1,-1.0,1,2,-4,0
2022,2022-06-24,R15,Regular,15.0,Docklands,Western Bulldogs,Hawthorn,1,19,11,125,83,42,23,228,168,396,98,18,13,150,248,41,57,36,58,52,35,39,19,10,6.0,11,19,10,204,151,355,100,13,14,133,223,30,48,37,53,39,41,56,10,19,10.0,9,12,10,24,17,41,-2,5,-1,17,25,11,9,-1,5,13,-6,-17,9,-9,-4.0,2,7,0,0
2022,2022-06-25,R15,Regular,15.0,Docklands,Carlton,Fremantle,1,12,9,81,50,31,23,233,166,399,116,8,11,131,274,44,64,32,52,44,28,56,18,20,10.0,8,12,7,197,154,351,82,15,10,127,210,30,40,51,43,57,45,55,20,18,1.0,6,7,6,36,12,48,34,-7,1,4,64,14,24,-19,9,-13,-17,1,-2,2,9.0,2,5,1,0
2022,2022-06-25,R15,Regular,15.0,Docklands,Fremantle,Carlton,0,7,8,50,81,-31,23,197,154,351,82,15,10,127,210,30,40,51,43,57,45,55,20,18,1.0,6,7,6,233,166,399,116,8,11,131,274,44,64,32,52,44,28,56,18,20,10.0,8,12,7,-36,-12,-48,-34,7,-1,-4,-64,-14,-24,19,-9,13,17,-1,2,-2,-9.0,-2,-5,-1,0
2022,2022-06-25,R15,Regular,15.0,M.C.G.,Geelong,Richmond,1,13,11,89,86,3,23,217,131,348,95,14,14,140,208,32,57,38,40,41,28,64,26,13,5.0,7,13,9,216,125,341,109,14,15,117,216,33,52,43,48,53,33,74,13,26,14.0,8,13,7,1,6,7,-14,0,-1,23,-8,-1,5,-5,-8,-12,-5,-10,13,-13,-9.0,-1,0,2,0
2022,2022-06-25,R15,Regular,15.0,M.C.G.,Richmond,Geelong,0,13,8,86,89,-3,23,216,125,341,109,14,15,117,216,33,52,43,48,53,33,74,13,26,14.0,8,13,7,217,131,348,95,14,14,140,208,32,57,38,40,41,28,64,26,13,5.0,7,13,9,-1,-6,-7,14,0,1,-23,8,1,-5,5,8,12,5,10,-13,13,9.0,1,0,-2,0
2022,2022-06-25,R15,Regular,15.0,S.C.G.,St Kilda,Sydney,0,4,8,32,83,-51,23,217,158,375,103,11,5,130,242,36,44,42,61,38,45,73,12,27,3.0,2,4,6,234,154,388,108,8,13,136,247,33,55,40,56,54,22,46,27,12,6.0,9,12,9,-17,4,-13,-5,3,-8,-6,-5,3,-11,2,5,-16,23,27,-15,15,-3.0,-7,-8,-3,0
2022,2022-06-25,R15,Regular,15.0,S.C.G.,Sydney,St Kilda,1,12,11,83,32,51,23,234,154,388,108,8,13,136,247,33,55,40,56,54,22,46,27,12,6.0,9,12,9,217,158,375,103,11,5,130,242,36,44,42,61,38,45,73,12,27,3.0,2,4,6,17,-4,13,5,-3,8,6,5,-3,11,-2,-5,16,-23,-27,15,-15,3.0,7,8,3,0
2022,2022-06-26,R15,Regular,15.0,Bellerive Oval,Adelaide,North Melbourne,0,17,13,115,58,57,23,193,135,328,65,14,13,140,187,43,59,34,85,40,41,58,19,16,2.0,10,17,8,199,119,318,80,16,13,143,169,38,43,42,58,55,54,64,16,19,1.0,3,8,7,-6,16,10,-15,-2,0,-3,18,5,16,-8,27,-15,-13,-6,3,-3,1.0,7,9,1,0
2022,2022-06-26,R15,Regular,15.0,M.C.G.,Collingwood,Greater Western Sydney,1,11,22,88,77,11,23,224,134,358,97,10,11,137,208,37,62,38,49,43,47,60,19,20,3.0,6,11,17,229,138,367,100,10,10,124,224,28,50,51,56,44,12,69,20,19,4.0,9,12,5,-5,-4,-9,-3,0,1,13,-16,9,12,-13,-7,-1,35,-9,-1,1,-1.0,-3,-1,12,0
2022,2022-06-26,R15,Regular,15.0,Adelaide Oval,Gold Coast,Port Adelaide,0,13,13,91,93,-2,23,201,102,303,59,14,13,150,151,42,54,42,72,57,43,55,13,19,16.0,9,13,10,228,150,378,102,20,10,152,223,43,55,39,69,59,20,59,19,13,2.0,10,13,12,-27,-48,-75,-43,-6,3,-2,-72,-1,-1,3,3,-2,23,-4,-6,6,14.0,-1,0,-2,0
2022,2022-06-26,R15,Regular,15.0,M.C.G.,Greater Western Sydney,Collingwood,0,12,5,77,88,-11,23,229,138,367,100,10,10,124,224,28,50,51,56,44,12,69,20,19,4.0,9,12,5,224,134,358,97,10,11,137,208,37,62,38,49,43,47,60,19,20,3.0,6,11,17,5,4,9,3,0,-1,-13,16,-9,-12,13,7,1,-35,9,1,-1,1.0,3,1,-12,0
2022,2022-06-26,R15,Regular,15.0,Bellerive Oval,North Melbourne,Adelaide,1,8,10,58,115,-57,23,199,119,318,80,16,13,143,169,38,43,42,58,55,54,64,16,19,1.0,3,8,7,193,135,328,65,14,13,140,187,43,59,34,85,40,41,58,19,16,2.0,10,17,8,6,-16,-10,15,2,0,3,-18,-5,-16,8,-27,15,13,6,-3,3,-1.0,-7,-9,-1,0
2022,2022-06-26,R15,Regular,15.0,Adelaide Oval,Port Adelaide,Gold Coast,1,13,15,93,91,2,23,228,150,378,102,20,10,152,223,43,55,39,69,59,20,59,19,13,2.0,10,13,12,201,102,303,59,14,13,150,151,42,54,42,72,57,43,55,13,19,16.0,9,13,10,27,48,75,43,6,-3,2,72,1,1,-3,-3,2,-23,4,6,-6,-14.0,1,0,2,0
2022,2022-06-30,R16,Regular,16.0,Gabba,Brisbane Lions,Western Bulldogs,1,16,12,108,67,41,23,243,101,344,120,12,16,125,206,31,50,47,53,44,40,47,18,15,1.0,9,16,10,198,147,345,82,11,13,132,210,44,57,34,68,47,30,63,15,18,3.0,5,9,9,45,-46,-1,38,1,3,-7,-4,-13,-7,13,-15,-3,10,-16,3,-3,-2.0,4,7,1,0
2022,2022-06-30,R16,Regular,16.0,Gabba,Western Bulldogs,Brisbane Lions,0,9,13,67,108,-41,23,198,147,345,82,11,13,132,210,44,57,34,68,47,30,63,15,18,3.0,5,9,9,243,101,344,120,12,16,125,206,31,50,47,53,44,40,47,18,15,1.0,9,16,10,-45,46,1,-38,-1,-3,7,4,13,7,-13,15,3,-10,16,-3,3,2.0,-4,-7,-1,0
2022,2022-07-01,R16,Regular,16.0,Docklands,Carlton,St Kilda,1,10,18,78,93,-15,23,210,157,367,81,17,15,157,211,31,49,39,61,51,30,47,21,9,3.0,6,10,13,242,159,401,113,17,8,130,254,36,53,39,61,47,41,53,9,21,12.0,7,14,8,-32,-2,-34,-32,0,7,27,-43,-5,-4,0,0,4,-11,-6,12,-12,-9.0,-1,-4,5,0
2022,2022-07-01,R16,Regular,16.0,Docklands,St Kilda,Carlton,0,14,9,93,78,15,23,242,159,401,113,17,8,130,254,36,53,39,61,47,41,53,9,21,12.0,7,14,8,210,157,367,81,17,15,157,211,31,49,39,61,51,30,47,21,9,3.0,6,10,13,32,2,34,32,0,-7,-27,43,5,4,0,0,-4,11,6,-12,12,9.0,1,4,-5,0
2022,2022-07-02,R16,Regular,16.0,Adelaide Oval,Adelaide,Melbourne,1,10,5,65,94,-29,23,198,144,342,80,15,8,141,191,34,46,37,76,39,57,59,23,9,2.0,7,10,4,214,155,369,99,13,15,145,219,39,52,36,65,47,13,62,9,23,3.0,9,14,7,-16,-11,-27,-19,2,-7,-4,-28,-5,-6,1,11,-8,44,-3,14,-14,-1.0,-2,-4,-3,0
2022,2022-07-02,R16,Regular,16.0,Carrara,Collingwood,Gold Coast,0,9,13,67,62,5,23,221,135,356,96,14,17,134,210,28,46,45,53,55,39,53,13,12,6.0,6,9,9,219,111,330,75,9,13,153,169,42,54,36,54,57,33,66,12,13,3.0,6,8,7,2,24,26,21,5,4,-19,41,-14,-8,9,-1,-2,6,-13,1,-1,3.0,0,1,2,0
2022,2022-07-02,R16,Regular,16.0,M.C.G.,Essendon,Sydney,1,15,5,95,86,9,23,224,156,380,114,6,11,125,246,38,49,43,48,36,36,58,21,26,3.0,11,15,3,208,90,298,95,11,16,117,180,30,57,33,60,34,22,51,26,21,3.0,7,12,12,16,66,82,19,-5,-5,8,66,8,-8,10,-12,2,14,7,-5,5,0.0,4,3,-9,0
2022,2022-07-02,R16,Regular,16.0,Kardinia Park,Geelong,North Melbourne,1,21,18,144,32,112,23,236,160,396,112,9,25,135,257,35,74,20,60,38,31,44,22,15,4.0,17,21,12,199,112,311,92,7,5,108,184,28,25,52,63,52,38,68,15,21,1.0,2,5,2,37,48,85,20,2,20,27,73,7,49,-32,-3,-14,-7,-24,7,-6,3.0,15,16,10,0
2022,2022-07-02,R16,Regular,16.0,Carrara,Gold Coast,Collingwood,1,8,14,62,67,-5,23,219,111,330,75,9,13,153,169,42,54,36,54,57,33,66,12,13,3.0,6,8,7,221,135,356,96,14,17,134,210,28,46,45,53,55,39,53,13,12,6.0,6,9,9,-2,-24,-26,-21,-5,-4,19,-41,14,8,-9,1,2,-6,13,-1,1,-3.0,0,-1,-2,0
2022,2022-07-02,R16,Regular,16.0,Adelaide Oval,Melbourne,Adelaide,0,14,10,94,65,29,23,214,155,369,99,13,15,145,219,39,52,36,65,47,13,62,9,23,3.0,9,14,7,198,144,342,80,15,8,141,191,34,46,37,76,39,57,59,23,9,2.0,7,10,4,16,11,27,19,-2,7,4,28,5,6,-1,-11,8,-44,3,-14,14,1.0,2,4,3,0
2022,2022-07-02,R16,Regular,16.0,Kardinia Park,North Melbourne,Geelong,0,5,2,32,144,-112,23,199,112,311,92,7,5,108,184,28,25,52,63,52,38,68,15,21,1.0,2,5,2,236,160,396,112,9,25,135,257,35,74,20,60,38,31,44,22,15,4.0,17,21,12,-37,-48,-85,-20,-2,-20,-27,-73,-7,-49,32,3,14,7,24,-7,6,-3.0,-15,-16,-10,0
2022,2022-07-02,R16,Regular,16.0,M.C.G.,Sydney,Essendon,0,12,14,86,95,-9,23,208,90,298,95,11,16,117,180,30,57,33,60,34,22,51,26,21,3.0,7,12,12,224,156,380,114,6,11,125,246,38,49,43,48,36,36,58,21,26,3.0,11,15,3,-16,-66,-82,-19,5,5,-8,-66,-8,8,-10,12,-2,-14,-7,5,-5,0.0,-4,-3,9,0
2022,2022-07-03,R16,Regular,16.0,Perth Stadium,Fremantle,Port Adelaide,1,15,9,99,91,8,23,228,171,399,101,14,13,142,250,47,50,36,55,44,51,52,18,17,3.0,10,15,6,200,183,383,76,10,12,145,236,30,51,34,58,44,22,57,17,18,6.0,10,14,7,28,-12,16,25,4,1,-3,14,17,-1,2,-3,0,29,-5,1,-1,-3.0,0,1,-1,0
2022,2022-07-03,R16,Regular,16.0,Sydney Showground,Greater Western Sydney,Hawthorn,1,11,6,72,50,22,23,263,142,405,51,9,8,191,185,44,63,51,93,68,52,77,24,17,1.0,7,11,4,248,105,353,36,5,6,171,142,42,59,51,93,83,41,86,17,24,0.0,2,7,6,15,37,52,15,4,2,20,43,2,4,0,0,-15,11,-9,7,-7,1.0,5,4,-2,0
2022,2022-07-03,R16,Regular,16.0,Sydney Showground,Hawthorn,Greater Western Sydney,0,7,8,50,72,-22,23,248,105,353,36,5,6,171,142,42,59,51,93,83,41,86,17,24,0.0,2,7,6,263,142,405,51,9,8,191,185,44,63,51,93,68,52,77,24,17,1.0,7,11,4,-15,-37,-52,-15,-4,-2,-20,-43,-2,-4,0,0,15,-11,9,-7,7,-1.0,-5,-4,2,0
2022,2022-07-03,R16,Regular,16.0,Perth Stadium,Port Adelaide,Fremantle,0,14,7,91,99,-8,23,200,183,383,76,10,12,145,236,30,51,34,58,44,22,57,17,18,6.0,10,14,7,228,171,399,101,14,13,142,250,47,50,36,55,44,51,52,18,17,3.0,10,15,6,-28,12,-16,-25,-4,-1,3,-14,-17,1,-2,3,0,-29,5,-1,1,3.0,0,-1,1,0
2022,2022-07-03,R16,Regular,16.0,M.C.G.,Richmond,West Coast,1,20,8,128,93,35,23,204,144,348,107,13,13,112,232,32,53,41,41,42,31,49,20,16,25.0,11,20,5,214,164,378,97,12,11,131,237,44,57,32,33,40,37,55,16,19,4.0,8,13,12,-10,-20,-30,10,1,2,-19,-5,-12,-4,9,8,2,-6,-6,4,-3,21.0,3,7,-7,0
2022,2022-07-03,R16,Regular,16.0,M.C.G.,West Coast,Richmond,0,13,15,93,128,-35,23,214,164,378,97,12,11,131,237,44,57,32,33,40,37,55,16,19,4.0,8,13,12,204,144,348,107,13,13,112,232,32,53,41,41,42,31,49,20,16,25.0,11,20,5,10,20,30,-10,-1,-2,19,5,12,4,-9,-8,-2,6,6,-4,3,-21.0,-3,-7,7,0
2022,2022-07-07,R17,Regular,17.0,Kardinia Park,Geelong,Melbourne,1,12,19,91,63,28,23,244,136,380,103,4,14,134,229,54,66,37,66,53,36,68,20,19,6.0,9,12,18,190,158,348,67,6,6,145,194,36,46,51,57,45,49,71,19,20,1.0,7,9,6,54,-22,32,36,-2,8,-11,35,18,20,-14,9,8,-13,-3,1,-1,5.0,2,3,12,0
2022,2022-07-07,R17,Regular,17.0,Kardinia Park,Melbourne,Geelong,0,9,9,63,91,-28,23,190,158,348,67,6,6,145,194,36,46,51,57,45,49,71,19,20,1.0,7,9,6,244,136,380,103,4,14,134,229,54,66,37,66,53,36,68,20,19,6.0,9,12,18,-54,22,-32,-36,2,-8,11,-35,-18,-20,14,-9,-8,13,3,-1,1,-5.0,-2,-3,-12,0
2022,2022-07-08,R17,Regular,17.0,S.C.G.,Sydney,Western Bulldogs,1,17,18,120,67,53,23,225,149,374,99,17,13,146,225,41,58,35,89,45,42,49,13,19,6.0,11,17,16,185,154,339,62,9,10,130,200,40,46,41,67,50,32,44,19,13,3.0,6,9,12,40,-5,35,37,8,3,16,25,1,12,-6,22,-5,10,5,-6,6,3.0,5,8,4,0
2022,2022-07-08,R17,Regular,17.0,S.C.G.,Western Bulldogs,Sydney,0,9,13,67,120,-53,23,185,154,339,62,9,10,130,200,40,46,41,67,50,32,44,19,13,3.0,6,9,12,225,149,374,99,17,13,146,225,41,58,35,89,45,42,49,13,19,6.0,11,17,16,-40,5,-35,-37,-8,-3,-16,-25,-1,-12,6,-22,5,-10,-5,6,-6,-3.0,-5,-8,-4,0
2022,2022-07-09,R17,Regular,17.0,M.C.G.,Collingwood,North Melbourne,1,13,10,88,81,7,23,215,126,341,94,14,12,130,202,33,52,46,69,46,40,49,20,16,13.0,8,13,9,219,140,359,102,17,8,140,216,40,59,38,67,44,37,53,16,20,1.0,7,12,6,-4,-14,-18,-8,-3,4,-10,-14,-7,-7,8,2,2,3,-4,4,-4,12.0,1,1,3,0
2022,2022-07-09,R17,Regular,17.0,Docklands,Fremantle,St Kilda,0,17,9,111,70,41,23,217,191,408,105,10,11,128,282,33,45,41,54,44,31,51,17,22,4.0,14,17,9,225,173,398,102,11,11,138,258,36,52,30,47,47,37,53,22,17,4.0,8,10,8,-8,18,10,3,-1,0,-10,24,-3,-7,11,7,-3,-6,-2,-5,5,0.0,6,7,1,0
2022,2022-07-09,R17,Regular,17.0,Carrara,Gold Coast,Richmond,1,14,10,94,92,2,23,237,108,345,98,13,13,146,187,39,57,50,52,52,41,73,20,16,5.0,7,14,5,205,129,334,82,9,13,135,194,35,63,43,49,51,30,61,16,20,11.0,6,13,13,32,-21,11,16,4,0,11,-7,4,-6,7,3,1,11,12,4,-4,-6.0,1,1,-8,0
2022,2022-07-09,R17,Regular,17.0,Adelaide Oval,Greater Western Sydney,Port Adelaide,0,3,11,29,84,-55,23,191,116,307,90,9,12,113,185,26,37,51,53,41,35,62,12,11,5.0,3,3,10,237,162,399,114,9,17,134,267,37,65,34,51,54,27,57,12,12,4.0,10,12,8,-46,-46,-92,-24,0,-5,-21,-82,-11,-28,17,2,-13,8,5,0,-1,1.0,-7,-9,2,0
2022,2022-07-09,R17,Regular,17.0,M.C.G.,North Melbourne,Collingwood,0,12,9,81,88,-7,23,219,140,359,102,17,8,140,216,40,59,38,67,44,37,53,16,20,1.0,7,12,6,215,126,341,94,14,12,130,202,33,52,46,69,46,40,49,20,16,13.0,8,13,9,4,14,18,8,3,-4,10,14,7,7,-8,-2,-2,-3,4,-4,4,-12.0,-1,-1,-3,0
2022,2022-07-09,R17,Regular,17.0,Adelaide Oval,Port Adelaide,Greater Western Sydney,1,12,12,84,29,55,23,237,162,399,114,9,17,134,267,37,65,34,51,54,27,57,12,12,4.0,10,12,8,191,116,307,90,9,12,113,185,26,37,51,53,41,35,62,12,11,5.0,3,3,10,46,46,92,24,0,5,21,82,11,28,-17,-2,13,-8,-5,0,1,-1.0,7,9,-2,0
2022,2022-07-09,R17,Regular,17.0,Carrara,Richmond,Gold Coast,0,13,14,92,94,-2,23,205,129,334,82,9,13,135,194,35,63,43,49,51,30,61,16,20,11.0,6,13,13,237,108,345,98,13,13,146,187,39,57,50,52,52,41,73,20,16,5.0,7,14,5,-32,21,-11,-16,-4,0,-11,7,-4,6,-7,-3,-1,-11,-12,-4,4,6.0,-1,-1,8,0
2022,2022-07-09,R17,Regular,17.0,Docklands,St Kilda,Fremantle,1,10,10,70,111,-41,23,225,173,398,102,11,11,138,258,36,52,30,47,47,37,53,22,17,4.0,8,10,8,217,191,408,105,10,11,128,282,33,45,41,54,44,31,51,17,22,4.0,14,17,9,8,-18,-10,-3,1,0,10,-24,3,7,-11,-7,3,6,2,5,-5,0.0,-6,-7,-1,0
2022,2022-07-10,R17,Regular,17.0,Docklands,Adelaide,Hawthorn,0,8,6,54,86,-32,23,196,179,375,89,12,10,133,242,43,44,40,72,40,41,70,15,27,4.0,5,8,3,224,155,379,96,11,9,148,230,36,54,35,66,46,46,57,27,15,12.0,7,13,7,-28,24,-4,-7,1,1,-15,12,7,-10,5,6,-6,-5,13,-12,12,-8.0,-2,-5,-4,0
2022,2022-07-10,R17,Regular,17.0,Gabba,Brisbane Lions,Essendon,1,13,12,90,100,-10,23,195,106,301,77,13,9,126,165,35,49,39,57,45,35,64,19,19,3.0,10,13,10,235,147,382,110,15,18,137,237,35,56,36,63,36,32,60,19,19,12.0,11,15,9,-40,-41,-81,-33,-2,-9,-11,-72,0,-7,3,-6,9,3,4,0,0,-9.0,-1,-2,1,0
2022,2022-07-10,R17,Regular,17.0,Perth Stadium,Carlton,West Coast,0,17,14,116,53,63,23,244,124,368,113,14,18,143,233,46,69,25,59,55,24,57,20,22,10.0,7,17,11,202,96,298,90,11,6,121,167,32,34,52,50,44,43,57,22,20,2.0,4,8,4,42,28,70,23,3,12,22,66,14,35,-27,9,11,-19,0,-2,2,8.0,3,9,7,0
2022,2022-07-10,R17,Regular,17.0,Gabba,Essendon,Brisbane Lions,0,15,10,100,90,10,23,235,147,382,110,15,18,137,237,35,56,36,63,36,32,60,19,19,12.0,11,15,9,195,106,301,77,13,9,126,165,35,49,39,57,45,35,64,19,19,3.0,10,13,10,40,41,81,33,2,9,11,72,0,7,-3,6,-9,-3,-4,0,0,9.0,1,2,-1,0
2022,2022-07-10,R17,Regular,17.0,Docklands,Hawthorn,Adelaide,1,13,8,86,54,32,23,224,155,379,96,11,9,148,230,36,54,35,66,46,46,57,27,15,12.0,7,13,7,196,179,375,89,12,10,133,242,43,44,40,72,40,41,70,15,27,4.0,5,8,3,28,-24,4,7,-1,-1,15,-12,-7,10,-5,-6,6,5,-13,12,-12,8.0,2,5,4,0
2022,2022-07-10,R17,Regular,17.0,Perth Stadium,West Coast,Carlton,1,8,5,53,116,-63,23,202,96,298,90,11,6,121,167,32,34,52,50,44,43,57,22,20,2.0,4,8,4,244,124,368,113,14,18,143,233,46,69,25,59,55,24,57,20,22,10.0,7,17,11,-42,-28,-70,-23,-3,-12,-22,-66,-14,-35,27,-9,-11,19,0,2,-2,-8.0,-3,-9,-7,0
2022,2022-07-15,R18,Regular,18.0,Docklands,St Kilda,Western Bulldogs,0,7,14,56,84,-28,23,268,131,399,158,10,10,121,267,21,46,35,41,28,35,54,13,14,7.0,6,7,10,211,166,377,100,9,12,118,253,41,49,38,46,44,35,63,14,12,13.0,10,13,6,57,-35,22,58,1,-2,3,14,-20,-3,-3,-5,-16,0,-9,-1,2,-6.0,-4,-6,4,0
2022,2022-07-15,R18,Regular,18.0,Docklands,Western Bulldogs,St Kilda,1,13,6,84,56,28,23,211,166,377,100,9,12,118,253,41,49,38,46,44,35,63,14,12,13.0,10,13,6,268,131,399,158,10,10,121,267,21,46,35,41,28,35,54,13,14,7.0,6,7,10,-57,35,-22,-58,-1,2,-3,-14,20,3,3,5,16,0,9,1,-2,6.0,4,6,-4,0
2022,2022-07-16,R18,Regular,18.0,Adelaide Oval,Adelaide,Collingwood,1,13,8,86,91,-5,23,192,125,317,39,8,9,159,145,47,49,47,107,46,49,66,22,22,2.0,7,13,7,228,146,374,45,1,6,149,181,51,61,36,126,50,59,76,22,22,2.0,9,14,5,-36,-21,-57,-6,7,3,10,-36,-4,-12,11,-19,-4,-10,-10,0,0,0.0,-2,-1,2,0
2022,2022-07-16,R18,Regular,18.0,Manuka Oval,Brisbane Lions,Greater Western Sydney,0,15,9,99,59,40,23,227,140,367,104,10,11,144,229,49,58,24,50,52,29,59,26,24,0.0,12,15,7,198,146,344,99,13,8,127,213,24,35,43,59,38,38,66,24,26,1.0,8,9,5,29,-6,23,5,-3,3,17,16,25,23,-19,-9,14,-9,-7,2,-2,-1.0,4,6,2,0
2022,2022-07-16,R18,Regular,18.0,M.C.G.,Carlton,Geelong,1,8,7,55,85,-30,23,209,177,386,82,4,8,135,246,35,42,36,59,49,24,67,19,18,7.0,4,8,6,211,149,360,90,11,16,128,222,32,51,33,61,45,38,55,18,19,4.0,8,12,10,-2,28,26,-8,-7,-8,7,24,3,-9,3,-2,4,-14,12,1,-1,3.0,-4,-4,-4,0
2022,2022-07-16,R18,Regular,18.0,Adelaide Oval,Collingwood,Adelaide,0,14,7,91,86,5,23,228,146,374,45,1,6,149,181,51,61,36,126,50,59,76,22,22,2.0,9,14,5,192,125,317,39,8,9,159,145,47,49,47,107,46,49,66,22,22,2.0,7,13,7,36,21,57,6,-7,-3,-10,36,4,12,-11,19,4,10,10,0,0,0.0,2,1,-2,0
2022,2022-07-16,R18,Regular,18.0,Perth Stadium,Fremantle,Sydney,1,9,11,65,82,-17,23,196,154,350,79,9,8,131,216,35,44,43,52,45,48,37,19,16,2.0,7,9,8,260,111,371,138,11,12,123,237,29,54,34,62,50,19,47,17,19,4.0,10,11,14,-64,43,-21,-59,-2,-4,8,-21,6,-10,9,-10,-5,29,-10,2,-3,-2.0,-3,-2,-6,0
2022,2022-07-16,R18,Regular,18.0,M.C.G.,Geelong,Carlton,0,12,13,85,55,30,23,211,149,360,90,11,16,128,222,32,51,33,61,45,38,55,18,19,4.0,8,12,10,209,177,386,82,4,8,135,246,35,42,36,59,49,24,67,19,18,7.0,4,8,6,2,-28,-26,8,7,8,-7,-24,-3,9,-3,2,-4,14,-12,-1,1,-3.0,4,4,4,0
2022,2022-07-16,R18,Regular,18.0,Manuka Oval,Greater Western Sydney,Brisbane Lions,1,9,5,59,99,-40,23,198,146,344,99,13,8,127,213,24,35,43,59,38,38,66,24,26,1.0,8,9,5,227,140,367,104,10,11,144,229,49,58,24,50,52,29,59,26,24,0.0,12,15,7,-29,6,-23,-5,3,-3,-17,-16,-25,-23,19,9,-14,9,7,-2,2,1.0,-4,-6,-2,0
2022,2022-07-16,R18,Regular,18.0,Docklands,North Melbourne,Richmond,1,14,8,92,88,4,23,200,174,374,80,9,7,136,227,43,46,55,62,48,32,49,18,21,9.0,12,14,8,208,129,337,100,11,17,127,210,32,67,31,50,50,41,49,21,18,7.0,9,11,19,-8,45,37,-20,-2,-10,9,17,11,-21,24,12,-2,-9,0,-3,3,2.0,3,3,-11,0
2022,2022-07-16,R18,Regular,18.0,Docklands,Richmond,North Melbourne,0,11,22,88,92,-4,23,208,129,337,100,11,17,127,210,32,67,31,50,50,41,49,21,18,7.0,9,11,19,200,174,374,80,9,7,136,227,43,46,55,62,48,32,49,18,21,9.0,12,14,8,8,-45,-37,20,2,10,-9,-17,-11,21,-24,-12,2,9,0,3,-3,-2.0,-3,-3,11,0
2022,2022-07-16,R18,Regular,18.0,Perth Stadium,Sydney,Fremantle,0,11,16,82,65,17,23,260,111,371,138,11,12,123,237,29,54,34,62,50,19,47,17,19,4.0,10,11,14,196,154,350,79,9,8,131,216,35,44,43,52,45,48,37,19,16,2.0,7,9,8,64,-43,21,59,2,4,-8,21,-6,10,-9,10,5,-29,10,-2,3,2.0,3,2,6,0
2022,2022-07-17,R18,Regular,18.0,Docklands,Essendon,Gold Coast,1,14,19,103,55,48,23,252,156,408,117,11,19,140,265,36,60,37,53,44,36,48,27,17,18.0,12,14,15,200,93,293,91,8,6,118,164,34,45,45,48,50,36,68,17,27,8.0,3,8,5,52,63,115,26,3,13,22,101,2,15,-8,5,-6,0,-20,10,-10,10.0,9,6,10,0
2022,2022-07-17,R18,Regular,18.0,Docklands,Gold Coast,Essendon,0,8,7,55,103,-48,23,200,93,293,91,8,6,118,164,34,45,45,48,50,36,68,17,27,8.0,3,8,5,252,156,408,117,11,19,140,265,36,60,37,53,44,36,48,27,17,18.0,12,14,15,-52,-63,-115,-26,-3,-13,-22,-101,-2,-15,8,-5,6,0,20,-10,10,-10.0,-9,-6,-10,0
2022,2022-07-17,R18,Regular,18.0,M.C.G.,Hawthorn,West Coast,1,15,12,102,77,25,23,233,167,400,91,8,7,165,233,39,56,32,48,62,62,57,12,19,5.0,9,15,7,224,122,346,98,9,7,129,204,46,44,40,81,58,24,39,19,12,5.0,8,12,5,9,45,54,-7,-1,0,36,29,-7,12,-8,-33,4,38,18,-7,7,0.0,1,3,2,0
2022,2022-07-17,R18,Regular,18.0,Traeger Park,Melbourne,Port Adelaide,1,12,11,83,69,14,23,217,134,351,106,6,13,124,222,27,49,43,51,46,32,52,15,13,4.0,9,12,5,242,165,407,127,10,12,125,275,40,55,35,36,41,17,61,13,15,8.0,8,10,8,-25,-31,-56,-21,-4,1,-1,-53,-13,-6,8,15,5,15,-9,2,-2,-4.0,1,2,-3,0
2022,2022-07-17,R18,Regular,18.0,Traeger Park,Port Adelaide,Melbourne,0,10,9,69,83,-14,23,242,165,407,127,10,12,125,275,40,55,35,36,41,17,61,13,15,8.0,8,10,8,217,134,351,106,6,13,124,222,27,49,43,51,46,32,52,15,13,4.0,9,12,5,25,31,56,21,4,-1,1,53,13,6,-8,-15,-5,-15,9,-2,2,4.0,-1,-2,3,0
2022,2022-07-17,R18,Regular,18.0,M.C.G.,West Coast,Hawthorn,0,12,5,77,102,-25,23,224,122,346,98,9,7,129,204,46,44,40,81,58,24,39,19,12,5.0,8,12,5,233,167,400,91,8,7,165,233,39,56,32,48,62,62,57,12,19,5.0,9,15,7,-9,-45,-54,7,1,0,-36,-29,7,-12,8,33,-4,-38,-18,7,-7,0.0,-1,-3,-2,0
2022,2022-07-22,R19,Regular,19.0,Docklands,Fremantle,Richmond,0,7,10,52,52,0,23,226,172,398,106,9,6,135,264,39,50,43,59,40,34,54,16,16,4.0,4,7,7,208,134,342,96,5,10,131,206,28,51,43,66,51,32,60,16,16,3.0,3,7,8,18,38,56,10,4,-4,4,58,11,-1,0,-7,-11,2,-6,0,0,1.0,1,0,-1,0
2022,2022-07-22,R19,Regular,19.0,Docklands,Richmond,Fremantle,1,7,10,52,52,0,23,208,134,342,96,5,10,131,206,28,51,43,66,51,32,60,16,16,3.0,3,7,8,226,172,398,106,9,6,135,264,39,50,43,59,40,34,54,16,16,4.0,4,7,7,-18,-38,-56,-10,-4,4,-4,-58,-11,1,0,7,11,-2,6,0,0,-1.0,-1,0,1,0
2022,2022-07-23,R19,Regular,19.0,S.C.G.,Adelaide,Sydney,0,12,13,85,118,-33,23,180,130,310,35,9,5,158,142,45,58,43,87,69,61,63,16,19,1.0,7,12,11,249,157,406,91,11,10,179,216,51,60,44,99,56,36,53,19,16,6.0,11,17,11,-69,-27,-96,-56,-2,-5,-21,-74,-6,-2,-1,-12,13,25,10,-3,3,-5.0,-4,-5,0,0
2022,2022-07-23,R19,Regular,19.0,Gabba,Brisbane Lions,Gold Coast,1,16,14,110,93,17,23,220,117,337,87,10,11,137,192,43,54,37,49,41,27,57,24,19,3.0,9,16,10,192,114,306,83,11,15,122,181,36,52,37,51,51,54,58,19,24,6.0,10,14,6,28,3,31,4,-1,-4,15,11,7,2,0,-2,-10,-27,-1,5,-5,-3.0,-1,2,4,0
2022,2022-07-23,R19,Regular,19.0,Adelaide Oval,Geelong,Port Adelaide,0,16,10,106,94,12,23,207,129,336,90,16,14,131,191,38,49,45,52,27,47,53,20,17,2.0,11,16,7,226,152,378,111,15,12,142,245,36,59,32,67,45,19,57,17,20,1.0,14,14,6,-19,-23,-42,-21,1,2,-11,-54,2,-10,13,-15,-18,28,-4,3,-3,1.0,-3,2,1,0
2022,2022-07-23,R19,Regular,19.0,Gabba,Gold Coast,Brisbane Lions,0,14,9,93,110,-17,23,192,114,306,83,11,15,122,181,36,52,37,51,51,54,58,19,24,6.0,10,14,6,220,117,337,87,10,11,137,192,43,54,37,49,41,27,57,24,19,3.0,9,16,10,-28,-3,-31,-4,1,4,-15,-11,-7,-2,0,2,10,27,1,-5,5,3.0,1,-2,-4,0
2022,2022-07-23,R19,Regular,19.0,Bellerive Oval,Hawthorn,North Melbourne,0,19,7,121,75,46,23,203,157,360,85,13,13,135,230,42,68,25,51,42,43,55,22,13,10.0,13,19,7,202,179,381,95,9,13,129,253,32,38,47,59,38,36,69,13,22,12.0,10,11,9,1,-22,-21,-10,4,0,6,-23,10,30,-22,-8,4,7,-14,9,-9,-2.0,3,8,-2,0
2022,2022-07-23,R19,Regular,19.0,Docklands,Melbourne,Western Bulldogs,0,15,10,100,110,-10,23,212,136,348,94,16,13,156,192,37,50,41,52,40,52,60,13,22,2.0,10,15,8,230,138,368,103,17,10,140,226,46,59,33,58,68,23,50,22,13,8.0,11,17,7,-18,-2,-20,-9,-1,3,16,-34,-9,-9,8,-6,-28,29,10,-9,9,-6.0,-1,-2,1,0
2022,2022-07-23,R19,Regular,19.0,Bellerive Oval,North Melbourne,Hawthorn,1,11,9,75,121,-46,23,202,179,381,95,9,13,129,253,32,38,47,59,38,36,69,13,22,12.0,10,11,9,203,157,360,85,13,13,135,230,42,68,25,51,42,43,55,22,13,10.0,13,19,7,-1,22,21,10,-4,0,-6,23,-10,-30,22,8,-4,-7,14,-9,9,2.0,-3,-8,2,0
2022,2022-07-23,R19,Regular,19.0,Adelaide Oval,Port Adelaide,Geelong,1,14,10,94,106,-12,23,226,152,378,111,15,12,142,245,36,59,32,67,45,19,57,17,20,1.0,14,14,6,207,129,336,90,16,14,131,191,38,49,45,52,27,47,53,20,17,2.0,11,16,7,19,23,42,21,-1,-2,11,54,-2,10,-13,15,18,-28,4,-3,3,-1.0,3,-2,-1,0
2022,2022-07-23,R19,Regular,19.0,S.C.G.,Sydney,Adelaide,1,17,16,118,85,33,23,249,157,406,91,11,10,179,216,51,60,44,99,56,36,53,19,16,6.0,11,17,11,180,130,310,35,9,5,158,142,45,58,43,87,69,61,63,16,19,1.0,7,12,11,69,27,96,56,2,5,21,74,6,2,1,12,-13,-25,-10,3,-3,5.0,4,5,0,0
2022,2022-07-23,R19,Regular,19.0,Docklands,Western Bulldogs,Melbourne,1,17,8,110,100,10,23,230,138,368,103,17,10,140,226,46,59,33,58,68,23,50,22,13,8.0,11,17,7,212,136,348,94,16,13,156,192,37,50,41,52,40,52,60,13,22,2.0,10,15,8,18,2,20,9,1,-3,-16,34,9,9,-8,6,28,-29,-10,9,-9,6.0,1,2,-1,0
2022,2022-07-24,R19,Regular,19.0,Docklands,Carlton,Greater Western Sydney,1,13,12,90,54,36,23,245,171,416,124,12,18,139,280,33,56,39,49,51,19,54,17,17,12.0,7,13,9,206,136,342,92,10,8,113,215,38,48,41,54,37,48,58,17,17,5.0,6,8,5,39,35,74,32,2,10,26,65,-5,8,-2,-5,14,-29,-4,0,0,7.0,1,5,4,0
2022,2022-07-24,R19,Regular,19.0,M.C.G.,Collingwood,Essendon,1,12,8,80,76,4,23,179,122,301,76,12,10,119,170,26,47,38,47,46,34,67,20,25,12.0,10,12,5,228,138,366,107,14,11,132,226,41,51,34,62,45,26,60,25,20,6.0,7,11,8,-49,-16,-65,-31,-2,-1,-13,-56,-15,-4,4,-15,1,8,7,-5,5,6.0,3,1,-3,0
2022,2022-07-24,R19,Regular,19.0,M.C.G.,Essendon,Collingwood,0,11,10,76,80,-4,23,228,138,366,107,14,11,132,226,41,51,34,62,45,26,60,25,20,6.0,7,11,8,179,122,301,76,12,10,119,170,26,47,38,47,46,34,67,20,25,12.0,10,12,5,49,16,65,31,2,1,13,56,15,4,-4,15,-1,-8,-7,5,-5,-6.0,-3,-1,3,0
2022,2022-07-24,R19,Regular,19.0,Docklands,Greater Western Sydney,Carlton,0,8,6,54,90,-36,23,206,136,342,92,10,8,113,215,38,48,41,54,37,48,58,17,17,5.0,6,8,5,245,171,416,124,12,18,139,280,33,56,39,49,51,19,54,17,17,12.0,7,13,9,-39,-35,-74,-32,-2,-10,-26,-65,5,-8,2,5,-14,29,4,0,0,-7.0,-1,-5,-4,0
2022,2022-07-24,R19,Regular,19.0,Perth Stadium,St Kilda,West Coast,0,14,6,90,62,28,23,224,177,401,96,7,8,151,256,39,53,36,71,46,55,65,19,26,7.0,10,14,6,219,109,328,104,9,10,131,196,42,46,37,67,39,31,57,26,19,2.0,5,10,2,5,68,73,-8,-2,-2,20,60,-3,7,-1,4,7,24,8,-7,7,5.0,5,4,4,0
2022,2022-07-24,R19,Regular,19.0,Perth Stadium,West Coast,St Kilda,1,10,2,62,90,-28,23,219,109,328,104,9,10,131,196,42,46,37,67,39,31,57,26,19,2.0,5,10,2,224,177,401,96,7,8,151,256,39,53,36,71,46,55,65,19,26,7.0,10,14,6,-5,-68,-73,8,2,2,-20,-60,3,-7,1,-4,-7,-24,-8,7,-7,-5.0,-5,-4,-4,0
2022,2022-07-29,R20,Regular,20.0,Perth Stadium,Fremantle,Melbourne,1,5,9,39,85,-46,23,212,179,391,92,9,8,137,238,41,40,47,65,60,39,59,14,16,3.0,3,5,8,204,145,349,64,11,14,163,182,42,60,34,61,50,36,38,16,14,1.0,6,12,9,8,34,42,28,-2,-6,-26,56,-1,-20,13,4,10,3,21,-2,2,2.0,-3,-7,-1,0
2022,2022-07-29,R20,Regular,20.0,Perth Stadium,Melbourne,Fremantle,0,12,13,85,39,46,23,204,145,349,64,11,14,163,182,42,60,34,61,50,36,38,16,14,1.0,6,12,9,212,179,391,92,9,8,137,238,41,40,47,65,60,39,59,14,16,3.0,3,5,8,-8,-34,-42,-28,2,6,26,-56,1,20,-13,-4,-10,-3,-21,2,-2,-2.0,3,7,1,0
2022,2022-07-30,R20,Regular,20.0,Adelaide Oval,Adelaide,Carlton,1,12,12,84,55,29,23,207,166,373,58,10,10,155,205,37,65,39,69,61,38,68,17,24,3.0,10,12,10,228,149,377,90,13,7,141,224,40,47,52,67,60,42,62,24,17,8.0,7,8,6,-21,17,-4,-32,-3,3,14,-19,-3,18,-13,2,1,-4,6,-7,7,-5.0,3,4,4,0
2022,2022-07-30,R20,Regular,20.0,Adelaide Oval,Carlton,Adelaide,0,8,7,55,84,-29,23,228,149,377,90,13,7,141,224,40,47,52,67,60,42,62,24,17,8.0,7,8,6,207,166,373,58,10,10,155,205,37,65,39,69,61,38,68,17,24,3.0,10,12,10,21,-17,4,32,3,-3,-14,19,3,-18,13,-2,-1,4,-6,7,-7,5.0,-3,-4,-4,0
2022,2022-07-30,R20,Regular,20.0,M.C.G.,Collingwood,Port Adelaide,1,13,10,88,82,6,23,216,102,318,72,8,10,136,171,36,55,40,49,42,46,54,23,18,9.0,10,13,5,221,180,401,82,12,10,151,246,44,52,42,62,43,17,81,18,23,3.0,8,12,8,-5,-78,-83,-10,-4,0,-15,-75,-8,3,-2,-13,-1,29,-27,5,-5,6.0,2,1,-3,0
2022,2022-07-30,R20,Regular,20.0,Kardinia Park,Geelong,Western Bulldogs,1,14,10,94,66,28,23,220,139,359,104,9,17,130,220,34,55,35,56,57,34,49,10,16,0.0,12,14,10,217,144,361,100,11,12,133,227,34,45,41,49,42,27,60,16,10,5.0,7,9,7,3,-5,-2,4,-2,5,-3,-7,0,10,-6,7,15,7,-11,-6,6,-5.0,5,5,3,0
2022,2022-07-30,R20,Regular,20.0,S.C.G.,Greater Western Sydney,Sydney,0,5,9,39,112,-73,23,188,113,301,79,11,7,132,159,34,36,52,50,32,36,56,14,18,1.0,4,5,9,258,160,418,121,15,12,151,259,43,69,31,74,39,33,61,18,14,8.0,11,17,10,-70,-47,-117,-42,-4,-5,-19,-100,-9,-33,21,-24,-7,3,-5,-4,4,-7.0,-7,-12,-1,0
2022,2022-07-30,R20,Regular,20.0,Docklands,Hawthorn,St Kilda,0,9,9,63,75,-12,23,213,149,362,101,10,11,130,224,24,57,39,64,56,29,57,17,18,1.0,5,9,8,234,170,404,88,9,10,143,245,39,50,47,84,65,39,63,19,17,8.0,6,10,13,-21,-21,-42,13,1,1,-13,-21,-15,7,-8,-20,-9,-10,-6,-2,1,-7.0,-1,-1,-5,0
2022,2022-07-30,R20,Regular,20.0,M.C.G.,Port Adelaide,Collingwood,0,12,10,82,88,-6,23,221,180,401,82,12,10,151,246,44,52,42,62,43,17,81,18,23,3.0,8,12,8,216,102,318,72,8,10,136,171,36,55,40,49,42,46,54,23,18,9.0,10,13,5,5,78,83,10,4,0,15,75,8,-3,2,13,1,-29,27,-5,5,-6.0,-2,-1,3,0
2022,2022-07-30,R20,Regular,20.0,Docklands,St Kilda,Hawthorn,1,10,15,75,63,12,23,234,170,404,88,9,10,143,245,39,50,47,84,65,39,63,19,17,8.0,6,10,13,213,149,362,101,10,11,130,224,24,57,39,64,56,29,57,17,18,1.0,5,9,8,21,21,42,-13,-1,-1,13,21,15,-7,8,20,9,10,6,2,-1,7.0,1,1,5,0
2022,2022-07-30,R20,Regular,20.0,S.C.G.,Sydney,Greater Western Sydney,1,17,10,112,39,73,23,258,160,418,121,15,12,151,259,43,69,31,74,39,33,61,18,14,8.0,11,17,10,188,113,301,79,11,7,132,159,34,36,52,50,32,36,56,14,18,1.0,4,5,9,70,47,117,42,4,5,19,100,9,33,-21,24,7,-3,5,4,-4,7.0,7,12,1,0
2022,2022-07-30,R20,Regular,20.0,Kardinia Park,Western Bulldogs,Geelong,0,9,12,66,94,-28,23,217,144,361,100,11,12,133,227,34,45,41,49,42,27,60,16,10,5.0,7,9,7,220,139,359,104,9,17,130,220,34,55,35,56,57,34,49,10,16,0.0,12,14,10,-3,5,2,-4,2,-5,3,7,0,-10,6,-7,-15,-7,11,6,-6,5.0,-5,-5,-3,0
2022,2022-07-31,R20,Regular,20.0,M.C.G.,Brisbane Lions,Richmond,0,14,13,97,104,-7,23,216,127,343,87,11,15,140,202,42,54,32,47,40,37,57,23,23,2.0,7,14,12,195,125,320,70,10,14,126,177,33,48,39,53,54,38,70,23,23,9.0,9,15,12,21,2,23,17,1,1,14,25,9,6,-7,-6,-14,-1,-13,0,0,-7.0,-2,-1,0,0
2022,2022-07-31,R20,Regular,20.0,Docklands,Essendon,North Melbourne,1,17,12,114,66,48,23,244,159,403,136,13,13,107,296,22,60,41,58,48,41,47,19,13,8.0,15,17,9,192,182,374,85,7,7,122,247,42,51,41,42,42,26,54,13,19,4.0,4,9,9,52,-23,29,51,6,6,-15,49,-20,9,0,16,6,15,-7,6,-6,4.0,11,8,0,0
2022,2022-07-31,R20,Regular,20.0,Carrara,Gold Coast,West Coast,1,16,11,107,104,3,23,187,115,302,74,10,13,139,166,45,57,23,66,34,37,51,18,17,7.0,14,16,10,222,146,368,110,12,17,124,236,33,40,40,64,27,41,57,17,18,13.0,14,16,6,-35,-31,-66,-36,-2,-4,15,-70,12,17,-17,2,7,-4,-6,1,-1,-6.0,0,0,4,0
2022,2022-07-31,R20,Regular,20.0,Docklands,North Melbourne,Essendon,0,9,12,66,114,-48,23,192,182,374,85,7,7,122,247,42,51,41,42,42,26,54,13,19,4.0,4,9,9,244,159,403,136,13,13,107,296,22,60,41,58,48,41,47,19,13,8.0,15,17,9,-52,23,-29,-51,-6,-6,15,-49,20,-9,0,-16,-6,-15,7,-6,6,-4.0,-11,-8,0,0
2022,2022-07-31,R20,Regular,20.0,M.C.G.,Richmond,Brisbane Lions,1,15,14,104,97,7,23,195,125,320,70,10,14,126,177,33,48,39,53,54,38,70,23,23,9.0,9,15,12,216,127,343,87,11,15,140,202,42,54,32,47,40,37,57,23,23,2.0,7,14,12,-21,-2,-23,-17,-1,-1,-14,-25,-9,-6,7,6,14,1,13,0,0,7.0,2,1,0,0
2022,2022-07-31,R20,Regular,20.0,Carrara,West Coast,Gold Coast,0,16,8,104,107,-3,23,222,146,368,110,12,17,124,236,33,40,40,64,27,41,57,17,18,13.0,14,16,6,187,115,302,74,10,13,139,166,45,57,23,66,34,37,51,18,17,7.0,14,16,10,35,31,66,36,2,4,-15,70,-12,-17,17,-2,-7,4,6,-1,1,6.0,0,0,-4,0
2022,2022-08-05,R21,Regular,21.0,M.C.G.,Collingwood,Melbourne,0,15,6,96,89,7,23,217,99,316,82,10,9,138,174,31,41,49,71,49,43,61,16,13,8.0,10,15,4,201,208,409,63,15,11,162,237,53,65,25,59,46,38,56,13,16,0.0,9,13,9,16,-109,-93,19,-5,-2,-24,-63,-22,-24,24,12,3,5,5,3,-3,8.0,1,2,-5,0
2022,2022-08-05,R21,Regular,21.0,M.C.G.,Melbourne,Collingwood,1,13,11,89,96,-7,23,201,208,409,63,15,11,162,237,53,65,25,59,46,38,56,13,16,0.0,9,13,9,217,99,316,82,10,9,138,174,31,41,49,71,49,43,61,16,13,8.0,10,15,4,-16,109,93,-19,5,2,24,63,22,24,-24,-12,-3,-5,-5,-3,3,-8.0,-1,-2,5,0
2022,2022-08-06,R21,Regular,21.0,Sydney Showground,Essendon,Greater Western Sydney,0,10,9,69,96,-27,23,180,140,320,81,8,10,115,193,30,38,38,47,26,27,51,23,18,3.0,7,10,8,251,115,366,144,16,10,126,233,36,53,27,53,40,38,61,18,23,6.0,9,14,11,-71,25,-46,-63,-8,0,-11,-40,-6,-15,11,-6,-14,-11,-10,5,-5,-3.0,-2,-4,-3,0
2022,2022-08-06,R21,Regular,21.0,Docklands,Fremantle,Western Bulldogs,0,14,11,95,78,17,23,241,147,388,140,11,18,104,274,29,50,43,56,55,42,49,14,18,4.0,12,14,9,202,158,360,90,10,9,133,228,36,55,36,49,47,24,57,18,14,16.0,7,11,7,39,-11,28,50,1,9,-29,46,-7,-5,7,7,8,18,-8,-4,4,-12.0,5,3,2,0
2022,2022-08-06,R21,Regular,21.0,Kardinia Park,Geelong,St Kilda,1,17,8,110,65,45,23,227,162,389,102,11,17,144,242,35,50,35,61,50,31,57,20,19,2.0,15,17,8,226,141,367,109,8,10,133,216,42,45,32,65,41,42,66,19,20,5.0,6,10,3,1,21,22,-7,3,7,11,26,-7,5,3,-4,9,-11,-9,1,-1,-3.0,9,7,5,0
2022,2022-08-06,R21,Regular,21.0,York Park,Gold Coast,Hawthorn,0,8,15,63,70,-7,23,225,123,348,89,8,10,157,186,36,53,40,82,56,47,69,23,20,4.0,4,8,11,221,140,361,96,9,10,141,217,37,50,43,68,49,34,77,20,23,7.0,9,10,9,4,-17,-13,-7,-1,0,16,-31,-1,3,-3,14,7,13,-8,3,-3,-3.0,-5,-2,2,0
2022,2022-08-06,R21,Regular,21.0,Sydney Showground,Greater Western Sydney,Essendon,1,14,12,96,69,27,23,251,115,366,144,16,10,126,233,36,53,27,53,40,38,61,18,23,6.0,9,14,11,180,140,320,81,8,10,115,193,30,38,38,47,26,27,51,23,18,3.0,7,10,8,71,-25,46,63,8,0,11,40,6,15,-11,6,14,11,10,-5,5,3.0,2,4,3,0
2022,2022-08-06,R21,Regular,21.0,York Park,Hawthorn,Gold Coast,1,10,10,70,63,7,23,221,140,361,96,9,10,141,217,37,50,43,68,49,34,77,20,23,7.0,9,10,9,225,123,348,89,8,10,157,186,36,53,40,82,56,47,69,23,20,4.0,4,8,11,-4,17,13,7,1,0,-16,31,1,-3,3,-14,-7,-13,8,-3,3,3.0,5,2,-2,0
2022,2022-08-06,R21,Regular,21.0,Adelaide Oval,Port Adelaide,Richmond,1,10,11,71,109,-38,23,201,172,373,62,9,6,141,217,39,44,46,86,50,29,63,19,20,4.0,7,10,7,236,150,386,78,15,15,171,205,45,62,33,60,66,54,68,20,19,5.0,10,16,11,-35,22,-13,-16,-6,-9,-30,12,-6,-18,13,26,-16,-25,-5,-1,1,-1.0,-3,-6,-4,0
2022,2022-08-06,R21,Regular,21.0,Adelaide Oval,Richmond,Port Adelaide,0,16,13,109,71,38,23,236,150,386,78,15,15,171,205,45,62,33,60,66,54,68,20,19,5.0,10,16,11,201,172,373,62,9,6,141,217,39,44,46,86,50,29,63,19,20,4.0,7,10,7,35,-22,13,16,6,9,30,-12,6,18,-13,-26,16,25,5,1,-1,1.0,3,6,4,0
2022,2022-08-06,R21,Regular,21.0,Kardinia Park,St Kilda,Geelong,0,10,5,65,110,-45,23,226,141,367,109,8,10,133,216,42,45,32,65,41,42,66,19,20,5.0,6,10,3,227,162,389,102,11,17,144,242,35,50,35,61,50,31,57,20,19,2.0,15,17,8,-1,-21,-22,7,-3,-7,-11,-26,7,-5,-3,4,-9,11,9,-1,1,3.0,-9,-7,-5,0
2022,2022-08-06,R21,Regular,21.0,Docklands,Western Bulldogs,Fremantle,1,11,12,78,95,-17,23,202,158,360,90,10,9,133,228,36,55,36,49,47,24,57,18,14,16.0,7,11,7,241,147,388,140,11,18,104,274,29,50,43,56,55,42,49,14,18,4.0,12,14,9,-39,11,-28,-50,-1,-9,29,-46,7,5,-7,-7,-8,-18,8,4,-4,12.0,-5,-3,-2,0
2022,2022-08-07,R21,Regular,21.0,Perth Stadium,Adelaide,West Coast,0,16,6,102,86,16,23,165,123,288,64,12,12,139,159,43,48,33,65,54,44,66,22,28,2.0,10,16,4,206,136,342,93,9,12,139,201,42,47,33,88,37,51,53,28,22,4.0,11,13,7,-41,-13,-54,-29,3,0,0,-42,1,1,0,-23,17,-7,13,-6,6,-2.0,-1,3,-3,0
2022,2022-08-07,R21,Regular,21.0,Gabba,Brisbane Lions,Carlton,1,17,12,114,81,33,23,239,129,368,113,11,14,137,230,47,69,34,46,47,44,57,17,17,7.0,16,17,8,216,123,339,92,12,12,138,202,38,46,52,51,54,35,47,17,17,19.0,8,12,9,23,6,29,21,-1,2,-1,28,9,23,-18,-5,-7,9,10,0,0,-12.0,8,5,-1,0
2022,2022-08-07,R21,Regular,21.0,Gabba,Carlton,Brisbane Lions,0,12,9,81,114,-33,23,216,123,339,92,12,12,138,202,38,46,52,51,54,35,47,17,17,19.0,8,12,9,239,129,368,113,11,14,137,230,47,69,34,46,47,44,57,17,17,7.0,16,17,8,-23,-6,-29,-21,1,-2,1,-28,-9,-23,18,5,7,-9,-10,0,0,12.0,-8,-5,1,0
2022,2022-08-07,R21,Regular,21.0,Docklands,North Melbourne,Sydney,1,13,10,88,126,-38,23,208,150,358,89,12,12,136,214,38,47,39,60,41,31,58,19,18,5.0,9,13,4,220,144,364,77,8,15,149,206,42,58,33,81,53,45,71,18,19,3.0,11,18,15,-12,6,-6,12,4,-3,-13,8,-4,-11,6,-21,-12,-14,-13,1,-1,2.0,-2,-5,-11,0
2022,2022-08-07,R21,Regular,21.0,Docklands,Sydney,North Melbourne,0,18,18,126,88,38,23,220,144,364,77,8,15,149,206,42,58,33,81,53,45,71,18,19,3.0,11,18,15,208,150,358,89,12,12,136,214,38,47,39,60,41,31,58,19,18,5.0,9,13,4,12,-6,6,-12,-4,3,13,-8,4,11,-6,21,12,14,13,-1,1,-2.0,2,5,11,0
2022,2022-08-07,R21,Regular,21.0,Perth Stadium,West Coast,Adelaide,1,13,8,86,102,-16,23,206,136,342,93,9,12,139,201,42,47,33,88,37,51,53,28,22,4.0,11,13,7,165,123,288,64,12,12,139,159,43,48,33,65,54,44,66,22,28,2.0,10,16,4,41,13,54,29,-3,0,0,42,-1,-1,0,23,-17,7,-13,6,-6,2.0,1,-3,3,0
2022,2022-08-12,R22,Regular,22.0,Docklands,Brisbane Lions,St Kilda,0,12,9,81,66,15,23,205,105,310,87,17,14,129,180,40,49,40,68,61,44,55,12,15,6.0,8,12,5,218,109,327,98,9,13,125,193,38,50,37,67,46,48,44,15,12,4.0,7,9,9,-13,-4,-17,-11,8,1,4,-13,2,-1,3,1,15,-4,11,-3,3,2.0,1,3,-4,0
2022,2022-08-12,R22,Regular,22.0,Docklands,St Kilda,Brisbane Lions,1,9,12,66,81,-15,23,218,109,327,98,9,13,125,193,38,50,37,67,46,48,44,15,12,4.0,7,9,9,205,105,310,87,17,14,129,180,40,49,40,68,61,44,55,12,15,6.0,8,12,5,13,4,17,11,-8,-1,-4,13,-2,1,-3,-1,-15,4,-11,3,-3,-2.0,-1,-3,4,0
2022,2022-08-13,R22,Regular,22.0,Adelaide Oval,Adelaide,North Melbourne,1,15,13,103,74,29,23,212,137,349,90,10,19,127,213,36,52,48,69,55,34,49,17,19,6.0,13,15,11,203,150,353,89,12,9,125,220,39,59,36,50,43,35,40,19,17,3.0,8,10,13,9,-13,-4,1,-2,10,2,-7,-3,-7,12,19,12,-1,9,-2,2,3.0,5,5,-2,0
2022,2022-08-13,R22,Regular,22.0,M.C.G.,Carlton,Melbourne,0,10,14,74,79,-5,23,217,122,339,61,12,7,156,180,47,48,47,87,71,36,65,13,23,4.0,6,10,12,213,144,357,72,22,11,175,178,44,58,37,74,55,57,59,23,13,3.0,6,11,11,4,-22,-18,-11,-10,-4,-19,2,3,-10,10,13,16,-21,6,-10,10,1.0,0,-1,1,0
2022,2022-08-13,R22,Regular,22.0,Perth Stadium,Fremantle,West Coast,1,9,17,71,47,24,23,210,171,381,67,8,7,149,217,46,57,37,64,59,62,56,21,22,7.0,6,9,14,211,102,313,87,10,4,124,182,34,44,46,82,48,28,54,22,19,2.0,4,7,5,-1,69,68,-20,-2,3,25,35,12,13,-9,-18,11,34,2,-1,3,5.0,2,2,9,0
2022,2022-08-13,R22,Regular,22.0,Carrara,Geelong,Gold Coast,0,18,11,119,59,60,23,241,155,396,107,13,18,152,247,38,72,32,59,60,26,61,22,19,3.0,13,18,8,224,107,331,105,6,8,126,197,38,42,52,63,43,42,71,19,22,4.0,6,9,4,17,48,65,2,7,10,26,50,0,30,-20,-4,17,-16,-10,3,-3,-1.0,7,9,4,0
2022,2022-08-13,R22,Regular,22.0,Carrara,Gold Coast,Geelong,1,9,5,59,119,-60,23,224,107,331,105,6,8,126,197,38,42,52,63,43,42,71,19,22,4.0,6,9,4,241,155,396,107,13,18,152,247,38,72,32,59,60,26,61,22,19,3.0,13,18,8,-17,-48,-65,-2,-7,-10,-26,-50,0,-30,20,4,-17,16,10,-3,3,1.0,-7,-9,-4,0
2022,2022-08-13,R22,Regular,22.0,Docklands,Greater Western Sydney,Western Bulldogs,0,8,9,57,62,-5,23,274,154,428,165,11,8,115,304,32,51,38,54,51,23,47,13,12,2.0,7,8,8,205,174,379,91,8,9,132,251,32,48,42,44,42,33,49,12,13,12.0,7,9,7,69,-20,49,74,3,-1,-17,53,0,3,-4,10,9,-10,-2,1,-1,-10.0,0,-1,1,0
2022,2022-08-13,R22,Regular,22.0,M.C.G.,Melbourne,Carlton,1,11,13,79,74,5,23,213,144,357,72,22,11,175,178,44,58,37,74,55,57,59,23,13,3.0,6,11,11,217,122,339,61,12,7,156,180,47,48,47,87,71,36,65,13,23,4.0,6,10,12,-4,22,18,11,10,4,19,-2,-3,10,-10,-13,-16,21,-6,10,-10,-1.0,0,1,-1,0
2022,2022-08-13,R22,Regular,22.0,Adelaide Oval,North Melbourne,Adelaide,0,10,14,74,103,-29,23,203,150,353,89,12,9,125,220,39,59,36,50,43,35,40,19,17,3.0,8,10,13,212,137,349,90,10,19,127,213,36,52,48,69,55,34,49,17,19,6.0,13,15,11,-9,13,4,-1,2,-10,-2,7,3,7,-12,-19,-12,1,-9,2,-2,-3.0,-5,-5,2,0
2022,2022-08-13,R22,Regular,22.0,Perth Stadium,West Coast,Fremantle,0,7,5,47,71,-24,23,211,102,313,87,10,4,124,182,34,44,46,82,48,28,54,22,19,2.0,4,7,5,210,171,381,67,8,7,149,217,46,57,37,64,59,62,56,21,22,7.0,6,9,14,1,-69,-68,20,2,-3,-25,-35,-12,-13,9,18,-11,-34,-2,1,-3,-5.0,-2,-2,-9,0
2022,2022-08-13,R22,Regular,22.0,Docklands,Western Bulldogs,Greater Western Sydney,1,9,8,62,57,5,23,205,174,379,91,8,9,132,251,32,48,42,44,42,33,49,12,13,12.0,7,9,7,274,154,428,165,11,8,115,304,32,51,38,54,51,23,47,13,12,2.0,7,8,8,-69,20,-49,-74,-3,1,17,-53,0,-3,4,-10,-9,10,2,-1,1,10.0,0,1,-1,0
2022,2022-08-14,R22,Regular,22.0,S.C.G.,Collingwood,Sydney,0,7,8,50,77,-27,23,198,124,322,70,10,5,137,170,37,52,43,53,45,51,59,18,17,8.0,4,7,5,250,140,390,97,12,9,166,227,46,55,44,72,59,30,73,18,18,3.0,7,11,11,-52,-16,-68,-27,-2,-4,-29,-57,-9,-3,-1,-19,-14,21,-14,0,-1,5.0,-3,-4,-6,0
2022,2022-08-14,R22,Regular,22.0,Docklands,Essendon,Port Adelaide,1,9,8,62,146,-84,23,213,154,367,101,9,7,125,238,37,47,36,49,45,50,51,18,14,5.0,8,9,6,239,186,425,117,12,20,136,284,28,61,37,56,49,9,64,14,18,6.0,16,23,6,-26,-32,-58,-16,-3,-13,-11,-46,9,-14,-1,-7,-4,41,-13,4,-4,-1.0,-8,-14,0,0
2022,2022-08-14,R22,Regular,22.0,M.C.G.,Hawthorn,Richmond,0,9,13,67,128,-61,23,181,149,330,76,11,15,127,196,29,52,35,61,36,33,45,20,10,8.0,7,9,9,216,147,363,87,13,17,141,217,41,55,42,47,63,47,59,10,20,11.0,16,20,6,-35,2,-33,-11,-2,-2,-14,-21,-12,-3,-7,14,-27,-14,-14,10,-10,-3.0,-9,-11,3,0
2022,2022-08-14,R22,Regular,22.0,Docklands,Port Adelaide,Essendon,0,23,8,146,62,84,23,239,186,425,117,12,20,136,284,28,61,37,56,49,9,64,14,18,6.0,16,23,6,213,154,367,101,9,7,125,238,37,47,36,49,45,50,51,18,14,5.0,8,9,6,26,32,58,16,3,13,11,46,-9,14,1,7,4,-41,13,-4,4,1.0,8,14,0,0
2022,2022-08-14,R22,Regular,22.0,M.C.G.,Richmond,Hawthorn,1,20,8,128,67,61,23,216,147,363,87,13,17,141,217,41,55,42,47,63,47,59,10,20,11.0,16,20,6,181,149,330,76,11,15,127,196,29,52,35,61,36,33,45,20,10,8.0,7,9,9,35,-2,33,11,2,2,14,21,12,3,7,-14,27,14,14,-10,10,3.0,9,11,-3,0
2022,2022-08-14,R22,Regular,22.0,S.C.G.,Sydney,Collingwood,1,11,11,77,50,27,23,250,140,390,97,12,9,166,227,46,55,44,72,59,30,73,18,18,3.0,7,11,11,198,124,322,70,10,5,137,170,37,52,43,53,45,51,59,18,17,8.0,4,7,5,52,16,68,27,2,4,29,57,9,3,1,19,14,-21,14,0,1,-5.0,3,4,6,0
2022,2022-08-19,R23,Regular,23.0,Gabba,Brisbane Lions,Melbourne,1,8,9,57,115,-58,23,225,123,348,108,9,13,130,207,36,58,31,52,62,34,54,16,10,4.0,7,8,7,216,119,335,97,11,13,140,202,40,50,50,53,48,43,50,10,16,2.0,13,18,5,9,4,13,11,-2,0,-10,5,-4,8,-19,-1,14,-9,4,6,-6,2.0,-6,-10,2,0
2022,2022-08-19,R23,Regular,23.0,Gabba,Melbourne,Brisbane Lions,0,18,7,115,57,58,23,216,119,335,97,11,13,140,202,40,50,50,53,48,43,50,10,16,2.0,13,18,5,225,123,348,108,9,13,130,207,36,58,31,52,62,34,54,16,10,4.0,7,8,7,-9,-4,-13,-11,2,0,10,-5,4,-8,19,1,-14,9,-4,-6,6,-2.0,6,10,-2,0
2022,2022-08-20,R23,Regular,23.0,Adelaide Oval,Adelaide,Port Adelaide,0,7,13,55,111,-56,23,166,121,287,48,19,8,146,129,40,48,42,70,60,59,64,17,18,0.0,5,7,8,237,164,401,97,18,18,146,236,45,61,40,68,54,23,54,18,17,2.0,11,16,10,-71,-43,-114,-49,1,-10,0,-107,-5,-13,2,2,6,36,10,-1,1,-2.0,-6,-9,-2,0
2022,2022-08-20,R23,Regular,23.0,M.C.G.,Essendon,Richmond,1,11,9,75,141,-66,23,195,134,329,83,8,11,124,195,35,42,35,46,39,30,60,21,18,3.0,6,11,6,216,151,367,98,12,21,129,236,26,58,30,44,54,29,47,18,21,13.0,14,21,12,-21,-17,-38,-15,-4,-10,-5,-41,9,-16,5,2,-15,1,13,3,-3,-10.0,-8,-10,-6,0
2022,2022-08-20,R23,Regular,23.0,Manuka Oval,Fremantle,Greater Western Sydney,0,13,11,89,69,20,23,215,182,397,85,12,6,150,237,41,69,34,42,43,45,62,22,22,8.0,8,13,11,217,123,340,101,16,8,133,202,31,45,55,56,48,18,59,22,22,1.0,7,10,8,-2,59,57,-16,-4,-2,17,35,10,24,-21,-14,-5,27,3,0,0,7.0,1,3,3,0
2022,2022-08-20,R23,Regular,23.0,Kardinia Park,Geelong,West Coast,1,19,17,131,46,85,23,226,171,397,102,5,18,134,260,42,62,20,34,39,48,52,12,15,4.0,13,19,13,219,131,350,116,12,9,108,227,29,27,42,60,39,18,41,15,12,2.0,7,7,2,7,40,47,-14,-7,9,26,33,13,35,-22,-26,0,30,11,-3,3,2.0,6,12,11,0
2022,2022-08-20,R23,Regular,23.0,Docklands,Gold Coast,North Melbourne,0,16,18,114,47,67,23,249,128,377,109,9,16,147,227,44,72,38,61,53,35,59,19,19,14.0,13,16,17,217,184,401,106,9,6,122,271,26,45,55,53,42,35,56,19,19,12.0,4,6,9,32,-56,-24,3,0,10,25,-44,18,27,-17,8,11,0,3,0,0,2.0,9,10,8,0
2022,2022-08-20,R23,Regular,23.0,Manuka Oval,Greater Western Sydney,Fremantle,1,10,9,69,89,-20,23,217,123,340,101,16,8,133,202,31,45,55,56,48,18,59,22,22,1.0,7,10,8,215,182,397,85,12,6,150,237,41,69,34,42,43,45,62,22,22,8.0,8,13,11,2,-59,-57,16,4,2,-17,-35,-10,-24,21,14,5,-27,-3,0,0,-7.0,-1,-3,-3,0
2022,2022-08-20,R23,Regular,23.0,Docklands,North Melbourne,Gold Coast,1,6,11,47,114,-67,23,217,184,401,106,9,6,122,271,26,45,55,53,42,35,56,19,19,12.0,4,6,9,249,128,377,109,9,16,147,227,44,72,38,61,53,35,59,19,19,14.0,13,16,17,-32,56,24,-3,0,-10,-25,44,-18,-27,17,-8,-11,0,-3,0,0,-2.0,-9,-10,-8,0
2022,2022-08-20,R23,Regular,23.0,Adelaide Oval,Port Adelaide,Adelaide,1,16,15,111,55,56,23,237,164,401,97,18,18,146,236,45,61,40,68,54,23,54,18,17,2.0,11,16,10,166,121,287,48,19,8,146,129,40,48,42,70,60,59,64,17,18,0.0,5,7,8,71,43,114,49,-1,10,0,107,5,13,-2,-2,-6,-36,-10,1,-1,2.0,6,9,2,0
2022,2022-08-20,R23,Regular,23.0,M.C.G.,Richmond,Essendon,0,21,15,141,75,66,23,216,151,367,98,12,21,129,236,26,58,30,44,54,29,47,18,21,13.0,14,21,12,195,134,329,83,8,11,124,195,35,42,35,46,39,30,60,21,18,3.0,6,11,6,21,17,38,15,4,10,5,41,-9,16,-5,-2,15,-1,-13,-3,3,10.0,8,10,6,0
2022,2022-08-20,R23,Regular,23.0,Kardinia Park,West Coast,Geelong,0,7,4,46,131,-85,23,219,131,350,116,12,9,108,227,29,27,42,60,39,18,41,15,12,2.0,7,7,2,226,171,397,102,5,18,134,260,42,62,20,34,39,48,52,12,15,4.0,13,19,13,-7,-40,-47,14,7,-9,-26,-33,-13,-35,22,26,0,-30,-11,3,-3,-2.0,-6,-12,-11,0
2022,2022-08-21,R23,Regular,23.0,M.C.G.,Carlton,Collingwood,1,10,14,74,75,-1,23,225,125,350,80,15,11,177,179,47,65,32,64,55,23,55,20,19,5.0,5,10,13,200,128,328,82,15,9,123,193,33,44,55,68,65,43,60,19,20,4.0,8,11,8,25,-3,22,-2,0,2,54,-14,14,21,-23,-4,-10,-20,-5,1,-1,1.0,-3,-1,5,0
2022,2022-08-21,R23,Regular,23.0,M.C.G.,Collingwood,Carlton,0,11,9,75,74,1,23,200,128,328,82,15,9,123,193,33,44,55,68,65,43,60,19,20,4.0,8,11,8,225,125,350,80,15,11,177,179,47,65,32,64,55,23,55,20,19,5.0,5,10,13,-25,3,-22,2,0,-2,-54,14,-14,-21,23,4,10,20,5,-1,1,-1.0,3,1,-5,0
2022,2022-08-21,R23,Regular,23.0,York Park,Hawthorn,Western Bulldogs,1,10,4,64,87,-23,23,240,117,357,127,13,12,128,223,21,39,58,57,46,42,65,14,17,4.0,9,10,3,236,152,388,100,9,15,153,239,49,71,29,66,56,37,50,17,14,2.0,7,12,12,4,-35,-31,27,4,-3,-25,-16,-28,-32,29,-9,-10,5,15,-3,3,2.0,2,-2,-9,0
2022,2022-08-21,R23,Regular,23.0,Docklands,St Kilda,Sydney,1,11,8,74,88,-14,23,244,132,376,120,11,10,139,235,35,51,38,59,52,38,62,22,17,4.0,6,11,6,219,128,347,84,11,9,153,197,31,50,40,56,48,28,64,17,22,3.0,10,13,10,25,4,29,36,0,1,-14,38,4,1,-2,3,4,10,-2,5,-5,1.0,-4,-2,-4,0
2022,2022-08-21,R23,Regular,23.0,Docklands,Sydney,St Kilda,0,13,10,88,74,14,23,219,128,347,84,11,9,153,197,31,50,40,56,48,28,64,17,22,3.0,10,13,10,244,132,376,120,11,10,139,235,35,51,38,59,52,38,62,22,17,4.0,6,11,6,-25,-4,-29,-36,0,-1,14,-38,-4,-1,2,-3,-4,-10,2,-5,5,-1.0,4,2,4,0
2022,2022-08-21,R23,Regular,23.0,York Park,Western Bulldogs,Hawthorn,0,12,15,87,64,23,23,236,152,388,100,9,15,153,239,49,71,29,66,56,37,50,17,14,2.0,7,12,12,240,117,357,127,13,12,128,223,21,39,58,57,46,42,65,14,17,4.0,9,10,3,-4,35,31,-27,-4,3,25,16,28,32,-29,9,10,-5,-15,3,-3,-2.0,-2,2,9,0
2022,2022-09-01,EF,Finals,24.0,Gabba,Brisbane Lions,Richmond,1,16,10,106,104,2,23,210,126,336,64,5,8,149,182,46,59,44,56,53,16,64,22,18,0.0,9,16,7,216,104,320,88,15,17,144,162,40,63,42,45,58,55,77,18,22,6.0,13,16,6,-6,22,16,-24,-10,-9,5,20,6,-4,2,11,-5,-39,-13,4,-4,-6.0,-4,0,1,1
2022,2022-09-01,EF,Finals,24.0,Gabba,Richmond,Brisbane Lions,0,16,8,104,106,-2,23,216,104,320,88,15,17,144,162,40,63,42,45,58,55,77,18,22,6.0,13,16,6,210,126,336,64,5,8,149,182,46,59,44,56,53,16,64,22,18,0.0,9,16,7,6,-22,-16,24,10,9,-5,-20,-6,4,-2,-11,5,39,13,-4,4,6.0,4,0,-1,1
2022,2022-09-02,QF,Finals,24.0,M.C.G.,Melbourne,Sydney,1,10,9,69,91,-22,23,201,130,331,77,17,11,167,168,34,56,36,70,55,44,58,23,18,2.0,6,10,8,214,107,321,79,6,7,142,177,39,49,46,84,68,28,65,18,23,4.0,6,14,6,-13,23,10,-2,11,4,25,-9,-5,7,-10,-14,-13,16,-7,5,-5,-2.0,0,-4,2,1
2022,2022-09-02,QF,Finals,24.0,M.C.G.,Sydney,Melbourne,0,14,7,91,69,22,23,214,107,321,79,6,7,142,177,39,49,46,84,68,28,65,18,23,4.0,6,14,6,201,130,331,77,17,11,167,168,34,56,36,70,55,44,58,23,18,2.0,6,10,8,13,-23,-10,2,-11,-4,-25,9,5,-7,10,14,13,-16,7,-5,5,2.0,0,4,-2,1
2022,2022-09-03,QF,Finals,24.0,M.C.G.,Collingwood,Geelong,0,10,12,72,78,-6,23,227,146,373,90,9,13,134,226,42,56,42,85,55,48,70,13,14,4.0,8,10,9,194,157,351,62,13,9,155,182,41,53,46,70,47,34,64,14,12,7.0,10,11,10,33,-11,22,28,-4,4,-21,44,1,3,-4,15,8,14,6,-1,2,-3.0,-2,-1,-1,1
2022,2022-09-03,EF,Finals,24.0,Perth Stadium,Fremantle,Western Bulldogs,1,11,7,73,60,13,23,230,169,399,100,15,12,142,244,37,62,43,57,41,61,61,13,16,5.0,7,11,5,225,145,370,88,12,9,155,221,37,53,51,72,61,25,66,16,13,6.0,6,8,9,5,24,29,12,3,3,-13,23,0,9,-8,-15,-20,36,-5,-3,3,-1.0,1,3,-4,1
2022,2022-09-03,QF,Finals,24.0,M.C.G.,Geelong,Collingwood,1,11,12,78,72,6,23,194,157,351,62,13,9,155,182,41,53,46,70,47,34,64,14,12,7.0,10,11,10,227,146,373,90,9,13,134,226,42,56,42,85,55,48,70,13,14,4.0,8,10,9,-33,11,-22,-28,4,-4,21,-44,-1,-3,4,-15,-8,-14,-6,1,-2,3.0,2,1,1,1
2022,2022-09-03,EF,Finals,24.0,Perth Stadium,Western Bulldogs,Fremantle,0,8,12,60,73,-13,23,225,145,370,88,12,9,155,221,37,53,51,72,61,25,66,16,13,6.0,6,8,9,230,169,399,100,15,12,142,244,37,62,43,57,41,61,61,13,16,5.0,7,11,5,-5,-24,-29,-12,-3,-3,13,-23,0,-9,8,15,20,-36,5,3,-3,1.0,-1,-3,4,1
2022,2022-09-09,SF,Finals,25.0,M.C.G.,Brisbane Lions,Melbourne,0,14,8,92,79,13,23,229,111,340,92,7,8,137,194,37,53,44,74,70,33,55,22,19,4.0,8,14,7,213,103,316,78,13,10,156,157,51,55,39,73,44,48,58,19,22,3.0,5,11,10,16,8,24,14,-6,-2,-19,37,-14,-2,5,1,26,-15,-3,3,-3,1.0,3,3,-3,1
2022,2022-09-09,SF,Finals,25.0,M.C.G.,Melbourne,Brisbane Lions,1,11,13,79,92,-13,23,213,103,316,78,13,10,156,157,51,55,39,73,44,48,58,19,22,3.0,5,11,10,229,111,340,92,7,8,137,194,37,53,44,74,70,33,55,22,19,4.0,8,14,7,-16,-8,-24,-14,6,2,19,-37,14,2,-5,-1,-26,15,3,-3,3,-1.0,-3,-3,3,1
2022,2022-09-10,SF,Finals,25.0,M.C.G.,Collingwood,Fremantle,1,11,13,79,59,20,23,205,126,331,87,9,13,142,197,33,56,32,58,50,33,65,19,24,13.0,6,11,11,216,148,364,81,10,6,151,206,33,43,44,64,38,42,69,24,19,2.0,7,9,3,-11,-22,-33,6,-1,7,-9,-9,0,13,-12,-6,12,-9,-4,-5,5,11.0,-1,2,8,1
2022,2022-09-10,SF,Finals,25.0,M.C.G.,Fremantle,Collingwood,0,9,5,59,79,-20,23,216,148,364,81,10,6,151,206,33,43,44,64,38,42,69,24,19,2.0,7,9,3,205,126,331,87,9,13,142,197,33,56,32,58,50,33,65,19,24,13.0,6,11,11,11,22,33,-6,1,-7,9,9,0,-13,12,6,-12,9,4,5,-5,-11.0,1,-2,-8,1
2022,2022-09-16,PF,Finals,26.0,M.C.G.,Brisbane Lions,Geelong,0,7,7,49,120,-71,23,197,99,296,88,8,11,117,177,40,46,41,68,37,41,50,22,13,1.0,7,7,7,209,152,361,102,15,15,125,230,37,59,38,65,48,41,55,13,22,8.0,14,18,10,-12,-53,-65,-14,-7,-4,-8,-53,3,-13,3,3,-11,0,-5,9,-9,-7.0,-7,-11,-3,1
2022,2022-09-16,PF,Finals,26.0,M.C.G.,Geelong,Brisbane Lions,1,18,12,120,49,71,23,209,152,361,102,15,15,125,230,37,59,38,65,48,41,55,13,22,8.0,14,18,10,197,99,296,88,8,11,117,177,40,46,41,68,37,41,50,22,13,1.0,7,7,7,12,53,65,14,7,4,8,53,-3,13,-3,-3,11,0,5,-9,9,7.0,7,11,3,1
2022,2022-09-17,PF,Finals,26.0,S.C.G.,Collingwood,Sydney,0,14,10,94,95,-1,23,193,110,303,68,10,8,134,157,47,62,40,80,51,39,51,20,15,9.0,7,14,7,217,103,320,83,16,14,144,166,44,56,48,75,49,31,55,15,20,5.0,6,14,9,-24,7,-17,-15,-6,-6,-10,-9,3,6,-8,5,2,8,-4,5,-5,4.0,1,0,-2,1
2022,2022-09-17,PF,Finals,26.0,S.C.G.,Sydney,Collingwood,1,14,11,95,94,1,23,217,103,320,83,16,14,144,166,44,56,48,75,49,31,55,15,20,5.0,6,14,9,193,110,303,68,10,8,134,157,47,62,40,80,51,39,51,20,15,9.0,7,14,7,24,-7,17,15,6,6,10,9,-3,-6,8,-5,-2,-8,4,-5,5,-4.0,-1,0,2,1
2022,2022-09-24,GF,Finals,27.0,M.C.G.,Geelong,Sydney,1,20,13,133,52,81,23,253,142,395,124,6,17,151,253,33,63,23,56,43,44,54,17,18,5.0,14,20,11,166,138,304,62,5,4,110,189,37,32,45,65,49,24,54,18,17,14.0,5,8,3,87,4,91,62,1,13,41,64,-4,31,-22,-9,-6,20,0,-1,1,-9.0,9,12,8,1
2022,2022-09-24,GF,Finals,27.0,M.C.G.,Sydney,Geelong,0,8,4,52,133,-81,23,166,138,304,62,5,4,110,189,37,32,45,65,49,24,54,18,17,14.0,5,8,3,253,142,395,124,6,17,151,253,33,63,23,56,43,44,54,17,18,5.0,14,20,11,-87,-4,-91,-62,-1,-13,-41,-64,4,-31,22,9,6,-20,0,1,-1,9.0,-9,-12,-8,1
2023,2023-03-16,R1,Regular,1.0,M.C.G.,Carlton,Richmond,0,8,10,58,58,0,23,221,120,341,97,18,5,148,194,32,45,57,55,52,26,57,25,19,10.0,4,8,8,228,121,349,95,17,11,149,199,36,66,35,70,44,44,67,19,25,8.0,6,8,10,-7,-1,-8,2,1,-6,-1,-5,-4,-21,22,-15,8,-18,-10,6,-6,2.0,-2,0,-2,0
2023,2023-03-16,R1,Regular,1.0,M.C.G.,Richmond,Carlton,1,8,10,58,58,0,23,228,121,349,95,17,11,149,199,36,66,35,70,44,44,67,19,25,8.0,6,8,10,221,120,341,97,18,5,148,194,32,45,57,55,52,26,57,25,19,10.0,4,8,8,7,1,8,-2,-1,6,1,5,4,21,-22,15,-8,18,10,-6,6,-2.0,2,0,2,0
2023,2023-03-17,R1,Regular,1.0,M.C.G.,Collingwood,Geelong,0,19,11,125,103,22,23,229,143,372,105,10,16,135,233,43,62,29,52,46,45,56,24,21,5.0,17,19,8,182,133,315,69,13,16,130,170,35,46,43,44,43,38,60,21,24,4.0,9,16,7,47,10,57,36,-3,0,5,63,8,16,-14,8,3,7,-4,3,-3,1.0,8,3,1,0
2023,2023-03-17,R1,Regular,1.0,M.C.G.,Geelong,Collingwood,1,16,7,103,125,-22,23,182,133,315,69,13,16,130,170,35,46,43,44,43,38,60,21,24,4.0,9,16,7,229,143,372,105,10,16,135,233,43,62,29,52,46,45,56,24,21,5.0,17,19,8,-47,-10,-57,-36,3,0,-5,-63,-8,-16,14,-8,-3,-7,4,-3,3,-1.0,-8,-3,-1,0
2023,2023-03-18,R1,Regular,1.0,Adelaide Oval,Brisbane Lions,Port Adelaide,0,11,6,72,126,-54,23,162,102,264,52,4,6,116,130,38,40,47,46,45,41,48,25,12,1.0,4,11,3,230,175,405,111,19,24,150,257,47,65,29,44,46,39,55,12,25,5.0,14,18,16,-68,-73,-141,-59,-15,-18,-34,-127,-9,-25,18,2,-1,2,-7,13,-13,-4.0,-10,-7,-13,0
2023,2023-03-18,R1,Regular,1.0,Carrara,Gold Coast,Sydney,1,9,7,61,110,-49,23,225,141,366,56,4,3,165,184,46,44,48,60,60,56,78,21,15,1.0,7,9,5,259,158,417,89,7,12,159,239,39,64,34,84,60,22,68,15,21,6.0,10,16,11,-34,-17,-51,-33,-3,-9,6,-55,7,-20,14,-24,0,34,10,6,-6,-5.0,-3,-7,-6,0
2023,2023-03-18,R1,Regular,1.0,M.C.G.,Melbourne,Western Bulldogs,1,17,13,115,65,50,23,251,135,386,117,2,17,126,255,30,60,41,65,45,36,55,23,13,1.0,12,17,10,208,166,374,77,9,7,140,233,37,50,41,53,53,27,76,13,23,2.0,6,9,9,43,-31,12,40,-7,10,-14,22,-7,10,0,12,-8,9,-21,10,-10,-1.0,6,8,1,0
2023,2023-03-18,R1,Regular,1.0,Docklands,North Melbourne,West Coast,1,12,15,87,82,5,23,208,174,382,77,9,9,152,223,41,49,34,69,45,32,54,24,20,6.0,9,12,11,198,144,342,97,6,11,115,217,26,46,35,72,40,49,55,20,24,2.0,8,12,10,10,30,40,-20,3,-2,37,6,15,3,-1,-3,5,-17,-1,4,-4,4.0,1,0,1,0
2023,2023-03-18,R1,Regular,1.0,Adelaide Oval,Port Adelaide,Brisbane Lions,1,18,18,126,72,54,23,230,175,405,111,19,24,150,257,47,65,29,44,46,39,55,12,25,5.0,14,18,16,162,102,264,52,4,6,116,130,38,40,47,46,45,41,48,25,12,1.0,4,11,3,68,73,141,59,15,18,34,127,9,25,-18,-2,1,-2,7,-13,13,4.0,10,7,13,0
2023,2023-03-18,R1,Regular,1.0,Carrara,Sydney,Gold Coast,0,16,14,110,61,49,23,259,158,417,89,7,12,159,239,39,64,34,84,60,22,68,15,21,6.0,10,16,11,225,141,366,56,4,3,165,184,46,44,48,60,60,56,78,21,15,1.0,7,9,5,34,17,51,33,3,9,-6,55,-7,20,-14,24,0,-34,-10,-6,6,5.0,3,7,6,0
2023,2023-03-18,R1,Regular,1.0,Docklands,West Coast,North Melbourne,0,12,10,82,87,-5,23,198,144,342,97,6,11,115,217,26,46,35,72,40,49,55,20,24,2.0,8,12,10,208,174,382,77,9,9,152,223,41,49,34,69,45,32,54,24,20,6.0,9,12,11,-10,-30,-40,20,-3,2,-37,-6,-15,-3,1,3,-5,17,1,-4,4,-4.0,-1,0,-1,0
2023,2023-03-18,R1,Regular,1.0,M.C.G.,Western Bulldogs,Melbourne,0,9,11,65,115,-50,23,208,166,374,77,9,7,140,233,37,50,41,53,53,27,76,13,23,2.0,6,9,9,251,135,386,117,2,17,126,255,30,60,41,65,45,36,55,23,13,1.0,12,17,10,-43,31,-12,-40,7,-10,14,-22,7,-10,0,-12,8,-9,21,-10,10,1.0,-6,-8,-1,0
2023,2023-03-19,R1,Regular,1.0,Sydney Showground,Adelaide,Greater Western Sydney,0,12,18,90,106,-16,23,217,101,318,102,9,15,111,199,33,52,44,40,42,40,54,15,20,3.0,10,12,16,208,167,375,88,8,16,129,236,35,60,38,40,49,28,53,20,15,5.0,9,15,13,9,-66,-57,14,1,-1,-18,-37,-2,-8,6,0,-7,12,1,-5,5,-2.0,1,-3,3,0
2023,2023-03-19,R1,Regular,1.0,M.C.G.,Essendon,Hawthorn,0,19,10,124,65,59,23,255,159,414,131,11,16,128,282,32,66,40,37,40,20,49,16,17,8.0,15,19,9,224,146,370,124,9,8,114,254,26,49,45,43,34,30,54,17,16,11.0,6,9,8,31,13,44,7,2,8,14,28,6,17,-5,-6,6,-10,-5,-1,1,-3.0,9,10,1,0
2023,2023-03-19,R1,Regular,1.0,Docklands,Fremantle,St Kilda,0,7,10,52,67,-15,23,258,179,437,136,14,8,146,284,28,65,43,53,34,45,59,22,23,5.0,5,7,8,229,164,393,87,7,8,150,233,37,52,57,45,36,19,78,23,22,17.0,5,10,5,29,15,44,49,7,0,-4,51,-9,13,-14,8,-2,26,-19,-1,1,-12.0,0,-3,3,0
2023,2023-03-19,R1,Regular,1.0,Sydney Showground,Greater Western Sydney,Adelaide,1,15,16,106,90,16,23,208,167,375,88,8,16,129,236,35,60,38,40,49,28,53,20,15,5.0,9,15,13,217,101,318,102,9,15,111,199,33,52,44,40,42,40,54,15,20,3.0,10,12,16,-9,66,57,-14,-1,1,18,37,2,8,-6,0,7,-12,-1,5,-5,2.0,-1,3,-3,0
2023,2023-03-19,R1,Regular,1.0,M.C.G.,Hawthorn,Essendon,1,9,11,65,124,-59,23,224,146,370,124,9,8,114,254,26,49,45,43,34,30,54,17,16,11.0,6,9,8,255,159,414,131,11,16,128,282,32,66,40,37,40,20,49,16,17,8.0,15,19,9,-31,-13,-44,-7,-2,-8,-14,-28,-6,-17,5,6,-6,10,5,1,-1,3.0,-9,-10,-1,0
2023,2023-03-19,R1,Regular,1.0,Docklands,St Kilda,Fremantle,1,10,7,67,52,15,23,229,164,393,87,7,8,150,233,37,52,57,45,36,19,78,23,22,17.0,5,10,5,258,179,437,136,14,8,146,284,28,65,43,53,34,45,59,22,23,5.0,5,7,8,-29,-15,-44,-49,-7,0,4,-51,9,-13,14,-8,2,-26,19,1,-1,12.0,0,3,-3,0
2023,2023-03-23,R2,Regular,2.0,M.C.G.,Carlton,Geelong,1,13,12,90,82,8,23,247,135,382,110,11,17,136,234,32,48,40,56,44,36,73,24,15,3.0,10,13,10,188,140,328,69,11,15,120,197,35,54,34,69,34,26,72,15,24,6.0,11,12,7,59,-5,54,41,0,2,16,37,-3,-6,6,-13,10,10,1,9,-9,-3.0,-1,1,3,0
2023,2023-03-23,R2,Regular,2.0,M.C.G.,Geelong,Carlton,0,12,10,82,90,-8,23,188,140,328,69,11,15,120,197,35,54,34,69,34,26,72,15,24,6.0,11,12,7,247,135,382,110,11,17,136,234,32,48,40,56,44,36,73,24,15,3.0,10,13,10,-59,5,-54,-41,0,-2,-16,-37,3,6,-6,13,-10,-10,-1,-9,9,3.0,1,-1,-3,0
2023,2023-03-24,R2,Regular,2.0,Gabba,Brisbane Lions,Melbourne,1,14,9,93,82,11,23,238,100,338,92,8,12,151,184,60,59,39,49,56,43,69,18,17,1.0,10,14,7,201,149,350,69,2,11,136,200,32,54,44,66,41,52,57,17,18,4.0,9,13,3,37,-49,-12,23,6,1,15,-16,28,5,-5,-17,15,-9,12,1,-1,-3.0,1,1,4,0
2023,2023-03-24,R2,Regular,2.0,Gabba,Melbourne,Brisbane Lions,0,13,4,82,93,-11,23,201,149,350,69,2,11,136,200,32,54,44,66,41,52,57,17,18,4.0,9,13,3,238,100,338,92,8,12,151,184,60,59,39,49,56,43,69,18,17,1.0,10,14,7,-37,49,12,-23,-6,-1,-15,16,-28,-5,5,17,-15,9,-12,-1,1,3.0,-1,-1,-4,0
2023,2023-03-25,R2,Regular,2.0,Adelaide Oval,Adelaide,Richmond,1,10,16,76,108,-32,23,216,142,358,94,15,12,139,213,33,53,33,60,47,35,54,20,16,9.0,9,10,13,209,139,348,94,16,16,135,201,36,51,41,43,51,43,49,16,20,11.0,12,17,4,7,3,10,0,-1,-4,4,12,-3,2,-8,17,-4,-8,5,4,-4,-2.0,-3,-7,9,0
2023,2023-03-25,R2,Regular,2.0,M.C.G.,Collingwood,Port Adelaide,1,21,9,135,64,71,23,209,143,352,79,15,14,155,197,39,57,38,56,39,38,53,34,15,7.0,16,21,7,179,123,302,88,4,10,98,199,27,47,36,39,48,25,65,15,34,4.0,5,9,8,30,20,50,-9,11,4,57,-2,12,10,2,17,-9,13,-12,19,-19,3.0,11,12,-1,0
2023,2023-03-25,R2,Regular,2.0,Perth Stadium,Fremantle,North Melbourne,1,10,12,72,73,-1,23,216,161,377,101,6,10,140,241,30,53,34,59,42,45,57,34,23,1.0,4,10,8,231,143,374,95,5,7,142,235,45,46,42,57,46,30,73,23,34,6.0,9,11,5,-15,18,3,6,1,3,-2,6,-15,7,-8,2,-4,15,-16,11,-11,-5.0,-5,-1,3,0
2023,2023-03-25,R2,Regular,2.0,Perth Stadium,North Melbourne,Fremantle,0,11,7,73,72,1,23,231,143,374,95,5,7,142,235,45,46,42,57,46,30,73,23,34,6.0,9,11,5,216,161,377,101,6,10,140,241,30,53,34,59,42,45,57,34,23,1.0,4,10,8,15,-18,-3,-6,-1,-3,2,-6,15,-7,8,-2,4,-15,16,-11,11,5.0,5,1,-3,0
2023,2023-03-25,R2,Regular,2.0,M.C.G.,Port Adelaide,Collingwood,0,9,10,64,135,-71,23,179,123,302,88,4,10,98,199,27,47,36,39,48,25,65,15,34,4.0,5,9,8,209,143,352,79,15,14,155,197,39,57,38,56,39,38,53,34,15,7.0,16,21,7,-30,-20,-50,9,-11,-4,-57,2,-12,-10,-2,-17,9,-13,12,-19,19,-3.0,-11,-12,1,0
2023,2023-03-25,R2,Regular,2.0,Adelaide Oval,Richmond,Adelaide,0,17,6,108,76,32,23,209,139,348,94,16,16,135,201,36,51,41,43,51,43,49,16,20,11.0,12,17,4,216,142,358,94,15,12,139,213,33,53,33,60,47,35,54,20,16,9.0,9,10,13,-7,-3,-10,0,1,4,-4,-12,3,-2,8,-17,4,8,-5,-4,4,2.0,3,7,-9,0
2023,2023-03-25,R2,Regular,2.0,Docklands,St Kilda,Western Bulldogs,0,14,8,92,41,51,23,249,162,411,124,6,9,131,276,39,57,31,74,54,36,53,21,16,8.0,11,14,6,210,153,363,111,12,9,120,250,36,37,42,61,46,32,50,16,21,2.0,4,5,9,39,9,48,13,-6,0,11,26,3,20,-11,13,8,4,3,5,-5,6.0,7,9,-3,0
2023,2023-03-25,R2,Regular,2.0,Docklands,Western Bulldogs,St Kilda,1,5,11,41,92,-51,23,210,153,363,111,12,9,120,250,36,37,42,61,46,32,50,16,21,2.0,4,5,9,249,162,411,124,6,9,131,276,39,57,31,74,54,36,53,21,16,8.0,11,14,6,-39,-9,-48,-13,6,0,-11,-26,-3,-20,11,-13,-8,-4,-3,-5,5,-6.0,-7,-9,3,0
2023,2023-03-26,R2,Regular,2.0,Docklands,Essendon,Gold Coast,1,16,12,108,80,28,23,213,154,367,90,11,13,140,218,36,57,44,66,47,38,54,18,18,14.0,10,16,8,216,115,331,91,12,14,137,181,42,57,41,48,45,39,46,18,18,4.0,8,11,13,-3,39,36,-1,-1,-1,3,37,-6,0,3,18,2,-1,8,0,0,10.0,2,5,-5,0
2023,2023-03-26,R2,Regular,2.0,Docklands,Gold Coast,Essendon,0,11,14,80,108,-28,23,216,115,331,91,12,14,137,181,42,57,41,48,45,39,46,18,18,4.0,8,11,13,213,154,367,90,11,13,140,218,36,57,44,66,47,38,54,18,18,14.0,10,16,8,3,-39,-36,1,1,1,-3,-37,6,0,-3,-18,-2,1,-8,0,0,-10.0,-2,-5,5,0
2023,2023-03-26,R2,Regular,2.0,Perth Stadium,Greater Western Sydney,West Coast,0,11,15,81,100,-19,23,189,163,352,79,10,14,119,215,33,52,43,47,45,44,61,20,19,11.0,7,11,12,216,157,373,84,7,15,125,231,37,58,39,43,43,33,58,19,20,12.0,10,14,10,-27,6,-21,-5,3,-1,-6,-16,-4,-6,4,4,2,11,3,1,-1,-1.0,-3,-3,2,0
2023,2023-03-26,R2,Regular,2.0,S.C.G.,Hawthorn,Sydney,0,4,13,37,118,-81,23,206,144,350,85,5,9,125,221,35,42,41,57,43,34,56,17,19,5.0,3,4,13,225,147,372,101,13,18,140,228,28,58,38,56,35,22,50,20,17,7.0,14,17,15,-19,-3,-22,-16,-8,-9,-15,-7,7,-16,3,1,8,12,6,-3,2,-2.0,-11,-13,-2,0
2023,2023-03-26,R2,Regular,2.0,S.C.G.,Sydney,Hawthorn,1,17,16,118,37,81,23,225,147,372,101,13,18,140,228,28,58,38,56,35,22,50,20,17,7.0,14,17,15,206,144,350,85,5,9,125,221,35,42,41,57,43,34,56,17,19,5.0,3,4,13,19,3,22,16,8,9,15,7,-7,16,-3,-1,-8,-12,-6,3,-2,2.0,11,13,2,0
2023,2023-03-26,R2,Regular,2.0,Perth Stadium,West Coast,Greater Western Sydney,1,14,16,100,81,19,23,216,157,373,84,7,15,125,231,37,58,39,43,43,33,58,19,20,12.0,10,14,10,189,163,352,79,10,14,119,215,33,52,43,47,45,44,61,20,19,11.0,7,11,12,27,-6,21,5,-3,1,6,16,4,6,-4,-4,-2,-11,-3,-1,1,1.0,3,3,-2,0
2023,2023-03-30,R3,Regular,3.0,Docklands,Brisbane Lions,Western Bulldogs,0,7,11,53,67,-14,23,216,120,336,97,15,11,133,199,34,48,40,52,56,44,64,26,22,0.0,3,7,10,231,154,385,99,10,10,151,233,38,51,40,57,51,35,69,22,26,5.0,7,10,6,-15,-34,-49,-2,5,1,-18,-34,-4,-3,0,-5,5,9,-5,4,-4,-5.0,-4,-3,4,0
2023,2023-03-30,R3,Regular,3.0,Docklands,Western Bulldogs,Brisbane Lions,1,10,7,67,53,14,23,231,154,385,99,10,10,151,233,38,51,40,57,51,35,69,22,26,5.0,7,10,6,216,120,336,97,15,11,133,199,34,48,40,52,56,44,64,26,22,0.0,3,7,10,15,34,49,2,-5,-1,18,34,4,3,0,5,-5,-9,5,-4,4,5.0,4,3,-4,0
2023,2023-03-31,R3,Regular,3.0,M.C.G.,Collingwood,Richmond,1,8,15,63,49,14,23,229,171,400,65,9,10,161,220,37,59,33,61,75,31,75,20,27,4.0,8,8,10,219,137,356,76,7,9,139,198,42,40,50,62,53,48,62,27,20,1.0,5,7,7,10,34,44,-11,2,1,22,22,-5,19,-17,-1,22,-17,13,-7,7,3.0,3,1,3,0
2023,2023-03-31,R3,Regular,3.0,M.C.G.,Richmond,Collingwood,0,7,7,49,63,-14,23,219,137,356,76,7,9,139,198,42,40,50,62,53,48,62,27,20,1.0,5,7,7,229,171,400,65,9,10,161,220,37,59,33,61,75,31,75,20,27,4.0,8,8,10,-10,-34,-44,11,-2,-1,-22,-22,5,-19,17,1,-22,17,-13,7,-7,-3.0,-3,-1,-3,0
2023,2023-04-01,R3,Regular,3.0,Adelaide Oval,Adelaide,Port Adelaide,0,18,9,117,86,31,23,212,120,332,88,9,13,146,183,39,59,36,59,49,45,60,22,29,1.0,13,18,8,188,109,297,63,8,9,124,161,48,49,40,76,51,38,59,29,22,2.0,10,13,6,24,11,35,25,1,4,22,22,-9,10,-4,-17,-2,7,1,-7,7,-1.0,3,5,2,0
2023,2023-04-01,R3,Regular,3.0,Sydney Showground,Carlton,Greater Western Sydney,0,9,20,74,64,10,23,235,162,397,97,14,10,147,239,38,61,43,39,54,46,56,17,18,3.0,5,9,12,213,167,380,87,8,11,122,241,33,54,52,53,55,17,66,18,17,8.0,6,9,5,22,-5,17,10,6,-1,25,-2,5,7,-9,-14,-1,29,-10,-1,1,-5.0,-1,0,7,0
2023,2023-04-01,R3,Regular,3.0,M.C.G.,Essendon,St Kilda,0,11,8,74,92,-18,23,250,170,420,127,11,5,136,276,42,48,38,57,40,32,59,18,20,8.0,8,11,5,242,162,404,119,15,10,139,253,29,52,37,49,49,32,63,20,18,5.0,11,14,7,8,8,16,8,-4,-5,-3,23,13,-4,1,8,-9,0,-4,-2,2,3.0,-3,-3,-2,0
2023,2023-04-01,R3,Regular,3.0,Sydney Showground,Greater Western Sydney,Carlton,1,9,10,64,74,-10,23,213,167,380,87,8,11,122,241,33,54,52,53,55,17,66,18,17,8.0,6,9,5,235,162,397,97,14,10,147,239,38,61,43,39,54,46,56,17,18,3.0,5,9,12,-22,5,-17,-10,-6,1,-25,2,-5,-7,9,14,1,-29,10,1,-1,5.0,1,0,-7,0
2023,2023-04-01,R3,Regular,3.0,York Park,Hawthorn,North Melbourne,1,11,14,80,61,19,23,275,149,424,140,8,14,141,290,43,56,34,54,50,32,67,20,17,7.0,8,11,13,201,141,342,89,11,11,122,208,24,44,44,47,37,32,57,17,20,8.0,6,9,5,74,8,82,51,-3,3,19,82,19,12,-10,7,13,0,10,3,-3,-1.0,2,2,8,0
2023,2023-04-01,R3,Regular,3.0,York Park,North Melbourne,Hawthorn,0,9,7,61,80,-19,23,201,141,342,89,11,11,122,208,24,44,44,47,37,32,57,17,20,8.0,6,9,5,275,149,424,140,8,14,141,290,43,56,34,54,50,32,67,20,17,7.0,8,11,13,-74,-8,-82,-51,3,-3,-19,-82,-19,-12,10,-7,-13,0,-10,-3,3,1.0,-2,-2,-8,0
2023,2023-04-01,R3,Regular,3.0,Adelaide Oval,Port Adelaide,Adelaide,1,13,8,86,117,-31,23,188,109,297,63,8,9,124,161,48,49,40,76,51,38,59,29,22,2.0,10,13,6,212,120,332,88,9,13,146,183,39,59,36,59,49,45,60,22,29,1.0,13,18,8,-24,-11,-35,-25,-1,-4,-22,-22,9,-10,4,17,2,-7,-1,7,-7,1.0,-3,-5,-2,0
2023,2023-04-01,R3,Regular,3.0,M.C.G.,St Kilda,Essendon,1,14,8,92,74,18,23,242,162,404,119,15,10,139,253,29,52,37,49,49,32,63,20,18,5.0,11,14,7,250,170,420,127,11,5,136,276,42,48,38,57,40,32,59,18,20,8.0,8,11,5,-8,-8,-16,-8,4,5,3,-23,-13,4,-1,-8,9,0,4,2,-2,-3.0,3,3,2,0
2023,2023-04-02,R3,Regular,3.0,Perth Stadium,Fremantle,West Coast,1,16,12,108,67,41,23,193,169,362,80,9,16,130,226,40,63,44,65,46,69,54,18,21,5.0,14,16,8,213,164,377,84,10,11,142,235,34,54,47,56,37,16,50,21,17,4.0,9,9,13,-20,5,-15,-4,-1,5,-12,-9,6,9,-3,9,9,53,4,-3,4,1.0,5,7,-5,0
2023,2023-04-02,R3,Regular,3.0,Carrara,Geelong,Gold Coast,0,7,12,54,73,-19,23,220,127,347,114,14,16,121,219,23,52,39,55,33,27,69,14,15,9.0,5,7,9,210,135,345,83,15,12,145,191,39,49,45,53,49,38,71,15,14,6.0,7,10,13,10,-8,2,31,-1,4,-24,28,-16,3,-6,2,-16,-11,-2,-1,1,3.0,-2,-3,-4,0
2023,2023-04-02,R3,Regular,3.0,Carrara,Gold Coast,Geelong,1,10,13,73,54,19,23,210,135,345,83,15,12,145,191,39,49,45,53,49,38,71,15,14,6.0,7,10,13,220,127,347,114,14,16,121,219,23,52,39,55,33,27,69,14,15,9.0,5,7,9,-10,8,-2,-31,1,-4,24,-28,16,-3,6,-2,16,11,2,1,-1,-3.0,2,3,4,0
2023,2023-04-02,R3,Regular,3.0,M.C.G.,Melbourne,Sydney,1,21,8,134,84,50,23,214,149,363,92,11,12,141,220,34,60,39,47,39,29,49,18,16,1.0,14,21,7,188,137,325,94,7,12,107,212,32,52,38,45,45,22,59,16,18,6.0,8,12,9,26,12,38,-2,4,0,34,8,2,8,1,2,-6,7,-10,2,-2,-5.0,6,9,-2,0
2023,2023-04-02,R3,Regular,3.0,M.C.G.,Sydney,Melbourne,0,12,12,84,134,-50,23,188,137,325,94,7,12,107,212,32,52,38,45,45,22,59,16,18,6.0,8,12,9,214,149,363,92,11,12,141,220,34,60,39,47,39,29,49,18,16,1.0,14,21,7,-26,-12,-38,2,-4,0,-34,-8,-2,-8,-1,-2,6,-7,10,-2,2,5.0,-6,-9,2,0
2023,2023-04-02,R3,Regular,3.0,Perth Stadium,West Coast,Fremantle,0,9,13,67,108,-41,23,213,164,377,84,10,11,142,235,34,54,47,56,37,16,50,21,17,4.0,9,9,13,193,169,362,80,9,16,130,226,40,63,44,65,46,69,54,18,21,5.0,14,16,8,20,-5,15,4,1,-5,12,9,-6,-9,3,-9,-9,-53,-4,3,-4,-1.0,-5,-7,5,0
2023,2023-04-06,R4,Regular,4.0,Gabba,Brisbane Lions,Collingwood,1,18,8,116,83,33,23,215,129,344,87,7,16,137,190,46,54,44,43,46,47,71,19,22,0.0,12,18,7,197,170,367,86,10,10,136,232,37,57,35,65,47,23,57,22,17,8.0,5,11,14,18,-41,-23,1,-3,6,1,-42,9,-3,9,-22,-1,24,14,-3,5,-8.0,7,7,-7,0
2023,2023-04-06,R4,Regular,4.0,Gabba,Collingwood,Brisbane Lions,0,11,17,83,116,-33,23,197,170,367,86,10,10,136,232,37,57,35,65,47,23,57,22,17,8.0,5,11,14,215,129,344,87,7,16,137,190,46,54,44,43,46,47,71,19,22,0.0,12,18,7,-18,41,23,-1,3,-6,-1,42,-9,3,-9,22,1,-24,-14,3,-5,8.0,-7,-7,7,0
2023,2023-04-07,R4,Regular,4.0,Docklands,Carlton,North Melbourne,0,16,11,107,84,23,23,239,141,380,117,14,12,132,240,30,52,42,52,48,36,60,21,20,1.0,8,16,8,203,189,392,74,6,9,134,249,41,54,36,44,52,32,61,20,21,7.0,8,11,11,36,-48,-12,43,8,3,-2,-9,-11,-2,6,8,-4,4,-1,1,-1,-6.0,0,5,-3,0
2023,2023-04-07,R4,Regular,4.0,Docklands,North Melbourne,Carlton,1,11,18,84,107,-23,23,203,189,392,74,6,9,134,249,41,54,36,44,52,32,61,20,21,7.0,8,11,11,239,141,380,117,14,12,132,240,30,52,42,52,48,36,60,21,20,1.0,8,16,8,-36,48,12,-43,-8,-3,2,9,11,2,-6,-8,4,-4,1,-1,1,6.0,0,-5,3,0
2023,2023-04-08,R4,Regular,4.0,Adelaide Oval,Adelaide,Fremantle,1,17,9,111,72,39,23,222,158,380,87,11,12,151,224,35,51,41,55,53,34,63,22,28,3.0,12,17,7,179,155,334,61,11,6,137,189,44,51,33,67,52,46,50,28,21,4.0,5,10,7,43,3,46,26,0,6,14,35,-9,0,8,-12,1,-12,13,-6,7,-1.0,7,7,0,0
2023,2023-04-08,R4,Regular,4.0,Adelaide Oval,Fremantle,Adelaide,0,10,12,72,111,-39,23,179,155,334,61,11,6,137,189,44,51,33,67,52,46,50,28,21,4.0,5,10,7,222,158,380,87,11,12,151,224,35,51,41,55,53,34,63,22,28,3.0,12,17,7,-43,-3,-46,-26,0,-6,-14,-35,9,0,-8,12,-1,12,-13,6,-7,1.0,-7,-7,0,0
2023,2023-04-08,R4,Regular,4.0,Docklands,Gold Coast,St Kilda,0,8,12,60,113,-53,23,222,125,347,71,12,3,163,183,45,51,46,75,61,46,71,19,18,2.0,4,8,10,266,201,467,117,16,15,166,291,35,64,43,60,55,37,64,18,19,15.0,13,17,7,-44,-76,-120,-46,-4,-12,-3,-108,10,-13,3,15,6,9,7,1,-1,-13.0,-9,-9,3,0
2023,2023-04-08,R4,Regular,4.0,S.C.G.,Port Adelaide,Sydney,0,9,12,66,64,2,23,197,139,336,66,14,9,149,184,41,45,55,63,46,27,67,23,32,10.0,5,9,10,206,140,346,73,9,9,139,196,36,67,36,68,43,34,51,32,23,7.0,6,9,10,-9,-1,-10,-7,5,0,10,-12,5,-22,19,-5,3,-7,16,-9,9,3.0,-1,0,0,0
2023,2023-04-08,R4,Regular,4.0,M.C.G.,Richmond,Western Bulldogs,1,12,12,84,89,-5,23,218,174,392,72,8,8,145,232,26,47,51,80,64,45,77,17,20,1.0,8,12,8,239,125,364,93,6,9,140,210,42,64,35,66,73,30,63,20,17,4.0,5,12,10,-21,49,28,-21,2,-1,5,22,-16,-17,16,14,-9,15,14,-3,3,-3.0,3,0,-2,0
2023,2023-04-08,R4,Regular,4.0,Docklands,St Kilda,Gold Coast,1,17,11,113,60,53,23,266,201,467,117,16,15,166,291,35,64,43,60,55,37,64,18,19,15.0,13,17,7,222,125,347,71,12,3,163,183,45,51,46,75,61,46,71,19,18,2.0,4,8,10,44,76,120,46,4,12,3,108,-10,13,-3,-15,-6,-9,-7,-1,1,13.0,9,9,-3,0
2023,2023-04-08,R4,Regular,4.0,S.C.G.,Sydney,Port Adelaide,1,9,10,64,66,-2,23,206,140,346,73,9,9,139,196,36,67,36,68,43,34,51,32,23,7.0,6,9,10,197,139,336,66,14,9,149,184,41,45,55,63,46,27,67,23,32,10.0,5,9,10,9,1,10,7,-5,0,-10,12,-5,22,-19,5,-3,7,-16,9,-9,-3.0,1,0,0,0
2023,2023-04-08,R4,Regular,4.0,M.C.G.,Western Bulldogs,Richmond,0,12,17,89,84,5,23,239,125,364,93,6,9,140,210,42,64,35,66,73,30,63,20,17,4.0,5,12,10,218,174,392,72,8,8,145,232,26,47,51,80,64,45,77,17,20,1.0,8,12,8,21,-49,-28,21,-2,1,-5,-22,16,17,-16,-14,9,-15,-14,3,-3,3.0,-3,0,2,0
2023,2023-04-09,R4,Regular,4.0,Docklands,Essendon,Greater Western Sydney,1,11,22,88,75,13,23,223,158,381,86,14,11,148,231,34,61,38,55,66,41,42,11,6,9.0,10,11,19,235,158,393,111,11,13,129,247,34,50,49,46,58,25,56,6,11,7.0,9,11,8,-12,0,-12,-25,3,-2,19,-16,0,11,-11,9,8,16,-14,5,-5,2.0,1,0,11,0
2023,2023-04-09,R4,Regular,4.0,Docklands,Greater Western Sydney,Essendon,0,11,9,75,88,-13,23,235,158,393,111,11,13,129,247,34,50,49,46,58,25,56,6,11,7.0,9,11,8,223,158,381,86,14,11,148,231,34,61,38,55,66,41,42,11,6,9.0,10,11,19,12,0,12,25,-3,2,-19,16,0,-11,11,-9,-8,-16,14,-5,5,-2.0,-1,0,-11,0
2023,2023-04-09,R4,Regular,4.0,Perth Stadium,Melbourne,West Coast,0,19,12,126,63,63,23,230,185,415,95,8,16,153,257,37,58,28,79,49,48,57,22,16,5.0,18,19,11,179,157,336,75,4,8,132,206,31,38,38,68,39,26,63,16,22,5.0,7,9,7,51,28,79,20,4,8,21,51,6,20,-10,11,10,22,-6,6,-6,0.0,11,10,4,0
2023,2023-04-09,R4,Regular,4.0,Perth Stadium,West Coast,Melbourne,1,9,9,63,126,-63,23,179,157,336,75,4,8,132,206,31,38,38,68,39,26,63,16,22,5.0,7,9,7,230,185,415,95,8,16,153,257,37,58,28,79,49,48,57,22,16,5.0,18,19,11,-51,-28,-79,-20,-4,-8,-21,-51,-6,-20,10,-11,-10,-22,6,-6,6,0.0,-11,-10,-4,0
2023,2023-04-10,R4,Regular,4.0,M.C.G.,Geelong,Hawthorn,1,19,13,127,45,82,23,247,144,391,116,4,18,130,248,35,62,32,59,54,35,60,26,18,4.0,13,19,11,191,121,312,69,6,8,122,180,35,38,42,61,28,38,63,18,26,0.0,5,6,8,56,23,79,47,-2,10,8,68,0,24,-10,-2,26,-3,-3,8,-8,4.0,8,13,3,0
2023,2023-04-10,R4,Regular,4.0,M.C.G.,Hawthorn,Geelong,0,6,9,45,127,-82,23,191,121,312,69,6,8,122,180,35,38,42,61,28,38,63,18,26,0.0,5,6,8,247,144,391,116,4,18,130,248,35,62,32,59,54,35,60,26,18,4.0,13,19,11,-56,-23,-79,-47,2,-10,-8,-68,0,-24,10,2,-26,3,3,-8,8,-4.0,-8,-13,-3,0
2023,2023-04-13,R5,Regular,5.0,Adelaide Oval,Adelaide,Carlton,1,18,10,118,62,56,23,242,156,398,116,19,20,156,240,37,51,43,57,52,55,57,22,22,3.0,15,18,10,183,137,320,71,14,7,130,181,42,53,32,75,47,29,50,22,22,3.0,6,9,4,59,19,78,45,5,13,26,59,-5,-2,11,-18,5,26,7,0,0,0.0,9,9,6,0
2023,2023-04-13,R5,Regular,5.0,Adelaide Oval,Carlton,Adelaide,0,9,8,62,118,-56,23,183,137,320,71,14,7,130,181,42,53,32,75,47,29,50,22,22,3.0,6,9,4,242,156,398,116,19,20,156,240,37,51,43,57,52,55,57,22,22,3.0,15,18,10,-59,-19,-78,-45,-5,-13,-26,-59,5,2,-11,18,-5,-26,-7,0,0,0.0,-9,-9,-6,0
2023,2023-04-14,R5,Regular,5.0,Norwood Oval,Fremantle,Gold Coast,1,15,10,100,90,10,23,196,142,338,77,17,17,119,213,45,48,32,55,39,58,41,13,15,2.0,13,15,9,209,79,288,96,17,14,122,158,33,45,31,62,41,24,40,15,13,5.0,9,13,11,-13,63,50,-19,0,3,-3,55,12,3,1,-7,-2,34,1,-2,2,-3.0,4,2,-2,0
2023,2023-04-14,R5,Regular,5.0,Norwood Oval,Gold Coast,Fremantle,0,13,12,90,100,-10,23,209,79,288,96,17,14,122,158,33,45,31,62,41,24,40,15,13,5.0,9,13,11,196,142,338,77,17,17,119,213,45,48,32,55,39,58,41,13,15,2.0,13,15,9,13,-63,-50,19,0,-3,3,-55,-12,-3,-1,7,2,-34,-1,2,-2,3.0,-4,-2,2,0
2023,2023-04-14,R5,Regular,5.0,Adelaide Oval,Richmond,Sydney,1,11,12,78,122,-44,23,217,164,381,85,11,12,139,235,36,56,46,48,55,32,76,15,16,3.0,6,11,8,238,129,367,88,10,10,148,209,42,64,43,53,47,33,60,17,15,12.0,12,18,10,-21,35,14,-3,1,2,-9,26,-6,-8,3,-5,8,-1,16,-2,1,-9.0,-6,-7,-2,0
2023,2023-04-14,R5,Regular,5.0,Adelaide Oval,Sydney,Richmond,0,18,14,122,78,44,23,238,129,367,88,10,10,148,209,42,64,43,53,47,33,60,17,15,12.0,12,18,10,217,164,381,85,11,12,139,235,36,56,46,48,55,32,76,15,16,3.0,6,11,8,21,-35,-14,3,-1,-2,9,-26,6,8,-3,5,-8,1,-16,2,-1,9.0,6,7,2,0
2023,2023-04-15,R5,Regular,5.0,Summit Sports Park,Brisbane Lions,North Melbourne,1,22,20,152,77,75,23,246,133,379,118,17,33,141,242,37,66,28,41,37,30,53,21,14,2.0,20,22,17,179,163,342,77,8,9,119,211,34,42,42,40,34,38,65,14,21,6.0,8,12,4,67,-30,37,41,9,24,22,31,3,24,-14,1,3,-8,-12,7,-7,-4.0,12,10,13,0
2023,2023-04-15,R5,Regular,5.0,Adelaide Oval,Essendon,Melbourne,1,15,14,104,77,27,23,225,155,380,89,11,15,157,214,33,57,43,71,58,39,57,19,23,2.0,9,15,11,206,159,365,71,7,9,152,209,43,55,41,55,42,31,59,23,19,7.0,6,11,10,19,-4,15,18,4,6,5,5,-10,2,2,16,16,8,-2,-4,4,-5.0,3,4,1,0
2023,2023-04-15,R5,Regular,5.0,Adelaide Oval,Melbourne,Essendon,0,11,11,77,104,-27,23,206,159,365,71,7,9,152,209,43,55,41,55,42,31,59,23,19,7.0,6,11,10,225,155,380,89,11,15,157,214,33,57,43,71,58,39,57,19,23,2.0,9,15,11,-19,4,-15,-18,-4,-6,-5,-5,10,-2,-2,-16,-16,-8,2,4,-4,5.0,-3,-4,-1,0
2023,2023-04-15,R5,Regular,5.0,Summit Sports Park,North Melbourne,Brisbane Lions,0,12,5,77,152,-75,23,179,163,342,77,8,9,119,211,34,42,42,40,34,38,65,14,21,6.0,8,12,4,246,133,379,118,17,33,141,242,37,66,28,41,37,30,53,21,14,2.0,20,22,17,-67,30,-37,-41,-9,-24,-22,-31,-3,-24,14,-1,-3,8,12,-7,7,4.0,-12,-10,-13,0
2023,2023-04-15,R5,Regular,5.0,Adelaide Oval,Port Adelaide,Western Bulldogs,1,10,10,70,56,14,23,217,106,323,70,8,8,152,166,39,57,41,75,70,37,69,23,24,2.0,4,10,8,204,149,353,70,7,8,144,207,40,51,46,58,60,43,63,24,23,0.0,6,8,5,13,-43,-30,0,1,0,8,-41,-1,6,-5,17,10,-6,6,-1,1,2.0,-2,2,3,0
2023,2023-04-15,R5,Regular,5.0,Adelaide Oval,Western Bulldogs,Port Adelaide,0,8,8,56,70,-14,23,204,149,353,70,7,8,144,207,40,51,46,58,60,43,63,24,23,0.0,6,8,5,217,106,323,70,8,8,152,166,39,57,41,75,70,37,69,23,24,2.0,4,10,8,-13,43,30,0,-1,0,-8,41,1,-6,5,-17,-10,6,-6,1,-1,-2.0,2,-2,-3,0
2023,2023-04-16,R5,Regular,5.0,Adelaide Oval,Collingwood,St Kilda,1,10,10,70,64,6,23,226,166,392,99,11,10,126,256,31,64,40,60,57,31,49,15,10,5.0,10,10,7,228,180,408,103,15,8,147,256,37,50,52,45,41,37,61,10,15,2.0,7,9,10,-2,-14,-16,-4,-4,2,-21,0,-6,14,-12,15,16,-6,-12,5,-5,3.0,3,1,-3,0
2023,2023-04-16,R5,Regular,5.0,Adelaide Oval,Geelong,West Coast,1,21,10,136,89,47,23,210,148,358,95,9,24,132,207,51,63,35,65,41,62,64,14,22,6.0,18,21,7,175,148,323,71,9,13,123,190,31,48,41,65,30,31,60,22,14,6.0,10,13,7,35,0,35,24,0,11,9,17,20,15,-6,0,11,31,4,-8,8,0.0,8,8,0,0
2023,2023-04-16,R5,Regular,5.0,Norwood Oval,Greater Western Sydney,Hawthorn,1,10,17,77,75,2,23,213,175,388,97,14,12,142,234,31,52,42,79,58,37,61,17,18,2.0,7,10,13,201,178,379,69,13,10,153,218,40,53,41,64,45,47,67,18,17,3.0,9,11,7,12,-3,9,28,1,2,-11,16,-9,-1,1,15,13,-10,-6,-1,1,-1.0,-2,-1,6,0
2023,2023-04-16,R5,Regular,5.0,Norwood Oval,Hawthorn,Greater Western Sydney,0,11,9,75,77,-2,23,201,178,379,69,13,10,153,218,40,53,41,64,45,47,67,18,17,3.0,9,11,7,213,175,388,97,14,12,142,234,31,52,42,79,58,37,61,17,18,2.0,7,10,13,-12,3,-9,-28,-1,-2,11,-16,9,1,-1,-15,-13,10,6,1,-1,1.0,2,1,-6,0
2023,2023-04-16,R5,Regular,5.0,Adelaide Oval,St Kilda,Collingwood,0,9,10,64,70,-6,23,228,180,408,103,15,8,147,256,37,50,52,45,41,37,61,10,15,2.0,7,9,10,226,166,392,99,11,10,126,256,31,64,40,60,57,31,49,15,10,5.0,10,10,7,2,14,16,4,4,-2,21,0,6,-14,12,-15,-16,6,12,-5,5,-3.0,-3,-1,3,0
2023,2023-04-16,R5,Regular,5.0,Adelaide Oval,West Coast,Geelong,0,13,11,89,136,-47,23,175,148,323,71,9,13,123,190,31,48,41,65,30,31,60,22,14,6.0,10,13,7,210,148,358,95,9,24,132,207,51,63,35,65,41,62,64,14,22,6.0,18,21,7,-35,0,-35,-24,0,-11,-9,-17,-20,-15,6,0,-11,-31,-4,8,-8,0.0,-8,-8,0,0
2023,2023-04-21,R6,Regular,6.0,Perth Stadium,Fremantle,Western Bulldogs,1,10,9,69,118,-49,23,186,151,337,76,12,8,129,203,42,44,42,57,48,62,43,15,18,4.0,7,10,7,207,166,373,81,14,16,154,223,43,60,34,58,55,42,41,18,15,10.0,9,17,14,-21,-15,-36,-5,-2,-8,-25,-20,-1,-16,8,-1,-7,20,2,-3,3,-6.0,-2,-7,-7,0
2023,2023-04-21,R6,Regular,6.0,Perth Stadium,Western Bulldogs,Fremantle,0,17,16,118,69,49,23,207,166,373,81,14,16,154,223,43,60,34,58,55,42,41,18,15,10.0,9,17,14,186,151,337,76,12,8,129,203,42,44,42,57,48,62,43,15,18,4.0,7,10,7,21,15,36,5,2,8,25,20,1,16,-8,1,7,-20,-2,3,-3,6.0,2,7,7,0
2023,2023-04-22,R6,Regular,6.0,Manuka Oval,Brisbane Lions,Greater Western Sydney,0,16,12,108,87,21,23,208,109,317,84,15,15,149,164,41,59,38,49,41,41,40,17,10,2.0,9,16,11,220,194,414,79,9,12,157,257,34,51,43,57,46,44,55,10,17,4.0,10,13,8,-12,-85,-97,5,6,3,-8,-93,7,8,-5,-8,-5,-3,-15,7,-7,-2.0,-1,3,3,0
2023,2023-04-22,R6,Regular,6.0,Kardinia Park,Geelong,Sydney,1,20,10,130,37,93,23,210,150,360,91,14,22,139,213,36,53,34,59,34,27,57,25,20,4.0,17,20,9,185,99,284,76,7,5,119,165,35,40,34,72,53,36,72,20,25,2.0,2,5,6,25,51,76,15,7,17,20,48,1,13,0,-13,-19,-9,-15,5,-5,2.0,15,15,3,0
2023,2023-04-22,R6,Regular,6.0,Manuka Oval,Greater Western Sydney,Brisbane Lions,1,13,9,87,108,-21,23,220,194,414,79,9,12,157,257,34,51,43,57,46,44,55,10,17,4.0,10,13,8,208,109,317,84,15,15,149,164,41,59,38,49,41,41,40,17,10,2.0,9,16,11,12,85,97,-5,-6,-3,8,93,-7,-8,5,8,5,3,15,-7,7,2.0,1,-3,-3,0
2023,2023-04-22,R6,Regular,6.0,Adelaide Oval,Port Adelaide,West Coast,1,16,13,109,69,40,23,203,139,342,81,10,14,133,201,41,59,36,68,47,40,62,21,23,0.0,13,16,12,196,184,380,89,12,11,130,240,42,48,42,64,34,42,48,23,21,4.0,3,10,6,7,-45,-38,-8,-2,3,3,-39,-1,11,-6,4,13,-2,14,-2,2,-4.0,10,6,6,0
2023,2023-04-22,R6,Regular,6.0,Kardinia Park,Sydney,Geelong,0,5,7,37,130,-93,23,185,99,284,76,7,5,119,165,35,40,34,72,53,36,72,20,25,2.0,2,5,6,210,150,360,91,14,22,139,213,36,53,34,59,34,27,57,25,20,4.0,17,20,9,-25,-51,-76,-15,-7,-17,-20,-48,-1,-13,0,13,19,9,15,-5,5,-2.0,-15,-15,-3,0
2023,2023-04-22,R6,Regular,6.0,Adelaide Oval,West Coast,Port Adelaide,0,10,9,69,109,-40,23,196,184,380,89,12,11,130,240,42,48,42,64,34,42,48,23,21,4.0,3,10,6,203,139,342,81,10,14,133,201,41,59,36,68,47,40,62,21,23,0.0,13,16,12,-7,45,38,8,2,-3,-3,39,1,-11,6,-4,-13,2,-14,2,-2,4.0,-10,-6,-6,0
2023,2023-04-23,R6,Regular,6.0,York Park,Adelaide,Hawthorn,0,11,13,79,76,3,23,205,150,355,79,7,14,145,206,47,53,34,75,43,45,63,20,19,3.0,8,11,8,185,167,352,78,8,7,134,212,38,47,42,88,42,52,54,19,20,6.0,9,11,9,20,-17,3,1,-1,7,11,-6,9,6,-8,-13,1,-7,9,1,-1,-3.0,-1,0,-1,0
2023,2023-04-23,R6,Regular,6.0,Docklands,Carlton,St Kilda,1,8,12,60,82,-22,23,256,190,446,140,14,9,140,304,31,52,44,47,46,36,59,20,14,0.0,4,8,11,220,140,360,101,8,12,120,231,32,56,43,46,39,30,52,14,20,2.0,8,12,7,36,50,86,39,6,-3,20,73,-1,-4,1,1,7,6,7,6,-6,-2.0,-4,-4,4,0
2023,2023-04-23,R6,Regular,6.0,Carrara,Gold Coast,North Melbourne,1,14,13,97,54,43,23,256,114,370,135,12,20,133,238,34,51,42,52,34,27,53,17,16,1.0,10,14,12,188,118,306,69,9,6,128,167,31,50,36,48,41,34,54,16,17,4.0,5,7,12,68,-4,64,66,3,14,5,71,3,1,6,4,-7,-7,-1,1,-1,-3.0,5,7,0,0
2023,2023-04-23,R6,Regular,6.0,York Park,Hawthorn,Adelaide,1,11,10,76,79,-3,23,185,167,352,78,8,7,134,212,38,47,42,88,42,52,54,19,20,6.0,9,11,9,205,150,355,79,7,14,145,206,47,53,34,75,43,45,63,20,19,3.0,8,11,8,-20,17,-3,-1,1,-7,-11,6,-9,-6,8,13,-1,7,-9,-1,1,3.0,1,0,1,0
2023,2023-04-23,R6,Regular,6.0,Carrara,North Melbourne,Gold Coast,0,7,12,54,97,-43,23,188,118,306,69,9,6,128,167,31,50,36,48,41,34,54,16,17,4.0,5,7,12,256,114,370,135,12,20,133,238,34,51,42,52,34,27,53,17,16,1.0,10,14,12,-68,4,-64,-66,-3,-14,-5,-71,-3,-1,-6,-4,7,7,1,-1,1,3.0,-5,-7,0,0
2023,2023-04-23,R6,Regular,6.0,Docklands,St Kilda,Carlton,0,12,10,82,60,22,23,220,140,360,101,8,12,120,231,32,56,43,46,39,30,52,14,20,2.0,8,12,7,256,190,446,140,14,9,140,304,31,52,44,47,46,36,59,20,14,0.0,4,8,11,-36,-50,-86,-39,-6,3,-20,-73,1,4,-1,-1,-7,-6,-7,-6,6,2.0,4,4,-4,0
2023,2023-04-24,R6,Regular,6.0,M.C.G.,Melbourne,Richmond,1,15,6,96,78,18,23,215,166,381,103,18,13,135,249,35,53,48,41,37,31,75,23,27,2.0,8,15,6,213,136,349,81,8,11,144,204,29,61,37,51,58,23,76,27,23,5.0,7,11,11,2,30,32,22,10,2,-9,45,6,-8,11,-10,-21,8,-1,-4,4,-3.0,1,4,-5,0
2023,2023-04-24,R6,Regular,6.0,M.C.G.,Richmond,Melbourne,0,11,12,78,96,-18,23,213,136,349,81,8,11,144,204,29,61,37,51,58,23,76,27,23,5.0,7,11,11,215,166,381,103,18,13,135,249,35,53,48,41,37,31,75,23,27,2.0,8,15,6,-2,-30,-32,-22,-10,-2,9,-45,-6,8,-11,10,21,-8,1,4,-4,3.0,-1,-4,5,0
2023,2023-04-25,R6,Regular,6.0,M.C.G.,Collingwood,Essendon,1,13,12,90,77,13,23,225,168,393,110,9,13,142,257,36,64,34,44,50,29,56,10,19,9.0,10,13,8,176,150,326,69,10,7,121,194,35,45,50,56,41,50,40,19,10,5.0,8,11,10,49,18,67,41,-1,6,21,63,1,19,-16,-12,9,-21,16,-9,9,4.0,2,2,-2,0
2023,2023-04-25,R6,Regular,6.0,M.C.G.,Essendon,Collingwood,0,11,11,77,90,-13,23,176,150,326,69,10,7,121,194,35,45,50,56,41,50,40,19,10,5.0,8,11,10,225,168,393,110,9,13,142,257,36,64,34,44,50,29,56,10,19,9.0,10,13,8,-49,-18,-67,-41,1,-6,-21,-63,-1,-19,16,12,-9,21,-16,9,-9,-4.0,-2,-2,2,0
2023,2023-04-28,R7,Regular,7.0,Docklands,Port Adelaide,St Kilda,0,12,11,83,76,7,23,202,150,352,78,5,11,153,212,32,49,42,82,59,25,74,14,28,0.0,8,12,9,238,154,392,95,8,9,154,233,37,54,37,67,50,38,63,28,14,7.0,9,11,7,-36,-4,-40,-17,-3,2,-1,-21,-5,-5,5,15,9,-13,11,-14,14,-7.0,-1,1,2,0
2023,2023-04-28,R7,Regular,7.0,Docklands,St Kilda,Port Adelaide,1,11,10,76,83,-7,23,238,154,392,95,8,9,154,233,37,54,37,67,50,38,63,28,14,7.0,9,11,7,202,150,352,78,5,11,153,212,32,49,42,82,59,25,74,14,28,0.0,8,12,9,36,4,40,17,3,-2,1,21,5,5,-5,-15,-9,13,-11,14,-14,7.0,1,-1,-2,0
2023,2023-04-29,R7,Regular,7.0,Gabba,Brisbane Lions,Fremantle,1,17,13,115,67,48,23,240,133,373,112,8,16,157,216,46,62,32,58,47,31,67,13,18,1.0,11,17,10,187,194,381,78,12,7,136,242,28,42,44,57,47,46,64,18,13,10.0,7,10,6,53,-61,-8,34,-4,9,21,-26,18,20,-12,1,0,-15,3,-5,5,-9.0,4,7,4,0
2023,2023-04-29,R7,Regular,7.0,Perth Stadium,Carlton,West Coast,0,23,14,152,44,108,23,261,191,452,137,14,29,138,307,43,56,28,83,46,50,38,14,15,6.0,19,23,12,156,129,285,57,2,4,115,159,38,34,33,64,37,34,44,16,14,6.0,6,6,6,105,62,167,80,12,25,23,148,5,22,-5,19,9,16,-6,-2,1,0.0,13,17,6,0
2023,2023-04-29,R7,Regular,7.0,Gabba,Fremantle,Brisbane Lions,0,10,7,67,115,-48,23,187,194,381,78,12,7,136,242,28,42,44,57,47,46,64,18,13,10.0,7,10,6,240,133,373,112,8,16,157,216,46,62,32,58,47,31,67,13,18,1.0,11,17,10,-53,61,8,-34,4,-9,-21,26,-18,-20,12,-1,0,15,-3,5,-5,9.0,-4,-7,-4,0
2023,2023-04-29,R7,Regular,7.0,S.C.G.,Greater Western Sydney,Sydney,0,17,5,107,106,1,23,217,168,385,82,8,7,137,234,37,48,47,78,62,34,66,17,20,2.0,13,17,2,218,135,353,74,14,12,160,191,45,63,30,57,59,50,64,20,17,2.0,10,16,7,-1,33,32,8,-6,-5,-23,43,-8,-15,17,21,3,-16,2,-3,3,0.0,3,1,-5,0
2023,2023-04-29,R7,Regular,7.0,Docklands,Hawthorn,Western Bulldogs,0,9,11,65,94,-29,23,219,176,395,103,8,14,138,247,38,47,44,54,36,52,64,11,19,7.0,7,9,9,204,159,363,97,5,12,120,245,36,58,36,59,41,37,45,19,11,12.0,11,14,10,15,17,32,6,3,2,18,2,2,-11,8,-5,-5,15,19,-8,8,-5.0,-4,-5,-1,0
2023,2023-04-29,R7,Regular,7.0,M.C.G.,Melbourne,North Melbourne,1,22,7,139,49,90,23,228,191,419,95,14,16,149,269,39,64,43,53,55,48,54,19,18,2.0,14,22,3,228,127,355,124,9,9,117,237,36,51,42,46,51,25,56,18,19,9.0,5,7,5,0,64,64,-29,5,7,32,32,3,13,1,7,4,23,-2,1,-1,-7.0,9,15,-2,0
2023,2023-04-29,R7,Regular,7.0,M.C.G.,North Melbourne,Melbourne,0,7,7,49,139,-90,23,228,127,355,124,9,9,117,237,36,51,42,46,51,25,56,18,19,9.0,5,7,5,228,191,419,95,14,16,149,269,39,64,43,53,55,48,54,19,18,2.0,14,22,3,0,-64,-64,29,-5,-7,-32,-32,-3,-13,-1,-7,-4,-23,2,-1,1,7.0,-9,-15,2,0
2023,2023-04-29,R7,Regular,7.0,S.C.G.,Sydney,Greater Western Sydney,1,16,10,106,107,-1,23,218,135,353,74,14,12,160,191,45,63,30,57,59,50,64,20,17,2.0,10,16,7,217,168,385,82,8,7,137,234,37,48,47,78,62,34,66,17,20,2.0,13,17,2,1,-33,-32,-8,6,5,23,-43,8,15,-17,-21,-3,16,-2,3,-3,0.0,-3,-1,5,0
2023,2023-04-29,R7,Regular,7.0,Perth Stadium,West Coast,Carlton,1,6,8,44,152,-108,23,156,129,285,57,2,4,115,159,38,34,33,64,37,34,44,16,14,6.0,6,6,6,261,191,452,137,14,29,138,307,43,56,28,83,46,50,38,14,15,6.0,19,23,12,-105,-62,-167,-80,-12,-25,-23,-148,-5,-22,5,-19,-9,-16,6,2,-1,0.0,-13,-17,-6,0
2023,2023-04-29,R7,Regular,7.0,Docklands,Western Bulldogs,Hawthorn,1,14,10,94,65,29,23,204,159,363,97,5,12,120,245,36,58,36,59,41,37,45,19,11,12.0,11,14,10,219,176,395,103,8,14,138,247,38,47,44,54,36,52,64,11,19,7.0,7,9,9,-15,-17,-32,-6,-3,-2,-18,-2,-2,11,-8,5,5,-15,-19,8,-8,5.0,4,5,1,0
2023,2023-04-30,R7,Regular,7.0,Adelaide Oval,Adelaide,Collingwood,1,7,16,58,59,-1,23,228,139,367,105,17,9,143,211,25,52,38,56,49,52,72,28,18,3.0,3,7,13,208,147,355,72,4,7,143,199,46,46,44,74,60,27,93,18,28,7.0,2,8,4,20,-8,12,33,13,2,0,12,-21,6,-6,-18,-11,25,-21,10,-10,-4.0,1,-1,9,0
2023,2023-04-30,R7,Regular,7.0,Adelaide Oval,Collingwood,Adelaide,0,8,11,59,58,1,23,208,147,355,72,4,7,143,199,46,46,44,74,60,27,93,18,28,7.0,2,8,4,228,139,367,105,17,9,143,211,25,52,38,56,49,52,72,28,18,3.0,3,7,13,-20,8,-12,-33,-13,-2,0,-12,21,-6,6,18,11,-25,21,-10,10,4.0,-1,1,-9,0
2023,2023-04-30,R7,Regular,7.0,M.C.G.,Essendon,Geelong,1,16,8,104,132,-28,23,196,166,362,73,3,12,140,225,38,47,43,52,51,48,60,18,16,5.0,12,16,6,216,130,346,99,12,19,151,202,46,64,30,43,45,36,49,16,18,4.0,18,20,8,-20,36,16,-26,-9,-7,-11,23,-8,-17,13,9,6,12,11,2,-2,1.0,-6,-4,-2,0
2023,2023-04-30,R7,Regular,7.0,M.C.G.,Geelong,Essendon,0,20,12,132,104,28,23,216,130,346,99,12,19,151,202,46,64,30,43,45,36,49,16,18,4.0,18,20,8,196,166,362,73,3,12,140,225,38,47,43,52,51,48,60,18,16,5.0,12,16,6,20,-36,-16,26,9,7,11,-23,8,17,-13,-9,-6,-12,-11,-2,2,-1.0,6,4,2,0
2023,2023-04-30,R7,Regular,7.0,Docklands,Gold Coast,Richmond,0,11,6,72,48,24,23,254,126,380,135,7,9,120,252,40,53,46,64,38,42,58,18,16,9.0,5,11,5,200,139,339,96,9,11,130,210,43,53,41,46,49,29,57,16,18,12.0,4,6,9,54,-13,41,39,-2,-2,-10,42,-3,0,5,18,-11,13,1,2,-2,-3.0,1,5,-4,0
2023,2023-04-30,R7,Regular,7.0,Docklands,Richmond,Gold Coast,1,6,12,48,72,-24,23,200,139,339,96,9,11,130,210,43,53,41,46,49,29,57,16,18,12.0,4,6,9,254,126,380,135,7,9,120,252,40,53,46,64,38,42,58,18,16,9.0,5,11,5,-54,13,-41,-39,2,2,10,-42,3,0,-5,-18,11,-13,-1,-2,2,3.0,-1,-5,4,0
2023,2023-05-05,R8,Regular,8.0,Docklands,Brisbane Lions,Carlton,0,15,10,100,74,26,23,229,109,338,97,9,12,130,203,43,47,36,75,54,31,63,24,21,0.0,10,15,6,226,169,395,100,13,8,155,253,42,47,31,71,51,54,70,21,23,4.0,9,11,5,3,-60,-57,-3,-4,4,-25,-50,1,0,5,4,3,-23,-7,3,-2,-4.0,1,4,1,0
2023,2023-05-05,R8,Regular,8.0,Docklands,Carlton,Brisbane Lions,1,11,8,74,100,-26,23,226,169,395,100,13,8,155,253,42,47,31,71,51,54,70,21,23,4.0,9,11,5,229,109,338,97,9,12,130,203,43,47,36,75,54,31,63,24,21,0.0,10,15,6,-3,60,57,3,4,-4,25,50,-1,0,-5,-4,-3,23,7,-3,2,4.0,-1,-4,-1,0
2023,2023-05-06,R8,Regular,8.0,Kardinia Park,Adelaide,Geelong,0,11,6,72,98,-26,23,189,144,333,76,11,13,129,192,37,46,39,64,44,49,56,21,20,2.0,7,11,4,203,132,335,90,17,12,145,186,42,53,34,70,40,50,44,20,21,2.0,10,14,11,-14,12,-2,-14,-6,1,-16,6,-5,-7,5,-6,4,-1,12,1,-1,0.0,-3,-3,-7,0
2023,2023-05-06,R8,Regular,8.0,Perth Stadium,Fremantle,Hawthorn,1,18,9,117,48,69,23,242,148,390,122,16,15,137,244,35,54,34,60,38,41,39,21,10,5.0,14,18,8,191,183,374,91,10,12,117,252,34,43,36,51,37,40,62,10,21,11.0,7,7,5,51,-35,16,31,6,3,20,-8,1,11,-2,9,1,1,-23,11,-11,-6.0,7,11,3,0
2023,2023-05-06,R8,Regular,8.0,Kardinia Park,Geelong,Adelaide,1,14,14,98,72,26,23,203,132,335,90,17,12,145,186,42,53,34,70,40,50,44,20,21,2.0,10,14,11,189,144,333,76,11,13,129,192,37,46,39,64,44,49,56,21,20,2.0,7,11,4,14,-12,2,14,6,-1,16,-6,5,7,-5,6,-4,1,-12,-1,1,0.0,3,3,7,0
2023,2023-05-06,R8,Regular,8.0,Carrara,Gold Coast,Melbourne,1,13,7,85,90,-5,23,227,121,348,94,11,12,149,188,43,45,48,44,39,37,70,23,23,7.0,10,13,6,177,146,323,66,10,11,122,195,36,61,30,66,42,37,53,23,23,1.0,7,13,10,50,-25,25,28,1,1,27,-7,7,-16,18,-22,-3,0,17,0,0,6.0,3,0,-4,0
2023,2023-05-06,R8,Regular,8.0,Manuka Oval,Greater Western Sydney,Western Bulldogs,1,10,11,71,86,-15,23,235,194,429,91,6,8,152,275,37,57,32,65,56,40,45,9,12,4.0,8,10,10,223,157,380,97,12,8,147,231,45,46,45,57,55,52,42,12,9,3.0,10,13,5,12,37,49,-6,-6,0,5,44,-8,11,-13,8,1,-12,3,-3,3,1.0,-2,-3,5,0
2023,2023-05-06,R8,Regular,8.0,Perth Stadium,Hawthorn,Fremantle,0,7,6,48,117,-69,23,191,183,374,91,10,12,117,252,34,43,36,51,37,40,62,10,21,11.0,7,7,5,242,148,390,122,16,15,137,244,35,54,34,60,38,41,39,21,10,5.0,14,18,8,-51,35,-16,-31,-6,-3,-20,8,-1,-11,2,-9,-1,-1,23,-11,11,6.0,-7,-11,-3,0
2023,2023-05-06,R8,Regular,8.0,Carrara,Melbourne,Gold Coast,0,13,12,90,85,5,23,177,146,323,66,10,11,122,195,36,61,30,66,42,37,53,23,23,1.0,7,13,10,227,121,348,94,11,12,149,188,43,45,48,44,39,37,70,23,23,7.0,10,13,6,-50,25,-25,-28,-1,-1,-27,7,-7,16,-18,22,3,0,-17,0,0,-6.0,-3,0,4,0
2023,2023-05-06,R8,Regular,8.0,M.C.G.,Richmond,West Coast,1,15,14,104,58,46,23,217,160,377,83,12,15,153,226,37,65,34,59,60,51,66,17,16,10.0,13,15,8,216,142,358,97,10,9,130,224,45,43,46,55,45,30,63,16,17,7.0,4,8,5,1,18,19,-14,2,6,23,2,-8,22,-12,4,15,21,3,1,-1,3.0,9,7,3,0
2023,2023-05-06,R8,Regular,8.0,M.C.G.,West Coast,Richmond,0,8,10,58,104,-46,23,216,142,358,97,10,9,130,224,45,43,46,55,45,30,63,16,17,7.0,4,8,5,217,160,377,83,12,15,153,226,37,65,34,59,60,51,66,17,16,10.0,13,15,8,-1,-18,-19,14,-2,-6,-23,-2,8,-22,12,-4,-15,-21,-3,-1,1,-3.0,-9,-7,-3,0
2023,2023-05-06,R8,Regular,8.0,Manuka Oval,Western Bulldogs,Greater Western Sydney,0,13,8,86,71,15,23,223,157,380,97,12,8,147,231,45,46,45,57,55,52,42,12,9,3.0,10,13,5,235,194,429,91,6,8,152,275,37,57,32,65,56,40,45,9,12,4.0,8,10,10,-12,-37,-49,6,6,0,-5,-44,8,-11,13,-8,-1,12,-3,3,-3,-1.0,2,3,-5,0
2023,2023-05-07,R8,Regular,8.0,M.C.G.,Collingwood,Sydney,1,11,11,77,48,29,23,222,132,354,72,9,13,138,195,35,56,37,52,52,46,44,24,10,2.0,5,11,9,246,186,432,132,12,12,129,294,30,44,44,55,45,19,73,10,24,6.0,3,6,11,-24,-54,-78,-60,-3,1,9,-99,5,12,-7,-3,7,27,-29,14,-14,-4.0,2,5,-2,0
2023,2023-05-07,R8,Regular,8.0,Adelaide Oval,Essendon,Port Adelaide,0,13,9,87,92,-5,23,198,162,360,73,7,11,129,203,35,47,52,62,36,45,56,12,16,9.0,12,13,7,221,140,361,101,22,17,146,207,35,65,33,55,50,23,48,16,12,7.0,8,12,17,-23,22,-1,-28,-15,-6,-17,-4,0,-18,19,7,-14,22,8,-4,4,2.0,4,1,-10,0
2023,2023-05-07,R8,Regular,8.0,Docklands,North Melbourne,St Kilda,1,4,10,34,64,-30,23,222,148,370,127,16,10,128,236,26,48,39,47,46,41,61,18,17,1.0,4,4,9,237,163,400,109,11,10,136,254,32,48,44,76,37,18,65,17,18,3.0,4,8,10,-15,-15,-30,18,5,0,-8,-18,-6,0,-5,-29,9,23,-4,1,-1,-2.0,0,-4,-1,0
2023,2023-05-07,R8,Regular,8.0,Adelaide Oval,Port Adelaide,Essendon,1,12,20,92,87,5,23,221,140,361,101,22,17,146,207,35,65,33,55,50,23,48,16,12,7.0,8,12,17,198,162,360,73,7,11,129,203,35,47,52,62,36,45,56,12,16,9.0,12,13,7,23,-22,1,28,15,6,17,4,0,18,-19,-7,14,-22,-8,4,-4,-2.0,-4,-1,10,0
2023,2023-05-07,R8,Regular,8.0,Docklands,St Kilda,North Melbourne,0,8,16,64,34,30,23,237,163,400,109,11,10,136,254,32,48,44,76,37,18,65,17,18,3.0,4,8,10,222,148,370,127,16,10,128,236,26,48,39,47,46,41,61,18,17,1.0,4,4,9,15,15,30,-18,-5,0,8,18,6,0,5,29,-9,-23,4,-1,1,2.0,0,4,1,0
2023,2023-05-07,R8,Regular,8.0,M.C.G.,Sydney,Collingwood,0,6,12,48,77,-29,23,246,186,432,132,12,12,129,294,30,44,44,55,45,19,73,10,24,6.0,3,6,11,222,132,354,72,9,13,138,195,35,56,37,52,52,46,44,24,10,2.0,5,11,9,24,54,78,60,3,-1,-9,99,-5,-12,7,3,-7,-27,29,-14,14,4.0,-2,-5,2,0
2023,2023-05-12,R9,Regular,9.0,M.C.G.,Geelong,Richmond,0,11,12,78,102,-24,23,217,140,357,94,13,15,148,208,47,57,40,46,42,43,74,14,21,6.0,9,11,9,234,108,342,103,10,13,129,204,32,56,46,62,59,38,66,21,14,5.0,11,16,4,-17,32,15,-9,3,2,19,4,15,1,-6,-16,-17,5,8,-7,7,1.0,-2,-5,5,0
2023,2023-05-12,R9,Regular,9.0,Perth Stadium,Gold Coast,West Coast,0,16,17,113,43,70,23,210,120,330,91,19,15,150,176,41,63,25,67,63,52,53,14,22,10.0,9,16,13,172,121,293,75,8,7,116,172,30,31,47,83,55,40,51,22,14,7.0,3,6,4,38,-1,37,16,11,8,34,4,11,32,-22,-16,8,12,2,-8,8,3.0,6,10,9,0
2023,2023-05-12,R9,Regular,9.0,M.C.G.,Richmond,Geelong,1,16,6,102,78,24,23,234,108,342,103,10,13,129,204,32,56,46,62,59,38,66,21,14,5.0,11,16,4,217,140,357,94,13,15,148,208,47,57,40,46,42,43,74,14,21,6.0,9,11,9,17,-32,-15,9,-3,-2,-19,-4,-15,-1,6,16,17,-5,-8,7,-7,-1.0,2,5,-5,0
2023,2023-05-12,R9,Regular,9.0,Perth Stadium,West Coast,Gold Coast,1,6,7,43,113,-70,23,172,121,293,75,8,7,116,172,30,31,47,83,55,40,51,22,14,7.0,3,6,4,210,120,330,91,19,15,150,176,41,63,25,67,63,52,53,14,22,10.0,9,16,13,-38,1,-37,-16,-11,-8,-34,-4,-11,-32,22,16,-8,-12,-2,8,-8,-3.0,-6,-10,-9,0
2023,2023-05-13,R9,Regular,9.0,Gabba,Brisbane Lions,Essendon,1,12,15,87,45,42,23,251,125,376,128,19,17,133,241,32,69,31,42,47,26,51,18,12,3.0,10,12,12,214,122,336,96,6,8,104,214,33,38,57,50,30,40,65,12,18,9.0,3,6,9,37,3,40,32,13,9,29,27,-1,31,-26,-8,17,-14,-14,6,-6,-6.0,7,6,3,0
2023,2023-05-13,R9,Regular,9.0,Docklands,Carlton,Western Bulldogs,1,8,11,59,79,-20,23,225,142,367,86,9,14,149,213,36,50,41,51,68,53,54,19,15,4.0,7,8,9,232,130,362,101,9,11,127,233,44,51,40,64,56,38,41,15,19,7.0,9,11,10,-7,12,5,-15,0,3,22,-20,-8,-1,1,-13,12,15,13,4,-4,-3.0,-2,-3,-1,0
2023,2023-05-13,R9,Regular,9.0,Gabba,Essendon,Brisbane Lions,0,6,9,45,87,-42,23,214,122,336,96,6,8,104,214,33,38,57,50,30,40,65,12,18,9.0,3,6,9,251,125,376,128,19,17,133,241,32,69,31,42,47,26,51,18,12,3.0,10,12,12,-37,-3,-40,-32,-13,-9,-29,-27,1,-31,26,8,-17,14,14,-6,6,6.0,-7,-6,-3,0
2023,2023-05-13,R9,Regular,9.0,S.C.G.,Fremantle,Sydney,0,16,7,103,86,17,23,221,139,360,94,16,12,158,203,49,60,31,72,33,55,59,26,23,3.0,10,16,5,201,143,344,90,11,6,143,208,36,43,45,64,57,29,56,23,26,7.0,5,13,5,20,-4,16,4,5,6,15,-5,13,17,-14,8,-24,26,3,3,-3,-4.0,5,3,0,0
2023,2023-05-13,R9,Regular,9.0,M.C.G.,Hawthorn,Melbourne,1,7,7,49,103,-54,23,181,205,386,72,8,5,133,249,33,41,49,58,49,23,58,14,10,11.0,5,7,4,224,165,389,105,10,21,147,243,32,66,33,52,51,38,52,10,14,1.0,11,15,8,-43,40,-3,-33,-2,-16,-14,6,1,-25,16,6,-2,-15,6,4,-4,10.0,-6,-8,-4,0
2023,2023-05-13,R9,Regular,9.0,M.C.G.,Melbourne,Hawthorn,0,15,13,103,49,54,23,224,165,389,105,10,21,147,243,32,66,33,52,51,38,52,10,14,1.0,11,15,8,181,205,386,72,8,5,133,249,33,41,49,58,49,23,58,14,10,11.0,5,7,4,43,-40,3,33,2,16,14,-6,-1,25,-16,-6,2,15,-6,-4,4,-10.0,6,8,4,0
2023,2023-05-13,R9,Regular,9.0,Bellerive Oval,North Melbourne,Port Adelaide,1,10,5,65,135,-70,23,189,158,347,76,8,9,139,201,41,41,38,62,43,63,62,17,21,1.0,9,10,3,191,138,329,75,10,10,134,192,43,59,30,77,41,24,36,21,17,4.0,11,20,11,-2,20,18,1,-2,-1,5,9,-2,-18,8,-15,2,39,26,-4,4,-3.0,-2,-10,-8,0
2023,2023-05-13,R9,Regular,9.0,Bellerive Oval,Port Adelaide,North Melbourne,0,20,15,135,65,70,23,191,138,329,75,10,10,134,192,43,59,30,77,41,24,36,21,17,4.0,11,20,11,189,158,347,76,8,9,139,201,41,41,38,62,43,63,62,17,21,1.0,9,10,3,2,-20,-18,-1,2,1,-5,-9,2,18,-8,15,-2,-39,-26,4,-4,3.0,2,10,8,0
2023,2023-05-13,R9,Regular,9.0,S.C.G.,Sydney,Fremantle,1,13,8,86,103,-17,23,201,143,344,90,11,6,143,208,36,43,45,64,57,29,56,23,26,7.0,5,13,5,221,139,360,94,16,12,158,203,49,60,31,72,33,55,59,26,23,3.0,10,16,5,-20,4,-16,-4,-5,-6,-15,5,-13,-17,14,-8,24,-26,-3,-3,3,4.0,-5,-3,0,0
2023,2023-05-13,R9,Regular,9.0,Docklands,Western Bulldogs,Carlton,0,11,13,79,59,20,23,232,130,362,101,9,11,127,233,44,51,40,64,56,38,41,15,19,7.0,9,11,10,225,142,367,86,9,14,149,213,36,50,41,51,68,53,54,19,15,4.0,7,8,9,7,-12,-5,15,0,-3,-22,20,8,1,-1,13,-12,-15,-13,-4,4,3.0,2,3,1,0
2023,2023-05-14,R9,Regular,9.0,Adelaide Oval,Adelaide,St Kilda,1,19,7,121,69,52,23,255,186,441,126,11,12,152,289,43,53,39,61,52,48,66,14,18,3.0,12,19,6,201,148,349,78,7,14,144,195,38,49,33,63,48,50,70,18,14,5.0,7,10,8,54,38,92,48,4,-2,8,94,5,4,6,-2,4,-2,-4,-4,4,-2.0,5,9,-2,0
2023,2023-05-14,R9,Regular,9.0,M.C.G.,Collingwood,Greater Western Sydney,1,18,12,120,55,65,23,221,182,403,101,12,16,125,259,30,51,40,63,41,28,57,17,14,7.0,14,18,9,203,199,402,95,6,11,130,267,33,49,32,29,50,28,64,14,17,3.0,7,7,11,18,-17,1,6,6,5,-5,-8,-3,2,8,34,-9,0,-7,3,-3,4.0,7,11,-2,0
2023,2023-05-14,R9,Regular,9.0,M.C.G.,Greater Western Sydney,Collingwood,0,7,13,55,120,-65,23,203,199,402,95,6,11,130,267,33,49,32,29,50,28,64,14,17,3.0,7,7,11,221,182,403,101,12,16,125,259,30,51,40,63,41,28,57,17,14,7.0,14,18,9,-18,17,-1,-6,-6,-5,5,8,3,-2,-8,-34,9,0,7,-3,3,-4.0,-7,-11,2,0
2023,2023-05-14,R9,Regular,9.0,Adelaide Oval,St Kilda,Adelaide,0,10,9,69,121,-52,23,201,148,349,78,7,14,144,195,38,49,33,63,48,50,70,18,14,5.0,7,10,8,255,186,441,126,11,12,152,289,43,53,39,61,52,48,66,14,18,3.0,12,19,6,-54,-38,-92,-48,-4,2,-8,-94,-5,-4,-6,2,-4,2,4,4,-4,2.0,-5,-9,2,0
2023,2023-05-19,R10,Regular,10.0,Adelaide Oval,Melbourne,Port Adelaide,0,11,10,76,80,-4,23,192,132,324,41,5,12,152,159,30,48,50,72,52,45,70,19,23,2.0,7,11,7,218,138,356,70,3,17,144,188,40,61,37,75,66,23,62,24,19,1.0,7,11,13,-26,-6,-32,-29,2,-5,8,-29,-10,-13,13,-3,-14,22,8,-5,4,1.0,0,0,-6,0
2023,2023-05-19,R10,Regular,10.0,Adelaide Oval,Port Adelaide,Melbourne,1,11,14,80,76,4,23,218,138,356,70,3,17,144,188,40,61,37,75,66,23,62,24,19,1.0,7,11,13,192,132,324,41,5,12,152,159,30,48,50,72,52,45,70,19,23,2.0,7,11,7,26,6,32,29,-2,5,-8,29,10,13,-13,3,14,-22,-8,5,-4,-1.0,0,0,6,0
2023,2023-05-20,R10,Regular,10.0,Eureka Stadium,Adelaide,Western Bulldogs,0,5,10,40,85,-45,23,194,104,298,63,5,5,129,154,50,41,42,74,46,72,54,12,19,3.0,3,5,9,225,174,399,77,7,8,164,231,40,54,36,77,51,35,43,19,12,0.0,5,11,17,-31,-70,-101,-14,-2,-3,-35,-77,10,-13,6,-3,-5,37,11,-7,7,3.0,-2,-6,-8,0
2023,2023-05-20,R10,Regular,10.0,Gabba,Brisbane Lions,Gold Coast,1,16,11,107,64,43,23,253,118,371,127,11,13,140,228,40,60,29,54,49,36,54,20,15,3.0,11,16,9,210,97,307,95,17,8,119,171,38,39,44,61,38,54,57,16,20,6.0,4,9,8,43,21,64,32,-6,5,21,57,2,21,-15,-7,11,-18,-3,4,-5,-3.0,7,7,1,0
2023,2023-05-20,R10,Regular,10.0,M.C.G.,Essendon,Richmond,1,10,11,71,70,1,23,271,150,421,154,12,11,125,294,29,56,48,53,56,30,57,9,10,5.0,10,10,8,243,141,384,100,17,7,133,229,29,60,46,52,32,22,62,10,9,11.0,5,10,8,28,9,37,54,-5,4,-8,65,0,-4,2,1,24,8,-5,-1,1,-6.0,5,0,0,0
2023,2023-05-20,R10,Regular,10.0,Perth Stadium,Fremantle,Geelong,1,16,10,106,77,29,23,224,158,382,105,10,15,125,249,47,45,41,70,32,56,45,16,15,5.0,10,16,8,178,98,276,70,14,11,117,142,39,52,27,64,41,38,52,15,16,4.0,6,11,9,46,60,106,35,-4,4,8,107,8,-7,14,6,-9,18,-7,1,-1,1.0,4,5,-1,0
2023,2023-05-20,R10,Regular,10.0,Perth Stadium,Geelong,Fremantle,0,11,11,77,106,-29,23,178,98,276,70,14,11,117,142,39,52,27,64,41,38,52,15,16,4.0,6,11,9,224,158,382,105,10,15,125,249,47,45,41,70,32,56,45,16,15,5.0,10,16,8,-46,-60,-106,-35,4,-4,-8,-107,-8,7,-14,-6,9,-18,7,-1,1,-1.0,-4,-5,1,0
2023,2023-05-20,R10,Regular,10.0,Gabba,Gold Coast,Brisbane Lions,0,9,10,64,107,-43,23,210,97,307,95,17,8,119,171,38,39,44,61,38,54,57,16,20,6.0,4,9,8,253,118,371,127,11,13,140,228,40,60,29,54,49,36,54,20,15,3.0,11,16,9,-43,-21,-64,-32,6,-5,-21,-57,-2,-21,15,7,-11,18,3,-4,5,3.0,-7,-7,-1,0
2023,2023-05-20,R10,Regular,10.0,Docklands,North Melbourne,Sydney,1,14,6,90,93,-3,23,206,158,364,89,7,13,130,237,47,55,32,72,44,53,50,16,22,2.0,9,14,4,191,146,337,85,15,14,135,200,27,49,41,62,46,29,52,24,16,2.0,9,14,7,15,12,27,4,-8,-1,-5,37,20,6,-9,10,-2,24,-2,-8,6,0.0,0,0,-3,0
2023,2023-05-20,R10,Regular,10.0,M.C.G.,Richmond,Essendon,0,10,10,70,71,-1,23,243,141,384,100,17,7,133,229,29,60,46,52,32,22,62,10,9,11.0,5,10,8,271,150,421,154,12,11,125,294,29,56,48,53,56,30,57,9,10,5.0,10,10,8,-28,-9,-37,-54,5,-4,8,-65,0,4,-2,-1,-24,-8,5,1,-1,6.0,-5,0,0,0
2023,2023-05-20,R10,Regular,10.0,Docklands,Sydney,North Melbourne,0,14,9,93,90,3,23,191,146,337,85,15,14,135,200,27,49,41,62,46,29,52,24,16,2.0,9,14,7,206,158,364,89,7,13,130,237,47,55,32,72,44,53,50,16,22,2.0,9,14,4,-15,-12,-27,-4,8,1,5,-37,-20,-6,9,-10,2,-24,2,8,-6,0.0,0,0,3,0
2023,2023-05-20,R10,Regular,10.0,Eureka Stadium,Western Bulldogs,Adelaide,1,11,19,85,40,45,23,225,174,399,77,7,8,164,231,40,54,36,77,51,35,43,19,12,0.0,5,11,17,194,104,298,63,5,5,129,154,50,41,42,74,46,72,54,12,19,3.0,3,5,9,31,70,101,14,2,3,35,77,-10,13,-6,3,5,-37,-11,7,-7,-3.0,2,6,8,0
2023,2023-05-21,R10,Regular,10.0,M.C.G.,Carlton,Collingwood,1,7,15,57,85,-28,23,204,170,374,79,13,9,127,237,38,51,37,57,41,31,51,22,18,4.0,4,7,10,205,147,352,92,14,13,131,214,30,51,43,57,37,31,62,18,22,7.0,10,13,6,-1,23,22,-13,-1,-4,-4,23,8,0,-6,0,4,0,-11,4,-4,-3.0,-6,-6,4,0
2023,2023-05-21,R10,Regular,10.0,M.C.G.,Collingwood,Carlton,0,13,7,85,57,28,23,205,147,352,92,14,13,131,214,30,51,43,57,37,31,62,18,22,7.0,10,13,6,204,170,374,79,13,9,127,237,38,51,37,57,41,31,51,22,18,4.0,4,7,10,1,-23,-22,13,1,4,4,-23,-8,0,6,0,-4,0,11,-4,4,3.0,6,6,-4,0
2023,2023-05-21,R10,Regular,10.0,Sydney Showground,Greater Western Sydney,St Kilda,1,12,8,80,92,-12,23,181,172,353,62,12,13,143,206,42,49,45,67,50,31,63,14,18,0.0,9,12,6,242,162,404,113,12,17,158,246,30,59,35,61,49,40,54,18,14,4.0,11,13,8,-61,10,-51,-51,0,-4,-15,-40,12,-10,10,6,1,-9,9,-4,4,-4.0,-2,-1,-2,0
2023,2023-05-21,R10,Regular,10.0,York Park,Hawthorn,West Coast,1,22,10,142,26,116,23,233,215,448,105,10,18,154,299,44,70,25,90,35,64,61,15,17,14.0,17,22,7,180,131,311,83,8,1,120,187,37,29,47,82,39,34,65,17,15,1.0,3,4,2,53,84,137,22,2,17,34,112,7,41,-22,8,-4,30,-4,-2,2,13.0,14,18,5,0
2023,2023-05-21,R10,Regular,10.0,Sydney Showground,St Kilda,Greater Western Sydney,0,13,14,92,80,12,23,242,162,404,113,12,17,158,246,30,59,35,61,49,40,54,18,14,4.0,11,13,8,181,172,353,62,12,13,143,206,42,49,45,67,50,31,63,14,18,0.0,9,12,6,61,-10,51,51,0,4,15,40,-12,10,-10,-6,-1,9,-9,4,-4,4.0,2,1,2,0
2023,2023-05-21,R10,Regular,10.0,York Park,West Coast,Hawthorn,0,4,2,26,142,-116,23,180,131,311,83,8,1,120,187,37,29,47,82,39,34,65,17,15,1.0,3,4,2,233,215,448,105,10,18,154,299,44,70,25,90,35,64,61,15,17,14.0,17,22,7,-53,-84,-137,-22,-2,-17,-34,-112,-7,-41,22,-8,4,-30,4,2,-2,-13.0,-14,-18,-5,0
2023,2023-05-26,R11,Regular,11.0,S.C.G.,Carlton,Sydney,0,6,15,51,77,-26,23,218,151,369,94,17,11,144,219,37,59,41,65,40,38,47,18,13,11.0,5,6,9,231,151,382,87,16,11,143,223,31,52,51,73,54,32,57,13,18,7.0,9,11,8,-13,0,-13,7,1,0,1,-4,6,7,-10,-8,-14,6,-10,5,-5,4.0,-4,-5,1,0
2023,2023-05-26,R11,Regular,11.0,S.C.G.,Sydney,Carlton,1,11,11,77,51,26,23,231,151,382,87,16,11,143,223,31,52,51,73,54,32,57,13,18,7.0,9,11,8,218,151,369,94,17,11,144,219,37,59,41,65,40,38,47,18,13,11.0,5,6,9,13,0,13,-7,-1,0,-1,4,-6,-7,10,8,14,-6,10,-5,5,-4.0,4,5,-1,0
2023,2023-05-27,R11,Regular,11.0,Perth Stadium,Essendon,West Coast,0,14,12,96,46,50,23,238,152,390,133,17,15,129,261,26,46,41,45,37,19,41,16,17,8.0,8,14,10,205,162,367,116,7,12,104,254,28,48,32,42,32,37,52,17,16,5.0,6,6,7,33,-10,23,17,10,3,25,7,-2,-2,9,3,5,-18,-11,-1,1,3.0,2,8,3,0
2023,2023-05-27,R11,Regular,11.0,M.C.G.,Fremantle,Melbourne,0,12,7,79,72,7,23,225,160,385,92,13,10,141,234,39,52,47,73,54,28,58,13,15,6.0,8,12,6,177,146,323,63,14,11,157,172,37,58,39,75,43,56,55,15,13,5.0,6,10,10,48,14,62,29,-1,-1,-16,62,2,-6,8,-2,11,-28,3,-2,2,1.0,2,2,-4,0
2023,2023-05-27,R11,Regular,11.0,Kardinia Park,Geelong,Greater Western Sydney,1,10,14,74,81,-7,23,205,150,355,73,14,9,155,193,36,48,38,62,46,36,49,12,15,2.0,6,10,9,223,137,360,81,13,17,153,195,44,51,37,76,54,38,58,15,12,7.0,8,12,8,-18,13,-5,-8,1,-8,2,-2,-8,-3,1,-14,-8,-2,-9,-3,3,-5.0,-2,-2,1,0
2023,2023-05-27,R11,Regular,11.0,Marrara Oval,Gold Coast,Western Bulldogs,1,13,6,84,77,7,23,237,85,322,62,9,8,158,147,42,48,55,71,54,55,79,13,22,1.0,9,13,5,215,150,365,87,5,12,141,230,42,66,34,57,64,33,55,22,13,3.0,6,11,9,22,-65,-43,-25,4,-4,17,-83,0,-18,21,14,-10,22,24,-9,9,-2.0,3,2,-4,0
2023,2023-05-27,R11,Regular,11.0,Kardinia Park,Greater Western Sydney,Geelong,0,12,9,81,74,7,23,223,137,360,81,13,17,153,195,44,51,37,76,54,38,58,15,12,7.0,8,12,8,205,150,355,73,14,9,155,193,36,48,38,62,46,36,49,12,15,2.0,6,10,9,18,-13,5,8,-1,8,-2,2,8,3,-1,14,8,2,9,3,-3,5.0,2,2,-1,0
2023,2023-05-27,R11,Regular,11.0,Docklands,Hawthorn,St Kilda,0,12,16,88,78,10,23,210,214,424,106,15,18,130,296,31,58,30,40,41,42,54,16,21,16.0,11,12,14,224,131,355,100,9,10,117,220,33,43,44,53,36,18,57,21,16,3.0,8,12,4,-14,83,69,6,6,8,13,76,-2,15,-14,-13,5,24,-3,-5,5,13.0,3,0,10,0
2023,2023-05-27,R11,Regular,11.0,M.C.G.,Melbourne,Fremantle,1,10,12,72,79,-7,23,177,146,323,63,14,11,157,172,37,58,39,75,43,56,55,15,13,5.0,6,10,10,225,160,385,92,13,10,141,234,39,52,47,73,54,28,58,13,15,6.0,8,12,6,-48,-14,-62,-29,1,1,16,-62,-2,6,-8,2,-11,28,-3,2,-2,-1.0,-2,-2,4,0
2023,2023-05-27,R11,Regular,11.0,Docklands,St Kilda,Hawthorn,1,12,6,78,88,-10,23,224,131,355,100,9,10,117,220,33,43,44,53,36,18,57,21,16,3.0,8,12,4,210,214,424,106,15,18,130,296,31,58,30,40,41,42,54,16,21,16.0,11,12,14,14,-83,-69,-6,-6,-8,-13,-76,2,-15,14,13,-5,-24,3,5,-5,-13.0,-3,0,-10,0
2023,2023-05-27,R11,Regular,11.0,Perth Stadium,West Coast,Essendon,1,6,10,46,96,-50,23,205,162,367,116,7,12,104,254,28,48,32,42,32,37,52,17,16,5.0,6,6,7,238,152,390,133,17,15,129,261,26,46,41,45,37,19,41,16,17,8.0,8,14,10,-33,10,-23,-17,-10,-3,-25,-7,2,2,-9,-3,-5,18,11,1,-1,-3.0,-2,-8,-3,0
2023,2023-05-27,R11,Regular,11.0,Marrara Oval,Western Bulldogs,Gold Coast,0,11,11,77,84,-7,23,215,150,365,87,5,12,141,230,42,66,34,57,64,33,55,22,13,3.0,6,11,9,237,85,322,62,9,8,158,147,42,48,55,71,54,55,79,13,22,1.0,9,13,5,-22,65,43,25,-4,4,-17,83,0,18,-21,-14,10,-22,-24,9,-9,2.0,-3,-2,4,0
2023,2023-05-28,R11,Regular,11.0,Adelaide Oval,Adelaide,Brisbane Lions,1,14,11,95,78,17,23,215,141,356,58,7,8,149,190,51,47,54,88,57,58,68,16,21,3.0,11,14,7,207,110,317,47,7,5,157,145,57,66,33,72,62,57,59,21,15,0.0,6,10,13,8,31,39,11,0,3,-8,45,-6,-19,21,16,-5,1,9,-5,6,3.0,5,4,-6,0
2023,2023-05-28,R11,Regular,11.0,Adelaide Oval,Brisbane Lions,Adelaide,0,10,18,78,95,-17,23,207,110,317,47,7,5,157,145,57,66,33,72,62,57,59,21,15,0.0,6,10,13,215,141,356,58,7,8,149,190,51,47,54,88,57,58,68,16,21,3.0,11,14,7,-8,-31,-39,-11,0,-3,8,-45,6,19,-21,-16,5,-1,-9,5,-6,-3.0,-5,-4,6,0
2023,2023-05-28,R11,Regular,11.0,Docklands,Collingwood,North Melbourne,1,16,9,105,70,35,23,204,152,356,92,14,17,127,223,33,53,32,67,40,41,60,16,13,7.0,11,16,7,189,166,355,93,14,13,124,237,35,43,35,49,44,36,59,13,16,3.0,9,10,8,15,-14,1,-1,0,4,3,-14,-2,10,-3,18,-4,5,1,3,-3,4.0,2,6,-1,0
2023,2023-05-28,R11,Regular,11.0,Docklands,North Melbourne,Collingwood,0,10,10,70,105,-35,23,189,166,355,93,14,13,124,237,35,43,35,49,44,36,59,13,16,3.0,9,10,8,204,152,356,92,14,17,127,223,33,53,32,67,40,41,60,16,13,7.0,11,16,7,-15,14,-1,1,0,-4,-3,14,2,-10,3,-18,4,-5,-1,-3,3,-4.0,-2,-6,1,0
2023,2023-05-28,R11,Regular,11.0,M.C.G.,Port Adelaide,Richmond,0,10,17,77,67,10,23,224,123,347,80,9,11,150,191,37,67,36,39,57,30,72,23,14,8.0,8,10,12,204,154,358,71,10,13,131,214,29,45,56,57,78,37,72,14,23,12.0,9,9,12,20,-31,-11,9,-1,-2,19,-23,8,22,-20,-18,-21,-7,0,9,-9,-4.0,-1,1,0,0
2023,2023-05-28,R11,Regular,11.0,M.C.G.,Richmond,Port Adelaide,1,9,13,67,77,-10,23,204,154,358,71,10,13,131,214,29,45,56,57,78,37,72,14,23,12.0,9,9,12,224,123,347,80,9,11,150,191,37,67,36,39,57,30,72,23,14,8.0,8,10,12,-20,31,11,-9,1,2,-19,23,-8,-22,20,18,21,7,0,-9,9,4.0,1,-1,0,0
2023,2023-06-02,R12,Regular,12.0,M.C.G.,Carlton,Melbourne,0,6,8,44,61,-17,23,190,138,328,88,15,9,119,206,29,39,51,43,41,28,67,22,13,4.0,5,6,6,215,163,378,92,16,15,148,237,38,59,33,54,45,33,56,13,22,4.0,6,8,13,-25,-25,-50,-4,-1,-6,-29,-31,-9,-20,18,-11,-4,-5,11,9,-9,0.0,-1,-2,-7,0
2023,2023-06-02,R12,Regular,12.0,M.C.G.,Melbourne,Carlton,1,8,13,61,44,17,23,215,163,378,92,16,15,148,237,38,59,33,54,45,33,56,13,22,4.0,6,8,13,190,138,328,88,15,9,119,206,29,39,51,43,41,28,67,22,13,4.0,5,6,6,25,25,50,4,1,6,29,31,9,20,-18,11,4,5,-11,-9,9,0.0,1,2,7,0
2023,2023-06-03,R12,Regular,12.0,Marrara Oval,Adelaide,Gold Coast,0,13,9,87,112,-25,23,208,122,330,56,8,10,136,163,41,58,45,77,51,30,68,23,29,4.0,8,13,8,219,90,309,60,11,6,174,126,46,61,44,54,54,56,52,29,23,1.0,7,16,11,-11,32,21,-4,-3,4,-38,37,-5,-3,1,23,-3,-26,16,-6,6,3.0,1,-3,-3,0
2023,2023-06-03,R12,Regular,12.0,Perth Stadium,Collingwood,West Coast,0,18,12,120,57,63,23,209,130,339,95,13,14,124,203,33,56,45,67,50,52,62,22,24,11.0,14,18,8,224,168,392,107,11,5,132,249,43,55,37,48,29,23,70,24,22,4.0,7,8,6,-15,-38,-53,-12,2,9,-8,-46,-10,1,8,19,21,29,-8,-2,2,7.0,7,10,2,0
2023,2023-06-03,R12,Regular,12.0,Docklands,Geelong,Western Bulldogs,0,15,7,97,75,22,23,207,117,324,90,5,14,116,195,35,47,40,71,32,44,46,18,12,11.0,11,15,5,229,171,400,111,13,15,136,267,37,51,32,83,50,42,57,12,18,6.0,10,10,14,-22,-54,-76,-21,-8,-1,-20,-72,-2,-4,8,-12,-18,2,-11,6,-6,5.0,1,5,-9,0
2023,2023-06-03,R12,Regular,12.0,Marrara Oval,Gold Coast,Adelaide,1,16,16,112,87,25,23,219,90,309,60,11,6,174,126,46,61,44,54,54,56,52,29,23,1.0,7,16,11,208,122,330,56,8,10,136,163,41,58,45,77,51,30,68,23,29,4.0,8,13,8,11,-32,-21,4,3,-4,38,-37,5,3,-1,-23,3,26,-16,6,-6,-3.0,-1,3,3,0
2023,2023-06-03,R12,Regular,12.0,Adelaide Oval,Hawthorn,Port Adelaide,0,14,12,96,151,-55,23,204,205,409,81,14,15,149,253,33,52,49,42,42,39,44,17,14,16.0,11,14,10,230,126,356,99,13,15,135,215,42,71,37,60,59,25,45,14,17,4.0,18,23,12,-26,79,53,-18,1,0,14,38,-9,-19,12,-18,-17,14,-1,3,-3,12.0,-7,-9,-2,0
2023,2023-06-03,R12,Regular,12.0,Adelaide Oval,Port Adelaide,Hawthorn,1,23,13,151,96,55,23,230,126,356,99,13,15,135,215,42,71,37,60,59,25,45,14,17,4.0,18,23,12,204,205,409,81,14,15,149,253,33,52,49,42,42,39,44,17,14,16.0,11,14,10,26,-79,-53,18,-1,0,-14,-38,9,19,-12,18,17,-14,1,-3,3,-12.0,7,9,2,0
2023,2023-06-03,R12,Regular,12.0,Perth Stadium,West Coast,Collingwood,1,8,9,57,120,-63,23,224,168,392,107,11,5,132,249,43,55,37,48,29,23,70,24,22,4.0,7,8,6,209,130,339,95,13,14,124,203,33,56,45,67,50,52,62,22,24,11.0,14,18,8,15,38,53,12,-2,-9,8,46,10,-1,-8,-19,-21,-29,8,2,-2,-7.0,-7,-10,-2,0
2023,2023-06-03,R12,Regular,12.0,Docklands,Western Bulldogs,Geelong,1,10,15,75,97,-22,23,229,171,400,111,13,15,136,267,37,51,32,83,50,42,57,12,18,6.0,10,10,14,207,117,324,90,5,14,116,195,35,47,40,71,32,44,46,18,12,11.0,11,15,5,22,54,76,21,8,1,20,72,2,4,-8,12,18,-2,11,-6,6,-5.0,-1,-5,9,0
2023,2023-06-04,R12,Regular,12.0,Docklands,Essendon,North Melbourne,1,16,9,105,99,6,23,229,136,365,118,14,19,129,229,38,59,34,62,40,49,51,16,16,4.0,13,16,7,205,147,352,87,13,8,140,208,40,50,42,61,41,36,48,16,16,7.0,11,15,8,24,-11,13,31,1,11,-11,21,-2,9,-8,1,-1,13,3,0,0,-3.0,2,1,-1,0
2023,2023-06-04,R12,Regular,12.0,Sydney Showground,Greater Western Sydney,Richmond,1,15,14,104,110,-6,23,214,171,385,81,9,9,142,227,38,70,31,75,42,32,56,15,10,10.0,10,15,10,213,149,362,89,11,18,139,211,33,47,52,55,42,44,68,10,15,8.0,11,16,12,1,22,23,-8,-2,-9,3,16,5,23,-21,20,0,-12,-12,5,-5,2.0,-1,-1,-2,0
2023,2023-06-04,R12,Regular,12.0,Docklands,North Melbourne,Essendon,0,15,9,99,105,-6,23,205,147,352,87,13,8,140,208,40,50,42,61,41,36,48,16,16,7.0,11,15,8,229,136,365,118,14,19,129,229,38,59,34,62,40,49,51,16,16,4.0,13,16,7,-24,11,-13,-31,-1,-11,11,-21,2,-9,8,-1,1,-13,-3,0,0,3.0,-2,-1,1,0
2023,2023-06-04,R12,Regular,12.0,Sydney Showground,Richmond,Greater Western Sydney,0,16,14,110,104,6,23,213,149,362,89,11,18,139,211,33,47,52,55,42,44,68,10,15,8.0,11,16,12,214,171,385,81,9,9,142,227,38,70,31,75,42,32,56,15,10,10.0,10,15,10,-1,-22,-23,8,2,9,-3,-16,-5,-23,21,-20,0,12,12,-5,5,-2.0,1,1,2,0
2023,2023-06-08,R13,Regular,13.0,S.C.G.,St Kilda,Sydney,0,12,8,80,66,14,23,224,162,386,83,7,7,142,229,36,51,45,99,46,58,57,22,20,4.0,5,12,7,215,155,370,76,8,5,157,208,46,54,39,60,62,33,74,20,22,3.0,2,9,8,9,7,16,7,-1,2,-15,21,-10,-3,6,39,-16,25,-17,2,-2,1.0,3,3,-1,0
2023,2023-06-08,R13,Regular,13.0,S.C.G.,Sydney,St Kilda,1,9,12,66,80,-14,23,215,155,370,76,8,5,157,208,46,54,39,60,62,33,74,20,22,3.0,2,9,8,224,162,386,83,7,7,142,229,36,51,45,99,46,58,57,22,20,4.0,5,12,7,-9,-7,-16,-7,1,-2,15,-21,10,3,-6,-39,16,-25,17,-2,2,-1.0,-3,-3,1,0
2023,2023-06-09,R13,Regular,13.0,Docklands,Port Adelaide,Western Bulldogs,0,16,11,107,85,22,23,191,120,311,86,13,15,133,171,32,54,36,64,35,50,55,20,19,6.0,12,16,7,213,168,381,91,7,12,133,244,46,51,38,61,51,27,59,19,20,5.0,11,13,7,-22,-48,-70,-5,6,3,0,-73,-14,3,-2,3,-16,23,-4,1,-1,1.0,1,3,0,0
2023,2023-06-09,R13,Regular,13.0,Docklands,Western Bulldogs,Port Adelaide,1,13,7,85,107,-22,23,213,168,381,91,7,12,133,244,46,51,38,61,51,27,59,19,20,5.0,11,13,7,191,120,311,86,13,15,133,171,32,54,36,64,35,50,55,20,19,6.0,12,16,7,22,48,70,5,-6,-3,0,73,14,-3,2,-3,16,-23,4,-1,1,-1.0,-1,-3,0,0
2023,2023-06-10,R13,Regular,13.0,Adelaide Oval,Adelaide,West Coast,1,27,12,174,52,122,23,242,182,424,95,17,18,164,245,44,65,25,48,37,49,52,29,19,3.0,19,27,12,164,159,323,51,9,3,125,191,37,34,37,59,51,38,71,19,28,1.0,3,8,3,78,23,101,44,8,15,39,54,7,31,-12,-11,-14,11,-19,10,-9,2.0,16,19,9,0
2023,2023-06-10,R13,Regular,13.0,M.C.G.,Brisbane Lions,Hawthorn,0,11,7,73,98,-25,23,208,116,324,90,11,12,124,190,47,45,46,71,40,30,50,20,16,3.0,8,11,5,215,211,426,110,12,10,137,293,27,62,34,50,40,36,60,16,20,12.0,10,15,5,-7,-95,-102,-20,-1,2,-13,-103,20,-17,12,21,0,-6,-10,4,-4,-9.0,-2,-4,0,0
2023,2023-06-10,R13,Regular,13.0,Perth Stadium,Fremantle,Richmond,1,10,10,70,85,-15,23,199,145,344,74,9,9,137,202,40,52,45,76,62,40,47,18,7,1.0,4,10,7,228,155,383,81,10,9,150,212,47,57,41,71,51,62,64,7,18,10.0,6,12,6,-29,-10,-39,-7,-1,0,-13,-10,-7,-5,4,5,11,-22,-17,11,-11,-9.0,-2,-2,1,0
2023,2023-06-10,R13,Regular,13.0,M.C.G.,Hawthorn,Brisbane Lions,1,15,8,98,73,25,23,215,211,426,110,12,10,137,293,27,62,34,50,40,36,60,16,20,12.0,10,15,5,208,116,324,90,11,12,124,190,47,45,46,71,40,30,50,20,16,3.0,8,11,5,7,95,102,20,1,-2,13,103,-20,17,-12,-21,0,6,10,-4,4,9.0,2,4,0,0
2023,2023-06-10,R13,Regular,13.0,Perth Stadium,Richmond,Fremantle,0,12,13,85,70,15,23,228,155,383,81,10,9,150,212,47,57,41,71,51,62,64,7,18,10.0,6,12,6,199,145,344,74,9,9,137,202,40,52,45,76,62,40,47,18,7,1.0,4,10,7,29,10,39,7,1,0,13,10,7,5,-4,-5,-11,22,17,-11,11,9.0,2,2,-1,0
2023,2023-06-10,R13,Regular,13.0,Adelaide Oval,West Coast,Adelaide,0,8,4,52,174,-122,23,164,159,323,51,9,3,125,191,37,34,37,59,51,38,71,19,28,1.0,3,8,3,242,182,424,95,17,18,164,245,44,65,25,48,37,49,52,29,19,3.0,19,27,12,-78,-23,-101,-44,-8,-15,-39,-54,-7,-31,12,11,14,-11,19,-10,9,-2.0,-16,-19,-9,0
2023,2023-06-11,R13,Regular,13.0,M.C.G.,Carlton,Essendon,1,6,16,52,86,-34,23,201,187,388,78,5,9,129,260,26,56,28,33,38,29,68,18,32,6.0,4,6,12,219,149,368,103,2,11,112,245,29,41,47,64,52,29,50,32,18,7.0,8,13,7,-18,38,20,-25,3,-2,17,15,-3,15,-19,-31,-14,0,18,-14,14,-1.0,-4,-7,5,0
2023,2023-06-11,R13,Regular,13.0,M.C.G.,Essendon,Carlton,0,13,8,86,52,34,23,219,149,368,103,2,11,112,245,29,41,47,64,52,29,50,32,18,7.0,8,13,7,201,187,388,78,5,9,129,260,26,56,28,33,38,29,68,18,32,6.0,4,6,12,18,-38,-20,25,-3,2,-17,-15,3,-15,19,31,14,0,-18,14,-14,1.0,4,7,-5,0
2023,2023-06-11,R13,Regular,13.0,Bellerive Oval,Greater Western Sydney,North Melbourne,0,15,13,103,75,28,23,219,161,380,86,12,14,155,219,38,63,36,62,37,34,66,15,15,3.0,10,15,9,202,173,375,81,7,11,129,239,31,47,46,52,58,29,61,15,15,4.0,7,11,6,17,-12,5,5,5,3,26,-20,7,16,-10,10,-21,5,5,0,0,-1.0,3,4,3,0
2023,2023-06-11,R13,Regular,13.0,Bellerive Oval,North Melbourne,Greater Western Sydney,1,11,9,75,103,-28,23,202,173,375,81,7,11,129,239,31,47,46,52,58,29,61,15,15,4.0,7,11,6,219,161,380,86,12,14,155,219,38,63,36,62,37,34,66,15,15,3.0,10,15,9,-17,12,-5,-5,-5,-3,-26,20,-7,-16,10,-10,21,-5,-5,0,0,1.0,-3,-4,-3,0
2023,2023-06-12,R13,Regular,13.0,M.C.G.,Collingwood,Melbourne,0,9,8,62,66,-4,23,205,160,365,94,9,7,120,235,29,49,48,73,51,25,57,14,15,8.0,7,9,6,215,138,353,99,11,15,139,214,33,59,40,65,44,46,57,15,14,0.0,6,8,14,-10,22,12,-5,-2,-8,-19,21,-4,-10,8,8,7,-21,0,-1,1,8.0,1,1,-8,0
2023,2023-06-12,R13,Regular,13.0,M.C.G.,Melbourne,Collingwood,1,8,18,66,62,4,23,215,138,353,99,11,15,139,214,33,59,40,65,44,46,57,15,14,0.0,6,8,14,205,160,365,94,9,7,120,235,29,49,48,73,51,25,57,14,15,8.0,7,9,6,10,-22,-12,5,2,8,19,-21,4,10,-8,-8,-7,21,0,1,-1,-8.0,-1,-1,8,0
2023,2023-06-15,R14,Regular,14.0,Adelaide Oval,Geelong,Port Adelaide,0,11,6,72,110,-38,23,194,122,316,82,7,8,125,183,29,43,42,46,32,24,53,19,18,4.0,7,11,5,201,124,325,79,10,17,133,191,45,59,32,58,46,43,52,18,19,3.0,13,16,11,-7,-2,-9,3,-3,-9,-8,-8,-16,-16,10,-12,-14,-19,1,1,-1,1.0,-6,-5,-6,0
2023,2023-06-15,R14,Regular,14.0,Adelaide Oval,Port Adelaide,Geelong,1,16,14,110,72,38,23,201,124,325,79,10,17,133,191,45,59,32,58,46,43,52,18,19,3.0,13,16,11,194,122,316,82,7,8,125,183,29,43,42,46,32,24,53,19,18,4.0,7,11,5,7,2,9,-3,3,9,8,8,16,16,-10,12,14,19,-1,-1,1,-1.0,6,5,6,0
2023,2023-06-16,R14,Regular,14.0,Gabba,Brisbane Lions,Sydney,1,13,19,97,81,16,23,209,130,339,68,14,12,156,179,48,66,44,59,56,53,50,23,18,2.0,9,13,17,195,127,322,60,6,4,127,176,39,56,52,71,50,46,65,18,23,7.0,6,12,7,14,3,17,8,8,8,29,3,9,10,-8,-12,6,7,-15,5,-5,-5.0,3,1,10,0
2023,2023-06-16,R14,Regular,14.0,Gabba,Sydney,Brisbane Lions,0,12,9,81,97,-16,23,195,127,322,60,6,4,127,176,39,56,52,71,50,46,65,18,23,7.0,6,12,7,209,130,339,68,14,12,156,179,48,66,44,59,56,53,50,23,18,2.0,9,13,17,-14,-3,-17,-8,-8,-8,-29,-3,-9,-10,8,12,-6,-7,15,-5,5,5.0,-3,-1,-10,0
2023,2023-06-17,R14,Regular,14.0,Sydney Showground,Fremantle,Greater Western Sydney,0,5,6,36,106,-70,23,200,137,337,95,7,7,116,216,29,44,51,50,49,29,54,13,16,1.0,4,5,5,227,156,383,110,9,21,140,238,39,68,38,63,49,33,51,16,13,5.0,13,16,10,-27,-19,-46,-15,-2,-14,-24,-22,-10,-24,13,-13,0,-4,3,-3,3,-4.0,-9,-11,-5,0
2023,2023-06-17,R14,Regular,14.0,Sydney Showground,Greater Western Sydney,Fremantle,1,16,10,106,36,70,23,227,156,383,110,9,21,140,238,39,68,38,63,49,33,51,16,13,5.0,13,16,10,200,137,337,95,7,7,116,216,29,44,51,50,49,29,54,13,16,1.0,4,5,5,27,19,46,15,2,14,24,22,10,24,-13,13,0,4,-3,3,-3,4.0,9,11,5,0
2023,2023-06-17,R14,Regular,14.0,M.C.G.,Richmond,St Kilda,1,13,12,90,70,20,23,244,150,394,59,6,7,162,209,47,58,50,68,83,55,89,12,25,2.0,8,13,10,238,146,384,53,6,6,173,190,38,61,44,70,83,35,92,25,12,1.0,5,11,4,6,4,10,6,0,1,-11,19,9,-3,6,-2,0,20,-3,-13,13,1.0,3,2,6,0
2023,2023-06-17,R14,Regular,14.0,M.C.G.,St Kilda,Richmond,0,11,4,70,90,-20,23,238,146,384,53,6,6,173,190,38,61,44,70,83,35,92,25,12,1.0,5,11,4,244,150,394,59,6,7,162,209,47,58,50,68,83,55,89,12,25,2.0,8,13,10,-6,-4,-10,-6,0,-1,11,-19,-9,3,-6,2,0,-20,3,13,-13,-1.0,-3,-2,-6,0
2023,2023-06-18,R14,Regular,14.0,M.C.G.,Carlton,Gold Coast,1,18,12,120,61,59,23,221,157,378,95,12,13,135,232,45,54,43,69,47,32,53,21,19,10.0,16,18,9,208,101,309,83,9,10,132,167,33,51,36,51,51,49,51,19,21,2.0,5,8,9,13,56,69,12,3,3,3,65,12,3,7,18,-4,-17,2,2,-2,8.0,11,10,0,0
2023,2023-06-18,R14,Regular,14.0,M.C.G.,Gold Coast,Carlton,0,8,13,61,120,-59,23,208,101,309,83,9,10,132,167,33,51,36,51,51,49,51,19,21,2.0,5,8,9,221,157,378,95,12,13,135,232,45,54,43,69,47,32,53,21,19,10.0,16,18,9,-13,-56,-69,-12,-3,-3,-3,-65,-12,-3,-7,-18,4,17,-2,-2,2,-8.0,-11,-10,0,0
2023,2023-06-18,R14,Regular,14.0,Docklands,North Melbourne,Western Bulldogs,1,13,6,84,105,-21,23,181,148,329,73,14,12,127,199,38,36,53,48,53,52,57,13,19,3.0,10,13,4,204,165,369,84,12,20,142,233,42,72,23,76,53,40,43,19,13,0.0,15,15,11,-23,-17,-40,-11,2,-8,-15,-34,-4,-36,30,-28,0,12,14,-6,6,3.0,-5,-2,-7,0
2023,2023-06-18,R14,Regular,14.0,Docklands,Western Bulldogs,North Melbourne,0,15,15,105,84,21,23,204,165,369,84,12,20,142,233,42,72,23,76,53,40,43,19,13,0.0,15,15,11,181,148,329,73,14,12,127,199,38,36,53,48,53,52,57,13,19,3.0,10,13,4,23,17,40,11,-2,8,15,34,4,36,-30,28,0,-12,-14,6,-6,-3.0,5,2,7,0
2023,2023-06-22,R15,Regular,15.0,Kardinia Park,Geelong,Melbourne,1,11,12,78,63,15,23,237,105,342,71,12,12,149,170,35,53,44,70,57,31,75,21,22,2.0,7,11,10,207,158,365,63,10,8,160,199,47,52,41,75,65,47,67,22,21,4.0,6,8,10,30,-53,-23,8,2,4,-11,-29,-12,1,3,-5,-8,-16,8,-1,1,-2.0,1,3,0,0
2023,2023-06-22,R15,Regular,15.0,Kardinia Park,Melbourne,Geelong,0,8,15,63,78,-15,23,207,158,365,63,10,8,160,199,47,52,41,75,65,47,67,22,21,4.0,6,8,10,237,105,342,71,12,12,149,170,35,53,44,70,57,31,75,21,22,2.0,7,11,10,-30,53,23,-8,-2,-4,11,29,12,-1,-3,5,8,16,-8,1,-1,2.0,-1,-3,0,0
2023,2023-06-23,R15,Regular,15.0,Docklands,Brisbane Lions,St Kilda,0,12,12,84,56,28,23,230,103,333,124,14,18,127,209,39,54,35,56,57,38,47,14,19,5.0,9,12,8,208,148,356,88,6,10,135,216,31,43,41,77,43,34,56,19,14,2.0,6,8,7,22,-45,-23,36,8,8,-8,-7,8,11,-6,-21,14,4,-9,-5,5,3.0,3,4,1,0
2023,2023-06-23,R15,Regular,15.0,Docklands,St Kilda,Brisbane Lions,1,8,8,56,84,-28,23,208,148,356,88,6,10,135,216,31,43,41,77,43,34,56,19,14,2.0,6,8,7,230,103,333,124,14,18,127,209,39,54,35,56,57,38,47,14,19,5.0,9,12,8,-22,45,23,-36,-8,-8,8,7,-8,-11,6,21,-14,-4,9,5,-5,-3.0,-3,-4,-1,0
2023,2023-06-24,R15,Regular,15.0,Perth Stadium,Essendon,Fremantle,0,9,7,61,93,-32,23,208,154,362,102,12,12,125,227,31,42,37,45,33,39,51,15,18,5.0,8,9,7,226,136,362,113,10,14,128,232,34,52,31,56,48,31,45,18,15,3.0,8,14,7,-18,18,0,-11,2,-2,-3,-5,-3,-10,6,-11,-15,8,6,-3,3,2.0,0,-5,0,0
2023,2023-06-24,R15,Regular,15.0,Perth Stadium,Fremantle,Essendon,1,14,9,93,61,32,23,226,136,362,113,10,14,128,232,34,52,31,56,48,31,45,18,15,3.0,8,14,7,208,154,362,102,12,12,125,227,31,42,37,45,33,39,51,15,18,5.0,8,9,7,18,-18,0,11,-2,2,3,5,3,10,-6,11,15,-8,-6,3,-3,-2.0,0,5,0,0
2023,2023-06-24,R15,Regular,15.0,S.C.G.,Sydney,West Coast,1,31,19,205,34,171,23,231,209,440,95,19,29,162,282,47,77,29,61,41,53,41,20,12,17.0,24,31,18,155,145,300,64,6,3,107,186,37,34,46,58,37,41,45,12,18,4.0,4,5,3,76,64,140,31,13,26,55,96,10,43,-17,3,4,12,-4,8,-6,13.0,20,26,15,0
2023,2023-06-24,R15,Regular,15.0,S.C.G.,West Coast,Sydney,0,5,4,34,205,-171,23,155,145,300,64,6,3,107,186,37,34,46,58,37,41,45,12,18,4.0,4,5,3,231,209,440,95,19,29,162,282,47,77,29,61,41,53,41,20,12,17.0,24,31,18,-76,-64,-140,-31,-13,-26,-55,-96,-10,-43,17,-3,-4,-12,4,-8,6,-13.0,-20,-26,-15,0
2023,2023-06-25,R15,Regular,15.0,M.C.G.,Adelaide,Collingwood,0,11,14,80,82,-2,23,209,157,366,87,11,16,137,217,36,57,37,70,43,35,60,12,21,4.0,11,11,10,215,154,369,87,11,10,134,227,41,49,46,64,43,40,58,21,12,7.0,5,12,8,-6,3,-3,0,0,6,3,-10,-5,8,-9,6,0,-5,2,-9,9,-3.0,6,-1,2,0
2023,2023-06-25,R15,Regular,15.0,M.C.G.,Collingwood,Adelaide,1,12,10,82,80,2,23,215,154,369,87,11,10,134,227,41,49,46,64,43,40,58,21,12,7.0,5,12,8,209,157,366,87,11,16,137,217,36,57,37,70,43,35,60,12,21,4.0,11,11,10,6,-3,3,0,0,-6,-3,10,5,-8,9,-6,0,5,-2,9,-9,3.0,-6,1,-2,0
2023,2023-06-25,R15,Regular,15.0,Carrara,Gold Coast,Hawthorn,1,14,17,101,34,67,23,252,116,368,128,11,16,127,233,37,68,32,40,36,36,59,11,20,4.0,10,14,12,205,180,385,82,4,5,127,248,28,37,53,45,40,26,70,20,11,12.0,4,5,3,47,-64,-17,46,7,11,0,-15,9,31,-21,-5,-4,10,-11,-9,9,-8.0,6,9,9,0
2023,2023-06-25,R15,Regular,15.0,Carrara,Hawthorn,Gold Coast,0,5,4,34,101,-67,23,205,180,385,82,4,5,127,248,28,37,53,45,40,26,70,20,11,12.0,4,5,3,252,116,368,128,11,16,127,233,37,68,32,40,36,36,59,11,20,4.0,10,14,12,-47,64,17,-46,-7,-11,0,15,-9,-31,21,5,4,-10,11,9,-9,8.0,-6,-9,-9,0
2023,2023-06-29,R16,Regular,16.0,Gabba,Brisbane Lions,Richmond,1,20,14,134,53,81,23,248,132,380,112,12,21,138,237,46,68,31,43,42,38,43,14,12,9.0,14,20,10,181,121,302,83,11,13,112,184,22,38,47,53,42,40,64,12,14,11.0,5,7,7,67,11,78,29,1,8,26,53,24,30,-16,-10,0,-2,-21,2,-2,-2.0,9,13,3,0
2023,2023-06-29,R16,Regular,16.0,Gabba,Richmond,Brisbane Lions,0,7,11,53,134,-81,23,181,121,302,83,11,13,112,184,22,38,47,53,42,40,64,12,14,11.0,5,7,7,248,132,380,112,12,21,138,237,46,68,31,43,42,38,43,14,12,9.0,14,20,10,-67,-11,-78,-29,-1,-8,-26,-53,-24,-30,16,10,0,2,21,-2,2,2.0,-9,-13,-3,0
2023,2023-06-30,R16,Regular,16.0,S.C.G.,Geelong,Sydney,0,7,12,54,54,0,23,194,121,315,73,12,11,129,167,31,50,43,55,33,35,50,17,9,6.0,6,7,8,210,159,369,92,3,20,112,243,32,50,42,72,55,33,60,9,17,6.0,5,6,16,-16,-38,-54,-19,9,-9,17,-76,-1,0,1,-17,-22,2,-10,8,-8,0.0,1,1,-8,0
2023,2023-06-30,R16,Regular,16.0,S.C.G.,Sydney,Geelong,1,6,18,54,54,0,23,210,159,369,92,3,20,112,243,32,50,42,72,55,33,60,9,17,6.0,5,6,16,194,121,315,73,12,11,129,167,31,50,43,55,33,35,50,17,9,6.0,6,7,8,16,38,54,19,-9,9,-17,76,1,0,-1,17,22,-2,10,-8,8,0.0,-1,-1,8,0
2023,2023-07-01,R16,Regular,16.0,Adelaide Oval,Adelaide,North Melbourne,1,21,12,138,72,66,23,241,163,404,107,9,21,144,257,46,64,35,81,46,59,52,22,15,2.0,16,21,12,197,172,369,86,8,5,135,231,36,47,42,52,40,38,69,15,22,6.0,10,11,5,44,-9,35,21,1,16,9,26,10,17,-7,29,6,21,-17,7,-7,-4.0,6,10,7,0
2023,2023-07-01,R16,Regular,16.0,Carrara,Collingwood,Gold Coast,0,18,12,120,42,78,23,231,173,404,92,14,16,146,240,34,62,39,61,54,25,54,21,16,12.0,13,18,10,221,108,329,106,9,8,119,193,31,45,44,52,47,34,54,16,21,5.0,4,5,9,10,65,75,-14,5,8,27,47,3,17,-5,9,7,-9,0,5,-5,7.0,9,13,1,0
2023,2023-07-01,R16,Regular,16.0,M.C.G.,Essendon,Port Adelaide,1,10,14,74,78,-4,23,209,142,351,86,10,15,142,204,30,50,44,61,45,40,48,21,13,3.0,7,10,12,195,118,313,81,12,12,123,173,28,55,39,57,46,17,54,13,21,6.0,6,11,8,14,24,38,5,-2,3,19,31,2,-5,5,4,-1,23,-6,8,-8,-3.0,1,-1,4,0
2023,2023-07-01,R16,Regular,16.0,Docklands,Fremantle,Western Bulldogs,0,11,7,73,102,-29,23,229,176,405,104,12,13,139,258,34,46,36,73,44,59,61,14,15,2.0,10,11,4,182,134,316,70,17,12,131,181,47,52,35,87,51,43,46,15,14,1.0,12,16,5,47,42,89,34,-5,1,8,77,-13,-6,1,-14,-7,16,15,-1,1,1.0,-2,-5,-1,0
2023,2023-07-01,R16,Regular,16.0,Carrara,Gold Coast,Collingwood,1,5,12,42,120,-78,23,221,108,329,106,9,8,119,193,31,45,44,52,47,34,54,16,21,5.0,4,5,9,231,173,404,92,14,16,146,240,34,62,39,61,54,25,54,21,16,12.0,13,18,10,-10,-65,-75,14,-5,-8,-27,-47,-3,-17,5,-9,-7,9,0,-5,5,-7.0,-9,-13,-1,0
2023,2023-07-01,R16,Regular,16.0,Adelaide Oval,North Melbourne,Adelaide,0,11,6,72,138,-66,23,197,172,369,86,8,5,135,231,36,47,42,52,40,38,69,15,22,6.0,10,11,5,241,163,404,107,9,21,144,257,46,64,35,81,46,59,52,22,15,2.0,16,21,12,-44,9,-35,-21,-1,-16,-9,-26,-10,-17,7,-29,-6,-21,17,-7,7,4.0,-6,-10,-7,0
2023,2023-07-01,R16,Regular,16.0,M.C.G.,Port Adelaide,Essendon,0,11,12,78,74,4,23,195,118,313,81,12,12,123,173,28,55,39,57,46,17,54,13,21,6.0,6,11,8,209,142,351,86,10,15,142,204,30,50,44,61,45,40,48,21,13,3.0,7,10,12,-14,-24,-38,-5,2,-3,-19,-31,-2,5,-5,-4,1,-23,6,-8,8,3.0,-1,1,-4,0
2023,2023-07-01,R16,Regular,16.0,Docklands,Western Bulldogs,Fremantle,1,16,6,102,73,29,23,182,134,316,70,17,12,131,181,47,52,35,87,51,43,46,15,14,1.0,12,16,5,229,176,405,104,12,13,139,258,34,46,36,73,44,59,61,14,15,2.0,10,11,4,-47,-42,-89,-34,5,-1,-8,-77,13,6,-1,14,7,-16,-15,1,-1,-1.0,2,5,1,0
2023,2023-07-02,R16,Regular,16.0,M.C.G.,Carlton,Hawthorn,0,17,10,112,52,60,23,237,168,405,107,12,20,144,249,39,54,41,87,41,27,51,21,12,5.0,16,17,9,182,166,348,84,6,8,125,217,34,48,36,80,43,61,60,12,21,6.0,7,7,5,55,2,57,23,6,12,19,32,5,6,5,7,-2,-34,-9,9,-9,-1.0,9,10,4,0
2023,2023-07-02,R16,Regular,16.0,Traeger Park,Greater Western Sydney,Melbourne,0,7,5,47,45,2,23,220,152,372,65,4,3,143,220,28,46,67,72,94,24,85,10,25,6.0,3,7,4,258,181,439,68,6,5,187,241,48,73,37,57,52,34,74,25,10,1.0,3,5,14,-38,-29,-67,-3,-2,-2,-44,-21,-20,-27,30,15,42,-10,11,-15,15,5.0,0,2,-10,0
2023,2023-07-02,R16,Regular,16.0,M.C.G.,Hawthorn,Carlton,1,7,10,52,112,-60,23,182,166,348,84,6,8,125,217,34,48,36,80,43,61,60,12,21,6.0,7,7,5,237,168,405,107,12,20,144,249,39,54,41,87,41,27,51,21,12,5.0,16,17,9,-55,-2,-57,-23,-6,-12,-19,-32,-5,-6,-5,-7,2,34,9,-9,9,1.0,-9,-10,-4,0
2023,2023-07-02,R16,Regular,16.0,Traeger Park,Melbourne,Greater Western Sydney,1,5,15,45,47,-2,23,258,181,439,68,6,5,187,241,48,73,37,57,52,34,74,25,10,1.0,3,5,14,220,152,372,65,4,3,143,220,28,46,67,72,94,24,85,10,25,6.0,3,7,4,38,29,67,3,2,2,44,21,20,27,-30,-15,-42,10,-11,15,-15,-5.0,0,-2,10,0
2023,2023-07-02,R16,Regular,16.0,Perth Stadium,St Kilda,West Coast,0,12,13,85,77,8,23,212,159,371,87,13,8,150,221,43,50,26,72,34,44,47,14,16,3.0,4,12,11,218,138,356,117,11,9,115,230,37,39,37,92,33,46,47,16,14,5.0,8,12,4,-6,21,15,-30,2,-1,35,-9,6,11,-11,-20,1,-2,0,-2,2,-2.0,-4,0,7,0
2023,2023-07-02,R16,Regular,16.0,Perth Stadium,West Coast,St Kilda,1,12,5,77,85,-8,23,218,138,356,117,11,9,115,230,37,39,37,92,33,46,47,16,14,5.0,8,12,4,212,159,371,87,13,8,150,221,43,50,26,72,34,44,47,14,16,3.0,4,12,11,6,-21,-15,30,-2,1,-35,9,-6,-11,11,20,-1,2,0,2,-2,2.0,4,0,-7,0
2023,2023-07-06,R17,Regular,17.0,M.C.G.,Richmond,Sydney,1,12,16,88,75,13,23,208,139,347,67,10,16,141,198,47,57,38,63,66,49,64,19,20,3.0,8,12,14,198,157,355,78,11,12,132,211,31,49,44,72,36,33,67,20,19,5.0,10,11,7,10,-18,-8,-11,-1,4,9,-13,16,8,-6,-9,30,16,-3,-1,1,-2.0,-2,1,7,0
2023,2023-07-06,R17,Regular,17.0,M.C.G.,Sydney,Richmond,0,11,9,75,88,-13,23,198,157,355,78,11,12,132,211,31,49,44,72,36,33,67,20,19,5.0,10,11,7,208,139,347,67,10,16,141,198,47,57,38,63,66,49,64,19,20,3.0,8,12,14,-10,18,8,11,1,-4,-9,13,-16,-8,6,9,-30,-16,3,1,-1,2.0,2,-1,-7,0
2023,2023-07-07,R17,Regular,17.0,Docklands,Collingwood,Western Bulldogs,0,13,11,89,77,12,23,227,150,377,124,9,20,115,257,36,44,39,65,36,44,45,15,12,9.0,8,13,9,204,175,379,93,10,14,132,239,39,51,31,51,53,39,53,12,15,4.0,10,11,10,23,-25,-2,31,-1,6,-17,18,-3,-7,8,14,-17,5,-8,3,-3,5.0,-2,2,-1,0
2023,2023-07-07,R17,Regular,17.0,Docklands,Western Bulldogs,Collingwood,1,11,11,77,89,-12,23,204,175,379,93,10,14,132,239,39,51,31,51,53,39,53,12,15,4.0,10,11,10,227,150,377,124,9,20,115,257,36,44,39,65,36,44,45,15,12,9.0,8,13,9,-23,25,2,-31,1,-6,17,-18,3,7,-8,-14,17,-5,8,-3,3,-5.0,2,-2,1,0
2023,2023-07-08,R17,Regular,17.0,Gabba,Brisbane Lions,West Coast,1,16,20,116,35,81,23,219,146,365,111,8,23,122,242,39,62,24,56,46,38,44,14,12,13.0,13,16,14,203,129,332,114,5,6,96,225,25,29,43,44,32,30,43,12,14,8.0,3,5,3,16,17,33,-3,3,17,26,17,14,33,-19,12,14,8,1,2,-2,5.0,10,11,11,0
2023,2023-07-08,R17,Regular,17.0,Adelaide Oval,Gold Coast,Port Adelaide,0,11,7,73,106,-33,23,219,131,350,75,15,5,154,187,40,51,46,48,67,49,52,19,15,2.0,6,11,5,221,118,339,83,17,19,158,177,38,63,40,48,69,27,61,16,19,6.0,14,16,8,-2,13,11,-8,-2,-14,-4,10,2,-12,6,0,-2,22,-9,3,-4,-4.0,-8,-5,-3,0
2023,2023-07-08,R17,Regular,17.0,Sydney Showground,Greater Western Sydney,Hawthorn,1,12,13,85,72,13,23,218,133,351,103,14,17,137,202,25,60,44,64,47,31,54,20,25,14.0,9,12,11,182,188,370,54,7,5,149,210,40,55,48,66,55,31,52,25,19,9.0,6,10,10,36,-55,-19,49,7,12,-12,-8,-15,5,-4,-2,-8,0,2,-5,6,5.0,3,2,1,0
2023,2023-07-08,R17,Regular,17.0,Sydney Showground,Hawthorn,Greater Western Sydney,0,10,12,72,85,-13,23,182,188,370,54,7,5,149,210,40,55,48,66,55,31,52,25,19,9.0,6,10,10,218,133,351,103,14,17,137,202,25,60,44,64,47,31,54,20,25,14.0,9,12,11,-36,55,19,-49,-7,-12,12,8,15,-5,4,2,8,0,-2,5,-6,-5.0,-3,-2,-1,0
2023,2023-07-08,R17,Regular,17.0,Docklands,Melbourne,St Kilda,0,12,7,79,58,21,23,216,171,387,111,9,11,130,259,32,46,44,57,44,39,56,15,19,1.0,8,12,5,225,187,412,108,11,13,138,271,32,52,32,65,41,18,60,19,15,3.0,6,8,9,-9,-16,-25,3,-2,-2,-8,-12,0,-6,12,-8,3,21,-4,-4,4,-2.0,2,4,-4,0
2023,2023-07-08,R17,Regular,17.0,Adelaide Oval,Port Adelaide,Gold Coast,1,16,10,106,73,33,23,221,118,339,83,17,19,158,177,38,63,40,48,69,27,61,16,19,6.0,14,16,8,219,131,350,75,15,5,154,187,40,51,46,48,67,49,52,19,15,2.0,6,11,5,2,-13,-11,8,2,14,4,-10,-2,12,-6,0,2,-22,9,-3,4,4.0,8,5,3,0
2023,2023-07-08,R17,Regular,17.0,Docklands,St Kilda,Melbourne,1,8,10,58,79,-21,23,225,187,412,108,11,13,138,271,32,52,32,65,41,18,60,19,15,3.0,6,8,9,216,171,387,111,9,11,130,259,32,46,44,57,44,39,56,15,19,1.0,8,12,5,9,16,25,-3,2,2,8,12,0,6,-12,8,-3,-21,4,4,-4,2.0,-2,-4,4,0
2023,2023-07-08,R17,Regular,17.0,Gabba,West Coast,Brisbane Lions,0,5,5,35,116,-81,23,203,129,332,114,5,6,96,225,25,29,43,44,32,30,43,12,14,8.0,3,5,3,219,146,365,111,8,23,122,242,39,62,24,56,46,38,44,14,12,13.0,13,16,14,-16,-17,-33,3,-3,-17,-26,-17,-14,-33,19,-12,-14,-8,-1,-2,2,-5.0,-10,-11,-11,0
2023,2023-07-09,R17,Regular,17.0,Docklands,Adelaide,Essendon,0,15,7,97,115,-18,23,211,115,326,84,13,8,138,179,39,53,40,69,50,46,56,13,17,4.0,12,15,5,228,197,425,107,15,16,154,269,40,58,37,59,61,33,56,17,13,10.0,11,17,7,-17,-82,-99,-23,-2,-8,-16,-90,-1,-5,3,10,-11,13,0,-4,4,-6.0,1,-2,-2,0
2023,2023-07-09,R17,Regular,17.0,Perth Stadium,Carlton,Fremantle,0,14,14,98,45,53,23,219,179,398,90,14,13,155,242,41,60,35,72,51,18,61,16,18,3.0,10,14,10,194,150,344,82,12,9,135,203,35,42,46,75,41,70,57,18,16,2.0,4,6,5,25,29,54,8,2,4,20,39,6,18,-11,-3,10,-52,4,-2,2,1.0,6,8,5,0
2023,2023-07-09,R17,Regular,17.0,Docklands,Essendon,Adelaide,1,17,13,115,97,18,23,228,197,425,107,15,16,154,269,40,58,37,59,61,33,56,17,13,10.0,11,17,7,211,115,326,84,13,8,138,179,39,53,40,69,50,46,56,13,17,4.0,12,15,5,17,82,99,23,2,8,16,90,1,5,-3,-10,11,-13,0,4,-4,6.0,-1,2,2,0
2023,2023-07-09,R17,Regular,17.0,Perth Stadium,Fremantle,Carlton,1,6,9,45,98,-53,23,194,150,344,82,12,9,135,203,35,42,46,75,41,70,57,18,16,2.0,4,6,5,219,179,398,90,14,13,155,242,41,60,35,72,51,18,61,16,18,3.0,10,14,10,-25,-29,-54,-8,-2,-4,-20,-39,-6,-18,11,3,-10,52,-4,2,-2,-1.0,-6,-8,-5,0
2023,2023-07-09,R17,Regular,17.0,Kardinia Park,Geelong,North Melbourne,1,19,11,125,63,62,23,234,176,410,108,8,15,148,250,45,70,29,86,50,41,70,14,9,9.0,11,19,8,187,169,356,85,15,3,136,210,31,39,49,79,33,48,63,10,14,6.0,7,9,4,47,7,54,23,-7,12,12,40,14,31,-20,7,17,-7,7,4,-5,3.0,4,10,4,0
2023,2023-07-09,R17,Regular,17.0,Kardinia Park,North Melbourne,Geelong,0,9,9,63,125,-62,23,187,169,356,85,15,3,136,210,31,39,49,79,33,48,63,10,14,6.0,7,9,4,234,176,410,108,8,15,148,250,45,70,29,86,50,41,70,14,9,9.0,11,19,8,-47,-7,-54,-23,7,-12,-12,-40,-14,-31,20,-7,-17,7,-7,-4,5,-3.0,-4,-10,-4,0
2023,2023-07-13,R18,Regular,18.0,S.C.G.,Sydney,Western Bulldogs,1,11,12,78,76,2,23,210,111,321,74,10,13,130,174,34,51,45,90,64,34,44,22,13,5.0,8,11,10,217,155,372,72,6,12,151,217,52,57,40,62,69,68,63,13,22,2.0,9,11,10,-7,-44,-51,2,4,1,-21,-43,-18,-6,5,28,-5,-34,-19,9,-9,3.0,-1,0,0,0
2023,2023-07-13,R18,Regular,18.0,S.C.G.,Western Bulldogs,Sydney,0,11,10,76,78,-2,23,217,155,372,72,6,12,151,217,52,57,40,62,69,68,63,13,22,2.0,9,11,10,210,111,321,74,10,13,130,174,34,51,45,90,64,34,44,22,13,5.0,8,11,10,7,44,51,-2,-4,-1,21,43,18,6,-5,-28,5,34,19,-9,9,-3.0,1,0,0,0
2023,2023-07-14,R18,Regular,18.0,M.C.G.,Brisbane Lions,Melbourne,0,16,8,104,105,-1,23,230,105,335,107,13,17,125,202,32,56,33,53,50,34,54,14,18,2.0,13,16,7,207,156,363,75,14,12,146,212,45,51,39,56,34,47,51,18,14,2.0,7,16,6,23,-51,-28,32,-1,5,-21,-10,-13,5,-6,-3,16,-13,3,-4,4,0.0,6,0,1,0
2023,2023-07-14,R18,Regular,18.0,M.C.G.,Melbourne,Brisbane Lions,1,16,9,105,104,1,23,207,156,363,75,14,12,146,212,45,51,39,56,34,47,51,18,14,2.0,7,16,6,230,105,335,107,13,17,125,202,32,56,33,53,50,34,54,14,18,2.0,13,16,7,-23,51,28,-32,1,-5,21,10,13,-5,6,3,-16,13,-3,4,-4,0.0,-6,0,-1,0
2023,2023-07-15,R18,Regular,18.0,Adelaide Oval,Adelaide,Greater Western Sydney,1,8,9,57,71,-14,23,205,149,354,68,14,7,158,187,40,54,49,84,54,52,59,16,19,2.0,4,8,9,218,140,358,69,8,10,155,188,43,60,44,86,62,37,58,19,16,6.0,8,10,7,-13,9,-4,-1,6,-3,3,-1,-3,-6,5,-2,-8,15,1,-3,3,-4.0,-4,-2,2,0
2023,2023-07-15,R18,Regular,18.0,Docklands,Carlton,Port Adelaide,1,18,14,122,72,50,23,203,150,353,77,18,14,151,194,42,59,50,67,51,44,54,18,15,5.0,9,18,12,198,163,361,68,10,11,149,203,43,62,41,65,53,32,63,15,18,2.0,9,10,10,5,-13,-8,9,8,3,2,-9,-1,-3,9,2,-2,12,-9,3,-3,3.0,0,8,2,0
2023,2023-07-15,R18,Regular,18.0,M.C.G.,Collingwood,Fremantle,1,18,5,113,67,46,23,207,162,369,96,16,15,135,222,40,53,24,80,38,42,51,20,15,9.0,12,18,4,175,152,327,65,5,12,134,200,46,35,34,79,47,51,47,15,20,1.0,10,10,6,32,10,42,31,11,3,1,22,-6,18,-10,1,-9,-9,4,5,-5,8.0,2,8,-2,0
2023,2023-07-15,R18,Regular,18.0,Kardinia Park,Essendon,Geelong,0,7,3,45,122,-77,23,215,143,358,82,4,5,128,199,35,28,46,53,46,35,62,21,16,8.0,6,7,1,230,159,389,107,15,18,156,232,36,64,20,60,52,38,57,16,21,0.0,12,18,11,-15,-16,-31,-25,-11,-13,-28,-33,-1,-36,26,-7,-6,-3,5,5,-5,8.0,-6,-11,-10,0
2023,2023-07-15,R18,Regular,18.0,M.C.G.,Fremantle,Collingwood,0,10,7,67,113,-46,23,175,152,327,65,5,12,134,200,46,35,34,79,47,51,47,15,20,1.0,10,10,6,207,162,369,96,16,15,135,222,40,53,24,80,38,42,51,20,15,9.0,12,18,4,-32,-10,-42,-31,-11,-3,-1,-22,6,-18,10,-1,9,9,-4,-5,5,-8.0,-2,-8,2,0
2023,2023-07-15,R18,Regular,18.0,Kardinia Park,Geelong,Essendon,1,18,14,122,45,77,23,230,159,389,107,15,18,156,232,36,64,20,60,52,38,57,16,21,0.0,12,18,11,215,143,358,82,4,5,128,199,35,28,46,53,46,35,62,21,16,8.0,6,7,1,15,16,31,25,11,13,28,33,1,36,-26,7,6,3,-5,-5,5,-8.0,6,11,10,0
2023,2023-07-15,R18,Regular,18.0,Carrara,Gold Coast,St Kilda,1,11,11,77,51,26,23,223,155,378,101,11,15,153,233,41,52,39,72,37,49,50,12,17,2.0,10,11,9,217,173,390,101,12,10,131,254,26,48,40,58,47,26,56,17,12,10.0,6,8,2,6,-18,-12,0,-1,5,22,-21,15,4,-1,14,-10,23,-6,-5,5,-8.0,4,3,7,0
2023,2023-07-15,R18,Regular,18.0,Adelaide Oval,Greater Western Sydney,Adelaide,0,10,11,71,57,14,23,218,140,358,69,8,10,155,188,43,60,44,86,62,37,58,19,16,6.0,8,10,7,205,149,354,68,14,7,158,187,40,54,49,84,54,52,59,16,19,2.0,4,8,9,13,-9,4,1,-6,3,-3,1,3,6,-5,2,8,-15,-1,3,-3,4.0,4,2,-2,0
2023,2023-07-15,R18,Regular,18.0,Docklands,Port Adelaide,Carlton,0,10,12,72,122,-50,23,198,163,361,68,10,11,149,203,43,62,41,65,53,32,63,15,18,2.0,9,10,10,203,150,353,77,18,14,151,194,42,59,50,67,51,44,54,18,15,5.0,9,18,12,-5,13,8,-9,-8,-3,-2,9,1,3,-9,-2,2,-12,9,-3,3,-3.0,0,-8,-2,0
2023,2023-07-15,R18,Regular,18.0,Carrara,St Kilda,Gold Coast,0,8,3,51,77,-26,23,217,173,390,101,12,10,131,254,26,48,40,58,47,26,56,17,12,10.0,6,8,2,223,155,378,101,11,15,153,233,41,52,39,72,37,49,50,12,17,2.0,10,11,9,-6,18,12,0,1,-5,-22,21,-15,-4,1,-14,10,-23,6,5,-5,8.0,-4,-3,-7,0
2023,2023-07-16,R18,Regular,18.0,Docklands,Hawthorn,North Melbourne,0,12,16,88,40,48,23,211,227,438,89,8,9,149,291,37,70,34,53,52,39,55,17,25,13.0,11,12,13,219,159,378,107,10,3,126,244,35,41,57,74,60,32,58,25,17,8.0,3,6,1,-8,68,60,-18,-2,6,23,47,2,29,-23,-21,-8,7,-3,-8,8,5.0,8,6,12,0
2023,2023-07-16,R18,Regular,18.0,Docklands,North Melbourne,Hawthorn,1,6,4,40,88,-48,23,219,159,378,107,10,3,126,244,35,41,57,74,60,32,58,25,17,8.0,3,6,1,211,227,438,89,8,9,149,291,37,70,34,53,52,39,55,17,25,13.0,11,12,13,8,-68,-60,18,2,-6,-23,-47,-2,-29,23,21,8,-7,3,8,-8,-5.0,-8,-6,-12,0
2023,2023-07-16,R18,Regular,18.0,Perth Stadium,Richmond,West Coast,0,14,14,98,60,38,23,191,154,345,76,12,22,124,214,38,51,42,53,37,59,50,12,15,8.0,11,14,11,195,144,339,80,10,12,126,214,41,50,35,55,42,26,48,15,12,5.0,4,8,11,-4,10,6,-4,2,10,-2,0,-3,1,7,-2,-5,33,2,-3,3,3.0,7,6,0,0
2023,2023-07-16,R18,Regular,18.0,Perth Stadium,West Coast,Richmond,1,8,12,60,98,-38,23,195,144,339,80,10,12,126,214,41,50,35,55,42,26,48,15,12,5.0,4,8,11,191,154,345,76,12,22,124,214,38,51,42,53,37,59,50,12,15,8.0,11,14,11,4,-10,-6,4,-2,-10,2,0,3,-1,-7,2,5,-33,-2,3,-3,-3.0,-7,-6,0,0
2023,2023-07-21,R19,Regular,19.0,Docklands,Essendon,Western Bulldogs,1,7,7,49,90,-41,23,242,127,369,136,9,9,114,255,26,49,36,70,49,51,45,15,17,8.0,5,7,6,228,144,372,91,8,13,144,230,47,49,40,54,50,35,47,17,15,9.0,8,13,9,14,-17,-3,45,1,-4,-30,25,-21,0,-4,16,-1,16,-2,-2,2,-1.0,-3,-6,-3,0
2023,2023-07-21,R19,Regular,19.0,Docklands,Western Bulldogs,Essendon,0,13,12,90,49,41,23,228,144,372,91,8,13,144,230,47,49,40,54,50,35,47,17,15,9.0,8,13,9,242,127,369,136,9,9,114,255,26,49,36,70,49,51,45,15,17,8.0,5,7,6,-14,17,3,-45,-1,4,30,-25,21,0,4,-16,1,-16,2,2,-2,1.0,3,6,3,0
2023,2023-07-22,R19,Regular,19.0,Gabba,Brisbane Lions,Geelong,1,9,10,64,53,11,23,239,134,373,110,11,7,140,226,50,53,41,64,51,33,67,12,16,4.0,7,9,6,203,132,335,102,12,10,104,213,21,48,44,65,45,48,48,16,12,7.0,5,7,9,36,2,38,8,-1,-3,36,13,29,5,-3,-1,6,-15,19,-4,4,-3.0,2,2,-3,0
2023,2023-07-22,R19,Regular,19.0,Docklands,Carlton,West Coast,1,21,14,140,69,71,23,215,155,370,87,16,13,143,221,57,64,32,62,41,35,58,24,14,11.0,13,21,12,218,167,385,108,7,10,116,257,25,43,43,44,42,34,64,14,24,5.0,8,10,7,-3,-12,-15,-21,9,3,27,-36,32,21,-11,18,-1,1,-6,10,-10,6.0,5,11,5,0
2023,2023-07-22,R19,Regular,19.0,Adelaide Oval,Collingwood,Port Adelaide,0,13,7,85,83,2,23,203,147,350,55,9,8,148,164,54,44,44,64,56,57,66,14,13,7.0,8,13,4,218,118,336,66,9,10,140,180,46,57,31,79,58,34,55,13,14,2.0,7,12,9,-15,29,14,-11,0,-2,8,-16,8,-13,13,-15,-2,23,11,1,-1,5.0,1,1,-5,0
2023,2023-07-22,R19,Regular,19.0,Perth Stadium,Fremantle,Sydney,1,12,4,76,105,-29,23,189,168,357,84,8,12,121,236,31,50,29,54,45,48,39,24,19,2.0,9,12,4,212,147,359,92,13,13,127,225,37,45,37,56,52,31,48,19,24,1.0,10,16,6,-23,21,-2,-8,-5,-1,-6,11,-6,5,-8,-2,-7,17,-9,5,-5,1.0,-1,-4,-2,0
2023,2023-07-22,R19,Regular,19.0,Gabba,Geelong,Brisbane Lions,0,7,11,53,64,-11,23,203,132,335,102,12,10,104,213,21,48,44,65,45,48,48,16,12,7.0,5,7,9,239,134,373,110,11,7,140,226,50,53,41,64,51,33,67,12,16,4.0,7,9,6,-36,-2,-38,-8,1,3,-36,-13,-29,-5,3,1,-6,15,-19,4,-4,3.0,-2,-2,3,0
2023,2023-07-22,R19,Regular,19.0,M.C.G.,Hawthorn,Richmond,0,15,5,95,96,-1,23,198,161,359,89,11,10,128,224,40,55,35,52,32,42,67,16,14,17.0,8,15,5,232,146,378,115,21,24,142,240,37,51,40,73,43,39,76,14,16,14.0,11,14,11,-34,15,-19,-26,-10,-14,-14,-16,3,4,-5,-21,-11,3,-9,2,-2,3.0,-3,1,-6,0
2023,2023-07-22,R19,Regular,19.0,Adelaide Oval,Port Adelaide,Collingwood,1,12,11,83,85,-2,23,218,118,336,66,9,10,140,180,46,57,31,79,58,34,55,13,14,2.0,7,12,9,203,147,350,55,9,8,148,164,54,44,44,64,56,57,66,14,13,7.0,8,13,4,15,-29,-14,11,0,2,-8,16,-8,13,-13,15,2,-23,-11,-1,1,-5.0,-1,-1,5,0
2023,2023-07-22,R19,Regular,19.0,M.C.G.,Richmond,Hawthorn,1,14,12,96,95,1,23,232,146,378,115,21,24,142,240,37,51,40,73,43,39,76,14,16,14.0,11,14,11,198,161,359,89,11,10,128,224,40,55,35,52,32,42,67,16,14,17.0,8,15,5,34,-15,19,26,10,14,14,16,-3,-4,5,21,11,-3,9,-2,2,-3.0,3,-1,6,0
2023,2023-07-22,R19,Regular,19.0,Perth Stadium,Sydney,Fremantle,0,16,9,105,76,29,23,212,147,359,92,13,13,127,225,37,45,37,56,52,31,48,19,24,1.0,10,16,6,189,168,357,84,8,12,121,236,31,50,29,54,45,48,39,24,19,2.0,9,12,4,23,-21,2,8,5,1,6,-11,6,-5,8,2,7,-17,9,-5,5,-1.0,1,4,2,0
2023,2023-07-22,R19,Regular,19.0,Docklands,West Coast,Carlton,0,10,9,69,140,-71,23,218,167,385,108,7,10,116,257,25,43,43,44,42,34,64,14,24,5.0,8,10,7,215,155,370,87,16,13,143,221,57,64,32,62,41,35,58,24,14,11.0,13,21,12,3,12,15,21,-9,-3,-27,36,-32,-21,11,-18,1,-1,6,-10,10,-6.0,-5,-11,-5,0
2023,2023-07-23,R19,Regular,19.0,M.C.G.,Adelaide,Melbourne,0,13,15,93,97,-4,23,202,137,339,89,18,12,128,197,32,54,37,69,37,28,45,12,21,6.0,8,13,14,215,128,343,78,14,17,149,180,39,52,41,47,38,43,50,21,12,4.0,13,14,11,-13,9,-4,11,4,-5,-21,17,-7,2,-4,22,-1,-15,-5,-9,9,2.0,-5,-1,3,0
2023,2023-07-23,R19,Regular,19.0,Manuka Oval,Gold Coast,Greater Western Sydney,0,9,9,63,103,-40,23,214,120,334,99,9,8,109,207,40,53,34,44,36,37,42,16,15,2.0,8,9,5,223,164,387,108,13,15,130,254,35,49,43,58,49,26,48,15,16,15.0,7,15,12,-9,-44,-53,-9,-4,-7,-21,-47,5,4,-9,-14,-13,11,-6,1,-1,-13.0,1,-6,-7,0
2023,2023-07-23,R19,Regular,19.0,Manuka Oval,Greater Western Sydney,Gold Coast,1,15,13,103,63,40,23,223,164,387,108,13,15,130,254,35,49,43,58,49,26,48,15,16,15.0,7,15,12,214,120,334,99,9,8,109,207,40,53,34,44,36,37,42,16,15,2.0,8,9,5,9,44,53,9,4,7,21,47,-5,-4,9,14,13,-11,6,-1,1,13.0,-1,6,7,0
2023,2023-07-23,R19,Regular,19.0,M.C.G.,Melbourne,Adelaide,1,14,13,97,93,4,23,215,128,343,78,14,17,149,180,39,52,41,47,38,43,50,21,12,4.0,13,14,11,202,137,339,89,18,12,128,197,32,54,37,69,37,28,45,12,21,6.0,8,13,14,13,-9,4,-11,-4,5,21,-17,7,-2,4,-22,1,15,5,9,-9,-2.0,5,1,-3,0
2023,2023-07-23,R19,Regular,19.0,Docklands,North Melbourne,St Kilda,0,9,7,61,69,-8,23,188,130,318,96,14,8,125,186,33,45,38,88,35,63,51,16,24,6.0,8,9,7,228,167,395,100,7,13,147,243,42,50,34,75,43,25,57,24,16,3.0,6,9,12,-40,-37,-77,-4,7,-5,-22,-57,-9,-5,4,13,-8,38,-6,-8,8,3.0,2,0,-5,0
2023,2023-07-23,R19,Regular,19.0,Docklands,St Kilda,North Melbourne,1,9,15,69,61,8,23,228,167,395,100,7,13,147,243,42,50,34,75,43,25,57,24,16,3.0,6,9,12,188,130,318,96,14,8,125,186,33,45,38,88,35,63,51,16,24,6.0,8,9,7,40,37,77,4,-7,5,22,57,9,5,-4,-13,8,-38,6,8,-8,-3.0,-2,0,5,0
2023,2023-07-28,R20,Regular,20.0,M.C.G.,Carlton,Collingwood,0,14,9,93,76,17,23,222,116,338,96,8,10,142,193,41,49,42,64,34,32,68,17,22,6.0,9,14,8,199,164,363,88,14,18,109,243,31,53,34,54,45,38,63,22,17,7.0,9,10,12,23,-48,-25,8,-6,-8,33,-50,10,-4,8,10,-11,-6,5,-5,5,-1.0,0,4,-4,0
2023,2023-07-28,R20,Regular,20.0,M.C.G.,Collingwood,Carlton,1,10,16,76,93,-17,23,199,164,363,88,14,18,109,243,31,53,34,54,45,38,63,22,17,7.0,9,10,12,222,116,338,96,8,10,142,193,41,49,42,64,34,32,68,17,22,6.0,9,14,8,-23,48,25,-8,6,8,-33,50,-10,4,-8,-10,11,6,-5,5,-5,1.0,0,-4,4,0
2023,2023-07-29,R20,Regular,20.0,Adelaide Oval,Adelaide,Port Adelaide,1,16,16,112,65,47,23,231,156,387,92,18,20,155,215,42,56,55,69,53,50,64,22,20,3.0,12,16,16,196,124,320,56,13,7,137,156,34,65,39,56,42,31,62,20,22,11.0,6,9,10,35,32,67,36,5,13,18,59,8,-9,16,13,11,19,2,2,-2,-8.0,6,7,6,0
2023,2023-07-29,R20,Regular,20.0,Carrara,Brisbane Lions,Gold Coast,0,7,13,55,96,-41,23,216,135,351,97,7,11,124,209,37,55,34,68,49,33,47,26,10,7.0,5,7,11,225,146,371,97,10,16,136,224,41,49,48,68,36,48,63,10,26,3.0,11,15,5,-9,-11,-20,0,-3,-5,-12,-15,-4,6,-14,0,13,-15,-16,16,-16,4.0,-6,-8,6,0
2023,2023-07-29,R20,Regular,20.0,Docklands,Essendon,Sydney,1,15,9,99,101,-2,23,205,164,369,81,9,12,151,218,42,69,32,50,54,52,51,19,18,13.0,11,15,6,222,170,392,100,7,17,128,258,29,47,53,56,41,18,47,18,19,13.0,13,15,9,-17,-6,-23,-19,2,-5,23,-40,13,22,-21,-6,13,34,4,1,-1,0.0,-2,0,-3,0
2023,2023-07-29,R20,Regular,20.0,Kardinia Park,Fremantle,Geelong,0,10,11,71,64,7,23,218,147,365,93,11,11,137,222,38,53,40,64,43,23,48,20,11,3.0,8,10,9,205,124,329,90,12,14,127,195,28,52,42,65,50,54,58,11,20,8.0,7,9,8,13,23,36,3,-1,-3,10,27,10,1,-2,-1,-7,-31,-10,9,-9,-5.0,1,1,1,0
2023,2023-07-29,R20,Regular,20.0,Kardinia Park,Geelong,Fremantle,1,9,10,64,71,-7,23,205,124,329,90,12,14,127,195,28,52,42,65,50,54,58,11,20,8.0,7,9,8,218,147,365,93,11,11,137,222,38,53,40,64,43,23,48,20,11,3.0,8,10,9,-13,-23,-36,-3,1,3,-10,-27,-10,-1,2,1,7,31,10,-9,9,5.0,-1,-1,-1,0
2023,2023-07-29,R20,Regular,20.0,Carrara,Gold Coast,Brisbane Lions,1,15,6,96,55,41,23,225,146,371,97,10,16,136,224,41,49,48,68,36,48,63,10,26,3.0,11,15,5,216,135,351,97,7,11,124,209,37,55,34,68,49,33,47,26,10,7.0,5,7,11,9,11,20,0,3,5,12,15,4,-6,14,0,-13,15,16,-16,16,-4.0,6,8,-6,0
2023,2023-07-29,R20,Regular,20.0,Eureka Stadium,Greater Western Sydney,Western Bulldogs,0,11,12,78,73,5,23,218,191,409,79,8,12,144,254,35,56,46,87,49,38,66,13,10,10.0,9,11,8,217,167,384,78,12,16,151,232,51,57,44,67,65,45,60,10,13,2.0,8,10,11,1,24,25,1,-4,-4,-7,22,-16,-1,2,20,-16,-7,6,3,-3,8.0,1,1,-3,0
2023,2023-07-29,R20,Regular,20.0,Adelaide Oval,Port Adelaide,Adelaide,0,9,11,65,112,-47,23,196,124,320,56,13,7,137,156,34,65,39,56,42,31,62,20,22,11.0,6,9,10,231,156,387,92,18,20,155,215,42,56,55,69,53,50,64,22,20,3.0,12,16,16,-35,-32,-67,-36,-5,-13,-18,-59,-8,9,-16,-13,-11,-19,-2,-2,2,8.0,-6,-7,-6,0
2023,2023-07-29,R20,Regular,20.0,Docklands,Sydney,Essendon,0,15,11,101,99,2,23,222,170,392,100,7,17,128,258,29,47,53,56,41,18,47,18,19,13.0,13,15,9,205,164,369,81,9,12,151,218,42,69,32,50,54,52,51,19,18,13.0,11,15,6,17,6,23,19,-2,5,-23,40,-13,-22,21,6,-13,-34,-4,-1,1,0.0,2,0,3,0
2023,2023-07-29,R20,Regular,20.0,Eureka Stadium,Western Bulldogs,Greater Western Sydney,1,10,13,73,78,-5,23,217,167,384,78,12,16,151,232,51,57,44,67,65,45,60,10,13,2.0,8,10,11,218,191,409,79,8,12,144,254,35,56,46,87,49,38,66,13,10,10.0,9,11,8,-1,-24,-25,-1,4,4,7,-22,16,1,-2,-20,16,7,-6,-3,3,-8.0,-1,-1,3,0
2023,2023-07-30,R20,Regular,20.0,Docklands,Hawthorn,St Kilda,1,14,9,93,122,-29,23,193,170,363,98,13,17,123,247,29,46,36,51,32,50,58,13,15,11.0,10,14,4,250,144,394,136,14,11,128,258,36,57,31,63,39,30,59,15,13,8.0,13,19,5,-57,26,-31,-38,-1,6,-5,-11,-7,-11,5,-12,-7,20,-1,-2,2,3.0,-3,-5,-1,0
2023,2023-07-30,R20,Regular,20.0,M.C.G.,Melbourne,Richmond,0,20,10,130,98,32,23,227,136,363,95,13,20,144,213,49,73,30,62,41,48,50,11,9,3.0,14,20,8,204,130,334,70,6,10,139,183,40,45,53,63,60,34,65,9,11,7.0,9,15,6,23,6,29,25,7,10,5,30,9,28,-23,-1,-19,14,-15,2,-2,-4.0,5,5,2,0
2023,2023-07-30,R20,Regular,20.0,Perth Stadium,North Melbourne,West Coast,0,10,7,67,72,-5,23,185,121,306,66,12,8,134,160,46,46,50,67,41,55,54,19,15,9.0,6,10,5,206,168,374,102,12,11,149,231,33,60,36,71,47,33,54,15,19,4.0,5,10,11,-21,-47,-68,-36,0,-3,-15,-71,13,-14,14,-4,-6,22,0,4,-4,5.0,1,0,-6,0
2023,2023-07-30,R20,Regular,20.0,M.C.G.,Richmond,Melbourne,1,15,8,98,130,-32,23,204,130,334,70,6,10,139,183,40,45,53,63,60,34,65,9,11,7.0,9,15,6,227,136,363,95,13,20,144,213,49,73,30,62,41,48,50,11,9,3.0,14,20,8,-23,-6,-29,-25,-7,-10,-5,-30,-9,-28,23,1,19,-14,15,-2,2,4.0,-5,-5,-2,0
2023,2023-07-30,R20,Regular,20.0,Docklands,St Kilda,Hawthorn,0,19,8,122,93,29,23,250,144,394,136,14,11,128,258,36,57,31,63,39,30,59,15,13,8.0,13,19,5,193,170,363,98,13,17,123,247,29,46,36,51,32,50,58,13,15,11.0,10,14,4,57,-26,31,38,1,-6,5,11,7,11,-5,12,7,-20,1,2,-2,-3.0,3,5,1,0
2023,2023-07-30,R20,Regular,20.0,Perth Stadium,West Coast,North Melbourne,1,10,12,72,67,5,23,206,168,374,102,12,11,149,231,33,60,36,71,47,33,54,15,19,4.0,5,10,11,185,121,306,66,12,8,134,160,46,46,50,67,41,55,54,19,15,9.0,6,10,5,21,47,68,36,0,3,15,71,-13,14,-14,4,6,-22,0,-4,4,-5.0,-1,0,6,0
2023,2023-08-04,R21,Regular,21.0,Docklands,Richmond,Western Bulldogs,0,10,11,71,126,-55,23,181,120,301,76,5,10,114,186,41,46,43,56,51,54,67,20,22,6.0,6,10,9,222,187,409,87,8,18,152,257,37,64,36,76,48,34,52,22,20,9.0,10,19,10,-41,-67,-108,-11,-3,-8,-38,-71,4,-18,7,-20,3,20,15,-2,2,-3.0,-4,-9,-1,0
2023,2023-08-04,R21,Regular,21.0,Docklands,Western Bulldogs,Richmond,1,19,12,126,71,55,23,222,187,409,87,8,18,152,257,37,64,36,76,48,34,52,22,20,9.0,10,19,10,181,120,301,76,5,10,114,186,41,46,43,56,51,54,67,20,22,6.0,6,10,9,41,67,108,11,3,8,38,71,-4,18,-7,20,-3,-20,-15,2,-2,3.0,4,9,1,0
2023,2023-08-05,R21,Regular,21.0,Adelaide Oval,Adelaide,Gold Coast,1,13,11,89,61,28,23,236,145,381,101,18,13,158,227,46,57,36,90,51,45,52,22,17,5.0,8,13,11,200,117,317,85,13,8,136,177,29,45,42,81,47,41,61,17,22,7.0,6,9,6,36,28,64,16,5,5,22,50,17,12,-6,9,4,4,-9,5,-5,-2.0,2,4,5,0
2023,2023-08-05,R21,Regular,21.0,M.C.G.,Collingwood,Hawthorn,0,11,7,73,105,-32,23,173,140,313,76,10,9,112,198,36,43,41,65,36,36,53,14,16,4.0,10,11,6,252,158,410,139,7,16,116,285,34,59,31,56,44,49,49,16,14,6.0,9,16,7,-79,-18,-97,-63,3,-7,-4,-87,2,-16,10,9,-8,-13,4,-2,2,-2.0,1,-5,-1,0
2023,2023-08-05,R21,Regular,21.0,Docklands,Essendon,West Coast,1,10,13,73,72,1,23,210,161,371,96,12,14,132,234,39,55,40,60,42,52,46,22,12,24.0,9,10,13,211,141,352,111,3,8,97,246,29,51,43,46,39,13,61,12,22,8.0,10,11,4,-1,20,19,-15,9,6,35,-12,10,4,-3,14,3,39,-15,10,-10,16.0,-1,-1,9,0
2023,2023-08-05,R21,Regular,21.0,Kardinia Park,Geelong,Port Adelaide,1,14,13,97,85,12,23,205,127,332,82,9,16,130,191,28,49,38,45,33,38,52,31,19,7.0,10,14,10,204,124,328,107,8,19,111,216,35,50,33,67,41,25,65,19,31,8.0,9,12,9,1,3,4,-25,1,-3,19,-25,-7,-1,5,-22,-8,13,-13,12,-12,-1.0,1,2,1,0
2023,2023-08-05,R21,Regular,21.0,Adelaide Oval,Gold Coast,Adelaide,0,9,7,61,89,-28,23,200,117,317,85,13,8,136,177,29,45,42,81,47,41,61,17,22,7.0,6,9,6,236,145,381,101,18,13,158,227,46,57,36,90,51,45,52,22,17,5.0,8,13,11,-36,-28,-64,-16,-5,-5,-22,-50,-17,-12,6,-9,-4,-4,9,-5,5,2.0,-2,-4,-5,0
2023,2023-08-05,R21,Regular,21.0,Sydney Showground,Greater Western Sydney,Sydney,1,12,13,85,96,-11,23,223,154,377,68,7,9,157,208,40,68,39,69,79,36,68,20,23,5.0,7,12,9,209,130,339,61,6,11,141,183,37,54,53,64,70,35,68,23,20,3.0,12,15,6,14,24,38,7,1,-2,16,25,3,14,-14,5,9,1,0,-3,3,2.0,-5,-3,3,0
2023,2023-08-05,R21,Regular,21.0,M.C.G.,Hawthorn,Collingwood,1,16,9,105,73,32,23,252,158,410,139,7,16,116,285,34,59,31,56,44,49,49,16,14,6.0,9,16,7,173,140,313,76,10,9,112,198,36,43,41,65,36,36,53,14,16,4.0,10,11,6,79,18,97,63,-3,7,4,87,-2,16,-10,-9,8,13,-4,2,-2,2.0,-1,5,1,0
2023,2023-08-05,R21,Regular,21.0,Kardinia Park,Port Adelaide,Geelong,0,12,13,85,97,-12,23,204,124,328,107,8,19,111,216,35,50,33,67,41,25,65,19,31,8.0,9,12,9,205,127,332,82,9,16,130,191,28,49,38,45,33,38,52,31,19,7.0,10,14,10,-1,-3,-4,25,-1,3,-19,25,7,1,-5,22,8,-13,13,-12,12,1.0,-1,-2,-1,0
2023,2023-08-05,R21,Regular,21.0,Sydney Showground,Sydney,Greater Western Sydney,0,15,6,96,85,11,23,209,130,339,61,6,11,141,183,37,54,53,64,70,35,68,23,20,3.0,12,15,6,223,154,377,68,7,9,157,208,40,68,39,69,79,36,68,20,23,5.0,7,12,9,-14,-24,-38,-7,-1,2,-16,-25,-3,-14,14,-5,-9,-1,0,3,-3,-2.0,5,3,-3,0
2023,2023-08-05,R21,Regular,21.0,Docklands,West Coast,Essendon,0,11,6,72,73,-1,23,211,141,352,111,3,8,97,246,29,51,43,46,39,13,61,12,22,8.0,10,11,4,210,161,371,96,12,14,132,234,39,55,40,60,42,52,46,22,12,24.0,9,10,13,1,-20,-19,15,-9,-6,-35,12,-10,-4,3,-14,-3,-39,15,-10,10,-16.0,1,1,-9,0
2023,2023-08-06,R21,Regular,21.0,Perth Stadium,Brisbane Lions,Fremantle,0,11,11,77,74,3,23,227,114,341,120,18,10,131,207,39,47,35,69,38,41,52,16,21,0.0,9,11,8,198,162,360,79,8,10,133,215,43,49,35,65,38,50,41,21,16,3.0,11,11,7,29,-48,-19,41,10,0,-2,-8,-4,-2,0,4,0,-9,11,-5,5,-3.0,-2,0,1,0
2023,2023-08-06,R21,Regular,21.0,Docklands,Carlton,St Kilda,0,10,13,73,54,19,23,229,171,400,104,9,14,146,259,46,56,35,62,46,33,56,14,16,12.0,9,10,9,225,154,379,103,13,11,131,234,22,44,46,79,47,31,64,16,14,2.0,7,8,5,4,17,21,1,-4,3,15,25,24,12,-11,-17,-1,2,-8,-2,2,10.0,2,2,4,0
2023,2023-08-06,R21,Regular,21.0,Perth Stadium,Fremantle,Brisbane Lions,1,11,8,74,77,-3,23,198,162,360,79,8,10,133,215,43,49,35,65,38,50,41,21,16,3.0,11,11,7,227,114,341,120,18,10,131,207,39,47,35,69,38,41,52,16,21,0.0,9,11,8,-29,48,19,-41,-10,0,2,8,4,2,0,-4,0,9,-11,5,-5,3.0,2,0,-1,0
2023,2023-08-06,R21,Regular,21.0,Bellerive Oval,Melbourne,North Melbourne,0,15,13,103,71,32,23,208,196,404,82,8,17,148,253,41,69,35,54,60,37,55,19,10,2.0,12,15,8,192,160,352,77,7,5,118,223,39,45,53,64,61,47,56,10,19,3.0,6,10,10,16,36,52,5,1,12,30,30,2,24,-18,-10,-1,-10,-1,9,-9,-1.0,6,5,-2,0
2023,2023-08-06,R21,Regular,21.0,Bellerive Oval,North Melbourne,Melbourne,1,10,11,71,103,-32,23,192,160,352,77,7,5,118,223,39,45,53,64,61,47,56,10,19,3.0,6,10,10,208,196,404,82,8,17,148,253,41,69,35,54,60,37,55,19,10,2.0,12,15,8,-16,-36,-52,-5,-1,-12,-30,-30,-2,-24,18,10,1,10,1,-9,9,1.0,-6,-5,2,0
2023,2023-08-06,R21,Regular,21.0,Docklands,St Kilda,Carlton,1,8,6,54,73,-19,23,225,154,379,103,13,11,131,234,22,44,46,79,47,31,64,16,14,2.0,7,8,5,229,171,400,104,9,14,146,259,46,56,35,62,46,33,56,14,16,12.0,9,10,9,-4,-17,-21,-1,4,-3,-15,-25,-24,-12,11,17,1,-2,8,2,-2,-10.0,-2,-2,-4,0
2023,2023-08-11,R22,Regular,22.0,M.C.G.,Collingwood,Geelong,1,16,13,109,101,8,23,231,147,378,111,6,18,130,242,36,45,36,76,47,46,53,10,17,5.0,14,16,8,215,134,349,91,9,15,137,201,44,51,29,66,40,47,57,17,10,8.0,13,15,8,16,13,29,20,-3,3,-7,41,-8,-6,7,10,7,-1,-4,-7,7,-3.0,1,1,0,0
2023,2023-08-11,R22,Regular,22.0,M.C.G.,Geelong,Collingwood,0,15,11,101,109,-8,23,215,134,349,91,9,15,137,201,44,51,29,66,40,47,57,17,10,8.0,13,15,8,231,147,378,111,6,18,130,242,36,45,36,76,47,46,53,10,17,5.0,14,16,8,-16,-13,-29,-20,3,-3,7,-41,8,6,-7,-10,-7,1,4,7,-7,3.0,-1,-1,0,0
2023,2023-08-12,R22,Regular,22.0,Gabba,Adelaide,Brisbane Lions,0,13,15,93,99,-6,23,212,155,367,90,6,13,133,228,44,56,33,74,36,56,54,19,18,3.0,9,13,12,212,108,320,88,12,10,130,178,38,49,43,52,53,39,56,18,19,2.0,11,15,8,0,47,47,2,-6,3,3,50,6,7,-10,22,-17,17,-2,1,-1,1.0,-2,-2,4,0
2023,2023-08-12,R22,Regular,22.0,Gabba,Brisbane Lions,Adelaide,1,15,9,99,93,6,23,212,108,320,88,12,10,130,178,38,49,43,52,53,39,56,18,19,2.0,11,15,8,212,155,367,90,6,13,133,228,44,56,33,74,36,56,54,19,18,3.0,9,13,12,0,-47,-47,-2,6,-3,-3,-50,-6,-7,10,-22,17,-17,2,-1,1,-1.0,2,2,-4,0
2023,2023-08-12,R22,Regular,22.0,M.C.G.,Carlton,Melbourne,1,9,6,60,56,4,23,236,150,386,79,6,10,148,218,43,53,40,87,62,29,59,17,17,1.0,6,9,4,203,152,355,60,8,7,156,185,45,48,44,88,60,59,74,17,17,1.0,6,8,7,33,-2,31,19,-2,3,-8,33,-2,5,-4,-1,2,-30,-15,0,0,0.0,0,1,-3,0
2023,2023-08-12,R22,Regular,22.0,Docklands,Essendon,North Melbourne,0,13,8,86,77,9,23,223,163,386,108,14,14,139,242,34,60,36,62,41,29,58,22,20,20.0,10,13,5,187,162,349,70,7,10,130,217,39,47,45,63,40,40,58,20,22,6.0,10,12,4,36,1,37,38,7,4,9,25,-5,13,-9,-1,1,-11,0,2,-2,14.0,0,1,1,0
2023,2023-08-12,R22,Regular,22.0,Perth Stadium,Fremantle,West Coast,0,20,14,134,33,101,23,248,175,423,118,7,17,122,285,43,64,31,51,34,40,48,26,14,1.0,13,20,12,192,143,335,86,5,5,113,221,30,35,44,64,40,34,62,14,26,3.0,3,4,7,56,32,88,32,2,12,9,64,13,29,-13,-13,-6,6,-14,12,-12,-2.0,10,16,5,0
2023,2023-08-12,R22,Regular,22.0,S.C.G.,Gold Coast,Sydney,0,13,12,90,114,-24,23,208,122,330,80,5,13,143,192,43,54,33,66,53,54,71,11,22,6.0,8,13,7,211,127,338,78,7,10,147,192,47,52,40,85,51,29,51,23,11,8.0,15,18,5,-3,-5,-8,2,-2,3,-4,0,-4,2,-7,-19,2,25,20,-12,11,-2.0,-7,-5,2,0
2023,2023-08-12,R22,Regular,22.0,M.C.G.,Melbourne,Carlton,0,8,8,56,60,-4,23,203,152,355,60,8,7,156,185,45,48,44,88,60,59,74,17,17,1.0,6,8,7,236,150,386,79,6,10,148,218,43,53,40,87,62,29,59,17,17,1.0,6,9,4,-33,2,-31,-19,2,-3,8,-33,2,-5,4,1,-2,30,15,0,0,0.0,0,-1,3,0
2023,2023-08-12,R22,Regular,22.0,Docklands,North Melbourne,Essendon,1,12,5,77,86,-9,23,187,162,349,70,7,10,130,217,39,47,45,63,40,40,58,20,22,6.0,10,12,4,223,163,386,108,14,14,139,242,34,60,36,62,41,29,58,22,20,20.0,10,13,5,-36,-1,-37,-38,-7,-4,-9,-25,5,-13,9,1,-1,11,0,-2,2,-14.0,0,-1,-1,0
2023,2023-08-12,R22,Regular,22.0,S.C.G.,Sydney,Gold Coast,1,18,6,114,90,24,23,211,127,338,78,7,10,147,192,47,52,40,85,51,29,51,23,11,8.0,15,18,5,208,122,330,80,5,13,143,192,43,54,33,66,53,54,71,11,22,6.0,8,13,7,3,5,8,-2,2,-3,4,0,4,-2,7,19,-2,-25,-20,12,-11,2.0,7,5,-2,0
2023,2023-08-12,R22,Regular,22.0,Perth Stadium,West Coast,Fremantle,1,4,9,33,134,-101,23,192,143,335,86,5,5,113,221,30,35,44,64,40,34,62,14,26,3.0,3,4,7,248,175,423,118,7,17,122,285,43,64,31,51,34,40,48,26,14,1.0,13,20,12,-56,-32,-88,-32,-2,-12,-9,-64,-13,-29,13,13,6,-6,14,-12,12,2.0,-10,-16,-5,0
2023,2023-08-13,R22,Regular,22.0,Adelaide Oval,Greater Western Sydney,Port Adelaide,0,13,7,85,136,-51,23,183,175,358,77,9,12,137,219,33,51,43,53,45,38,63,18,16,5.0,13,13,6,218,137,355,105,11,16,127,230,40,65,37,50,44,16,52,16,18,3.0,17,21,9,-35,38,3,-28,-2,-4,10,-11,-7,-14,6,3,1,22,11,2,-2,2.0,-4,-8,-3,0
2023,2023-08-13,R22,Regular,22.0,York Park,Hawthorn,Western Bulldogs,1,9,13,67,64,3,23,242,175,417,130,13,12,125,286,36,50,33,52,33,44,48,19,10,9.0,6,9,11,196,100,296,89,15,11,112,180,30,43,40,69,51,38,58,10,19,12.0,5,9,7,46,75,121,41,-2,1,13,106,6,7,-7,-17,-18,6,-10,9,-9,-3.0,1,0,4,0
2023,2023-08-13,R22,Regular,22.0,Adelaide Oval,Port Adelaide,Greater Western Sydney,1,21,10,136,85,51,23,218,137,355,105,11,16,127,230,40,65,37,50,44,16,52,16,18,3.0,17,21,9,183,175,358,77,9,12,137,219,33,51,43,53,45,38,63,18,16,5.0,13,13,6,35,-38,-3,28,2,4,-10,11,7,14,-6,-3,-1,-22,-11,-2,2,-2.0,4,8,3,0
2023,2023-08-13,R22,Regular,22.0,Docklands,Richmond,St Kilda,0,8,9,57,93,-36,23,203,153,356,94,10,15,118,240,29,48,41,56,43,42,56,14,23,5.0,6,8,9,243,154,397,128,9,13,117,280,30,58,40,71,42,22,58,23,14,8.0,11,14,7,-40,-1,-41,-34,1,2,1,-40,-1,-10,1,-15,1,20,-2,-9,9,-3.0,-5,-6,2,0
2023,2023-08-13,R22,Regular,22.0,Docklands,St Kilda,Richmond,1,14,9,93,57,36,23,243,154,397,128,9,13,117,280,30,58,40,71,42,22,58,23,14,8.0,11,14,7,203,153,356,94,10,15,118,240,29,48,41,56,43,42,56,14,23,5.0,6,8,9,40,1,41,34,-1,-2,-1,40,1,10,-1,15,-1,-20,2,9,-9,3.0,5,6,-2,0
2023,2023-08-13,R22,Regular,22.0,York Park,Western Bulldogs,Hawthorn,0,9,10,64,67,-3,23,196,100,296,89,15,11,112,180,30,43,40,69,51,38,58,10,19,12.0,5,9,7,242,175,417,130,13,12,125,286,36,50,33,52,33,44,48,19,10,9.0,6,9,11,-46,-75,-121,-41,2,-1,-13,-106,-6,-7,7,17,18,-6,10,-9,9,3.0,-1,0,-4,0
2023,2023-08-18,R23,Regular,23.0,Docklands,Brisbane Lions,Collingwood,0,19,10,124,100,24,23,215,130,345,96,13,12,135,204,39,55,30,60,41,43,63,20,22,4.0,12,19,9,194,141,335,73,11,17,126,191,39,47,36,76,45,47,54,22,20,4.0,11,15,9,21,-11,10,23,2,-5,9,13,0,8,-6,-16,-4,-4,9,-2,2,0.0,1,4,0,0
2023,2023-08-18,R23,Regular,23.0,Docklands,Collingwood,Brisbane Lions,1,15,10,100,124,-24,23,194,141,335,73,11,17,126,191,39,47,36,76,45,47,54,22,20,4.0,11,15,9,215,130,345,96,13,12,135,204,39,55,30,60,41,43,63,20,22,4.0,12,19,9,-21,11,-10,-23,-2,5,-9,-13,0,-8,6,16,4,4,-9,2,-2,0.0,-1,-4,0,0
2023,2023-08-19,R23,Regular,23.0,Adelaide Oval,Adelaide,Sydney,1,10,13,73,74,-1,23,208,147,355,59,5,10,165,187,43,58,42,81,59,61,73,24,23,2.0,6,10,9,211,118,329,53,11,7,165,152,42,54,47,85,67,29,64,23,24,7.0,6,11,7,-3,29,26,6,-6,3,0,35,1,4,-5,-4,-8,32,9,1,-1,-5.0,0,-1,2,0
2023,2023-08-19,R23,Regular,23.0,Carrara,Carlton,Gold Coast,0,13,13,91,87,4,23,228,146,374,84,14,11,167,204,35,51,50,68,40,34,49,18,19,4.0,11,13,11,215,147,362,82,5,15,142,217,42,64,38,57,48,40,58,19,18,6.0,10,13,5,13,-1,12,2,9,-4,25,-13,-7,-13,12,11,-8,-6,-9,-1,1,-2.0,1,0,6,0
2023,2023-08-19,R23,Regular,23.0,Sydney Showground,Essendon,Greater Western Sydney,0,5,6,36,162,-126,23,159,155,314,60,5,7,106,199,32,41,44,62,36,28,62,11,20,2.0,4,5,6,245,186,431,108,13,19,147,275,43,70,35,51,41,29,58,20,11,7.0,20,25,12,-86,-31,-117,-48,-8,-12,-41,-76,-11,-29,9,11,-5,-1,4,-9,9,-5.0,-16,-20,-6,0
2023,2023-08-19,R23,Regular,23.0,Docklands,Geelong,St Kilda,0,8,7,55,88,-33,23,223,128,351,119,11,9,106,234,21,41,45,52,35,14,70,5,20,4.0,6,8,7,268,161,429,151,12,20,130,296,33,59,32,38,36,31,47,20,5,11.0,7,12,13,-45,-33,-78,-32,-1,-11,-24,-62,-12,-18,13,14,-1,-17,23,-15,15,-7.0,-1,-4,-6,0
2023,2023-08-19,R23,Regular,23.0,Carrara,Gold Coast,Carlton,1,13,9,87,91,-4,23,215,147,362,82,5,15,142,217,42,64,38,57,48,40,58,19,18,6.0,10,13,5,228,146,374,84,14,11,167,204,35,51,50,68,40,34,49,18,19,4.0,11,13,11,-13,1,-12,-2,-9,4,-25,13,7,13,-12,-11,8,6,9,1,-1,2.0,-1,0,-6,0
2023,2023-08-19,R23,Regular,23.0,Sydney Showground,Greater Western Sydney,Essendon,1,25,12,162,36,126,23,245,186,431,108,13,19,147,275,43,70,35,51,41,29,58,20,11,7.0,20,25,12,159,155,314,60,5,7,106,199,32,41,44,62,36,28,62,11,20,2.0,4,5,6,86,31,117,48,8,12,41,76,11,29,-9,-11,5,1,-4,9,-9,5.0,16,20,6,0
2023,2023-08-19,R23,Regular,23.0,M.C.G.,North Melbourne,Richmond,0,10,12,72,101,-29,23,193,166,359,75,10,13,113,235,26,47,40,61,53,40,58,13,14,13.0,8,10,11,218,141,359,106,9,24,119,232,35,56,37,60,24,39,49,14,13,16.0,9,14,10,-25,25,0,-31,1,-11,-6,3,-9,-9,3,1,29,1,9,-1,1,-3.0,-1,-4,1,0
2023,2023-08-19,R23,Regular,23.0,M.C.G.,Richmond,North Melbourne,1,14,17,101,72,29,23,218,141,359,106,9,24,119,232,35,56,37,60,24,39,49,14,13,16.0,9,14,10,193,166,359,75,10,13,113,235,26,47,40,61,53,40,58,13,14,13.0,8,10,11,25,-25,0,31,-1,11,6,-3,9,9,-3,-1,-29,-1,-9,1,-1,3.0,1,4,-1,0
2023,2023-08-19,R23,Regular,23.0,Docklands,St Kilda,Geelong,1,12,16,88,55,33,23,268,161,429,151,12,20,130,296,33,59,32,38,36,31,47,20,5,11.0,7,12,13,223,128,351,119,11,9,106,234,21,41,45,52,35,14,70,5,20,4.0,6,8,7,45,33,78,32,1,11,24,62,12,18,-13,-14,1,17,-23,15,-15,7.0,1,4,6,0
2023,2023-08-19,R23,Regular,23.0,Adelaide Oval,Sydney,Adelaide,0,11,8,74,73,1,23,211,118,329,53,11,7,165,152,42,54,47,85,67,29,64,23,24,7.0,6,11,7,208,147,355,59,5,10,165,187,43,58,42,81,59,61,73,24,23,2.0,6,10,9,3,-29,-26,-6,6,-3,0,-35,-1,-4,5,4,8,-32,-9,-1,1,5.0,0,1,-2,0
2023,2023-08-20,R23,Regular,23.0,Perth Stadium,Fremantle,Port Adelaide,1,8,10,58,74,-16,23,206,160,366,94,10,5,123,234,31,46,29,62,30,40,42,21,12,4.0,5,8,9,226,119,345,111,8,12,125,227,39,40,36,46,45,36,57,12,21,6.0,9,11,8,-20,41,21,-17,2,-7,-2,7,-8,6,-7,16,-15,4,-15,9,-9,-2.0,-4,-3,1,0
2023,2023-08-20,R23,Regular,23.0,M.C.G.,Hawthorn,Melbourne,0,9,6,60,87,-27,23,224,149,373,117,9,10,124,249,35,38,46,42,37,34,60,17,16,5.0,6,9,5,225,120,345,122,14,14,116,221,26,61,29,55,39,26,50,16,17,4.0,8,13,8,-1,29,28,-5,-5,-4,8,28,9,-23,17,-13,-2,8,10,1,-1,1.0,-2,-4,-3,0
2023,2023-08-20,R23,Regular,23.0,M.C.G.,Melbourne,Hawthorn,1,13,9,87,60,27,23,225,120,345,122,14,14,116,221,26,61,29,55,39,26,50,16,17,4.0,8,13,8,224,149,373,117,9,10,124,249,35,38,46,42,37,34,60,17,16,5.0,6,9,5,1,-29,-28,5,5,4,-8,-28,-9,23,-17,13,2,-8,-10,-1,1,-1.0,2,4,3,0
2023,2023-08-20,R23,Regular,23.0,Perth Stadium,Port Adelaide,Fremantle,0,11,8,74,58,16,23,226,119,345,111,8,12,125,227,39,40,36,46,45,36,57,12,21,6.0,9,11,8,206,160,366,94,10,5,123,234,31,46,29,62,30,40,42,21,12,4.0,5,8,9,20,-41,-21,17,-2,7,2,-7,8,-6,7,-16,15,-4,15,-9,9,2.0,4,3,-1,0
2023,2023-08-20,R23,Regular,23.0,Docklands,West Coast,Western Bulldogs,0,14,8,92,85,7,23,216,155,371,96,5,12,137,228,47,50,39,75,47,46,65,11,16,11.0,13,14,8,205,165,370,79,6,11,149,221,44,53,36,78,49,57,47,16,11,11.0,10,12,11,11,-10,1,17,-1,1,-12,7,3,-3,3,-3,-2,-11,18,-5,5,0.0,3,2,-3,0
2023,2023-08-20,R23,Regular,23.0,Docklands,Western Bulldogs,West Coast,1,12,13,85,92,-7,23,205,165,370,79,6,11,149,221,44,53,36,78,49,57,47,16,11,11.0,10,12,11,216,155,371,96,5,12,137,228,47,50,39,75,47,46,65,11,16,11.0,13,14,8,-11,10,-1,-17,1,-1,12,-7,-3,3,-3,3,2,11,-18,5,-5,0.0,-3,-2,3,0
2023,2023-08-25,R24,Regular,24.0,M.C.G.,Collingwood,Essendon,0,16,5,101,31,70,23,229,167,396,105,8,14,123,269,32,58,36,68,49,26,59,17,14,10.0,14,16,2,220,170,390,121,7,14,110,279,26,39,40,59,37,36,50,14,17,6.0,2,3,11,9,-3,6,-16,1,0,13,-10,6,19,-4,9,12,-10,9,3,-3,4.0,12,13,-9,0
2023,2023-08-25,R24,Regular,24.0,M.C.G.,Essendon,Collingwood,1,3,13,31,101,-70,23,220,170,390,121,7,14,110,279,26,39,40,59,37,36,50,14,17,6.0,2,3,11,229,167,396,105,8,14,123,269,32,58,36,68,49,26,59,17,14,10.0,14,16,2,-9,3,-6,16,-1,0,-13,10,-6,-19,4,-9,-12,10,-9,-3,3,-4.0,-12,-13,9,0
2023,2023-08-26,R24,Regular,24.0,Perth Stadium,Adelaide,West Coast,0,17,21,123,78,45,23,220,179,399,100,12,22,136,260,38,67,28,45,44,33,56,11,22,10.0,10,17,18,216,142,358,96,8,11,121,220,30,41,49,47,42,28,40,22,11,6.0,7,12,5,4,37,41,4,4,11,15,40,8,26,-21,-2,2,5,16,-11,11,4.0,3,5,13,0
2023,2023-08-26,R24,Regular,24.0,Gabba,Brisbane Lions,St Kilda,1,9,18,72,60,12,23,220,120,340,111,14,15,140,201,43,61,28,56,51,33,50,21,13,4.0,4,9,14,218,145,363,110,12,12,127,225,27,38,50,62,46,32,62,13,21,10.0,5,9,4,2,-25,-23,1,2,3,13,-24,16,23,-22,-6,5,1,-12,8,-8,-6.0,-1,0,10,0
2023,2023-08-26,R24,Regular,24.0,M.C.G.,Fremantle,Hawthorn,0,14,9,93,56,37,23,212,165,377,113,12,14,115,257,24,45,39,64,40,28,48,17,17,7.0,10,14,9,211,172,383,108,5,10,117,269,37,47,31,45,33,43,56,17,17,15.0,6,8,6,1,-7,-6,5,7,4,-2,-12,-13,-2,8,19,7,-15,-8,0,0,-8.0,4,6,3,0
2023,2023-08-26,R24,Regular,24.0,Kardinia Park,Geelong,Western Bulldogs,1,11,13,79,104,-25,23,224,162,386,107,14,14,138,240,39,50,37,85,40,43,55,13,14,0.0,9,11,11,220,180,400,86,12,12,145,247,43,54,39,74,46,38,61,14,13,7.0,13,16,6,4,-18,-14,21,2,2,-7,-7,-4,-4,-2,11,-6,5,-6,-1,1,-7.0,-4,-5,5,0
2023,2023-08-26,R24,Regular,24.0,Bellerive Oval,Gold Coast,North Melbourne,0,14,13,97,132,-35,23,227,144,371,87,5,8,128,238,40,53,43,54,50,37,54,11,15,7.0,9,14,11,222,176,398,105,7,22,118,265,36,63,37,55,45,42,46,15,11,9.0,17,20,7,5,-32,-27,-18,-2,-14,10,-27,4,-10,6,-1,5,-5,8,-4,4,-2.0,-8,-6,4,0
2023,2023-08-26,R24,Regular,24.0,M.C.G.,Hawthorn,Fremantle,1,8,8,56,93,-37,23,211,172,383,108,5,10,117,269,37,47,31,45,33,43,56,17,17,15.0,6,8,6,212,165,377,113,12,14,115,257,24,45,39,64,40,28,48,17,17,7.0,10,14,9,-1,7,6,-5,-7,-4,2,12,13,2,-8,-19,-7,15,8,0,0,8.0,-4,-6,-3,0
2023,2023-08-26,R24,Regular,24.0,Bellerive Oval,North Melbourne,Gold Coast,1,20,12,132,97,35,23,222,176,398,105,7,22,118,265,36,63,37,55,45,42,46,15,11,9.0,17,20,7,227,144,371,87,5,8,128,238,40,53,43,54,50,37,54,11,15,7.0,9,14,11,-5,32,27,18,2,14,-10,27,-4,10,-6,1,-5,5,-8,4,-4,2.0,8,6,-4,0
2023,2023-08-26,R24,Regular,24.0,Gabba,St Kilda,Brisbane Lions,0,9,6,60,72,-12,23,218,145,363,110,12,12,127,225,27,38,50,62,46,32,62,13,21,10.0,5,9,4,220,120,340,111,14,15,140,201,43,61,28,56,51,33,50,21,13,4.0,4,9,14,-2,25,23,-1,-2,-3,-13,24,-16,-23,22,6,-5,-1,12,-8,8,6.0,1,0,-10,0
2023,2023-08-26,R24,Regular,24.0,Perth Stadium,West Coast,Adelaide,1,12,6,78,123,-45,23,216,142,358,96,8,11,121,220,30,41,49,47,42,28,40,22,11,6.0,7,12,5,220,179,399,100,12,22,136,260,38,67,28,45,44,33,56,11,22,10.0,10,17,18,-4,-37,-41,-4,-4,-11,-15,-40,-8,-26,21,2,-2,-5,-16,11,-11,-4.0,-3,-5,-13,0
2023,2023-08-26,R24,Regular,24.0,Kardinia Park,Western Bulldogs,Geelong,0,16,8,104,79,25,23,220,180,400,86,12,12,145,247,43,54,39,74,46,38,61,14,13,7.0,13,16,6,224,162,386,107,14,14,138,240,39,50,37,85,40,43,55,13,14,0.0,9,11,11,-4,18,14,-21,-2,-2,7,7,4,4,2,-11,6,-5,6,1,-1,7.0,4,5,-5,0
2023,2023-08-27,R24,Regular,24.0,Docklands,Carlton,Greater Western Sydney,1,11,7,73,105,-32,23,210,180,390,78,13,8,146,235,36,60,46,52,45,40,60,15,14,5.0,9,11,6,210,172,382,81,9,14,137,238,44,62,47,58,59,29,74,14,15,6.0,11,16,8,0,8,8,-3,4,-6,9,-3,-8,-2,-1,-6,-14,11,-14,1,-1,-1.0,-2,-5,-2,0
2023,2023-08-27,R24,Regular,24.0,Docklands,Greater Western Sydney,Carlton,0,16,9,105,73,32,23,210,172,382,81,9,14,137,238,44,62,47,58,59,29,74,14,15,6.0,11,16,8,210,180,390,78,13,8,146,235,36,60,46,52,45,40,60,15,14,5.0,9,11,6,0,-8,-8,3,-4,6,-9,3,8,2,1,6,14,-11,14,-1,1,1.0,2,5,2,0
2023,2023-08-27,R24,Regular,24.0,S.C.G.,Melbourne,Sydney,0,11,11,77,56,21,23,214,143,357,64,11,12,160,185,37,58,43,79,52,40,46,18,10,1.0,9,11,10,215,146,361,84,13,12,157,201,34,51,46,76,64,22,67,10,18,2.0,5,7,11,-1,-3,-4,-20,-2,0,3,-16,3,7,-3,3,-12,18,-21,8,-8,-1.0,4,4,-1,0
2023,2023-08-27,R24,Regular,24.0,Adelaide Oval,Port Adelaide,Richmond,1,13,16,94,63,31,23,229,134,363,108,8,16,119,231,34,51,50,51,52,12,51,20,15,22.0,7,13,12,191,155,346,76,19,11,136,201,31,58,37,48,50,40,61,15,20,11.0,6,8,13,38,-21,17,32,-11,5,-17,30,3,-7,13,3,2,-28,-10,5,-5,11.0,1,5,-1,0
2023,2023-08-27,R24,Regular,24.0,Adelaide Oval,Richmond,Port Adelaide,0,8,15,63,94,-31,23,191,155,346,76,19,11,136,201,31,58,37,48,50,40,61,15,20,11.0,6,8,13,229,134,363,108,8,16,119,231,34,51,50,51,52,12,51,20,15,22.0,7,13,12,-38,21,-17,-32,11,-5,17,-30,-3,7,-13,-3,-2,28,10,-5,5,-11.0,-1,-5,1,0
2023,2023-08-27,R24,Regular,24.0,S.C.G.,Sydney,Melbourne,1,7,14,56,77,-21,23,215,146,361,84,13,12,157,201,34,51,46,76,64,22,67,10,18,2.0,5,7,11,214,143,357,64,11,12,160,185,37,58,43,79,52,40,46,18,10,1.0,9,11,10,1,3,4,20,2,0,-3,16,-3,-7,3,-3,12,-18,21,-8,8,1.0,-4,-4,1,0
2023,2023-09-07,QF,Finals,25.0,M.C.G.,Collingwood,Melbourne,1,9,6,60,53,7,23,212,107,319,77,9,8,139,163,40,37,60,62,63,48,72,14,20,3.0,5,9,5,205,120,325,68,15,9,153,164,44,69,28,61,51,33,67,20,14,2.0,4,7,8,7,-13,-6,9,-6,-1,-14,-1,-4,-32,32,1,12,15,5,-6,6,1.0,1,2,-3,1
2023,2023-09-07,QF,Finals,25.0,M.C.G.,Melbourne,Collingwood,0,7,11,53,60,-7,23,205,120,325,68,15,9,153,164,44,69,28,61,51,33,67,20,14,2.0,4,7,8,212,107,319,77,9,8,139,163,40,37,60,62,63,48,72,14,20,3.0,5,9,5,-7,13,6,-9,6,1,14,1,4,32,-32,-1,-12,-15,-5,6,-6,-1.0,-1,-2,3,1
2023,2023-09-08,EF,Finals,25.0,M.C.G.,Carlton,Sydney,1,11,8,74,68,6,23,231,139,370,85,17,7,160,194,38,56,36,66,44,36,62,19,19,4.0,7,11,7,224,138,362,106,13,9,135,222,35,46,45,67,45,35,64,19,19,4.0,6,9,11,7,1,8,-21,4,-2,25,-28,3,10,-9,-1,-1,1,-2,0,0,0.0,1,2,-4,1
2023,2023-09-08,EF,Finals,25.0,M.C.G.,Sydney,Carlton,0,9,14,68,74,-6,23,224,138,362,106,13,9,135,222,35,46,45,67,45,35,64,19,19,4.0,6,9,11,231,139,370,85,17,7,160,194,38,56,36,66,44,36,62,19,19,4.0,7,11,7,-7,-1,-8,21,-4,2,-25,28,-3,-10,9,1,1,-1,2,0,0,0.0,-1,-2,4,1
2023,2023-09-09,QF,Finals,25.0,Gabba,Brisbane Lions,Port Adelaide,1,19,9,123,75,48,23,223,95,318,104,14,15,130,181,39,64,37,50,41,35,55,21,24,2.0,13,19,8,200,109,309,78,11,10,133,161,43,48,43,67,34,39,60,24,21,4.0,5,11,7,23,-14,9,26,3,5,-3,20,-4,16,-6,-17,7,-4,-5,-3,3,-2.0,8,8,1,1
2023,2023-09-09,EF,Finals,25.0,M.C.G.,Greater Western Sydney,St Kilda,0,15,11,101,77,24,23,217,159,376,77,11,15,148,222,36,54,45,56,62,35,58,16,17,5.0,11,15,10,212,172,384,81,19,9,146,231,35,55,39,55,51,18,57,17,16,2.0,6,11,7,5,-13,-8,-4,-8,6,2,-9,1,-1,6,1,11,17,1,-1,1,3.0,5,4,3,1
2023,2023-09-09,QF,Finals,25.0,Gabba,Port Adelaide,Brisbane Lions,0,11,9,75,123,-48,23,200,109,309,78,11,10,133,161,43,48,43,67,34,39,60,24,21,4.0,5,11,7,223,95,318,104,14,15,130,181,39,64,37,50,41,35,55,21,24,2.0,13,19,8,-23,14,-9,-26,-3,-5,3,-20,4,-16,6,17,-7,4,5,3,-3,2.0,-8,-8,-1,1
2023,2023-09-09,EF,Finals,25.0,M.C.G.,St Kilda,Greater Western Sydney,1,11,11,77,101,-24,23,212,172,384,81,19,9,146,231,35,55,39,55,51,18,57,17,16,2.0,6,11,7,217,159,376,77,11,15,148,222,36,54,45,56,62,35,58,16,17,5.0,11,15,10,-5,13,8,4,8,-6,-2,9,-1,1,-6,-1,-11,-17,-1,1,-1,-3.0,-5,-4,-3,1
2023,2023-09-15,SF,Finals,26.0,M.C.G.,Carlton,Melbourne,0,11,7,73,71,2,23,214,147,361,88,12,9,137,210,33,52,44,64,58,29,71,26,19,7.0,10,11,6,228,140,368,97,15,10,153,205,36,53,39,49,55,38,75,19,26,4.0,7,9,15,-14,7,-7,-9,-3,-1,-16,5,-3,-1,5,15,3,-9,-4,7,-7,3.0,3,2,-9,1
2023,2023-09-15,SF,Finals,26.0,M.C.G.,Melbourne,Carlton,1,9,17,71,73,-2,23,228,140,368,97,15,10,153,205,36,53,39,49,55,38,75,19,26,4.0,7,9,15,214,147,361,88,12,9,137,210,33,52,44,64,58,29,71,26,19,7.0,10,11,6,14,-7,7,9,3,1,16,-5,3,1,-5,-15,-3,9,4,-7,7,-3.0,-3,-2,9,1
2023,2023-09-16,SF,Finals,26.0,Adelaide Oval,Greater Western Sydney,Port Adelaide,0,13,15,93,70,23,23,232,152,384,88,11,15,144,226,45,55,44,46,56,43,50,19,14,5.0,11,13,14,173,116,289,63,16,9,125,152,29,53,42,57,42,22,63,14,19,4.0,7,9,12,59,36,95,25,-5,6,19,74,16,2,2,-11,14,21,-13,5,-5,1.0,4,4,2,1
2023,2023-09-16,SF,Finals,26.0,Adelaide Oval,Port Adelaide,Greater Western Sydney,1,9,16,70,93,-23,23,173,116,289,63,16,9,125,152,29,53,42,57,42,22,63,14,19,4.0,7,9,12,232,152,384,88,11,15,144,226,45,55,44,46,56,43,50,19,14,5.0,11,13,14,-59,-36,-95,-25,5,-6,-19,-74,-16,-2,-2,11,-14,-21,13,-5,5,-1.0,-4,-4,-2,1
2023,2023-09-22,PF,Finals,27.0,M.C.G.,Collingwood,Greater Western Sydney,1,8,10,58,57,1,23,223,133,356,98,11,8,140,208,44,52,39,68,57,45,61,12,12,4.0,6,8,9,223,154,377,89,16,11,154,211,26,48,44,60,55,28,64,12,12,4.0,7,8,7,0,-21,-21,9,-5,-3,-14,-3,18,4,-5,8,2,17,-3,0,0,0.0,-1,0,2,1
2023,2023-09-22,PF,Finals,27.0,M.C.G.,Greater Western Sydney,Collingwood,0,8,9,57,58,-1,23,223,154,377,89,16,11,154,211,26,48,44,60,55,28,64,12,12,4.0,7,8,7,223,133,356,98,11,8,140,208,44,52,39,68,57,45,61,12,12,4.0,6,8,9,0,21,21,-9,5,3,14,3,-18,-4,5,-8,-2,-17,3,0,0,0.0,1,0,-2,1
2023,2023-09-23,PF,Finals,27.0,Gabba,Brisbane Lions,Carlton,1,11,13,79,63,16,23,230,109,339,104,9,11,140,191,44,63,43,53,70,41,69,17,15,1.0,9,11,9,194,134,328,80,19,6,135,186,30,52,50,59,49,33,59,15,17,7.0,7,9,6,36,-25,11,24,-10,5,5,5,14,11,-7,-6,21,8,10,2,-2,-6.0,2,2,3,1
2023,2023-09-23,PF,Finals,27.0,Gabba,Carlton,Brisbane Lions,0,9,9,63,79,-16,23,194,134,328,80,19,6,135,186,30,52,50,59,49,33,59,15,17,7.0,7,9,6,230,109,339,104,9,11,140,191,44,63,43,53,70,41,69,17,15,1.0,9,11,9,-36,25,-11,-24,10,-5,-5,-5,-14,-11,7,6,-21,-8,-10,-2,2,6.0,-2,-2,-3,1
2023,2023-09-30,GF,Finals,28.0,M.C.G.,Brisbane Lions,Collingwood,0,13,8,86,90,-4,23,205,103,308,89,8,5,122,173,44,43,44,53,51,32,61,22,16,5.0,10,13,8,219,121,340,95,9,12,122,213,38,57,30,73,48,50,61,16,22,8.0,9,12,13,-14,-18,-32,-6,-1,-7,0,-40,6,-14,14,-20,3,-18,0,6,-6,-3.0,1,1,-5,1
2023,2023-09-30,GF,Finals,28.0,M.C.G.,Collingwood,Brisbane Lions,1,12,18,90,86,4,23,219,121,340,95,9,12,122,213,38,57,30,73,48,50,61,16,22,8.0,9,12,13,205,103,308,89,8,5,122,173,44,43,44,53,51,32,61,22,16,5.0,10,13,8,14,18,32,6,1,7,0,40,-6,14,-14,20,-3,18,0,-6,6,3.0,-1,-1,5,1
2024,2024-03-07,R1,Regular,1.0,S.C.G.,Melbourne,Sydney,0,9,10,64,86,-22,23,205,148,353,63,3,5,145,206,34,51,52,65,50,38,67,24,21,1.0,5,9,8,234,123,357,99,8,9,146,208,45,65,42,63,67,46,63,21,24,7.0,5,12,10,-29,25,-4,-36,-5,-4,-1,-2,-11,-14,10,2,-17,-8,4,3,-3,-6.0,0,-3,-2,0
2024,2024-03-07,R1,Regular,1.0,S.C.G.,Sydney,Melbourne,1,12,14,86,64,22,23,234,123,357,99,8,9,146,208,45,65,42,63,67,46,63,21,24,7.0,5,12,10,205,148,353,63,3,5,145,206,34,51,52,65,50,38,67,24,21,1.0,5,9,8,29,-25,4,36,5,4,1,2,11,14,-10,-2,17,8,-4,-3,3,6.0,0,3,2,0
2024,2024-03-08,R1,Regular,1.0,Gabba,Brisbane Lions,Carlton,1,12,13,85,86,-1,23,211,112,323,94,10,16,133,183,37,62,36,63,33,29,66,16,20,2.0,7,12,10,216,125,341,91,13,7,141,191,36,49,50,59,46,28,59,20,16,2.0,8,13,4,-5,-13,-18,3,-3,9,-8,-8,1,13,-14,4,-13,1,7,-4,4,0.0,-1,-1,6,0
2024,2024-03-08,R1,Regular,1.0,Gabba,Carlton,Brisbane Lions,0,13,8,86,85,1,23,216,125,341,91,13,7,141,191,36,49,50,59,46,28,59,20,16,2.0,8,13,4,211,112,323,94,10,16,133,183,37,62,36,63,33,29,66,16,20,2.0,7,12,10,5,13,18,-3,3,-9,8,8,-1,-13,14,-4,13,-1,-7,4,-4,0.0,1,1,-6,0
2024,2024-03-09,R1,Regular,1.0,Sydney Showground,Collingwood,Greater Western Sydney,0,11,16,82,114,-32,23,205,145,350,81,4,9,123,219,40,60,35,60,38,49,62,20,16,3.0,7,11,13,226,161,387,97,9,13,134,239,39,53,47,36,51,23,71,16,20,3.0,16,18,4,-21,-16,-37,-16,-5,-4,-11,-20,1,7,-12,24,-13,26,-9,4,-4,0.0,-9,-7,9,0
2024,2024-03-09,R1,Regular,1.0,Carrara,Gold Coast,Richmond,1,14,15,99,60,39,23,240,124,364,118,11,18,139,225,44,61,30,39,59,28,57,16,15,5.0,11,14,9,180,93,273,72,10,8,113,143,31,41,47,47,43,37,59,15,16,4.0,5,9,5,60,31,91,46,1,10,26,82,13,20,-17,-8,16,-9,-2,1,-1,1.0,6,5,4,0
2024,2024-03-09,R1,Regular,1.0,Sydney Showground,Greater Western Sydney,Collingwood,1,18,6,114,82,32,23,226,161,387,97,9,13,134,239,39,53,47,36,51,23,71,16,20,3.0,16,18,4,205,145,350,81,4,9,123,219,40,60,35,60,38,49,62,20,16,3.0,7,11,13,21,16,37,16,5,4,11,20,-1,-7,12,-24,13,-26,9,-4,4,0.0,9,7,-9,0
2024,2024-03-09,R1,Regular,1.0,Carrara,Richmond,Gold Coast,0,9,6,60,99,-39,23,180,93,273,72,10,8,113,143,31,41,47,47,43,37,59,15,16,4.0,5,9,5,240,124,364,118,11,18,139,225,44,61,30,39,59,28,57,16,15,5.0,11,14,9,-60,-31,-91,-46,-1,-10,-26,-82,-13,-20,17,8,-16,9,2,-1,1,-1.0,-6,-5,-4,0
2024,2024-03-14,R2,Regular,2.0,M.C.G.,Carlton,Richmond,1,12,14,86,81,5,23,218,137,355,98,12,13,131,219,29,65,37,69,38,31,52,24,17,7.0,8,12,12,203,119,322,69,10,10,142,169,35,50,53,54,46,26,81,17,24,9.0,7,12,7,15,18,33,29,2,3,-11,50,-6,15,-16,15,-8,5,-29,7,-7,-2.0,1,0,5,0
2024,2024-03-14,R2,Regular,2.0,M.C.G.,Richmond,Carlton,0,12,9,81,86,-5,23,203,119,322,69,10,10,142,169,35,50,53,54,46,26,81,17,24,9.0,7,12,7,218,137,355,98,12,13,131,219,29,65,37,69,38,31,52,24,17,7.0,8,12,12,-15,-18,-33,-29,-2,-3,11,-50,6,-15,16,-15,8,-5,29,-7,7,2.0,-1,0,-5,0
2024,2024-03-15,R2,Regular,2.0,M.C.G.,Collingwood,Sydney,1,10,9,69,102,-33,23,209,139,348,94,8,9,127,218,35,47,36,51,41,38,61,25,21,4.0,7,10,6,222,139,361,100,8,19,121,226,30,51,37,72,56,26,59,21,25,5.0,12,15,10,-13,0,-13,-6,0,-10,6,-8,5,-4,-1,-21,-15,12,2,4,-4,-1.0,-5,-5,-4,0
2024,2024-03-15,R2,Regular,2.0,M.C.G.,Sydney,Collingwood,0,15,12,102,69,33,23,222,139,361,100,8,19,121,226,30,51,37,72,56,26,59,21,25,5.0,12,15,10,209,139,348,94,8,9,127,218,35,47,36,51,41,38,61,25,21,4.0,7,10,6,13,0,13,6,0,10,-6,8,-5,4,1,21,15,-12,-2,-4,4,1.0,5,5,4,0
2024,2024-03-16,R2,Regular,2.0,Carrara,Adelaide,Gold Coast,0,8,6,54,60,-6,23,220,139,359,50,5,4,166,167,43,54,43,72,62,50,66,24,20,1.0,4,8,3,227,139,366,64,3,8,156,196,43,51,46,70,73,40,70,21,24,2.0,5,8,10,-7,0,-7,-14,2,-4,10,-29,0,3,-3,2,-11,10,-4,3,-4,-1.0,-1,0,-7,0
2024,2024-03-16,R2,Regular,2.0,M.C.G.,Essendon,Hawthorn,1,17,5,107,83,24,23,205,141,346,92,11,14,116,215,40,51,46,61,37,44,44,18,11,11.0,15,17,5,201,138,339,95,12,19,122,212,31,57,33,44,42,35,51,11,18,9.0,9,11,14,4,3,7,-3,-1,-5,-6,3,9,-6,13,17,-5,9,-7,7,-7,2.0,6,6,-9,0
2024,2024-03-16,R2,Regular,2.0,Kardinia Park,Geelong,St Kilda,1,10,16,76,68,8,23,231,130,361,101,13,15,119,218,36,63,34,53,47,40,61,14,18,6.0,9,10,13,224,120,344,88,8,11,123,202,39,44,52,48,44,36,50,18,14,3.0,5,9,12,7,10,17,13,5,4,-4,16,-3,19,-18,5,3,4,11,-4,4,3.0,4,1,1,0
2024,2024-03-16,R2,Regular,2.0,Carrara,Gold Coast,Adelaide,1,8,12,60,54,6,23,227,139,366,64,3,8,156,196,43,51,46,70,73,40,70,21,24,2.0,5,8,10,220,139,359,50,5,4,166,167,43,54,43,72,62,50,66,24,20,1.0,4,8,3,7,0,7,14,-2,4,-10,29,0,-3,3,-2,11,-10,4,-3,4,1.0,1,0,7,0
2024,2024-03-16,R2,Regular,2.0,Sydney Showground,Greater Western Sydney,North Melbourne,1,17,19,121,82,39,23,229,176,405,117,22,25,145,266,27,60,33,45,38,22,60,14,22,9.0,14,17,18,205,137,342,89,7,9,113,209,32,46,43,47,44,24,44,22,14,1.0,11,13,4,24,39,63,28,15,16,32,57,-5,14,-10,-2,-6,-2,16,-8,8,8.0,3,4,14,0
2024,2024-03-16,R2,Regular,2.0,M.C.G.,Hawthorn,Essendon,0,11,17,83,107,-24,23,201,138,339,95,12,19,122,212,31,57,33,44,42,35,51,11,18,9.0,9,11,14,205,141,346,92,11,14,116,215,40,51,46,61,37,44,44,18,11,11.0,15,17,5,-4,-3,-7,3,1,5,6,-3,-9,6,-13,-17,5,-9,7,-7,7,-2.0,-6,-6,9,0
2024,2024-03-16,R2,Regular,2.0,Sydney Showground,North Melbourne,Greater Western Sydney,0,13,4,82,121,-39,23,205,137,342,89,7,9,113,209,32,46,43,47,44,24,44,22,14,1.0,11,13,4,229,176,405,117,22,25,145,266,27,60,33,45,38,22,60,14,22,9.0,14,17,18,-24,-39,-63,-28,-15,-16,-32,-57,5,-14,10,2,6,2,-16,8,-8,-8.0,-3,-4,-14,0
2024,2024-03-16,R2,Regular,2.0,Kardinia Park,St Kilda,Geelong,0,9,14,68,76,-8,23,224,120,344,88,8,11,123,202,39,44,52,48,44,36,50,18,14,3.0,5,9,12,231,130,361,101,13,15,119,218,36,63,34,53,47,40,61,14,18,6.0,9,10,13,-7,-10,-17,-13,-5,-4,4,-16,3,-19,18,-5,-3,-4,-11,4,-4,-3.0,-4,-1,-1,0
2024,2024-03-17,R2,Regular,2.0,Perth Stadium,Brisbane Lions,Fremantle,0,10,10,70,93,-23,23,226,119,345,112,11,10,118,224,34,56,34,55,50,42,57,21,20,4.0,8,10,9,227,158,385,99,7,12,125,246,41,48,46,67,35,42,57,20,21,5.0,8,14,8,-1,-39,-40,13,4,-2,-7,-22,-7,8,-12,-12,15,0,0,1,-1,-1.0,0,-4,1,0
2024,2024-03-17,R2,Regular,2.0,Perth Stadium,Fremantle,Brisbane Lions,1,14,9,93,70,23,23,227,158,385,99,7,12,125,246,41,48,46,67,35,42,57,20,21,5.0,8,14,8,226,119,345,112,11,10,118,224,34,56,34,55,50,42,57,21,20,4.0,8,10,9,1,39,40,-13,-4,2,7,22,7,-8,12,12,-15,0,0,-1,1,1.0,0,4,-1,0
2024,2024-03-17,R2,Regular,2.0,M.C.G.,Melbourne,Western Bulldogs,1,16,13,109,64,45,23,250,142,392,141,12,12,126,265,36,53,44,47,39,38,56,19,15,2.0,11,16,11,214,148,362,99,9,13,126,242,34,53,35,37,48,27,63,15,19,11.0,5,9,9,36,-6,30,42,3,-1,0,23,2,0,9,10,-9,11,-7,4,-4,-9.0,6,7,2,0
2024,2024-03-17,R2,Regular,2.0,Adelaide Oval,Port Adelaide,West Coast,1,16,24,120,70,50,23,242,114,356,121,13,25,110,225,35,57,30,44,34,38,41,16,18,7.0,13,16,23,175,116,291,69,5,8,105,166,30,40,40,35,32,19,47,18,16,12.0,9,10,9,67,-2,65,52,8,17,5,59,5,17,-10,9,2,19,-6,-2,2,-5.0,4,6,14,0
2024,2024-03-17,R2,Regular,2.0,Adelaide Oval,West Coast,Port Adelaide,0,10,10,70,120,-50,23,175,116,291,69,5,8,105,166,30,40,40,35,32,19,47,18,16,12.0,9,10,9,242,114,356,121,13,25,110,225,35,57,30,44,34,38,41,16,18,7.0,13,16,23,-67,2,-65,-52,-8,-17,-5,-59,-5,-17,10,-9,-2,-19,6,2,-2,5.0,-4,-6,-14,0
2024,2024-03-17,R2,Regular,2.0,M.C.G.,Western Bulldogs,Melbourne,0,9,10,64,109,-45,23,214,148,362,99,9,13,126,242,34,53,35,37,48,27,63,15,19,11.0,5,9,9,250,142,392,141,12,12,126,265,36,53,44,47,39,38,56,19,15,2.0,11,16,11,-36,6,-30,-42,-3,1,0,-23,-2,0,-9,-10,9,-11,7,-4,4,9.0,-6,-7,-2,0
2024,2024-03-21,R3,Regular,3.0,M.C.G.,Collingwood,St Kilda,0,12,7,79,94,-15,23,203,145,348,79,15,10,142,202,31,42,41,54,44,47,78,16,30,2.0,7,12,4,244,154,398,106,8,9,142,247,35,55,30,52,42,13,59,30,16,2.0,8,14,9,-41,-9,-50,-27,7,1,0,-45,-4,-13,11,2,2,34,19,-14,14,0.0,-1,-2,-5,0
2024,2024-03-21,R3,Regular,3.0,M.C.G.,St Kilda,Collingwood,1,14,10,94,79,15,23,244,154,398,106,8,9,142,247,35,55,30,52,42,13,59,30,16,2.0,8,14,9,203,145,348,79,15,10,142,202,31,42,41,54,44,47,78,16,30,2.0,7,12,4,41,9,50,27,-7,-1,0,45,4,13,-11,-2,-2,-34,-19,14,-14,0.0,1,2,5,0
2024,2024-03-22,R3,Regular,3.0,Adelaide Oval,Adelaide,Geelong,1,11,11,77,96,-19,23,232,135,367,95,7,9,139,213,47,66,39,66,56,52,58,18,9,1.0,7,11,6,204,140,344,79,14,14,136,196,38,53,53,75,47,36,44,9,18,1.0,14,14,6,28,-5,23,16,-7,-5,3,17,9,13,-14,-9,9,16,14,9,-9,0.0,-7,-3,0,0
2024,2024-03-22,R3,Regular,3.0,Adelaide Oval,Geelong,Adelaide,0,14,12,96,77,19,23,204,140,344,79,14,14,136,196,38,53,53,75,47,36,44,9,18,1.0,14,14,6,232,135,367,95,7,9,139,213,47,66,39,66,56,52,58,18,9,1.0,7,11,6,-28,5,-23,-16,7,5,-3,-17,-9,-13,14,9,-9,-16,-14,-9,9,0.0,7,3,0,0
2024,2024-03-23,R3,Regular,3.0,S.C.G.,Essendon,Sydney,0,15,11,101,131,-30,23,200,167,367,71,6,9,133,220,43,56,40,48,33,31,64,19,18,4.0,12,15,8,221,136,357,94,5,19,133,212,33,59,41,56,56,35,60,18,19,6.0,16,19,14,-21,31,10,-23,1,-10,0,8,10,-3,-1,-8,-23,-4,4,1,-1,-2.0,-4,-4,-6,0
2024,2024-03-23,R3,Regular,3.0,Docklands,Fremantle,North Melbourne,0,15,12,102,76,26,23,206,147,353,94,11,13,127,224,34,45,46,59,36,25,47,16,16,6.0,12,15,10,194,167,361,93,6,15,118,238,38,57,30,42,43,36,45,16,16,6.0,9,11,7,12,-20,-8,1,5,-2,9,-14,-4,-12,16,17,-7,-11,2,0,0,0.0,3,4,3,0
2024,2024-03-23,R3,Regular,3.0,M.C.G.,Hawthorn,Melbourne,1,5,8,38,93,-55,23,223,160,383,116,4,11,116,265,23,42,40,50,42,30,53,20,17,7.0,5,5,6,217,143,360,106,11,14,128,235,35,55,36,73,35,29,54,17,20,0.0,13,14,7,6,17,23,10,-7,-3,-12,30,-12,-13,4,-23,7,1,-1,3,-3,7.0,-8,-9,-1,0
2024,2024-03-23,R3,Regular,3.0,M.C.G.,Melbourne,Hawthorn,0,14,9,93,38,55,23,217,143,360,106,11,14,128,235,35,55,36,73,35,29,54,17,20,0.0,13,14,7,223,160,383,116,4,11,116,265,23,42,40,50,42,30,53,20,17,7.0,5,5,6,-6,-17,-23,-10,7,3,12,-30,12,13,-4,23,-7,-1,1,-3,3,-7.0,8,9,1,0
2024,2024-03-23,R3,Regular,3.0,Docklands,North Melbourne,Fremantle,1,11,10,76,102,-26,23,194,167,361,93,6,15,118,238,38,57,30,42,43,36,45,16,16,6.0,9,11,7,206,147,353,94,11,13,127,224,34,45,46,59,36,25,47,16,16,6.0,12,15,10,-12,20,8,-1,-5,2,-9,14,4,12,-16,-17,7,11,-2,0,0,0.0,-3,-4,-3,0
2024,2024-03-23,R3,Regular,3.0,S.C.G.,Sydney,Essendon,1,19,17,131,101,30,23,221,136,357,94,5,19,133,212,33,59,41,56,56,35,60,18,19,6.0,16,19,14,200,167,367,71,6,9,133,220,43,56,40,48,33,31,64,19,18,4.0,12,15,8,21,-31,-10,23,-1,10,0,-8,-10,3,1,8,23,4,-4,-1,1,2.0,4,4,6,0
2024,2024-03-24,R3,Regular,3.0,Eureka Stadium,Gold Coast,Western Bulldogs,0,10,7,67,115,-48,23,197,136,333,76,7,8,138,191,31,52,37,58,40,44,55,28,20,2.0,6,10,6,222,160,382,110,16,14,143,243,42,56,42,65,40,37,68,20,28,10.0,10,18,6,-25,-24,-49,-34,-9,-6,-5,-52,-11,-4,-5,-7,0,7,-13,8,-8,-8.0,-4,-8,0,0
2024,2024-03-24,R3,Regular,3.0,Perth Stadium,Greater Western Sydney,West Coast,0,16,12,108,43,65,23,221,191,412,92,11,13,148,248,40,67,39,84,38,44,51,16,19,17.0,11,16,7,178,182,360,72,4,8,138,219,36,44,49,65,49,24,46,19,16,12.0,3,5,9,43,9,52,20,7,5,10,29,4,23,-10,19,-11,20,5,-3,3,5.0,8,11,-2,0
2024,2024-03-24,R3,Regular,3.0,M.C.G.,Port Adelaide,Richmond,0,18,14,122,92,30,23,233,133,366,107,7,17,117,227,31,63,39,48,42,28,52,23,13,4.0,13,18,14,196,128,324,74,7,7,124,186,31,52,44,32,41,29,66,13,23,7.0,11,13,12,37,5,42,33,0,10,-7,41,0,11,-5,16,1,-1,-14,10,-10,-3.0,2,5,2,0
2024,2024-03-24,R3,Regular,3.0,M.C.G.,Richmond,Port Adelaide,1,13,14,92,122,-30,23,196,128,324,74,7,7,124,186,31,52,44,32,41,29,66,13,23,7.0,11,13,12,233,133,366,107,7,17,117,227,31,63,39,48,42,28,52,23,13,4.0,13,18,14,-37,-5,-42,-33,0,-10,7,-41,0,-11,5,-16,-1,1,14,-10,10,3.0,-2,-5,-2,0
2024,2024-03-24,R3,Regular,3.0,Perth Stadium,West Coast,Greater Western Sydney,1,5,13,43,108,-65,23,178,182,360,72,4,8,138,219,36,44,49,65,49,24,46,19,16,12.0,3,5,9,221,191,412,92,11,13,148,248,40,67,39,84,38,44,51,16,19,17.0,11,16,7,-43,-9,-52,-20,-7,-5,-10,-29,-4,-23,10,-19,11,-20,-5,3,-3,-5.0,-8,-11,2,0
2024,2024-03-24,R3,Regular,3.0,Eureka Stadium,Western Bulldogs,Gold Coast,1,18,7,115,67,48,23,222,160,382,110,16,14,143,243,42,56,42,65,40,37,68,20,28,10.0,10,18,6,197,136,333,76,7,8,138,191,31,52,37,58,40,44,55,28,20,2.0,6,10,6,25,24,49,34,9,6,5,52,11,4,5,7,0,-7,13,-8,8,8.0,4,8,0,0
2024,2024-03-28,R4,Regular,4.0,Gabba,Brisbane Lions,Collingwood,1,10,12,72,92,-20,23,210,146,356,89,8,6,134,218,42,56,29,53,51,49,72,20,30,2.0,8,10,9,202,117,319,77,9,9,133,184,34,43,46,85,51,44,64,30,20,2.0,10,14,7,8,29,37,12,-1,-3,1,34,8,13,-17,-32,0,5,8,-10,10,0.0,-2,-4,2,0
2024,2024-03-28,R4,Regular,4.0,Gabba,Collingwood,Brisbane Lions,0,14,8,92,72,20,23,202,117,319,77,9,9,133,184,34,43,46,85,51,44,64,30,20,2.0,10,14,7,210,146,356,89,8,6,134,218,42,56,29,53,51,49,72,20,30,2.0,8,10,9,-8,-29,-37,-12,1,3,-1,-34,-8,-13,17,32,0,-5,-8,10,-10,0.0,2,4,-2,0
2024,2024-03-29,R4,Regular,4.0,Perth Stadium,Adelaide,Fremantle,0,4,10,34,69,-35,23,231,124,355,105,4,5,112,228,28,44,41,43,45,40,56,19,23,2.0,3,4,8,225,177,402,111,7,10,120,277,31,52,40,63,44,24,58,23,19,10.0,7,9,12,6,-53,-47,-6,-3,-5,-8,-49,-3,-8,1,-20,1,16,-2,-4,4,-8.0,-4,-5,-4,0
2024,2024-03-29,R4,Regular,4.0,Docklands,Carlton,North Melbourne,0,21,11,137,81,56,23,225,141,366,89,12,12,141,224,40,62,38,76,51,35,55,34,21,3.0,12,21,6,187,144,331,76,7,12,130,200,43,51,40,55,45,35,77,21,34,7.0,6,12,5,38,-3,35,13,5,0,11,24,-3,11,-2,21,6,0,-22,13,-13,-4.0,6,9,1,0
2024,2024-03-29,R4,Regular,4.0,Perth Stadium,Fremantle,Adelaide,1,9,15,69,34,35,23,225,177,402,111,7,10,120,277,31,52,40,63,44,24,58,23,19,10.0,7,9,12,231,124,355,105,4,5,112,228,28,44,41,43,45,40,56,19,23,2.0,3,4,8,-6,53,47,6,3,5,8,49,3,8,-1,20,-1,-16,2,4,-4,8.0,4,5,4,0
2024,2024-03-29,R4,Regular,4.0,Docklands,North Melbourne,Carlton,1,12,9,81,137,-56,23,187,144,331,76,7,12,130,200,43,51,40,55,45,35,77,21,34,7.0,6,12,5,225,141,366,89,12,12,141,224,40,62,38,76,51,35,55,34,21,3.0,12,21,6,-38,3,-35,-13,-5,0,-11,-24,3,-11,2,-21,-6,0,22,-13,13,4.0,-6,-9,-1,0
2024,2024-03-30,R4,Regular,4.0,Docklands,Essendon,St Kilda,1,10,11,71,67,4,23,248,169,417,113,12,15,146,261,37,53,42,66,47,34,62,16,11,3.0,8,10,9,213,179,392,93,10,13,133,254,32,51,42,61,41,27,61,11,16,7.0,8,9,11,35,-10,25,20,2,2,13,7,5,2,0,5,6,7,1,5,-5,-4.0,0,1,-2,0
2024,2024-03-30,R4,Regular,4.0,Adelaide Oval,Melbourne,Port Adelaide,0,15,6,96,89,7,23,188,127,315,70,5,7,140,176,37,45,50,57,53,55,61,25,24,3.0,9,15,4,211,140,351,72,9,14,142,197,52,66,30,67,38,30,61,24,25,3.0,7,13,10,-23,-13,-36,-2,-4,-7,-2,-21,-15,-21,20,-10,15,25,0,1,-1,0.0,2,2,-6,0
2024,2024-03-30,R4,Regular,4.0,Adelaide Oval,Port Adelaide,Melbourne,1,13,11,89,96,-7,23,211,140,351,72,9,14,142,197,52,66,30,67,38,30,61,24,25,3.0,7,13,10,188,127,315,70,5,7,140,176,37,45,50,57,53,55,61,25,24,3.0,9,15,4,23,13,36,2,4,7,2,21,15,21,-20,10,-15,-25,0,-1,1,0.0,-2,-2,6,0
2024,2024-03-30,R4,Regular,4.0,Docklands,St Kilda,Essendon,0,9,13,67,71,-4,23,213,179,392,93,10,13,133,254,32,51,42,61,41,27,61,11,16,7.0,8,9,11,248,169,417,113,12,15,146,261,37,53,42,66,47,34,62,16,11,3.0,8,10,9,-35,10,-25,-20,-2,-2,-13,-7,-5,-2,0,-5,-6,-7,-1,-5,5,4.0,0,-1,2,0
2024,2024-03-31,R4,Regular,4.0,M.C.G.,Richmond,Sydney,1,11,16,82,77,5,23,242,126,368,110,8,13,124,238,26,59,42,59,51,25,65,17,16,7.0,9,11,10,231,153,384,99,5,7,121,256,30,53,45,44,44,24,69,16,17,10.0,9,11,8,11,-27,-16,11,3,6,3,-18,-4,6,-3,15,7,1,-4,1,-1,-3.0,0,0,2,0
2024,2024-03-31,R4,Regular,4.0,M.C.G.,Sydney,Richmond,0,11,11,77,82,-5,23,231,153,384,99,5,7,121,256,30,53,45,44,44,24,69,16,17,10.0,9,11,8,242,126,368,110,8,13,124,238,26,59,42,59,51,25,65,17,16,7.0,9,11,10,-11,27,16,-11,-3,-6,-3,18,4,-6,3,-15,-7,-1,4,-1,1,3.0,0,0,-2,0
2024,2024-03-31,R4,Regular,4.0,Docklands,West Coast,Western Bulldogs,0,3,12,30,106,-76,23,195,114,309,86,14,11,128,175,37,51,35,53,49,29,56,19,14,3.0,3,3,11,244,177,421,140,20,15,134,283,28,51,48,61,47,35,51,14,19,9.0,13,16,6,-49,-63,-112,-54,-6,-4,-6,-108,9,0,-13,-8,2,-6,5,5,-5,-6.0,-10,-13,5,0
2024,2024-03-31,R4,Regular,4.0,Docklands,Western Bulldogs,West Coast,1,16,10,106,30,76,23,244,177,421,140,20,15,134,283,28,51,48,61,47,35,51,14,19,9.0,13,16,6,195,114,309,86,14,11,128,175,37,51,35,53,49,29,56,19,14,3.0,3,3,11,49,63,112,54,6,4,6,108,-9,0,13,8,-2,6,-5,-5,5,6.0,10,13,-5,0
2024,2024-04-01,R4,Regular,4.0,M.C.G.,Geelong,Hawthorn,0,17,4,106,70,36,23,228,145,373,88,11,12,132,223,30,54,53,90,68,36,77,20,21,3.0,13,17,4,225,142,367,96,11,8,145,222,44,63,36,75,49,48,61,21,20,7.0,5,10,8,3,3,6,-8,0,4,-13,1,-14,-9,17,15,19,-12,16,-1,1,-4.0,8,7,-4,0
2024,2024-04-01,R4,Regular,4.0,M.C.G.,Hawthorn,Geelong,1,10,10,70,106,-36,23,225,142,367,96,11,8,145,222,44,63,36,75,49,48,61,21,20,7.0,5,10,8,228,145,373,88,11,12,132,223,30,54,53,90,68,36,77,20,21,3.0,13,17,4,-3,-3,-6,8,0,-4,13,-1,14,9,-17,-15,-19,12,-16,1,-1,4.0,-8,-7,4,0
2024,2024-04-04,R5,Regular,5.0,Adelaide Oval,Adelaide,Melbourne,1,8,15,63,78,-15,23,218,151,369,97,9,8,129,226,37,54,38,58,56,44,36,21,9,0.0,8,8,11,202,111,313,85,18,10,131,170,41,48,46,65,47,43,44,9,21,2.0,6,10,15,16,40,56,12,-9,-2,-2,56,-4,6,-8,-7,9,1,-8,12,-12,-2.0,2,-2,-4,0
2024,2024-04-04,R5,Regular,5.0,Adelaide Oval,Melbourne,Adelaide,0,10,18,78,63,15,23,202,111,313,85,18,10,131,170,41,48,46,65,47,43,44,9,21,2.0,6,10,15,218,151,369,97,9,8,129,226,37,54,38,58,56,44,36,21,9,0.0,8,8,11,-16,-40,-56,-12,9,2,2,-56,4,-6,8,7,-9,-1,8,-12,12,2.0,-2,2,4,0
2024,2024-04-05,R5,Regular,5.0,Norwood Oval,Brisbane Lions,North Melbourne,1,16,16,112,42,70,23,221,168,389,94,12,22,148,251,43,71,25,62,48,36,52,12,17,3.0,9,16,13,181,158,339,69,7,4,122,205,33,31,53,81,39,48,51,17,12,4.0,4,6,5,40,10,50,25,5,18,26,46,10,40,-28,-19,9,-12,1,-5,5,-1.0,5,10,8,0
2024,2024-04-05,R5,Regular,5.0,Adelaide Oval,Essendon,Port Adelaide,0,6,6,42,111,-69,23,206,170,376,84,5,5,136,230,30,43,44,65,34,34,57,20,9,11.0,6,6,5,237,119,356,110,12,12,140,210,39,63,36,48,49,23,65,9,20,6.0,11,17,8,-31,51,20,-26,-7,-7,-4,20,-9,-20,8,17,-15,11,-8,11,-11,5.0,-5,-11,-3,0
2024,2024-04-05,R5,Regular,5.0,Norwood Oval,North Melbourne,Brisbane Lions,0,6,6,42,112,-70,23,181,158,339,69,7,4,122,205,33,31,53,81,39,48,51,17,12,4.0,4,6,5,221,168,389,94,12,22,148,251,43,71,25,62,48,36,52,12,17,3.0,9,16,13,-40,-10,-50,-25,-5,-18,-26,-46,-10,-40,28,19,-9,12,-1,5,-5,1.0,-5,-10,-8,0
2024,2024-04-05,R5,Regular,5.0,Adelaide Oval,Port Adelaide,Essendon,1,17,9,111,42,69,23,237,119,356,110,12,12,140,210,39,63,36,48,49,23,65,9,20,6.0,11,17,8,206,170,376,84,5,5,136,230,30,43,44,65,34,34,57,20,9,11.0,6,6,5,31,-51,-20,26,7,7,4,-20,9,20,-8,-17,15,-11,8,-11,11,-5.0,5,11,3,0
2024,2024-04-06,R5,Regular,5.0,Adelaide Oval,Carlton,Fremantle,0,10,13,73,63,10,23,219,134,353,105,16,8,136,215,27,48,36,80,41,39,49,12,16,6.0,5,10,12,207,164,371,90,6,7,130,235,44,45,38,66,43,36,50,16,12,7.0,3,9,8,12,-30,-18,15,10,1,6,-20,-17,3,-2,14,-2,3,-1,-4,4,-1.0,2,1,4,0
2024,2024-04-06,R5,Regular,5.0,Adelaide Oval,Fremantle,Carlton,1,9,9,63,73,-10,23,207,164,371,90,6,7,130,235,44,45,38,66,43,36,50,16,12,7.0,3,9,8,219,134,353,105,16,8,136,215,27,48,36,80,41,39,49,12,16,6.0,5,10,12,-12,30,18,-15,-10,-1,-6,20,17,-3,2,-14,2,-3,1,4,-4,1.0,-2,-1,-4,0
2024,2024-04-06,R5,Regular,5.0,Adelaide Oval,Geelong,Western Bulldogs,0,14,11,95,91,4,23,208,150,358,82,10,10,136,218,44,55,37,60,45,55,61,14,16,4.0,11,14,8,216,169,385,86,11,11,139,235,53,51,41,66,41,46,61,16,14,10.0,11,14,7,-8,-19,-27,-4,-1,-1,-3,-17,-9,4,-4,-6,4,9,0,-2,2,-6.0,0,0,1,0
2024,2024-04-06,R5,Regular,5.0,Summit Sports Park,Sydney,West Coast,0,15,14,104,78,26,23,216,133,349,87,4,15,126,214,44,53,41,62,59,39,61,21,20,8.0,10,15,12,201,135,336,99,15,11,134,193,32,53,38,63,30,30,60,21,21,5.0,9,11,10,15,-2,13,-12,-11,4,-8,21,12,0,3,-1,29,9,1,0,-1,3.0,1,4,2,0
2024,2024-04-06,R5,Regular,5.0,Summit Sports Park,West Coast,Sydney,1,11,12,78,104,-26,23,201,135,336,99,15,11,134,193,32,53,38,63,30,30,60,21,21,5.0,9,11,10,216,133,349,87,4,15,126,214,44,53,41,62,59,39,61,21,20,8.0,10,15,12,-15,2,-13,12,11,-4,8,-21,-12,0,-3,1,-29,-9,-1,0,1,-3.0,-1,-4,-2,0
2024,2024-04-06,R5,Regular,5.0,Adelaide Oval,Western Bulldogs,Geelong,1,14,7,91,95,-4,23,216,169,385,86,11,11,139,235,53,51,41,66,41,46,61,16,14,10.0,11,14,7,208,150,358,82,10,10,136,218,44,55,37,60,45,55,61,14,16,4.0,11,14,8,8,19,27,4,1,1,3,17,9,-4,4,6,-4,-9,0,2,-2,6.0,0,0,-1,0
2024,2024-04-07,R5,Regular,5.0,Adelaide Oval,Collingwood,Hawthorn,1,11,11,77,72,5,23,192,171,363,78,9,10,141,217,38,47,42,74,55,51,68,19,21,6.0,9,11,8,195,147,342,80,10,10,150,187,39,53,36,58,29,34,62,21,19,4.0,7,11,4,-3,24,21,-2,-1,0,-9,30,-1,-6,6,16,26,17,6,-2,2,2.0,2,0,4,0
2024,2024-04-07,R5,Regular,5.0,Summit Sports Park,Gold Coast,Greater Western Sydney,1,13,11,89,117,-28,23,218,134,352,92,6,8,126,216,32,55,51,37,41,42,59,16,19,2.0,10,13,10,206,151,357,83,12,14,135,225,37,69,40,47,41,15,66,19,16,5.0,15,18,7,12,-17,-5,9,-6,-6,-9,-9,-5,-14,11,-10,0,27,-7,-3,3,-3.0,-5,-5,3,0
2024,2024-04-07,R5,Regular,5.0,Summit Sports Park,Greater Western Sydney,Gold Coast,0,18,9,117,89,28,23,206,151,357,83,12,14,135,225,37,69,40,47,41,15,66,19,16,5.0,15,18,7,218,134,352,92,6,8,126,216,32,55,51,37,41,42,59,16,19,2.0,10,13,10,-12,17,5,-9,6,6,9,9,5,14,-11,10,0,-27,7,3,-3,3.0,5,5,-3,0
2024,2024-04-07,R5,Regular,5.0,Adelaide Oval,Hawthorn,Collingwood,0,11,6,72,77,-5,23,195,147,342,80,10,10,150,187,39,53,36,58,29,34,62,21,19,4.0,7,11,4,192,171,363,78,9,10,141,217,38,47,42,74,55,51,68,19,21,6.0,9,11,8,3,-24,-21,2,1,0,9,-30,1,6,-6,-16,-26,-17,-6,2,-2,-2.0,-2,0,-4,0
2024,2024-04-07,R5,Regular,5.0,Norwood Oval,Richmond,St Kilda,1,9,6,60,67,-7,23,216,142,358,80,12,10,140,206,33,55,47,75,48,46,70,21,23,9.0,7,9,5,250,152,402,119,11,8,142,254,35,56,44,68,43,29,53,23,21,5.0,7,9,8,-34,-10,-44,-39,1,2,-2,-48,-2,-1,3,7,5,17,17,-2,2,4.0,0,0,-3,0
2024,2024-04-07,R5,Regular,5.0,Norwood Oval,St Kilda,Richmond,0,9,13,67,60,7,23,250,152,402,119,11,8,142,254,35,56,44,68,43,29,53,23,21,5.0,7,9,8,216,142,358,80,12,10,140,206,33,55,47,75,48,46,70,21,23,9.0,7,9,5,34,10,44,39,-1,-2,2,48,2,1,-3,-7,-5,-17,-17,2,-2,-4.0,0,0,3,0
2024,2024-04-11,R6,Regular,6.0,M.C.G.,Brisbane Lions,Melbourne,0,12,10,82,60,22,23,247,129,376,130,10,12,134,235,44,58,40,83,45,27,49,20,12,2.0,7,12,8,184,129,313,88,14,9,122,187,35,50,46,53,54,58,52,12,20,7.0,6,8,10,63,0,63,42,-4,3,12,48,9,8,-6,30,-9,-31,-3,8,-8,-5.0,1,4,-2,0
2024,2024-04-11,R6,Regular,6.0,M.C.G.,Melbourne,Brisbane Lions,1,8,12,60,82,-22,23,184,129,313,88,14,9,122,187,35,50,46,53,54,58,52,12,20,7.0,6,8,10,247,129,376,130,10,12,134,235,44,58,40,83,45,27,49,20,12,2.0,7,12,8,-63,0,-63,-42,4,-3,-12,-48,-9,-8,6,-30,9,31,3,-8,8,5.0,-1,-4,2,0
2024,2024-04-12,R6,Regular,6.0,Docklands,Essendon,Western Bulldogs,0,15,6,96,67,29,23,239,115,354,108,10,15,124,214,34,49,40,47,40,35,53,21,15,5.0,8,15,5,199,158,357,91,11,15,116,237,28,50,32,50,38,23,66,15,21,9.0,7,9,11,40,-43,-3,17,-1,0,8,-23,6,-1,8,-3,2,12,-13,6,-6,-4.0,1,6,-6,0
2024,2024-04-12,R6,Regular,6.0,Docklands,Western Bulldogs,Essendon,1,9,13,67,96,-29,23,199,158,357,91,11,15,116,237,28,50,32,50,38,23,66,15,21,9.0,7,9,11,239,115,354,108,10,15,124,214,34,49,40,47,40,35,53,21,15,5.0,8,15,5,-40,43,3,-17,1,0,-8,23,-6,1,-8,3,-2,-12,13,-6,6,4.0,-1,-6,6,0
2024,2024-04-13,R6,Regular,6.0,Docklands,Adelaide,Carlton,0,16,4,100,98,2,23,189,158,347,85,6,18,126,220,34,48,37,53,38,43,58,21,21,4.0,12,16,4,213,126,339,96,10,11,132,204,41,52,33,62,29,35,45,21,21,4.0,9,14,9,-24,32,8,-11,-4,7,-6,16,-7,-4,4,-9,9,8,13,0,0,0.0,3,2,-5,0
2024,2024-04-13,R6,Regular,6.0,Docklands,Carlton,Adelaide,1,14,14,98,100,-2,23,213,126,339,96,10,11,132,204,41,52,33,62,29,35,45,21,21,4.0,9,14,9,189,158,347,85,6,18,126,220,34,48,37,53,38,43,58,21,21,4.0,12,16,4,24,-32,-8,11,4,-7,6,-16,7,4,-4,9,-9,-8,-13,0,0,0.0,-3,-2,5,0
2024,2024-04-13,R6,Regular,6.0,Adelaide Oval,Fremantle,Port Adelaide,0,9,9,63,66,-3,23,177,159,336,66,7,6,138,195,40,46,47,53,42,25,59,19,23,3.0,7,9,5,212,126,338,93,13,12,127,200,31,56,36,73,45,67,49,23,19,8.0,6,9,11,-35,33,-2,-27,-6,-6,11,-5,9,-10,11,-20,-3,-42,10,-4,4,-5.0,1,0,-6,0
2024,2024-04-13,R6,Regular,6.0,Carrara,Gold Coast,Hawthorn,1,16,13,109,56,53,23,234,132,366,110,6,8,135,231,38,65,36,61,44,39,48,27,20,5.0,10,16,8,169,101,270,64,7,4,127,138,28,45,48,44,38,30,71,20,27,2.0,4,8,8,65,31,96,46,-1,4,8,93,10,20,-12,17,6,9,-23,7,-7,3.0,6,8,0,0
2024,2024-04-13,R6,Regular,6.0,Manuka Oval,Greater Western Sydney,St Kilda,1,11,14,80,79,1,23,210,173,383,95,5,15,121,259,31,48,40,59,51,33,44,9,20,6.0,7,11,11,226,130,356,106,6,14,132,213,43,52,35,67,34,30,53,20,9,6.0,7,12,5,-16,43,27,-11,-1,1,-11,46,-12,-4,5,-8,17,3,-9,-11,11,0.0,0,-1,6,0
2024,2024-04-13,R6,Regular,6.0,Carrara,Hawthorn,Gold Coast,0,8,8,56,109,-53,23,169,101,270,64,7,4,127,138,28,45,48,44,38,30,71,20,27,2.0,4,8,8,234,132,366,110,6,8,135,231,38,65,36,61,44,39,48,27,20,5.0,10,16,8,-65,-31,-96,-46,1,-4,-8,-93,-10,-20,12,-17,-6,-9,23,-7,7,-3.0,-6,-8,0,0
2024,2024-04-13,R6,Regular,6.0,Adelaide Oval,Port Adelaide,Fremantle,1,9,12,66,63,3,23,212,126,338,93,13,12,127,200,31,56,36,73,45,67,49,23,19,8.0,6,9,11,177,159,336,66,7,6,138,195,40,46,47,53,42,25,59,19,23,3.0,7,9,5,35,-33,2,27,6,6,-11,5,-9,10,-11,20,3,42,-10,4,-4,5.0,-1,0,6,0
2024,2024-04-13,R6,Regular,6.0,Manuka Oval,St Kilda,Greater Western Sydney,0,12,7,79,80,-1,23,226,130,356,106,6,14,132,213,43,52,35,67,34,30,53,20,9,6.0,7,12,5,210,173,383,95,5,15,121,259,31,48,40,59,51,33,44,9,20,6.0,7,11,11,16,-43,-27,11,1,-1,11,-46,12,4,-5,8,-17,-3,9,11,-11,0.0,0,1,-6,0
2024,2024-04-14,R6,Regular,6.0,Kardinia Park,Geelong,North Melbourne,1,21,13,139,64,75,23,196,146,342,88,8,22,133,211,38,60,34,51,47,28,45,14,17,2.0,17,21,10,233,145,378,129,7,11,120,256,31,45,39,68,44,41,55,17,14,1.0,8,10,3,-37,1,-36,-41,1,11,13,-45,7,15,-5,-17,3,-13,-10,-3,3,1.0,9,11,7,0
2024,2024-04-14,R6,Regular,6.0,Kardinia Park,North Melbourne,Geelong,0,10,4,64,139,-75,23,233,145,378,129,7,11,120,256,31,45,39,68,44,41,55,17,14,1.0,8,10,3,196,146,342,88,8,22,133,211,38,60,34,51,47,28,45,14,17,2.0,17,21,10,37,-1,36,41,-1,-11,-13,45,-7,-15,5,17,-3,13,10,3,-3,-1.0,-9,-11,-7,0
2024,2024-04-14,R6,Regular,6.0,Perth Stadium,Richmond,West Coast,0,10,10,70,109,-39,23,186,103,289,92,9,17,106,176,25,40,45,63,47,49,52,11,20,14.0,8,10,9,196,121,317,76,17,17,144,167,48,61,29,50,29,24,40,20,11,9.0,13,16,11,-10,-18,-28,16,-8,0,-38,9,-23,-21,16,13,18,25,12,-9,9,5.0,-5,-6,-2,0
2024,2024-04-14,R6,Regular,6.0,Perth Stadium,West Coast,Richmond,1,16,13,109,70,39,23,196,121,317,76,17,17,144,167,48,61,29,50,29,24,40,20,11,9.0,13,16,11,186,103,289,92,9,17,106,176,25,40,45,63,47,49,52,11,20,14.0,8,10,9,10,18,28,-16,8,0,38,-9,23,21,-16,-13,-18,-25,-12,9,-9,-5.0,5,6,2,0
2024,2024-04-18,R7,Regular,7.0,Docklands,St Kilda,Western Bulldogs,1,9,10,64,124,-60,23,189,146,335,74,4,10,124,205,30,44,35,50,52,28,74,8,21,7.0,8,9,10,263,147,410,148,15,16,134,270,32,54,33,72,30,36,38,21,7,8.0,11,19,5,-74,-1,-75,-74,-11,-6,-10,-65,-2,-10,2,-22,22,-8,36,-13,14,-1.0,-3,-10,5,0
2024,2024-04-18,R7,Regular,7.0,Docklands,Western Bulldogs,St Kilda,0,19,10,124,64,60,23,263,147,410,148,15,16,134,270,32,54,33,72,30,36,38,21,7,8.0,11,19,5,189,146,335,74,4,10,124,205,30,44,35,50,52,28,74,8,21,7.0,8,9,10,74,1,75,74,11,6,10,65,2,10,-2,22,-22,8,-36,13,-14,1.0,3,10,-5,0
2024,2024-04-19,R7,Regular,7.0,Adelaide Oval,Adelaide,Essendon,1,11,9,75,78,-3,23,217,145,362,77,6,4,138,211,42,43,52,63,59,46,76,18,22,6.0,6,11,4,217,159,376,70,5,7,143,226,43,62,30,80,72,49,55,22,18,10.0,6,10,13,0,-14,-14,7,1,-3,-5,-15,-1,-19,22,-17,-13,-3,21,-4,4,-4.0,0,1,-9,0
2024,2024-04-19,R7,Regular,7.0,Adelaide Oval,Essendon,Adelaide,0,10,18,78,75,3,23,217,159,376,70,5,7,143,226,43,62,30,80,72,49,55,22,18,10.0,6,10,13,217,145,362,77,6,4,138,211,42,43,52,63,59,46,76,18,22,6.0,6,11,4,0,14,14,-7,-1,3,5,15,1,19,-22,17,13,3,-21,4,-4,4.0,0,-1,9,0
2024,2024-04-20,R7,Regular,7.0,Gabba,Brisbane Lions,Geelong,1,4,13,37,63,-26,23,224,156,380,57,6,8,172,200,51,51,48,73,51,35,69,19,15,3.0,2,4,8,212,126,338,50,4,6,151,164,51,57,47,85,65,65,79,15,19,1.0,6,9,7,12,30,42,7,2,2,21,36,0,-6,1,-12,-14,-30,-10,4,-4,2.0,-4,-5,1,0
2024,2024-04-20,R7,Regular,7.0,Docklands,Carlton,Greater Western Sydney,1,17,15,117,98,19,23,189,192,381,70,9,17,151,231,48,54,35,52,41,41,48,19,12,2.0,12,17,13,217,133,350,106,9,13,117,217,32,51,37,68,42,28,54,12,19,6.0,10,15,4,-28,59,31,-36,0,4,34,14,16,3,-2,-16,-1,13,-6,7,-7,-4.0,2,2,9,0
2024,2024-04-20,R7,Regular,7.0,M.C.G.,Collingwood,Port Adelaide,1,17,21,123,81,42,23,208,161,369,69,13,15,161,203,39,66,32,62,44,32,49,21,21,4.0,8,17,16,195,124,319,83,9,14,120,181,33,47,49,66,46,40,56,21,21,7.0,9,12,6,13,37,50,-14,4,1,41,22,6,19,-17,-4,-2,-8,-7,0,0,-3.0,-1,5,10,0
2024,2024-04-20,R7,Regular,7.0,Perth Stadium,Fremantle,West Coast,0,10,8,68,105,-37,23,194,135,329,94,7,9,108,212,42,40,32,49,34,52,41,17,16,9.0,9,10,6,204,113,317,101,17,14,132,192,36,48,29,49,40,24,38,16,17,5.0,7,16,9,-10,22,12,-7,-10,-5,-24,20,6,-8,3,0,-6,28,3,1,-1,4.0,2,-6,-3,0
2024,2024-04-20,R7,Regular,7.0,Gabba,Geelong,Brisbane Lions,0,9,9,63,37,26,23,212,126,338,50,4,6,151,164,51,57,47,85,65,65,79,15,19,1.0,6,9,7,224,156,380,57,6,8,172,200,51,51,48,73,51,35,69,19,15,3.0,2,4,8,-12,-30,-42,-7,-2,-2,-21,-36,0,6,-1,12,14,30,10,-4,4,-2.0,4,5,-1,0
2024,2024-04-20,R7,Regular,7.0,Docklands,Greater Western Sydney,Carlton,0,15,8,98,117,-19,23,217,133,350,106,9,13,117,217,32,51,37,68,42,28,54,12,19,6.0,10,15,4,189,192,381,70,9,17,151,231,48,54,35,52,41,41,48,19,12,2.0,12,17,13,28,-59,-31,36,0,-4,-34,-14,-16,-3,2,16,1,-13,6,-7,7,4.0,-2,-2,-9,0
2024,2024-04-20,R7,Regular,7.0,M.C.G.,Port Adelaide,Collingwood,0,12,9,81,123,-42,23,195,124,319,83,9,14,120,181,33,47,49,66,46,40,56,21,21,7.0,9,12,6,208,161,369,69,13,15,161,203,39,66,32,62,44,32,49,21,21,4.0,8,17,16,-13,-37,-50,14,-4,-1,-41,-22,-6,-19,17,4,2,8,7,0,0,3.0,1,-5,-10,0
2024,2024-04-20,R7,Regular,7.0,Perth Stadium,West Coast,Fremantle,1,16,9,105,68,37,23,204,113,317,101,17,14,132,192,36,48,29,49,40,24,38,16,17,5.0,7,16,9,194,135,329,94,7,9,108,212,42,40,32,49,34,52,41,17,16,9.0,9,10,6,10,-22,-12,7,10,5,24,-20,-6,8,-3,0,6,-28,-3,-1,1,-4.0,-2,6,3,0
2024,2024-04-21,R7,Regular,7.0,S.C.G.,Gold Coast,Sydney,0,8,9,57,110,-53,23,192,141,333,85,9,5,125,205,30,49,40,62,43,37,59,19,15,3.0,6,8,8,205,162,367,103,7,16,118,246,33,57,40,73,42,38,59,15,18,7.0,12,17,8,-13,-21,-34,-18,2,-11,7,-41,-3,-8,0,-11,1,-1,0,4,-3,-4.0,-6,-9,0,0
2024,2024-04-21,R7,Regular,7.0,Docklands,Hawthorn,North Melbourne,0,17,11,113,68,45,23,227,145,372,108,8,19,126,246,38,63,42,66,37,29,57,25,17,4.0,16,17,10,180,139,319,80,5,11,114,195,40,52,43,57,32,48,56,17,25,12.0,6,10,6,47,6,53,28,3,8,12,51,-2,11,-1,9,5,-19,1,8,-8,-8.0,10,7,4,0
2024,2024-04-21,R7,Regular,7.0,Docklands,North Melbourne,Hawthorn,1,10,8,68,113,-45,23,180,139,319,80,5,11,114,195,40,52,43,57,32,48,56,17,25,12.0,6,10,6,227,145,372,108,8,19,126,246,38,63,42,66,37,29,57,25,17,4.0,16,17,10,-47,-6,-53,-28,-3,-8,-12,-51,2,-11,1,-9,-5,19,-1,-8,8,8.0,-10,-7,-4,0
2024,2024-04-21,R7,Regular,7.0,S.C.G.,Sydney,Gold Coast,1,17,8,110,57,53,23,205,162,367,103,7,16,118,246,33,57,40,73,42,38,59,15,18,7.0,12,17,8,192,141,333,85,9,5,125,205,30,49,40,62,43,37,59,19,15,3.0,6,8,8,13,21,34,18,-2,11,-7,41,3,8,0,11,-1,1,0,-4,3,4.0,6,9,0,0
2024,2024-04-24,R8,Regular,8.0,M.C.G.,Melbourne,Richmond,0,13,7,85,42,43,23,241,139,380,129,10,14,136,240,32,50,44,52,31,27,64,24,12,0.0,9,13,5,205,152,357,108,7,11,119,240,25,50,36,57,54,27,73,12,24,10.0,5,5,8,36,-13,23,21,3,3,17,0,7,0,8,-5,-23,0,-9,12,-12,-10.0,4,8,-3,0
2024,2024-04-24,R8,Regular,8.0,M.C.G.,Richmond,Melbourne,1,5,12,42,85,-43,23,205,152,357,108,7,11,119,240,25,50,36,57,54,27,73,12,24,10.0,5,5,8,241,139,380,129,10,14,136,240,32,50,44,52,31,27,64,24,12,0.0,9,13,5,-36,13,-23,-21,-3,-3,-17,0,-7,0,-8,5,23,0,9,-12,12,10.0,-4,-8,3,0
2024,2024-04-25,R8,Regular,8.0,Manuka Oval,Brisbane Lions,Greater Western Sydney,0,8,11,59,113,-54,23,195,106,301,90,8,7,116,174,34,48,34,52,39,30,49,21,16,1.0,7,8,9,237,151,388,113,8,15,132,248,38,53,40,56,40,35,53,16,21,17.0,13,17,7,-42,-45,-87,-23,0,-8,-16,-74,-4,-5,-6,-4,-1,-5,-4,5,-5,-16.0,-6,-9,2,0
2024,2024-04-25,R8,Regular,8.0,M.C.G.,Collingwood,Essendon,0,12,13,85,85,0,23,188,130,318,79,10,11,113,193,23,53,41,67,49,25,60,22,22,3.0,9,12,11,225,171,396,102,13,11,134,249,40,55,39,51,47,31,60,22,22,3.0,10,12,11,-37,-41,-78,-23,-3,0,-21,-56,-17,-2,2,16,2,-6,0,0,0,0.0,-1,0,0,0
2024,2024-04-25,R8,Regular,8.0,M.C.G.,Essendon,Collingwood,1,12,13,85,85,0,23,225,171,396,102,13,11,134,249,40,55,39,51,47,31,60,22,22,3.0,10,12,11,188,130,318,79,10,11,113,193,23,53,41,67,49,25,60,22,22,3.0,9,12,11,37,41,78,23,3,0,21,56,17,2,-2,-16,-2,6,0,0,0,0.0,1,0,0,0
2024,2024-04-25,R8,Regular,8.0,Manuka Oval,Greater Western Sydney,Brisbane Lions,1,17,11,113,59,54,23,237,151,388,113,8,15,132,248,38,53,40,56,40,35,53,16,21,17.0,13,17,7,195,106,301,90,8,7,116,174,34,48,34,52,39,30,49,21,16,1.0,7,8,9,42,45,87,23,0,8,16,74,4,5,6,4,1,5,4,-5,5,16.0,6,9,-2,0
2024,2024-04-26,R8,Regular,8.0,Adelaide Oval,Port Adelaide,St Kilda,1,11,16,82,72,10,23,229,124,353,106,13,13,139,208,34,53,33,83,48,46,48,25,10,6.0,6,11,15,199,116,315,81,7,8,118,184,30,46,40,55,43,35,70,10,25,3.0,6,11,5,30,8,38,25,6,5,21,24,4,7,-7,28,5,11,-22,15,-15,3.0,0,0,10,0
2024,2024-04-26,R8,Regular,8.0,Adelaide Oval,St Kilda,Port Adelaide,0,11,6,72,82,-10,23,199,116,315,81,7,8,118,184,30,46,40,55,43,35,70,10,25,3.0,6,11,5,229,124,353,106,13,13,139,208,34,53,33,83,48,46,48,25,10,6.0,6,11,15,-30,-8,-38,-25,-6,-5,-21,-24,-4,-7,7,-28,-5,-11,22,-15,15,-3.0,0,0,-10,0
2024,2024-04-27,R8,Regular,8.0,Bellerive Oval,Adelaide,North Melbourne,0,20,18,138,81,57,23,228,157,385,117,23,24,142,237,44,60,29,57,37,43,47,16,20,3.0,16,20,12,201,118,319,83,7,6,124,183,35,41,39,45,38,42,46,20,16,2.0,8,12,7,27,39,66,34,16,18,18,54,9,19,-10,12,-1,1,1,-4,4,1.0,8,8,5,0
2024,2024-04-27,R8,Regular,8.0,M.C.G.,Carlton,Geelong,0,15,15,105,118,-13,23,218,150,368,93,8,15,139,222,44,66,27,65,33,44,39,14,10,4.0,9,15,13,194,139,333,80,12,17,120,202,38,45,49,67,47,34,53,10,14,7.0,11,18,7,24,11,35,13,-4,-2,19,20,6,21,-22,-2,-14,10,-14,4,-4,-3.0,-2,-3,6,0
2024,2024-04-27,R8,Regular,8.0,Perth Stadium,Fremantle,Western Bulldogs,1,14,11,95,71,24,23,206,179,385,91,9,15,136,246,47,52,40,53,39,47,46,14,18,14.0,11,14,11,203,159,362,99,8,9,124,232,30,50,38,60,45,34,45,18,14,4.0,7,10,10,3,20,23,-8,1,6,12,14,17,2,2,-7,-6,13,1,-4,4,10.0,4,4,1,0
2024,2024-04-27,R8,Regular,8.0,M.C.G.,Geelong,Carlton,1,18,10,118,105,13,23,194,139,333,80,12,17,120,202,38,45,49,67,47,34,53,10,14,7.0,11,18,7,218,150,368,93,8,15,139,222,44,66,27,65,33,44,39,14,10,4.0,9,15,13,-24,-11,-35,-13,4,2,-19,-20,-6,-21,22,2,14,-10,14,-4,4,3.0,2,3,-6,0
2024,2024-04-27,R8,Regular,8.0,Bellerive Oval,North Melbourne,Adelaide,1,12,9,81,138,-57,23,201,118,319,83,7,6,124,183,35,41,39,45,38,42,46,20,16,2.0,8,12,7,228,157,385,117,23,24,142,237,44,60,29,57,37,43,47,16,20,3.0,16,20,12,-27,-39,-66,-34,-16,-18,-18,-54,-9,-19,10,-12,1,-1,-1,4,-4,-1.0,-8,-8,-5,0
2024,2024-04-27,R8,Regular,8.0,Perth Stadium,Western Bulldogs,Fremantle,0,10,11,71,95,-24,23,203,159,362,99,8,9,124,232,30,50,38,60,45,34,45,18,14,4.0,7,10,10,206,179,385,91,9,15,136,246,47,52,40,53,39,47,46,14,18,14.0,11,14,11,-3,-20,-23,8,-1,-6,-12,-14,-17,-2,-2,7,6,-13,-1,4,-4,-10.0,-4,-4,-1,0
2024,2024-04-28,R8,Regular,8.0,Carrara,Gold Coast,West Coast,1,17,10,112,75,37,23,195,127,322,79,11,12,148,176,48,67,22,79,39,63,47,30,18,6.0,13,17,10,186,90,276,78,7,6,111,149,31,35,49,67,45,18,63,18,30,5.0,6,12,3,9,37,46,1,4,6,37,27,17,32,-27,12,-6,45,-16,12,-12,1.0,7,5,7,0
2024,2024-04-28,R8,Regular,8.0,M.C.G.,Hawthorn,Sydney,1,5,12,42,118,-76,23,184,147,331,80,5,13,128,207,35,47,30,45,35,24,56,12,18,3.0,4,5,12,243,155,398,136,9,15,110,282,30,50,42,67,38,44,45,18,12,9.0,13,18,9,-59,-8,-67,-56,-4,-2,18,-75,5,-3,-12,-22,-3,-20,11,-6,6,-6.0,-9,-13,3,0
2024,2024-04-28,R8,Regular,8.0,M.C.G.,Sydney,Hawthorn,0,18,10,118,42,76,23,243,155,398,136,9,15,110,282,30,50,42,67,38,44,45,18,12,9.0,13,18,9,184,147,331,80,5,13,128,207,35,47,30,45,35,24,56,12,18,3.0,4,5,12,59,8,67,56,4,2,-18,75,-5,3,12,22,3,20,-11,6,-6,6.0,9,13,-3,0
2024,2024-04-28,R8,Regular,8.0,Carrara,West Coast,Gold Coast,0,12,3,75,112,-37,23,186,90,276,78,7,6,111,149,31,35,49,67,45,18,63,18,30,5.0,6,12,3,195,127,322,79,11,12,148,176,48,67,22,79,39,63,47,30,18,6.0,13,17,10,-9,-37,-46,-1,-4,-6,-37,-27,-17,-32,27,-12,6,-45,16,-12,12,-1.0,-7,-5,-7,0
2024,2024-05-02,R9,Regular,9.0,Adelaide Oval,Adelaide,Port Adelaide,1,12,6,78,48,30,23,220,140,360,89,11,11,132,214,33,47,51,73,50,46,54,21,16,5.0,10,12,4,194,139,333,69,11,10,146,184,43,57,34,65,44,45,59,16,21,10.0,4,5,14,26,1,27,20,0,1,-14,30,-10,-10,17,8,6,1,-5,5,-5,-5.0,6,7,-10,0
2024,2024-05-02,R9,Regular,9.0,Adelaide Oval,Port Adelaide,Adelaide,0,5,18,48,78,-30,23,194,139,333,69,11,10,146,184,43,57,34,65,44,45,59,16,21,10.0,4,5,14,220,140,360,89,11,11,132,214,33,47,51,73,50,46,54,21,16,5.0,10,12,4,-26,-1,-27,-20,0,-1,14,-30,10,10,-17,-8,-6,-1,5,-5,5,5.0,-6,-7,10,0
2024,2024-05-03,R9,Regular,9.0,M.C.G.,Carlton,Collingwood,1,12,7,79,85,-6,23,228,137,365,91,12,10,154,200,40,38,51,54,57,42,59,22,21,2.0,8,12,7,195,128,323,75,6,8,138,182,44,63,26,88,51,43,60,21,22,5.0,10,12,9,33,9,42,16,6,2,16,18,-4,-25,25,-34,6,-1,-1,1,-1,-3.0,-2,0,-2,0
2024,2024-05-03,R9,Regular,9.0,M.C.G.,Collingwood,Carlton,0,12,13,85,79,6,23,195,128,323,75,6,8,138,182,44,63,26,88,51,43,60,21,22,5.0,10,12,9,228,137,365,91,12,10,154,200,40,38,51,54,57,42,59,22,21,2.0,8,12,7,-33,-9,-42,-16,-6,-2,-16,-18,4,25,-25,34,-6,1,1,-1,1,3.0,2,0,2,0
2024,2024-05-04,R9,Regular,9.0,Perth Stadium,Essendon,West Coast,0,11,11,77,71,6,23,210,171,381,96,9,12,127,255,41,60,33,67,39,53,58,13,18,8.0,9,11,10,202,135,337,82,10,12,129,201,40,44,48,45,33,28,46,18,13,5.0,8,11,5,8,36,44,14,-1,0,-2,54,1,16,-15,22,6,25,12,-5,5,3.0,1,0,5,0
2024,2024-05-04,R9,Regular,9.0,M.C.G.,Geelong,Melbourne,0,9,12,66,74,-8,23,219,135,354,96,8,13,124,222,26,50,42,51,55,27,71,14,17,4.0,7,9,11,241,104,345,117,16,13,127,207,27,51,40,55,42,24,56,17,14,4.0,7,10,13,-22,31,9,-21,-8,0,-3,15,-1,-1,2,-4,13,3,15,-3,3,0.0,0,-1,-2,0
2024,2024-05-04,R9,Regular,9.0,S.C.G.,Greater Western Sydney,Sydney,0,10,9,69,98,-29,23,199,142,341,70,10,13,152,182,31,42,52,72,68,27,73,19,27,6.0,8,10,7,217,131,348,61,10,5,168,180,43,67,32,73,53,47,68,28,19,9.0,6,14,11,-18,11,-7,9,0,8,-16,2,-12,-25,20,-1,15,-20,5,-9,8,-3.0,2,-4,-4,0
2024,2024-05-04,R9,Regular,9.0,M.C.G.,Melbourne,Geelong,1,10,14,74,66,8,23,241,104,345,117,16,13,127,207,27,51,40,55,42,24,56,17,14,4.0,7,10,13,219,135,354,96,8,13,124,222,26,50,42,51,55,27,71,14,17,4.0,7,9,11,22,-31,-9,21,8,0,3,-15,1,1,-2,4,-13,-3,-15,3,-3,0.0,0,1,2,0
2024,2024-05-04,R9,Regular,9.0,Docklands,North Melbourne,St Kilda,0,10,5,65,103,-38,23,190,142,332,69,5,10,122,196,32,38,48,69,37,50,62,18,22,10.0,7,10,5,240,153,393,128,11,16,136,252,40,63,26,64,38,25,54,22,18,4.0,12,15,9,-50,-11,-61,-59,-6,-6,-14,-56,-8,-25,22,5,-1,25,8,-4,4,6.0,-5,-5,-4,0
2024,2024-05-04,R9,Regular,9.0,Docklands,St Kilda,North Melbourne,1,15,13,103,65,38,23,240,153,393,128,11,16,136,252,40,63,26,64,38,25,54,22,18,4.0,12,15,9,190,142,332,69,5,10,122,196,32,38,48,69,37,50,62,18,22,10.0,7,10,5,50,11,61,59,6,6,14,56,8,25,-22,-5,1,-25,-8,4,-4,-6.0,5,5,4,0
2024,2024-05-04,R9,Regular,9.0,S.C.G.,Sydney,Greater Western Sydney,1,14,14,98,69,29,23,217,131,348,61,10,5,168,180,43,67,32,73,53,47,68,28,19,9.0,6,14,11,199,142,341,70,10,13,152,182,31,42,52,72,68,27,73,19,27,6.0,8,10,7,18,-11,7,-9,0,-8,16,-2,12,25,-20,1,-15,20,-5,9,-8,3.0,-2,4,4,0
2024,2024-05-04,R9,Regular,9.0,Perth Stadium,West Coast,Essendon,1,11,5,71,77,-6,23,202,135,337,82,10,12,129,201,40,44,48,45,33,28,46,18,13,5.0,8,11,5,210,171,381,96,9,12,127,255,41,60,33,67,39,53,58,13,18,8.0,9,11,10,-8,-36,-44,-14,1,0,2,-54,-1,-16,15,-22,-6,-25,-12,5,-5,-3.0,-1,0,-5,0
2024,2024-05-05,R9,Regular,9.0,Gabba,Brisbane Lions,Gold Coast,1,10,19,79,45,34,23,269,108,377,148,15,14,132,238,37,64,39,59,44,37,60,21,18,2.0,3,10,14,167,137,304,60,8,6,115,175,34,46,54,63,38,46,71,17,21,5.0,4,6,7,102,-29,73,88,7,8,17,63,3,18,-15,-4,6,-9,-11,4,-3,-3.0,-1,4,7,0
2024,2024-05-05,R9,Regular,9.0,M.C.G.,Fremantle,Richmond,0,15,13,103,49,54,23,238,166,404,130,6,18,111,280,36,59,32,60,29,26,47,20,11,10.0,9,15,9,191,131,322,97,6,9,98,219,16,38,43,40,41,34,66,11,20,13.0,5,6,10,47,35,82,33,0,9,13,61,20,21,-11,20,-12,-8,-19,9,-9,-3.0,4,9,-1,0
2024,2024-05-05,R9,Regular,9.0,Gabba,Gold Coast,Brisbane Lions,0,6,9,45,79,-34,23,167,137,304,60,8,6,115,175,34,46,54,63,38,46,71,17,21,5.0,4,6,7,269,108,377,148,15,14,132,238,37,64,39,59,44,37,60,21,18,2.0,3,10,14,-102,29,-73,-88,-7,-8,-17,-63,-3,-18,15,4,-6,9,11,-4,3,3.0,1,-4,-7,0
2024,2024-05-05,R9,Regular,9.0,Docklands,Hawthorn,Western Bulldogs,0,14,14,98,91,7,23,224,125,349,107,5,15,136,216,28,49,33,72,37,49,43,19,16,10.0,10,14,12,198,148,346,82,7,13,126,213,44,48,34,59,43,38,59,16,19,7.0,12,14,6,26,-23,3,25,-2,2,10,3,-16,1,-1,13,-6,11,-16,3,-3,3.0,-2,0,6,0
2024,2024-05-05,R9,Regular,9.0,M.C.G.,Richmond,Fremantle,1,6,13,49,103,-54,23,191,131,322,97,6,9,98,219,16,38,43,40,41,34,66,11,20,13.0,5,6,10,238,166,404,130,6,18,111,280,36,59,32,60,29,26,47,20,11,10.0,9,15,9,-47,-35,-82,-33,0,-9,-13,-61,-20,-21,11,-20,12,8,19,-9,9,3.0,-4,-9,1,0
2024,2024-05-05,R9,Regular,9.0,Docklands,Western Bulldogs,Hawthorn,1,14,7,91,98,-7,23,198,148,346,82,7,13,126,213,44,48,34,59,43,38,59,16,19,7.0,12,14,6,224,125,349,107,5,15,136,216,28,49,33,72,37,49,43,19,16,10.0,10,14,12,-26,23,-3,-25,2,-2,-10,-3,16,-1,1,-13,6,-11,16,-3,3,-3.0,2,0,-6,0
2024,2024-05-09,R10,Regular,10.0,M.C.G.,Carlton,Melbourne,1,12,5,77,76,1,23,220,136,356,78,12,7,155,187,42,41,50,68,61,32,58,19,17,0.0,8,12,2,214,148,362,80,9,9,146,207,40,61,29,86,44,51,58,17,19,3.0,9,11,6,6,-12,-6,-2,3,-2,9,-20,2,-20,21,-18,17,-19,0,2,-2,-3.0,-1,1,-4,0
2024,2024-05-09,R10,Regular,10.0,M.C.G.,Melbourne,Carlton,0,11,10,76,77,-1,23,214,148,362,80,9,9,146,207,40,61,29,86,44,51,58,17,19,3.0,9,11,6,220,136,356,78,12,7,155,187,42,41,50,68,61,32,58,19,17,0.0,8,12,2,-6,12,6,2,-3,2,-9,20,-2,20,-21,18,-17,19,0,-2,2,3.0,1,-1,4,0
2024,2024-05-10,R10,Regular,10.0,Perth Stadium,Fremantle,Sydney,1,4,15,39,87,-48,23,194,175,369,97,6,12,110,255,28,46,37,42,36,13,53,24,17,1.0,4,4,14,253,124,377,128,8,11,115,246,27,51,42,52,31,41,55,17,24,6.0,11,13,8,-59,51,-8,-31,-2,1,-5,9,1,-5,-5,-10,5,-28,-2,7,-7,-5.0,-7,-9,6,0
2024,2024-05-10,R10,Regular,10.0,Kardinia Park,Geelong,Port Adelaide,1,14,11,95,101,-6,23,187,128,315,66,12,13,132,166,39,53,36,76,46,44,51,19,17,6.0,11,14,8,235,133,368,89,4,14,128,220,48,52,37,73,46,49,61,17,19,6.0,12,15,10,-48,-5,-53,-23,8,-1,4,-54,-9,1,-1,3,0,-5,-10,2,-2,0.0,-1,-1,-2,0
2024,2024-05-10,R10,Regular,10.0,Kardinia Park,Port Adelaide,Geelong,0,15,11,101,95,6,23,235,133,368,89,4,14,128,220,48,52,37,73,46,49,61,17,19,6.0,12,15,10,187,128,315,66,12,13,132,166,39,53,36,76,46,44,51,19,17,6.0,11,14,8,48,5,53,23,-8,1,-4,54,9,-1,1,-3,0,5,10,-2,2,0.0,1,1,2,0
2024,2024-05-10,R10,Regular,10.0,Perth Stadium,Sydney,Fremantle,0,13,9,87,39,48,23,253,124,377,128,8,11,115,246,27,51,42,52,31,41,55,17,24,6.0,11,13,8,194,175,369,97,6,12,110,255,28,46,37,42,36,13,53,24,17,1.0,4,4,14,59,-51,8,31,2,-1,5,-9,-1,5,5,10,-5,28,2,-7,7,5.0,7,9,-6,0
2024,2024-05-11,R10,Regular,10.0,Docklands,Essendon,Greater Western Sydney,1,12,10,82,62,20,23,221,156,377,113,8,15,129,234,39,57,30,62,31,55,46,12,10,9.0,6,12,9,186,164,350,74,11,10,136,211,40,40,45,69,46,30,52,10,12,5.0,4,9,6,35,-8,27,39,-3,5,-7,23,-1,17,-15,-7,-15,25,-6,2,-2,4.0,2,3,3,0
2024,2024-05-11,R10,Regular,10.0,Marrara Oval,Gold Coast,North Melbourne,1,17,18,120,52,68,23,224,158,382,63,9,8,155,211,40,67,36,78,47,45,51,25,14,8.0,10,17,14,238,154,392,73,6,6,137,232,31,45,50,56,59,25,75,14,25,7.0,4,7,9,-14,4,-10,-10,3,2,18,-21,9,22,-14,22,-12,20,-24,11,-11,1.0,6,10,5,0
2024,2024-05-11,R10,Regular,10.0,Docklands,Greater Western Sydney,Essendon,0,9,8,62,82,-20,23,186,164,350,74,11,10,136,211,40,40,45,69,46,30,52,10,12,5.0,4,9,6,221,156,377,113,8,15,129,234,39,57,30,62,31,55,46,12,10,9.0,6,12,9,-35,8,-27,-39,3,-5,7,-23,1,-17,15,7,15,-25,6,-2,2,-4.0,-2,-3,-3,0
2024,2024-05-11,R10,Regular,10.0,York Park,Hawthorn,St Kilda,1,8,10,58,53,5,23,205,146,351,76,10,10,141,204,34,44,44,77,37,50,35,15,13,5.0,4,8,8,232,132,364,117,18,14,144,223,38,51,34,84,40,37,46,13,15,4.0,5,7,8,-27,14,-13,-41,-8,-4,-3,-19,-4,-7,10,-7,-3,13,-11,2,-2,1.0,-1,1,0,0
2024,2024-05-11,R10,Regular,10.0,Marrara Oval,North Melbourne,Gold Coast,0,7,10,52,120,-68,23,238,154,392,73,6,6,137,232,31,45,50,56,59,25,75,14,25,7.0,4,7,9,224,158,382,63,9,8,155,211,40,67,36,78,47,45,51,25,14,8.0,10,17,14,14,-4,10,10,-3,-2,-18,21,-9,-22,14,-22,12,-20,24,-11,11,-1.0,-6,-10,-5,0
2024,2024-05-11,R10,Regular,10.0,M.C.G.,Richmond,Western Bulldogs,1,6,6,42,133,-91,23,189,146,335,76,4,3,129,203,33,41,58,46,45,49,66,14,17,9.0,5,6,5,250,201,451,119,8,16,143,308,42,77,33,55,56,39,43,17,14,5.0,15,19,18,-61,-55,-116,-43,-4,-13,-14,-105,-9,-36,25,-9,-11,10,23,-3,3,4.0,-10,-13,-13,0
2024,2024-05-11,R10,Regular,10.0,York Park,St Kilda,Hawthorn,0,7,11,53,58,-5,23,232,132,364,117,18,14,144,223,38,51,34,84,40,37,46,13,15,4.0,5,7,8,205,146,351,76,10,10,141,204,34,44,44,77,37,50,35,15,13,5.0,4,8,8,27,-14,13,41,8,4,3,19,4,7,-10,7,3,-13,11,-2,2,-1.0,1,-1,0,0
2024,2024-05-11,R10,Regular,10.0,M.C.G.,Western Bulldogs,Richmond,0,19,19,133,42,91,23,250,201,451,119,8,16,143,308,42,77,33,55,56,39,43,17,14,5.0,15,19,18,189,146,335,76,4,3,129,203,33,41,58,46,45,49,66,14,17,9.0,5,6,5,61,55,116,43,4,13,14,105,9,36,-25,9,11,-10,-23,3,-3,-4.0,10,13,13,0
2024,2024-05-12,R10,Regular,10.0,Adelaide Oval,Adelaide,Brisbane Lions,1,13,12,90,90,0,23,192,163,355,57,6,15,141,202,44,47,42,76,51,62,58,19,16,5.0,9,13,10,228,129,357,99,17,12,151,203,38,55,32,73,49,43,49,16,19,1.0,8,13,10,-36,34,-2,-42,-11,3,-10,-1,6,-8,10,3,2,19,9,3,-3,4.0,1,0,0,0
2024,2024-05-12,R10,Regular,10.0,Adelaide Oval,Brisbane Lions,Adelaide,0,13,12,90,90,0,23,228,129,357,99,17,12,151,203,38,55,32,73,49,43,49,16,19,1.0,8,13,10,192,163,355,57,6,15,141,202,44,47,42,76,51,62,58,19,16,5.0,9,13,10,36,-34,2,42,11,-3,10,1,-6,8,-10,-3,-2,-19,-9,-3,3,-4.0,-1,0,0,0
2024,2024-05-12,R10,Regular,10.0,Docklands,Collingwood,West Coast,1,15,13,103,37,66,23,230,158,388,104,8,15,139,245,36,59,28,44,49,30,53,19,15,2.0,9,15,13,200,126,326,99,6,8,110,209,27,34,43,48,47,19,54,15,19,2.0,4,5,6,30,32,62,5,2,7,29,36,9,25,-15,-4,2,11,-1,4,-4,0.0,5,10,7,0
2024,2024-05-12,R10,Regular,10.0,Docklands,West Coast,Collingwood,0,5,7,37,103,-66,23,200,126,326,99,6,8,110,209,27,34,43,48,47,19,54,15,19,2.0,4,5,6,230,158,388,104,8,15,139,245,36,59,28,44,49,30,53,19,15,2.0,9,15,13,-30,-32,-62,-5,-2,-7,-29,-36,-9,-25,15,4,-2,-11,1,-4,4,0.0,-5,-10,-7,0
2024,2024-05-16,R11,Regular,11.0,Marrara Oval,Geelong,Gold Coast,0,15,10,100,164,-64,23,200,154,354,49,3,5,158,188,47,56,46,57,57,39,81,14,25,7.0,10,15,7,240,196,436,92,12,16,156,271,43,73,40,71,59,46,60,25,14,8.0,17,26,6,-40,-42,-82,-43,-9,-11,2,-83,4,-17,6,-14,-2,-7,21,-11,11,-1.0,-7,-11,1,0
2024,2024-05-16,R11,Regular,11.0,Marrara Oval,Gold Coast,Geelong,1,26,8,164,100,64,23,240,196,436,92,12,16,156,271,43,73,40,71,59,46,60,25,14,8.0,17,26,6,200,154,354,49,3,5,158,188,47,56,46,57,57,39,81,14,25,7.0,10,15,7,40,42,82,43,9,11,-2,83,-4,17,-6,14,2,7,-21,11,-11,1.0,7,11,-1,0
2024,2024-05-17,R11,Regular,11.0,S.C.G.,Carlton,Sydney,0,9,11,65,117,-52,23,219,121,340,85,8,8,134,195,35,49,42,55,36,21,64,19,19,0.0,7,9,7,219,136,355,78,10,12,140,210,39,60,38,77,55,38,51,19,19,17.0,14,17,15,0,-15,-15,7,-2,-4,-6,-15,-4,-11,4,-22,-19,-17,13,0,0,-17.0,-7,-8,-8,0
2024,2024-05-17,R11,Regular,11.0,S.C.G.,Sydney,Carlton,1,17,15,117,65,52,23,219,136,355,78,10,12,140,210,39,60,38,77,55,38,51,19,19,17.0,14,17,15,219,121,340,85,8,8,134,195,35,49,42,55,36,21,64,19,19,0.0,7,9,7,0,15,15,-7,2,4,6,15,4,11,-4,22,19,17,-13,0,0,17.0,7,8,8,0
2024,2024-05-18,R11,Regular,11.0,M.C.G.,Adelaide,Collingwood,0,11,8,74,78,-4,23,224,185,409,98,12,10,143,267,36,58,36,68,46,38,49,11,8,8.0,10,11,7,224,157,381,85,11,9,146,225,44,49,47,68,54,38,55,8,11,4.0,9,12,6,0,28,28,13,1,1,-3,42,-8,9,-11,0,-8,0,-6,3,-3,4.0,1,-1,1,0
2024,2024-05-18,R11,Regular,11.0,Gabba,Brisbane Lions,Richmond,1,26,7,163,44,119,23,274,107,381,164,12,20,115,259,35,60,33,39,26,36,48,23,12,7.0,20,26,6,160,132,292,66,9,11,99,190,36,40,32,54,35,44,58,12,23,5.0,6,6,5,114,-25,89,98,3,9,16,69,-1,20,1,-15,-9,-8,-10,11,-11,2.0,14,20,1,0
2024,2024-05-18,R11,Regular,11.0,M.C.G.,Collingwood,Adelaide,1,12,6,78,74,4,23,224,157,381,85,11,9,146,225,44,49,47,68,54,38,55,8,11,4.0,9,12,6,224,185,409,98,12,10,143,267,36,58,36,68,46,38,49,11,8,8.0,10,11,7,0,-28,-28,-13,-1,-1,3,-42,8,-9,11,0,8,0,6,-3,3,-4.0,-1,1,-1,0
2024,2024-05-18,R11,Regular,11.0,Docklands,Fremantle,St Kilda,0,9,18,72,55,17,23,202,177,379,87,4,17,130,248,50,53,35,84,40,45,41,22,22,6.0,9,9,18,231,126,357,105,8,5,131,207,33,45,42,63,34,42,61,22,22,8.0,6,8,6,-29,51,22,-18,-4,12,-1,41,17,8,-7,21,6,3,-20,0,0,-2.0,3,1,12,0
2024,2024-05-18,R11,Regular,11.0,Sydney Showground,Greater Western Sydney,Western Bulldogs,1,6,7,43,70,-27,23,209,158,367,76,14,9,145,201,38,41,54,76,46,50,67,17,17,3.0,5,6,6,198,144,342,64,5,11,153,183,46,61,34,52,43,43,44,17,17,0.0,2,8,15,11,14,25,12,9,-2,-8,18,-8,-20,20,24,3,7,23,0,0,3.0,3,-2,-9,0
2024,2024-05-18,R11,Regular,11.0,Gabba,Richmond,Brisbane Lions,0,6,8,44,163,-119,23,160,132,292,66,9,11,99,190,36,40,32,54,35,44,58,12,23,5.0,6,6,5,274,107,381,164,12,20,115,259,35,60,33,39,26,36,48,23,12,7.0,20,26,6,-114,25,-89,-98,-3,-9,-16,-69,1,-20,-1,15,9,8,10,-11,11,-2.0,-14,-20,-1,0
2024,2024-05-18,R11,Regular,11.0,Docklands,St Kilda,Fremantle,1,8,7,55,72,-17,23,231,126,357,105,8,5,131,207,33,45,42,63,34,42,61,22,22,8.0,6,8,6,202,177,379,87,4,17,130,248,50,53,35,84,40,45,41,22,22,6.0,9,9,18,29,-51,-22,18,4,-12,1,-41,-17,-8,7,-21,-6,-3,20,0,0,2.0,-3,-1,-12,0
2024,2024-05-18,R11,Regular,11.0,Sydney Showground,Western Bulldogs,Greater Western Sydney,0,8,22,70,43,27,23,198,144,342,64,5,11,153,183,46,61,34,52,43,43,44,17,17,0.0,2,8,15,209,158,367,76,14,9,145,201,38,41,54,76,46,50,67,17,17,3.0,5,6,6,-11,-14,-25,-12,-9,2,8,-18,8,20,-20,-24,-3,-7,-23,0,0,-3.0,-3,2,9,0
2024,2024-05-19,R11,Regular,11.0,Docklands,Essendon,North Melbourne,1,16,10,106,66,40,23,199,149,348,96,14,18,128,218,28,63,29,56,32,29,51,21,21,16.0,11,16,7,214,136,350,110,2,9,105,239,42,40,47,42,43,42,57,21,21,1.0,8,10,5,-15,13,-2,-14,12,9,23,-21,-14,23,-18,14,-11,-13,-6,0,0,15.0,3,6,2,0
2024,2024-05-19,R11,Regular,11.0,Adelaide Oval,Hawthorn,Port Adelaide,0,12,7,79,80,-1,23,197,137,334,51,2,7,145,177,43,48,37,80,60,46,57,20,18,3.0,8,12,6,207,134,341,62,5,8,149,177,39,48,34,96,40,38,58,18,20,4.0,8,11,8,-10,3,-7,-11,-3,-1,-4,0,4,0,3,-16,20,8,-1,2,-2,-1.0,0,1,-2,0
2024,2024-05-19,R11,Regular,11.0,Perth Stadium,Melbourne,West Coast,0,10,10,70,105,-35,23,185,138,323,60,7,9,123,183,41,36,39,67,39,42,48,20,14,7.0,8,10,7,224,127,351,111,15,13,123,213,36,57,24,63,42,29,44,14,20,11.0,11,16,8,-39,11,-28,-51,-8,-4,0,-30,5,-21,15,4,-3,13,4,6,-6,-4.0,-3,-6,-1,0
2024,2024-05-19,R11,Regular,11.0,Docklands,North Melbourne,Essendon,0,10,6,66,106,-40,23,214,136,350,110,2,9,105,239,42,40,47,42,43,42,57,21,21,1.0,8,10,5,199,149,348,96,14,18,128,218,28,63,29,56,32,29,51,21,21,16.0,11,16,7,15,-13,2,14,-12,-9,-23,21,14,-23,18,-14,11,13,6,0,0,-15.0,-3,-6,-2,0
2024,2024-05-19,R11,Regular,11.0,Adelaide Oval,Port Adelaide,Hawthorn,1,11,14,80,79,1,23,207,134,341,62,5,8,149,177,39,48,34,96,40,38,58,18,20,4.0,8,11,8,197,137,334,51,2,7,145,177,43,48,37,80,60,46,57,20,18,3.0,8,12,6,10,-3,7,11,3,1,4,0,-4,0,-3,16,-20,-8,1,-2,2,1.0,0,-1,2,0
2024,2024-05-19,R11,Regular,11.0,Perth Stadium,West Coast,Melbourne,1,16,9,105,70,35,23,224,127,351,111,15,13,123,213,36,57,24,63,42,29,44,14,20,11.0,11,16,8,185,138,323,60,7,9,123,183,41,36,39,67,39,42,48,20,14,7.0,8,10,7,39,-11,28,51,8,4,0,30,-5,21,-15,-4,3,-13,-4,-6,6,4.0,3,6,1,0
2024,2024-05-23,R12,Regular,12.0,Docklands,Sydney,Western Bulldogs,0,16,6,102,88,14,23,215,113,328,107,5,11,105,206,33,46,48,75,34,51,52,14,13,13.0,10,16,5,222,145,367,101,11,13,138,230,38,60,29,54,54,34,57,13,14,2.0,9,12,11,-7,-32,-39,6,-6,-2,-33,-24,-5,-14,19,21,-20,17,-5,1,-1,11.0,1,4,-6,0
2024,2024-05-23,R12,Regular,12.0,Docklands,Western Bulldogs,Sydney,1,12,16,88,102,-14,23,222,145,367,101,11,13,138,230,38,60,29,54,54,34,57,13,14,2.0,9,12,11,215,113,328,107,5,11,105,206,33,46,48,75,34,51,52,14,13,13.0,10,16,5,7,32,39,-6,6,2,33,24,5,14,-19,-21,20,-17,5,-1,1,-11.0,-1,-4,6,0
2024,2024-05-24,R12,Regular,12.0,Perth Stadium,Collingwood,Fremantle,0,10,15,75,75,0,23,226,147,373,79,9,6,145,206,47,50,38,73,44,47,59,21,18,5.0,7,10,12,220,184,404,101,4,8,135,258,36,49,39,80,42,42,56,18,21,5.0,8,11,8,6,-37,-31,-22,5,-2,10,-52,11,1,-1,-7,2,5,3,3,-3,0.0,-1,-1,4,0
2024,2024-05-24,R12,Regular,12.0,Perth Stadium,Fremantle,Collingwood,1,11,9,75,75,0,23,220,184,404,101,4,8,135,258,36,49,39,80,42,42,56,18,21,5.0,8,11,8,226,147,373,79,9,6,145,206,47,50,38,73,44,47,59,21,18,5.0,7,10,12,-6,37,31,22,-5,2,-10,52,-11,-1,1,7,-2,-5,-3,-3,3,0.0,1,1,-4,0
2024,2024-05-25,R12,Regular,12.0,Docklands,Carlton,Gold Coast,1,15,12,102,73,29,23,246,162,408,129,13,15,132,270,44,51,39,58,36,36,49,11,16,8.0,9,15,11,168,102,270,69,9,11,110,156,32,51,36,73,39,49,38,16,11,2.0,8,11,7,78,60,138,60,4,4,22,114,12,0,3,-15,-3,-13,11,-5,5,6.0,1,4,4,0
2024,2024-05-25,R12,Regular,12.0,M.C.G.,Essendon,Richmond,0,12,14,86,74,12,23,237,163,400,102,10,11,140,248,31,68,45,49,54,24,55,17,14,16.0,9,12,10,203,151,354,77,8,12,138,205,41,55,56,37,56,50,66,14,17,8.0,9,10,11,34,12,46,25,2,-1,2,43,-10,13,-11,12,-2,-26,-11,3,-3,8.0,0,2,-1,0
2024,2024-05-25,R12,Regular,12.0,Kardinia Park,Geelong,Greater Western Sydney,1,11,8,74,78,-4,23,215,152,367,95,12,11,140,210,37,57,31,60,35,32,59,14,19,2.0,7,11,7,208,148,356,77,13,14,143,191,44,42,44,80,35,51,69,19,14,5.0,7,11,10,7,4,11,18,-1,-3,-3,19,-7,15,-13,-20,0,-19,-10,-5,5,-3.0,0,0,-3,0
2024,2024-05-25,R12,Regular,12.0,Docklands,Gold Coast,Carlton,0,11,7,73,102,-29,23,168,102,270,69,9,11,110,156,32,51,36,73,39,49,38,16,11,2.0,8,11,7,246,162,408,129,13,15,132,270,44,51,39,58,36,36,49,11,16,8.0,9,15,11,-78,-60,-138,-60,-4,-4,-22,-114,-12,0,-3,15,3,13,-11,5,-5,-6.0,-1,-4,-4,0
2024,2024-05-25,R12,Regular,12.0,Kardinia Park,Greater Western Sydney,Geelong,0,11,12,78,74,4,23,208,148,356,77,13,14,143,191,44,42,44,80,35,51,69,19,14,5.0,7,11,10,215,152,367,95,12,11,140,210,37,57,31,60,35,32,59,14,19,2.0,7,11,7,-7,-4,-11,-18,1,3,3,-19,7,-15,13,20,0,19,10,5,-5,3.0,0,0,3,0
2024,2024-05-25,R12,Regular,12.0,Bellerive Oval,North Melbourne,Port Adelaide,1,7,6,48,107,-59,23,216,129,345,107,13,8,122,216,32,39,44,46,35,37,39,14,12,3.0,4,7,6,210,132,342,111,7,18,111,236,34,60,32,64,31,34,47,12,14,13.0,12,16,10,6,-3,3,-4,6,-10,11,-20,-2,-21,12,-18,4,3,-8,2,-2,-10.0,-8,-9,-4,0
2024,2024-05-25,R12,Regular,12.0,Bellerive Oval,Port Adelaide,North Melbourne,0,16,11,107,48,59,23,210,132,342,111,7,18,111,236,34,60,32,64,31,34,47,12,14,13.0,12,16,10,216,129,345,107,13,8,122,216,32,39,44,46,35,37,39,14,12,3.0,4,7,6,-6,3,-3,4,-6,10,-11,20,2,21,-12,18,-4,-3,8,-2,2,10.0,8,9,4,0
2024,2024-05-25,R12,Regular,12.0,M.C.G.,Richmond,Essendon,1,10,14,74,86,-12,23,203,151,354,77,8,12,138,205,41,55,56,37,56,50,66,14,17,8.0,9,10,11,237,163,400,102,10,11,140,248,31,68,45,49,54,24,55,17,14,16.0,9,12,10,-34,-12,-46,-25,-2,1,-2,-43,10,-13,11,-12,2,26,11,-3,3,-8.0,0,-2,1,0
2024,2024-05-26,R12,Regular,12.0,Adelaide Oval,Adelaide,West Coast,1,21,11,137,38,99,23,256,153,409,134,13,15,131,269,37,59,34,40,32,45,53,18,24,6.0,13,21,8,178,86,264,78,9,9,107,145,35,39,37,44,48,23,58,24,18,7.0,3,5,7,78,67,145,56,4,6,24,124,2,20,-3,-4,-16,22,-5,-6,6,-1.0,10,16,1,0
2024,2024-05-26,R12,Regular,12.0,Docklands,Brisbane Lions,Hawthorn,0,10,15,75,100,-25,23,216,112,328,106,11,13,117,205,37,49,34,62,48,42,38,17,12,4.0,9,10,13,200,157,357,82,6,16,117,226,38,51,39,60,39,43,50,12,17,9.0,11,15,8,16,-45,-29,24,5,-3,0,-21,-1,-2,-5,2,9,-1,-12,5,-5,-5.0,-2,-5,5,0
2024,2024-05-26,R12,Regular,12.0,Docklands,Hawthorn,Brisbane Lions,1,15,10,100,75,25,23,200,157,357,82,6,16,117,226,38,51,39,60,39,43,50,12,17,9.0,11,15,8,216,112,328,106,11,13,117,205,37,49,34,62,48,42,38,17,12,4.0,9,10,13,-16,45,29,-24,-5,3,0,21,1,2,5,-2,-9,1,12,-5,5,5.0,2,5,-5,0
2024,2024-05-26,R12,Regular,12.0,M.C.G.,Melbourne,St Kilda,1,14,16,100,62,38,23,255,137,392,124,16,15,129,253,34,67,31,44,51,38,45,21,10,3.0,12,14,14,200,166,366,72,8,12,123,232,31,41,51,41,54,20,61,10,21,5.0,8,9,5,55,-29,26,52,8,3,6,21,3,26,-20,3,-3,18,-16,11,-11,-2.0,4,5,9,0
2024,2024-05-26,R12,Regular,12.0,M.C.G.,St Kilda,Melbourne,0,9,8,62,100,-38,23,200,166,366,72,8,12,123,232,31,41,51,41,54,20,61,10,21,5.0,8,9,5,255,137,392,124,16,15,129,253,34,67,31,44,51,38,45,21,10,3.0,12,14,14,-55,29,-26,-52,-8,-3,-6,-21,-3,-26,20,-3,3,-18,16,-11,11,2.0,-4,-5,-9,0
2024,2024-05-26,R12,Regular,12.0,Adelaide Oval,West Coast,Adelaide,0,5,8,38,137,-99,23,178,86,264,78,9,9,107,145,35,39,37,44,48,23,58,24,18,7.0,3,5,7,256,153,409,134,13,15,131,269,37,59,34,40,32,45,53,18,24,6.0,13,21,8,-78,-67,-145,-56,-4,-6,-24,-124,-2,-20,3,4,16,-22,5,6,-6,1.0,-10,-16,-1,0
2024,2024-05-30,R13,Regular,13.0,Adelaide Oval,Carlton,Port Adelaide,0,16,11,107,71,36,23,213,123,336,78,10,13,129,196,41,55,30,75,41,33,40,13,14,3.0,13,16,9,198,132,330,87,11,13,125,192,39,40,38,60,49,39,42,14,13,12.0,8,10,10,15,-9,6,-9,-1,0,4,4,2,15,-8,15,-8,-6,-2,-1,1,-9.0,5,6,-1,0
2024,2024-05-30,R13,Regular,13.0,Adelaide Oval,Port Adelaide,Carlton,1,10,11,71,107,-36,23,198,132,330,87,11,13,125,192,39,40,38,60,49,39,42,14,13,12.0,8,10,10,213,123,336,78,10,13,129,196,41,55,30,75,41,33,40,13,14,3.0,13,16,9,-15,9,-6,9,1,0,-4,-4,-2,-15,8,-15,8,6,2,1,-1,9.0,-5,-6,1,0
2024,2024-05-31,R13,Regular,13.0,Docklands,Collingwood,Western Bulldogs,1,12,10,82,100,-18,23,200,127,327,84,10,13,145,174,38,41,48,78,39,59,75,21,22,2.0,9,12,10,227,142,369,95,14,8,139,221,55,64,29,54,41,53,59,22,21,2.0,9,15,8,-27,-15,-42,-11,-4,5,6,-47,-17,-23,19,24,-2,6,16,-1,1,0.0,0,-3,2,0
2024,2024-05-31,R13,Regular,13.0,Docklands,Western Bulldogs,Collingwood,0,15,10,100,82,18,23,227,142,369,95,14,8,139,221,55,64,29,54,41,53,59,22,21,2.0,9,15,8,200,127,327,84,10,13,145,174,38,41,48,78,39,59,75,21,22,2.0,9,12,10,27,15,42,11,4,-5,-6,47,17,23,-19,-24,2,-6,-16,1,-1,0.0,0,3,-2,0
2024,2024-06-01,R13,Regular,13.0,M.C.G.,Adelaide,Hawthorn,0,12,8,80,107,-27,23,206,169,375,106,12,9,126,249,29,41,47,58,41,40,68,21,29,6.0,8,12,5,209,149,358,89,7,12,140,222,39,63,29,54,49,25,61,29,21,8.0,9,16,10,-3,20,17,17,5,-3,-14,27,-10,-22,18,4,-8,15,7,-8,8,-2.0,-1,-4,-5,0
2024,2024-06-01,R13,Regular,13.0,Kardinia Park,Geelong,Richmond,1,15,9,99,69,30,23,224,157,381,92,6,16,148,230,45,61,27,66,48,27,65,20,19,6.0,12,15,5,186,126,312,70,8,8,125,179,38,38,44,62,53,58,72,19,20,2.0,8,10,7,38,31,69,22,-2,8,23,51,7,23,-17,4,-5,-31,-7,1,-1,4.0,4,5,-2,0
2024,2024-06-01,R13,Regular,13.0,M.C.G.,Hawthorn,Adelaide,1,16,11,107,80,27,23,209,149,358,89,7,12,140,222,39,63,29,54,49,25,61,29,21,8.0,9,16,10,206,169,375,106,12,9,126,249,29,41,47,58,41,40,68,21,29,6.0,8,12,5,3,-20,-17,-17,-5,3,14,-27,10,22,-18,-4,8,-15,-7,8,-8,2.0,1,4,5,0
2024,2024-06-01,R13,Regular,13.0,Kardinia Park,Richmond,Geelong,0,10,9,69,99,-30,23,186,126,312,70,8,8,125,179,38,38,44,62,53,58,72,19,20,2.0,8,10,7,224,157,381,92,6,16,148,230,45,61,27,66,48,27,65,20,19,6.0,12,15,5,-38,-31,-69,-22,2,-8,-23,-51,-7,-23,17,-4,5,31,7,-1,1,-4.0,-4,-5,2,0
2024,2024-06-01,R13,Regular,13.0,Perth Stadium,St Kilda,West Coast,0,12,10,82,68,14,23,206,141,347,80,13,13,142,200,44,52,34,84,43,43,50,15,17,13.0,10,12,9,195,131,326,81,10,8,134,186,39,44,40,65,41,45,45,18,15,6.0,8,10,6,11,10,21,-1,3,5,8,14,5,8,-6,19,2,-2,5,-3,2,7.0,2,2,3,0
2024,2024-06-01,R13,Regular,13.0,Perth Stadium,West Coast,St Kilda,1,10,8,68,82,-14,23,195,131,326,81,10,8,134,186,39,44,40,65,41,45,45,18,15,6.0,8,10,6,206,141,347,80,13,13,142,200,44,52,34,84,43,43,50,15,17,13.0,10,12,9,-11,-10,-21,1,-3,-5,-8,-14,-5,-8,6,-19,-2,2,-5,3,-2,-7.0,-2,-2,-3,0
2024,2024-06-02,R13,Regular,13.0,Carrara,Essendon,Gold Coast,0,11,14,80,91,-11,23,218,169,387,91,5,14,128,260,30,58,36,57,48,28,62,19,21,12.0,8,11,13,206,181,387,86,8,13,125,249,28,54,47,40,50,33,68,21,19,11.0,12,14,5,12,-12,0,5,-3,1,3,11,2,4,-11,17,-2,-5,-6,-2,2,1.0,-4,-3,8,0
2024,2024-06-02,R13,Regular,13.0,Traeger Park,Fremantle,Melbourne,0,22,9,141,49,92,23,280,164,444,142,10,17,138,301,48,68,28,53,34,32,42,18,9,10.0,16,22,9,189,177,366,96,4,10,96,260,23,37,46,52,36,35,54,9,18,7.0,6,7,5,91,-13,78,46,6,7,42,41,25,31,-18,1,-2,-3,-12,9,-9,3.0,10,15,4,0
2024,2024-06-02,R13,Regular,13.0,Carrara,Gold Coast,Essendon,1,14,7,91,80,11,23,206,181,387,86,8,13,125,249,28,54,47,40,50,33,68,21,19,11.0,12,14,5,218,169,387,91,5,14,128,260,30,58,36,57,48,28,62,19,21,12.0,8,11,13,-12,12,0,-5,3,-1,-3,-11,-2,-4,11,-17,2,5,6,2,-2,-1.0,4,3,-8,0
2024,2024-06-02,R13,Regular,13.0,Traeger Park,Melbourne,Fremantle,1,7,7,49,141,-92,23,189,177,366,96,4,10,96,260,23,37,46,52,36,35,54,9,18,7.0,6,7,5,280,164,444,142,10,17,138,301,48,68,28,53,34,32,42,18,9,10.0,16,22,9,-91,13,-78,-46,-6,-7,-42,-41,-25,-31,18,-1,2,3,12,-9,9,-3.0,-10,-15,-4,0
2024,2024-06-06,R14,Regular,14.0,Adelaide Oval,Adelaide,Richmond,1,10,11,71,79,-8,23,222,162,384,113,10,12,133,252,32,46,39,55,29,25,53,27,17,3.0,7,10,9,211,125,336,94,9,8,130,207,37,52,34,61,59,57,67,17,27,11.0,7,12,6,11,37,48,19,1,4,3,45,-5,-6,5,-6,-30,-32,-14,10,-10,-8.0,0,-2,3,0
2024,2024-06-06,R14,Regular,14.0,Adelaide Oval,Richmond,Adelaide,0,12,7,79,71,8,23,211,125,336,94,9,8,130,207,37,52,34,61,59,57,67,17,27,11.0,7,12,6,222,162,384,113,10,12,133,252,32,46,39,55,29,25,53,27,17,3.0,7,10,9,-11,-37,-48,-19,-1,-4,-3,-45,5,6,-5,6,30,32,14,-10,10,8.0,0,2,-3,0
2024,2024-06-07,R14,Regular,14.0,Docklands,Brisbane Lions,Western Bulldogs,0,17,12,114,71,43,23,240,147,387,118,13,21,139,248,50,64,35,50,45,35,48,24,16,2.0,13,17,10,191,159,350,84,13,9,124,223,32,45,46,49,52,32,51,16,24,12.0,7,10,8,49,-12,37,34,0,12,15,25,18,19,-11,1,-7,3,-3,8,-8,-10.0,6,7,2,0
2024,2024-06-07,R14,Regular,14.0,Docklands,Western Bulldogs,Brisbane Lions,1,10,11,71,114,-43,23,191,159,350,84,13,9,124,223,32,45,46,49,52,32,51,16,24,12.0,7,10,8,240,147,387,118,13,21,139,248,50,64,35,50,45,35,48,24,16,2.0,13,17,10,-49,12,-37,-34,0,-12,-15,-25,-18,-19,11,-1,7,-3,3,-8,8,10.0,-6,-7,-2,0
2024,2024-06-08,R14,Regular,14.0,Docklands,Gold Coast,St Kilda,0,7,6,48,51,-3,23,233,136,369,137,11,9,114,248,25,45,49,56,45,34,51,19,15,6.0,5,7,3,214,135,349,83,11,11,135,224,35,56,36,60,45,25,56,15,19,8.0,4,7,8,19,1,20,54,0,-2,-21,24,-10,-11,13,-4,0,9,-5,4,-4,-2.0,1,0,-5,0
2024,2024-06-08,R14,Regular,14.0,York Park,Greater Western Sydney,Hawthorn,0,12,7,79,85,-6,23,194,154,348,85,10,9,138,209,40,49,37,57,41,47,70,24,24,3.0,8,12,6,200,132,332,88,10,15,119,208,34,52,37,66,44,23,51,24,24,2.0,6,12,11,-6,22,16,-3,0,-6,19,1,6,-3,0,-9,-3,24,19,0,0,1.0,2,0,-5,0
2024,2024-06-08,R14,Regular,14.0,York Park,Hawthorn,Greater Western Sydney,1,12,13,85,79,6,23,200,132,332,88,10,15,119,208,34,52,37,66,44,23,51,24,24,2.0,6,12,11,194,154,348,85,10,9,138,209,40,49,37,57,41,47,70,24,24,3.0,8,12,6,6,-22,-16,3,0,6,-19,-1,-6,3,0,9,3,-24,-19,0,0,-1.0,-2,0,5,0
2024,2024-06-08,R14,Regular,14.0,Perth Stadium,North Melbourne,West Coast,0,11,8,74,65,9,23,216,140,356,73,10,8,153,184,48,43,49,87,45,34,55,26,23,6.0,9,11,6,175,134,309,66,6,11,138,164,30,58,31,62,52,48,55,23,26,9.0,3,8,14,41,6,47,7,4,-3,15,20,18,-15,18,25,-7,-14,0,3,-3,-3.0,6,3,-8,0
2024,2024-06-08,R14,Regular,14.0,Docklands,St Kilda,Gold Coast,1,7,9,51,48,3,23,214,135,349,83,11,11,135,224,35,56,36,60,45,25,56,15,19,8.0,4,7,8,233,136,369,137,11,9,114,248,25,45,49,56,45,34,51,19,15,6.0,5,7,3,-19,-1,-20,-54,0,2,21,-24,10,11,-13,4,0,-9,5,-4,4,2.0,-1,0,5,0
2024,2024-06-08,R14,Regular,14.0,Perth Stadium,West Coast,North Melbourne,1,8,17,65,74,-9,23,175,134,309,66,6,11,138,164,30,58,31,62,52,48,55,23,26,9.0,3,8,14,216,140,356,73,10,8,153,184,48,43,49,87,45,34,55,26,23,6.0,9,11,6,-41,-6,-47,-7,-4,3,-15,-20,-18,15,-18,-25,7,14,0,-3,3,3.0,-6,-3,8,0
2024,2024-06-09,R14,Regular,14.0,M.C.G.,Carlton,Essendon,0,15,6,96,70,26,23,225,106,331,99,8,10,135,185,39,41,50,58,42,23,63,15,25,5.0,11,15,5,201,165,366,84,7,14,120,243,33,60,26,79,50,48,51,25,15,5.0,8,9,11,24,-59,-35,15,1,-4,15,-58,6,-19,24,-21,-8,-25,12,-10,10,0.0,3,6,-6,0
2024,2024-06-09,R14,Regular,14.0,M.C.G.,Essendon,Carlton,1,9,16,70,96,-26,23,201,165,366,84,7,14,120,243,33,60,26,79,50,48,51,25,15,5.0,8,9,11,225,106,331,99,8,10,135,185,39,41,50,58,42,23,63,15,25,5.0,11,15,5,-24,59,35,-15,-1,4,-15,58,-6,19,-24,21,8,25,-12,10,-10,0.0,-3,-6,6,0
2024,2024-06-09,R14,Regular,14.0,S.C.G.,Geelong,Sydney,0,12,10,82,112,-30,23,195,120,315,94,16,14,135,179,30,49,39,52,38,31,63,14,17,6.0,7,12,7,223,152,375,97,16,16,154,219,43,56,37,51,47,40,58,17,14,9.0,13,16,11,-28,-32,-60,-3,0,-2,-19,-40,-13,-7,2,1,-9,-9,5,-3,3,-3.0,-6,-4,-4,0
2024,2024-06-09,R14,Regular,14.0,S.C.G.,Sydney,Geelong,1,16,16,112,82,30,23,223,152,375,97,16,16,154,219,43,56,37,51,47,40,58,17,14,9.0,13,16,11,195,120,315,94,16,14,135,179,30,49,39,52,38,31,63,14,17,6.0,7,12,7,28,32,60,3,0,2,19,40,13,7,-2,-1,9,9,-5,3,-3,3.0,6,4,4,0
2024,2024-06-10,R14,Regular,14.0,M.C.G.,Collingwood,Melbourne,1,14,5,89,51,38,23,212,139,351,114,10,12,105,229,39,50,38,69,47,23,52,15,13,7.0,12,14,4,202,157,359,106,14,13,128,228,29,47,36,49,47,48,54,13,15,4.0,5,6,13,10,-18,-8,8,-4,-1,-23,1,10,3,2,20,0,-25,-2,2,-2,3.0,7,8,-9,0
2024,2024-06-10,R14,Regular,14.0,M.C.G.,Melbourne,Collingwood,0,6,15,51,89,-38,23,202,157,359,106,14,13,128,228,29,47,36,49,47,48,54,13,15,4.0,5,6,13,212,139,351,114,10,12,105,229,39,50,38,69,47,23,52,15,13,7.0,12,14,4,-10,18,8,-8,4,1,23,-1,-10,-3,-2,-20,0,25,2,-2,2,-3.0,-7,-8,9,0
2024,2024-06-14,R15,Regular,15.0,Gabba,Brisbane Lions,St Kilda,1,19,12,126,106,20,23,250,95,345,151,11,16,112,227,26,53,33,35,34,23,47,20,22,5.0,12,19,9,196,120,316,84,6,12,120,192,35,50,34,48,35,31,50,22,19,8.0,10,16,7,54,-25,29,67,5,4,-8,35,-9,3,-1,-13,-1,-8,-3,-2,3,-3.0,2,3,2,0
2024,2024-06-14,R15,Regular,15.0,Gabba,St Kilda,Brisbane Lions,0,16,10,106,126,-20,23,196,120,316,84,6,12,120,192,35,50,34,48,35,31,50,22,19,8.0,10,16,7,250,95,345,151,11,16,112,227,26,53,33,35,34,23,47,20,22,5.0,12,19,9,-54,25,-29,-67,-5,-4,8,-35,9,-3,1,13,1,8,3,2,-3,3.0,-2,-3,-2,0
2024,2024-06-15,R15,Regular,15.0,Adelaide Oval,Adelaide,Sydney,1,10,7,67,109,-42,23,209,127,336,100,9,12,123,199,31,35,44,64,39,18,61,22,24,2.0,6,10,2,209,157,366,70,7,12,159,205,52,61,23,51,53,56,62,25,22,7.0,10,16,11,0,-30,-30,30,2,0,-36,-6,-21,-26,21,13,-14,-38,-1,-3,2,-5.0,-4,-6,-9,0
2024,2024-06-15,R15,Regular,15.0,Docklands,Fremantle,Western Bulldogs,0,12,10,82,149,-67,23,182,120,302,69,6,12,121,169,43,46,37,49,38,54,53,16,18,2.0,9,12,7,230,146,376,111,9,17,130,238,39,60,31,62,40,31,48,18,16,13.0,15,23,9,-48,-26,-74,-42,-3,-5,-9,-69,4,-14,6,-13,-2,23,5,-2,2,-11.0,-6,-11,-2,0
2024,2024-06-15,R15,Regular,15.0,M.C.G.,Hawthorn,Richmond,0,14,13,97,49,48,23,225,135,360,120,14,12,116,244,31,54,34,43,31,27,51,15,15,13.0,10,14,11,219,128,347,109,7,9,109,226,30,42,39,50,39,43,52,15,15,7.0,5,6,6,6,7,13,11,7,3,7,18,1,12,-5,-7,-8,-16,-1,0,0,6.0,5,8,5,0
2024,2024-06-15,R15,Regular,15.0,M.C.G.,Richmond,Hawthorn,1,6,13,49,97,-48,23,219,128,347,109,7,9,109,226,30,42,39,50,39,43,52,15,15,7.0,5,6,6,225,135,360,120,14,12,116,244,31,54,34,43,31,27,51,15,15,13.0,10,14,11,-6,-7,-13,-11,-7,-3,-7,-18,-1,-12,5,7,8,16,1,0,0,-6.0,-5,-8,-5,0
2024,2024-06-15,R15,Regular,15.0,Adelaide Oval,Sydney,Adelaide,0,16,13,109,67,42,23,209,157,366,70,7,12,159,205,52,61,23,51,53,56,62,25,22,7.0,10,16,11,209,127,336,100,9,12,123,199,31,35,44,64,39,18,61,22,24,2.0,6,10,2,0,30,30,-30,-2,0,36,6,21,26,-21,-13,14,38,1,3,-2,5.0,4,6,9,0
2024,2024-06-15,R15,Regular,15.0,Docklands,Western Bulldogs,Fremantle,1,23,11,149,82,67,23,230,146,376,111,9,17,130,238,39,60,31,62,40,31,48,18,16,13.0,15,23,9,182,120,302,69,6,12,121,169,43,46,37,49,38,54,53,16,18,2.0,9,12,7,48,26,74,42,3,5,9,69,-4,14,-6,13,2,-23,-5,2,-2,11.0,6,11,2,0
2024,2024-06-16,R15,Regular,15.0,Docklands,Collingwood,North Melbourne,0,18,11,119,118,1,23,156,144,300,56,14,11,142,160,38,48,31,61,52,40,59,24,14,3.0,11,18,10,228,140,368,101,10,16,145,218,40,51,30,62,28,36,65,14,24,1.0,12,19,2,-72,4,-68,-45,4,-5,-3,-58,-2,-3,1,-1,24,4,-6,10,-10,2.0,-1,-1,8,0
2024,2024-06-16,R15,Regular,15.0,Sydney Showground,Greater Western Sydney,Port Adelaide,1,9,19,73,51,22,23,204,184,388,92,10,14,133,244,34,56,36,63,32,35,53,18,21,11.0,4,9,16,201,112,313,90,6,9,114,188,33,42,47,52,48,22,44,21,18,6.0,6,6,12,3,72,75,2,4,5,19,56,1,14,-11,11,-16,13,9,-3,3,5.0,-2,3,4,0
2024,2024-06-16,R15,Regular,15.0,Docklands,North Melbourne,Collingwood,1,19,4,118,119,-1,23,228,140,368,101,10,16,145,218,40,51,30,62,28,36,65,14,24,1.0,12,19,2,156,144,300,56,14,11,142,160,38,48,31,61,52,40,59,24,14,3.0,11,18,10,72,-4,68,45,-4,5,3,58,2,3,-1,1,-24,-4,6,-10,10,-2.0,1,1,-8,0
2024,2024-06-16,R15,Regular,15.0,Sydney Showground,Port Adelaide,Greater Western Sydney,0,6,15,51,73,-22,23,201,112,313,90,6,9,114,188,33,42,47,52,48,22,44,21,18,6.0,6,6,12,204,184,388,92,10,14,133,244,34,56,36,63,32,35,53,18,21,11.0,4,9,16,-3,-72,-75,-2,-4,-5,-19,-56,-1,-14,11,-11,16,-13,-9,3,-3,-5.0,2,-3,-4,0
2024,2024-06-21,R16,Regular,16.0,M.C.G.,Carlton,Geelong,1,21,12,138,75,63,23,217,172,389,88,8,14,151,230,50,58,31,80,39,43,58,16,22,2.0,11,21,7,188,153,341,69,8,9,140,189,39,43,37,66,47,35,66,22,16,5.0,7,11,7,29,19,48,19,0,5,11,41,11,15,-6,14,-8,8,-8,-6,6,-3.0,4,10,0,0
2024,2024-06-21,R16,Regular,16.0,M.C.G.,Geelong,Carlton,0,11,9,75,138,-63,23,188,153,341,69,8,9,140,189,39,43,37,66,47,35,66,22,16,5.0,7,11,7,217,172,389,88,8,14,151,230,50,58,31,80,39,43,58,16,22,2.0,11,21,7,-29,-19,-48,-19,0,-5,-11,-41,-11,-15,6,-14,8,-8,8,6,-6,3.0,-4,-10,0,0
2024,2024-06-22,R16,Regular,16.0,Adelaide Oval,Brisbane Lions,Port Adelaide,0,23,14,152,73,79,23,249,150,399,124,14,15,151,245,42,71,34,49,40,33,46,18,15,3.0,16,23,10,195,159,354,96,6,11,111,234,27,46,48,74,45,39,64,15,18,10.0,7,10,12,54,-9,45,28,8,4,40,11,15,25,-14,-25,-5,-6,-18,3,-3,-7.0,9,13,-2,0
2024,2024-06-22,R16,Regular,16.0,Sydney Showground,Greater Western Sydney,Sydney,1,11,9,75,102,-27,23,217,158,375,87,12,13,149,220,40,55,42,63,50,37,57,20,11,3.0,9,11,5,225,130,355,67,3,8,154,191,43,58,42,55,75,44,65,11,20,5.0,11,15,10,-8,28,20,20,9,5,-5,29,-3,-3,0,8,-25,-7,-8,9,-9,-2.0,-2,-4,-5,0
2024,2024-06-22,R16,Regular,16.0,M.C.G.,Melbourne,North Melbourne,1,11,4,70,67,3,23,195,91,286,72,10,9,135,143,35,47,36,67,41,35,57,24,27,6.0,8,11,3,226,131,357,90,11,9,143,206,42,48,36,67,54,30,56,27,24,1.0,5,10,6,-31,-40,-71,-18,-1,0,-8,-63,-7,-1,0,0,-13,5,1,-3,3,5.0,3,1,-3,0
2024,2024-06-22,R16,Regular,16.0,M.C.G.,North Melbourne,Melbourne,0,10,7,67,70,-3,23,226,131,357,90,11,9,143,206,42,48,36,67,54,30,56,27,24,1.0,5,10,6,195,91,286,72,10,9,135,143,35,47,36,67,41,35,57,24,27,6.0,8,11,3,31,40,71,18,1,0,8,63,7,1,0,0,13,-5,-1,3,-3,-5.0,-3,-1,3,0
2024,2024-06-22,R16,Regular,16.0,Adelaide Oval,Port Adelaide,Brisbane Lions,1,10,13,73,152,-79,23,195,159,354,96,6,11,111,234,27,46,48,74,45,39,64,15,18,10.0,7,10,12,249,150,399,124,14,15,151,245,42,71,34,49,40,33,46,18,15,3.0,16,23,10,-54,9,-45,-28,-8,-4,-40,-11,-15,-25,14,25,5,6,18,-3,3,7.0,-9,-13,2,0
2024,2024-06-22,R16,Regular,16.0,Sydney Showground,Sydney,Greater Western Sydney,0,15,12,102,75,27,23,225,130,355,67,3,8,154,191,43,58,42,55,75,44,65,11,20,5.0,11,15,10,217,158,375,87,12,13,149,220,40,55,42,63,50,37,57,20,11,3.0,9,11,5,8,-28,-20,-20,-9,-5,5,-29,3,3,0,-8,25,7,8,-9,9,2.0,2,4,5,0
2024,2024-06-23,R16,Regular,16.0,Docklands,Essendon,West Coast,1,19,8,122,92,30,23,240,160,400,126,16,18,124,271,35,54,42,54,40,40,47,8,13,17.0,15,19,6,182,110,292,77,16,11,124,168,44,56,35,60,41,41,33,13,8,6.0,10,13,11,58,50,108,49,0,7,0,103,-9,-2,7,-6,-1,-1,14,-5,5,11.0,5,6,-5,0
2024,2024-06-23,R16,Regular,16.0,Perth Stadium,Fremantle,Gold Coast,1,12,13,85,65,20,23,187,143,330,86,9,15,126,207,44,55,33,70,36,49,36,16,15,12.0,9,12,12,193,150,343,96,15,10,130,208,32,46,42,70,34,34,40,15,16,2.0,7,10,4,-6,-7,-13,-10,-6,5,-4,-1,12,9,-9,0,2,15,-4,1,-1,10.0,2,2,8,0
2024,2024-06-23,R16,Regular,16.0,Perth Stadium,Gold Coast,Fremantle,0,10,5,65,85,-20,23,193,150,343,96,15,10,130,208,32,46,42,70,34,34,40,15,16,2.0,7,10,4,187,143,330,86,9,15,126,207,44,55,33,70,36,49,36,16,15,12.0,9,12,12,6,7,13,10,6,-5,4,1,-12,-9,9,0,-2,-15,4,-1,1,-10.0,-2,-2,-8,0
2024,2024-06-23,R16,Regular,16.0,Docklands,West Coast,Essendon,0,13,14,92,122,-30,23,182,110,292,77,16,11,124,168,44,56,35,60,41,41,33,13,8,6.0,10,13,11,240,160,400,126,16,18,124,271,35,54,42,54,40,40,47,8,13,17.0,15,19,6,-58,-50,-108,-49,0,-7,0,-103,9,2,-7,6,1,1,-14,5,-5,-11.0,-5,-6,5,0
2024,2024-06-28,R17,Regular,17.0,Gabba,Brisbane Lions,Melbourne,1,11,20,86,81,5,23,238,130,368,115,13,14,130,221,34,53,39,53,48,34,41,15,10,3.0,6,11,14,199,140,339,60,14,10,154,174,40,51,42,71,60,48,55,10,15,2.0,6,11,15,39,-10,29,55,-1,4,-24,47,-6,2,-3,-18,-12,-14,-14,5,-5,1.0,0,0,-1,0
2024,2024-06-28,R17,Regular,17.0,Gabba,Melbourne,Brisbane Lions,0,11,15,81,86,-5,23,199,140,339,60,14,10,154,174,40,51,42,71,60,48,55,10,15,2.0,6,11,15,238,130,368,115,13,14,130,221,34,53,39,53,48,34,41,15,10,3.0,6,11,14,-39,10,-29,-55,1,-4,24,-47,6,-2,3,18,12,14,14,-5,5,-1.0,0,0,1,0
2024,2024-06-29,R17,Regular,17.0,Adelaide Oval,Adelaide,Greater Western Sydney,1,13,16,94,78,16,23,217,132,349,96,13,12,144,204,44,55,39,58,47,37,56,16,17,1.0,11,13,13,217,170,387,96,9,11,125,244,36,52,41,61,50,42,52,17,16,3.0,11,12,5,0,-38,-38,0,4,1,19,-40,8,3,-2,-3,-3,-5,4,-1,1,-2.0,0,1,8,0
2024,2024-06-29,R17,Regular,17.0,Carrara,Collingwood,Gold Coast,0,13,12,90,101,-11,23,196,132,328,67,2,11,121,187,39,50,54,72,39,37,63,18,17,6.0,10,13,9,213,187,400,89,5,11,137,258,32,68,36,51,52,35,58,17,18,5.0,9,14,13,-17,-55,-72,-22,-3,0,-16,-71,7,-18,18,21,-13,2,5,1,-1,1.0,1,-1,-4,0
2024,2024-06-29,R17,Regular,17.0,M.C.G.,Essendon,Geelong,0,9,6,60,105,-45,23,211,132,343,79,5,9,133,191,46,60,39,76,46,59,78,18,15,5.0,8,9,5,244,127,371,103,10,14,142,220,38,56,50,78,42,27,64,15,18,8.0,11,16,7,-33,5,-28,-24,-5,-5,-9,-29,8,4,-11,-2,4,32,14,3,-3,-3.0,-3,-7,-2,0
2024,2024-06-29,R17,Regular,17.0,S.C.G.,Fremantle,Sydney,0,15,9,99,98,1,23,225,132,357,105,11,14,128,220,42,54,38,46,32,40,44,9,17,5.0,10,15,7,202,122,324,79,11,12,133,189,32,54,39,56,58,36,43,17,9,10.0,9,14,11,23,10,33,26,0,2,-5,31,10,0,-1,-10,-26,4,1,-8,8,-5.0,1,1,-4,0
2024,2024-06-29,R17,Regular,17.0,M.C.G.,Geelong,Essendon,1,16,9,105,60,45,23,244,127,371,103,10,14,142,220,38,56,50,78,42,27,64,15,18,8.0,11,16,7,211,132,343,79,5,9,133,191,46,60,39,76,46,59,78,18,15,5.0,8,9,5,33,-5,28,24,5,5,9,29,-8,-4,11,2,-4,-32,-14,-3,3,3.0,3,7,2,0
2024,2024-06-29,R17,Regular,17.0,Carrara,Gold Coast,Collingwood,1,14,17,101,90,11,23,213,187,400,89,5,11,137,258,32,68,36,51,52,35,58,17,18,5.0,9,14,13,196,132,328,67,2,11,121,187,39,50,54,72,39,37,63,18,17,6.0,10,13,9,17,55,72,22,3,0,16,71,-7,18,-18,-21,13,-2,-5,-1,1,-1.0,-1,1,4,0
2024,2024-06-29,R17,Regular,17.0,Adelaide Oval,Greater Western Sydney,Adelaide,0,12,6,78,94,-16,23,217,170,387,96,9,11,125,244,36,52,41,61,50,42,52,17,16,3.0,11,12,5,217,132,349,96,13,12,144,204,44,55,39,58,47,37,56,16,17,1.0,11,13,13,0,38,38,0,-4,-1,-19,40,-8,-3,2,3,3,5,-4,1,-1,2.0,0,-1,-8,0
2024,2024-06-29,R17,Regular,17.0,Docklands,North Melbourne,Western Bulldogs,1,9,6,60,77,-17,23,199,164,363,81,13,10,139,219,28,42,45,59,38,39,51,17,19,4.0,6,9,4,226,156,382,112,10,10,132,251,40,57,32,55,46,27,52,19,17,6.0,7,11,9,-27,8,-19,-31,3,0,7,-32,-12,-15,13,4,-8,12,-1,-2,2,-2.0,-1,-2,-5,0
2024,2024-06-29,R17,Regular,17.0,S.C.G.,Sydney,Fremantle,1,14,14,98,99,-1,23,202,122,324,79,11,12,133,189,32,54,39,56,58,36,43,17,9,10.0,9,14,11,225,132,357,105,11,14,128,220,42,54,38,46,32,40,44,9,17,5.0,10,15,7,-23,-10,-33,-26,0,-2,5,-31,-10,0,1,10,26,-4,-1,8,-8,5.0,-1,-1,4,0
2024,2024-06-29,R17,Regular,17.0,Docklands,Western Bulldogs,North Melbourne,0,11,11,77,60,17,23,226,156,382,112,10,10,132,251,40,57,32,55,46,27,52,19,17,6.0,7,11,9,199,164,363,81,13,10,139,219,28,42,45,59,38,39,51,17,19,4.0,6,9,4,27,-8,19,31,-3,0,-7,32,12,15,-13,-4,8,-12,1,2,-2,2.0,1,2,5,0
2024,2024-06-30,R17,Regular,17.0,M.C.G.,Carlton,Richmond,0,20,11,131,70,61,23,234,155,389,102,12,16,131,246,41,58,36,59,48,25,59,17,22,9.0,18,20,7,193,142,335,78,8,8,125,200,41,47,37,44,44,48,60,22,17,11.0,5,10,6,41,13,54,24,4,8,6,46,0,11,-1,15,4,-23,-1,-5,5,-2.0,13,10,1,0
2024,2024-06-30,R17,Regular,17.0,Perth Stadium,Hawthorn,West Coast,0,14,10,94,33,61,23,238,188,426,129,9,22,126,289,38,60,29,58,30,39,53,21,18,11.0,13,14,9,177,101,278,94,7,4,102,174,21,33,44,60,38,27,55,18,21,2.0,2,4,8,61,87,148,35,2,18,24,115,17,27,-15,-2,-8,12,-2,3,-3,9.0,11,10,1,0
2024,2024-06-30,R17,Regular,17.0,Docklands,Port Adelaide,St Kilda,0,8,14,62,60,2,23,234,105,339,123,14,17,113,220,32,55,35,52,40,31,47,15,15,11.0,7,8,11,232,114,346,110,14,12,125,214,22,43,44,41,43,18,53,15,15,3.0,7,8,10,2,-9,-7,13,0,5,-12,6,10,12,-9,11,-3,13,-6,0,0,8.0,0,0,1,0
2024,2024-06-30,R17,Regular,17.0,M.C.G.,Richmond,Carlton,1,10,10,70,131,-61,23,193,142,335,78,8,8,125,200,41,47,37,44,44,48,60,22,17,11.0,5,10,6,234,155,389,102,12,16,131,246,41,58,36,59,48,25,59,17,22,9.0,18,20,7,-41,-13,-54,-24,-4,-8,-6,-46,0,-11,1,-15,-4,23,1,5,-5,2.0,-13,-10,-1,0
2024,2024-06-30,R17,Regular,17.0,Docklands,St Kilda,Port Adelaide,1,8,12,60,62,-2,23,232,114,346,110,14,12,125,214,22,43,44,41,43,18,53,15,15,3.0,7,8,10,234,105,339,123,14,17,113,220,32,55,35,52,40,31,47,15,15,11.0,7,8,11,-2,9,7,-13,0,-5,12,-6,-10,-12,9,-11,3,-13,6,0,0,-8.0,0,0,-1,0
2024,2024-06-30,R17,Regular,17.0,Perth Stadium,West Coast,Hawthorn,1,4,9,33,94,-61,23,177,101,278,94,7,4,102,174,21,33,44,60,38,27,55,18,21,2.0,2,4,8,238,188,426,129,9,22,126,289,38,60,29,58,30,39,53,21,18,11.0,13,14,9,-61,-87,-148,-35,-2,-18,-24,-115,-17,-27,15,2,8,-12,2,-3,3,-9.0,-11,-10,-1,0
2024,2024-07-05,R18,Regular,18.0,M.C.G.,Collingwood,Essendon,1,12,8,80,92,-12,23,209,131,340,89,4,10,105,218,33,45,33,43,41,33,51,12,15,11.0,10,12,6,252,152,404,139,10,18,115,279,36,48,33,56,35,40,49,15,12,2.0,11,13,11,-43,-21,-64,-50,-6,-8,-10,-61,-3,-3,0,-13,6,-7,2,-3,3,9.0,-1,-1,-5,0
2024,2024-07-05,R18,Regular,18.0,M.C.G.,Essendon,Collingwood,0,13,14,92,80,12,23,252,152,404,139,10,18,115,279,36,48,33,56,35,40,49,15,12,2.0,11,13,11,209,131,340,89,4,10,105,218,33,45,33,43,41,33,51,12,15,11.0,10,12,6,43,21,64,50,6,8,10,61,3,3,0,13,-6,7,-2,3,-3,-9.0,1,1,5,0
2024,2024-07-06,R18,Regular,18.0,Sydney Showground,Carlton,Greater Western Sydney,0,16,8,104,116,-12,23,183,142,325,57,5,8,138,180,46,50,42,60,40,22,47,19,11,1.0,12,16,6,209,202,411,92,9,15,147,262,43,60,33,77,51,45,61,11,19,3.0,12,18,8,-26,-60,-86,-35,-4,-7,-9,-82,3,-10,9,-17,-11,-23,-14,8,-8,-2.0,0,-2,-2,0
2024,2024-07-06,R18,Regular,18.0,Perth Stadium,Fremantle,Richmond,1,16,9,105,54,51,23,229,145,374,91,6,12,133,228,37,61,39,63,36,34,47,16,15,12.0,10,16,9,200,154,354,78,9,12,135,211,43,47,45,57,41,44,64,15,16,3.0,6,7,9,29,-9,20,13,-3,0,-2,17,-6,14,-6,6,-5,-10,-17,1,-1,9.0,4,9,0,0
2024,2024-07-06,R18,Regular,18.0,Kardinia Park,Geelong,Hawthorn,1,16,14,110,59,51,23,230,147,377,112,9,22,141,224,34,63,30,70,35,29,49,19,15,6.0,10,16,13,191,131,322,79,8,8,123,192,37,40,46,67,39,52,62,15,19,9.0,9,9,4,39,16,55,33,1,14,18,32,-3,23,-16,3,-4,-23,-13,4,-4,-3.0,1,7,9,0
2024,2024-07-06,R18,Regular,18.0,Docklands,Gold Coast,North Melbourne,0,12,11,83,87,-4,23,171,148,319,75,15,14,131,186,29,62,33,55,55,35,46,13,20,6.0,8,12,8,217,155,372,90,7,13,127,236,45,46,49,63,38,40,41,20,13,13.0,9,13,6,-46,-7,-53,-15,8,1,4,-50,-16,16,-16,-8,17,-5,5,-7,7,-7.0,-1,-1,2,0
2024,2024-07-06,R18,Regular,18.0,Sydney Showground,Greater Western Sydney,Carlton,1,18,8,116,104,12,23,209,202,411,92,9,15,147,262,43,60,33,77,51,45,61,11,19,3.0,12,18,8,183,142,325,57,5,8,138,180,46,50,42,60,40,22,47,19,11,1.0,12,16,6,26,60,86,35,4,7,9,82,-3,10,-9,17,11,23,14,-8,8,2.0,0,2,2,0
2024,2024-07-06,R18,Regular,18.0,Kardinia Park,Hawthorn,Geelong,0,9,5,59,110,-51,23,191,131,322,79,8,8,123,192,37,40,46,67,39,52,62,15,19,9.0,9,9,4,230,147,377,112,9,22,141,224,34,63,30,70,35,29,49,19,15,6.0,10,16,13,-39,-16,-55,-33,-1,-14,-18,-32,3,-23,16,-3,4,23,13,-4,4,3.0,-1,-7,-9,0
2024,2024-07-06,R18,Regular,18.0,Docklands,North Melbourne,Gold Coast,1,13,9,87,83,4,23,217,155,372,90,7,13,127,236,45,46,49,63,38,40,41,20,13,13.0,9,13,6,171,148,319,75,15,14,131,186,29,62,33,55,55,35,46,13,20,6.0,8,12,8,46,7,53,15,-8,-1,-4,50,16,-16,16,8,-17,5,-5,7,-7,7.0,1,1,-2,0
2024,2024-07-06,R18,Regular,18.0,Adelaide Oval,Port Adelaide,Western Bulldogs,1,15,12,102,54,48,23,232,142,374,122,7,18,120,247,33,53,33,44,32,47,50,17,19,10.0,11,15,12,188,143,331,79,9,7,106,214,35,42,38,60,31,33,46,19,17,9.0,4,8,6,44,-1,43,43,-2,11,14,33,-2,11,-5,-16,1,14,4,-2,2,1.0,7,7,6,0
2024,2024-07-06,R18,Regular,18.0,Perth Stadium,Richmond,Fremantle,0,7,12,54,105,-51,23,200,154,354,78,9,12,135,211,43,47,45,57,41,44,64,15,16,3.0,6,7,9,229,145,374,91,6,12,133,228,37,61,39,63,36,34,47,16,15,12.0,10,16,9,-29,9,-20,-13,3,0,2,-17,6,-14,6,-6,5,10,17,-1,1,-9.0,-4,-9,0,0
2024,2024-07-06,R18,Regular,18.0,Adelaide Oval,Western Bulldogs,Port Adelaide,0,8,6,54,102,-48,23,188,143,331,79,9,7,106,214,35,42,38,60,31,33,46,19,17,9.0,4,8,6,232,142,374,122,7,18,120,247,33,53,33,44,32,47,50,17,19,10.0,11,15,12,-44,1,-43,-43,2,-11,-14,-33,2,-11,5,16,-1,-14,-4,2,-2,-1.0,-7,-7,-6,0
2024,2024-07-07,R18,Regular,18.0,Gabba,Adelaide,Brisbane Lions,0,13,8,86,97,-11,23,205,139,344,86,15,13,130,200,37,48,41,60,41,49,64,15,26,4.0,7,13,6,233,114,347,105,6,12,124,212,42,55,35,40,46,40,57,26,15,5.0,8,14,11,-28,25,-3,-19,9,1,6,-12,-5,-7,6,20,-5,9,7,-11,11,-1.0,-1,-1,-5,0
2024,2024-07-07,R18,Regular,18.0,Gabba,Brisbane Lions,Adelaide,1,14,13,97,86,11,23,233,114,347,105,6,12,124,212,42,55,35,40,46,40,57,26,15,5.0,8,14,11,205,139,344,86,15,13,130,200,37,48,41,60,41,49,64,15,26,4.0,7,13,6,28,-25,3,19,-9,-1,-6,12,5,7,-6,-20,5,-9,-7,11,-11,1.0,1,1,5,0
2024,2024-07-07,R18,Regular,18.0,M.C.G.,Melbourne,West Coast,1,17,10,112,58,54,23,237,119,356,131,14,21,129,221,30,49,41,56,36,28,54,12,12,9.0,10,17,9,169,111,280,82,10,15,104,174,35,49,30,54,39,34,43,12,12,6.0,6,8,8,68,8,76,49,4,6,25,47,-5,0,11,2,-3,-6,11,0,0,3.0,4,9,1,0
2024,2024-07-07,R18,Regular,18.0,Docklands,St Kilda,Sydney,1,13,6,84,82,2,23,236,139,375,126,15,11,124,234,29,41,41,63,39,21,55,11,19,2.0,9,13,3,224,137,361,97,7,12,132,221,30,54,28,41,46,40,49,19,11,9.0,8,11,13,12,2,14,29,8,-1,-8,13,-1,-13,13,22,-7,-19,6,-8,8,-7.0,1,2,-10,0
2024,2024-07-07,R18,Regular,18.0,Docklands,Sydney,St Kilda,0,11,16,82,84,-2,23,224,137,361,97,7,12,132,221,30,54,28,41,46,40,49,19,11,9.0,8,11,13,236,139,375,126,15,11,124,234,29,41,41,63,39,21,55,11,19,2.0,9,13,3,-12,-2,-14,-29,-8,1,8,-13,1,13,-13,-22,7,19,-6,8,-8,7.0,-1,-2,10,0
2024,2024-07-07,R18,Regular,18.0,M.C.G.,West Coast,Melbourne,0,8,10,58,112,-54,23,169,111,280,82,10,15,104,174,35,49,30,54,39,34,43,12,12,6.0,6,8,8,237,119,356,131,14,21,129,221,30,49,41,56,36,28,54,12,12,9.0,10,17,9,-68,-8,-76,-49,-4,-6,-25,-47,5,0,-11,-2,3,6,-11,0,0,-3.0,-4,-9,-1,0
2024,2024-07-12,R19,Regular,19.0,M.C.G.,Collingwood,Geelong,1,10,11,71,91,-20,23,200,137,337,75,7,13,120,192,35,40,47,58,47,64,57,14,15,1.0,6,10,7,276,117,393,145,6,14,117,252,42,62,30,53,33,22,55,15,14,7.0,7,13,11,-76,20,-56,-70,1,-1,3,-60,-7,-22,17,5,14,42,2,-1,1,-6.0,-1,-3,-4,0
2024,2024-07-12,R19,Regular,19.0,M.C.G.,Geelong,Collingwood,0,13,13,91,71,20,23,276,117,393,145,6,14,117,252,42,62,30,53,33,22,55,15,14,7.0,7,13,11,200,137,337,75,7,13,120,192,35,40,47,58,47,64,57,14,15,1.0,6,10,7,76,-20,56,70,-1,1,-3,60,7,22,-17,-5,-14,-42,-2,1,-1,6.0,1,3,4,0
2024,2024-07-13,R19,Regular,19.0,Adelaide Oval,Adelaide,St Kilda,1,10,11,71,39,32,23,211,128,339,33,4,5,162,146,54,52,33,109,61,62,71,23,29,2.0,6,10,10,224,105,329,57,9,6,175,135,46,39,41,99,63,50,75,29,23,4.0,2,5,5,-13,23,10,-24,-5,-1,-13,11,8,13,-8,10,-2,12,-4,-6,6,-2.0,4,5,5,0
2024,2024-07-13,R19,Regular,19.0,Docklands,Carlton,Western Bulldogs,0,12,14,86,100,-14,23,218,143,361,98,20,15,145,208,43,47,42,70,42,49,53,19,17,6.0,8,12,14,195,141,336,84,15,9,139,190,42,56,34,64,47,37,51,17,19,2.0,6,14,13,23,2,25,14,5,6,6,18,1,-9,8,6,-5,12,2,2,-2,4.0,2,-2,1,0
2024,2024-07-13,R19,Regular,19.0,M.C.G.,Essendon,Melbourne,0,10,7,67,84,-17,23,250,161,411,101,7,13,135,258,32,56,35,70,46,43,67,19,14,3.0,6,10,7,235,131,366,83,4,8,142,201,44,49,45,56,53,27,57,14,19,3.0,12,13,4,15,30,45,18,3,5,-7,57,-12,7,-10,14,-7,16,10,5,-5,0.0,-6,-3,3,0
2024,2024-07-13,R19,Regular,19.0,York Park,Fremantle,Hawthorn,0,10,14,74,87,-13,23,198,134,332,107,14,15,111,215,31,45,29,67,27,35,46,17,18,7.0,7,10,12,181,132,313,80,10,14,118,193,36,42,34,51,40,52,46,18,17,8.0,9,13,8,17,2,19,27,4,1,-7,22,-5,3,-5,16,-13,-17,0,-1,1,-1.0,-2,-3,4,0
2024,2024-07-13,R19,Regular,19.0,York Park,Hawthorn,Fremantle,1,13,9,87,74,13,23,181,132,313,80,10,14,118,193,36,42,34,51,40,52,46,18,17,8.0,9,13,8,198,134,332,107,14,15,111,215,31,45,29,67,27,35,46,17,18,7.0,7,10,12,-17,-2,-19,-27,-4,-1,7,-22,5,-3,5,-16,13,17,0,1,-1,1.0,2,3,-4,0
2024,2024-07-13,R19,Regular,19.0,M.C.G.,Melbourne,Essendon,1,13,6,84,67,17,23,235,131,366,83,4,8,142,201,44,49,45,56,53,27,57,14,19,3.0,12,13,4,250,161,411,101,7,13,135,258,32,56,35,70,46,43,67,19,14,3.0,6,10,7,-15,-30,-45,-18,-3,-5,7,-57,12,-7,10,-14,7,-16,-10,-5,5,0.0,6,3,-3,0
2024,2024-07-13,R19,Regular,19.0,S.C.G.,North Melbourne,Sydney,0,9,5,59,138,-79,23,192,147,339,82,9,10,129,201,34,39,42,45,21,26,59,16,16,8.0,9,9,4,231,160,391,109,6,18,126,262,38,64,29,51,56,45,53,16,16,7.0,16,20,16,-39,-13,-52,-27,3,-8,3,-61,-4,-25,13,-6,-35,-19,6,0,0,1.0,-7,-11,-12,0
2024,2024-07-13,R19,Regular,19.0,Adelaide Oval,St Kilda,Adelaide,0,5,9,39,71,-32,23,224,105,329,57,9,6,175,135,46,39,41,99,63,50,75,29,23,4.0,2,5,5,211,128,339,33,4,5,162,146,54,52,33,109,61,62,71,23,29,2.0,6,10,10,13,-23,-10,24,5,1,13,-11,-8,-13,8,-10,2,-12,4,6,-6,2.0,-4,-5,-5,0
2024,2024-07-13,R19,Regular,19.0,S.C.G.,Sydney,North Melbourne,1,20,18,138,59,79,23,231,160,391,109,6,18,126,262,38,64,29,51,56,45,53,16,16,7.0,16,20,16,192,147,339,82,9,10,129,201,34,39,42,45,21,26,59,16,16,8.0,9,9,4,39,13,52,27,-3,8,-3,61,4,25,-13,6,35,19,-6,0,0,-1.0,7,11,12,0
2024,2024-07-13,R19,Regular,19.0,Docklands,Western Bulldogs,Carlton,1,14,16,100,86,14,23,195,141,336,84,15,9,139,190,42,56,34,64,47,37,51,17,19,2.0,6,14,13,218,143,361,98,20,15,145,208,43,47,42,70,42,49,53,19,17,6.0,8,12,14,-23,-2,-25,-14,-5,-6,-6,-18,-1,9,-8,-6,5,-12,-2,-2,2,-4.0,-2,2,-1,0
2024,2024-07-14,R19,Regular,19.0,Perth Stadium,Brisbane Lions,West Coast,0,16,10,106,93,13,23,215,125,340,95,13,14,139,199,47,56,32,66,43,45,49,9,18,1.0,12,16,8,190,146,336,79,10,13,126,202,38,46,37,54,35,38,43,18,9,7.0,9,14,8,25,-21,4,16,3,1,13,-3,9,10,-5,12,8,7,6,-9,9,-6.0,3,2,0,0
2024,2024-07-14,R19,Regular,19.0,Carrara,Gold Coast,Port Adelaide,1,14,12,96,82,14,23,194,123,317,88,10,12,120,199,36,60,41,66,44,30,57,23,17,10.0,8,14,11,235,148,383,134,14,11,125,255,26,54,45,61,34,38,55,17,22,7.0,10,12,8,-41,-25,-66,-46,-4,1,-5,-56,10,6,-4,5,10,-8,2,6,-5,3.0,-2,2,3,0
2024,2024-07-14,R19,Regular,19.0,M.C.G.,Greater Western Sydney,Richmond,0,17,6,108,84,24,23,199,181,380,84,9,18,118,249,31,36,40,89,37,36,53,13,15,6.0,12,17,4,206,147,353,72,7,14,126,211,39,53,19,49,32,41,46,15,13,7.0,9,12,8,-7,34,27,12,2,4,-8,38,-8,-17,21,40,5,-5,7,-2,2,-1.0,3,5,-4,0
2024,2024-07-14,R19,Regular,19.0,Carrara,Port Adelaide,Gold Coast,0,12,10,82,96,-14,23,235,148,383,134,14,11,125,255,26,54,45,61,34,38,55,17,22,7.0,10,12,8,194,123,317,88,10,12,120,199,36,60,41,66,44,30,57,23,17,10.0,8,14,11,41,25,66,46,4,-1,5,56,-10,-6,4,-5,-10,8,-2,-6,5,-3.0,2,-2,-3,0
2024,2024-07-14,R19,Regular,19.0,M.C.G.,Richmond,Greater Western Sydney,1,12,12,84,108,-24,23,206,147,353,72,7,14,126,211,39,53,19,49,32,41,46,15,13,7.0,9,12,8,199,181,380,84,9,18,118,249,31,36,40,89,37,36,53,13,15,6.0,12,17,4,7,-34,-27,-12,-2,-4,8,-38,8,17,-21,-40,-5,5,-7,2,-2,1.0,-3,-5,4,0
2024,2024-07-14,R19,Regular,19.0,Perth Stadium,West Coast,Brisbane Lions,1,14,9,93,106,-13,23,190,146,336,79,10,13,126,202,38,46,37,54,35,38,43,18,9,7.0,9,14,8,215,125,340,95,13,14,139,199,47,56,32,66,43,45,49,9,18,1.0,12,16,8,-25,21,-4,-16,-3,-1,-13,3,-9,-10,5,-12,-8,-7,-6,9,-9,6.0,-3,-2,0,0
2024,2024-07-19,R20,Regular,20.0,Docklands,Adelaide,Essendon,0,17,13,115,113,2,23,192,155,347,71,7,9,132,207,40,53,42,58,40,49,51,15,20,3.0,10,17,8,215,161,376,89,13,13,146,218,42,60,36,66,49,40,54,20,15,16.0,11,17,4,-23,-6,-29,-18,-6,-4,-14,-11,-2,-7,6,-8,-9,9,-3,-5,5,-13.0,-1,0,4,0
2024,2024-07-19,R20,Regular,20.0,Docklands,Essendon,Adelaide,1,17,11,113,115,-2,23,215,161,376,89,13,13,146,218,42,60,36,66,49,40,54,20,15,16.0,11,17,4,192,155,347,71,7,9,132,207,40,53,42,58,40,49,51,15,20,3.0,10,17,8,23,6,29,18,6,4,14,11,2,7,-6,8,9,-9,3,5,-5,13.0,1,0,-4,0
2024,2024-07-20,R20,Regular,20.0,M.C.G.,Collingwood,Hawthorn,0,9,13,67,133,-66,23,179,109,288,51,9,13,127,135,43,37,48,75,47,41,66,22,18,2.0,7,9,10,231,203,434,61,6,5,156,251,49,69,28,63,35,46,57,18,22,7.0,12,20,12,-52,-94,-146,-10,3,8,-29,-116,-6,-32,20,12,12,-5,9,4,-4,-5.0,-5,-11,-2,0
2024,2024-07-20,R20,Regular,20.0,Kardinia Park,Geelong,Western Bulldogs,1,7,6,48,95,-47,23,229,91,320,72,11,4,142,146,46,39,47,78,48,44,61,14,12,1.0,5,7,5,242,138,380,92,11,15,159,215,46,61,32,86,50,49,52,12,12,3.0,12,13,12,-13,-47,-60,-20,0,-11,-17,-69,0,-22,15,-8,-2,-5,9,2,0,-2.0,-7,-6,-7,0
2024,2024-07-20,R20,Regular,20.0,Sydney Showground,Gold Coast,Greater Western Sydney,0,6,14,50,89,-39,23,182,163,345,70,9,14,131,214,43,66,33,52,57,40,61,20,10,3.0,3,6,12,211,194,405,88,7,13,127,264,30,47,57,73,41,32,61,10,20,20.0,11,14,5,-29,-31,-60,-18,2,1,4,-50,13,19,-24,-21,16,8,0,10,-10,-17.0,-8,-8,7,0
2024,2024-07-20,R20,Regular,20.0,Sydney Showground,Greater Western Sydney,Gold Coast,1,14,5,89,50,39,23,211,194,405,88,7,13,127,264,30,47,57,73,41,32,61,10,20,20.0,11,14,5,182,163,345,70,9,14,131,214,43,66,33,52,57,40,61,20,10,3.0,3,6,12,29,31,60,18,-2,-1,-4,50,-13,-19,24,21,-16,-8,0,-10,10,17.0,8,8,-7,0
2024,2024-07-20,R20,Regular,20.0,M.C.G.,Hawthorn,Collingwood,1,20,13,133,67,66,23,231,203,434,61,6,5,156,251,49,69,28,63,35,46,57,18,22,7.0,12,20,12,179,109,288,51,9,13,127,135,43,37,48,75,47,41,66,22,18,2.0,7,9,10,52,94,146,10,-3,-8,29,116,6,32,-20,-12,-12,5,-9,-4,4,5.0,5,11,2,0
2024,2024-07-20,R20,Regular,20.0,Adelaide Oval,Port Adelaide,Richmond,1,16,20,116,75,41,23,249,125,374,102,16,18,149,205,47,65,34,70,46,52,49,13,9,4.0,13,16,15,197,149,346,70,6,6,126,199,31,45,45,47,61,33,63,9,13,2.0,8,11,5,52,-24,28,32,10,12,23,6,16,20,-11,23,-15,19,-14,4,-4,2.0,5,5,10,0
2024,2024-07-20,R20,Regular,20.0,Adelaide Oval,Richmond,Port Adelaide,0,11,9,75,116,-41,23,197,149,346,70,6,6,126,199,31,45,45,47,61,33,63,9,13,2.0,8,11,5,249,125,374,102,16,18,149,205,47,65,34,70,46,52,49,13,9,4.0,13,16,15,-52,24,-28,-32,-10,-12,-23,-6,-16,-20,11,-23,15,-19,14,-4,4,-2.0,-5,-5,-10,0
2024,2024-07-20,R20,Regular,20.0,Docklands,St Kilda,West Coast,1,17,11,113,41,72,23,254,154,408,123,9,19,137,267,31,67,29,65,37,24,58,22,13,6.0,11,17,8,208,147,355,111,9,7,108,239,23,36,50,44,33,23,54,13,22,11.0,5,6,5,46,7,53,12,0,12,29,28,8,31,-21,21,4,1,4,9,-9,-5.0,6,11,3,0
2024,2024-07-20,R20,Regular,20.0,Docklands,West Coast,St Kilda,0,6,5,41,113,-72,23,208,147,355,111,9,7,108,239,23,36,50,44,33,23,54,13,22,11.0,5,6,5,254,154,408,123,9,19,137,267,31,67,29,65,37,24,58,22,13,6.0,11,17,8,-46,-7,-53,-12,0,-12,-29,-28,-8,-31,21,-21,-4,-1,-4,-9,9,5.0,-6,-11,-3,0
2024,2024-07-20,R20,Regular,20.0,Kardinia Park,Western Bulldogs,Geelong,0,13,17,95,48,47,23,242,138,380,92,11,15,159,215,46,61,32,86,50,49,52,12,12,3.0,12,13,12,229,91,320,72,11,4,142,146,46,39,47,78,48,44,61,14,12,1.0,5,7,5,13,47,60,20,0,11,17,69,0,22,-15,8,2,5,-9,-2,0,2.0,7,6,7,0
2024,2024-07-21,R20,Regular,20.0,Gabba,Brisbane Lions,Sydney,1,11,13,79,77,2,23,233,110,343,116,9,9,121,214,44,56,36,45,34,32,53,16,11,1.0,6,11,11,212,134,346,98,12,10,119,216,34,48,44,48,37,39,57,11,16,7.0,10,11,10,21,-24,-3,18,-3,-1,2,-2,10,8,-8,-3,-3,-7,-4,5,-5,-6.0,-4,0,1,0
2024,2024-07-21,R20,Regular,20.0,Docklands,Carlton,North Melbourne,1,16,11,107,88,19,23,196,139,335,69,6,11,137,199,40,53,41,64,31,21,53,27,22,10.0,10,16,6,214,134,348,102,16,12,133,213,41,56,36,56,37,47,64,22,27,5.0,9,14,4,-18,5,-13,-33,-10,-1,4,-14,-1,-3,5,8,-6,-26,-11,5,-5,5.0,1,2,2,0
2024,2024-07-21,R20,Regular,20.0,Perth Stadium,Fremantle,Melbourne,1,17,14,116,66,50,23,208,187,395,88,11,21,141,252,47,60,35,32,40,47,54,22,14,6.0,16,17,12,211,127,338,105,8,13,105,223,16,47,43,50,36,9,52,14,21,5.0,8,10,5,-3,60,57,-17,3,8,36,29,31,13,-8,-18,4,38,2,8,-7,1.0,8,7,7,0
2024,2024-07-21,R20,Regular,20.0,Perth Stadium,Melbourne,Fremantle,0,10,6,66,116,-50,23,211,127,338,105,8,13,105,223,16,47,43,50,36,9,52,14,21,5.0,8,10,5,208,187,395,88,11,21,141,252,47,60,35,32,40,47,54,22,14,6.0,16,17,12,3,-60,-57,17,-3,-8,-36,-29,-31,-13,8,18,-4,-38,-2,-8,7,-1.0,-8,-7,-7,0
2024,2024-07-21,R20,Regular,20.0,Docklands,North Melbourne,Carlton,0,14,4,88,107,-19,23,214,134,348,102,16,12,133,213,41,56,36,56,37,47,64,22,27,5.0,9,14,4,196,139,335,69,6,11,137,199,40,53,41,64,31,21,53,27,22,10.0,10,16,6,18,-5,13,33,10,1,-4,14,1,3,-5,-8,6,26,11,-5,5,-5.0,-1,-2,-2,0
2024,2024-07-21,R20,Regular,20.0,Gabba,Sydney,Brisbane Lions,0,11,11,77,79,-2,23,212,134,346,98,12,10,119,216,34,48,44,48,37,39,57,11,16,7.0,10,11,10,233,110,343,116,9,9,121,214,44,56,36,45,34,32,53,16,11,1.0,6,11,11,-21,24,3,-18,3,1,-2,2,-10,-8,8,3,3,7,4,-5,5,6.0,4,0,-1,0
2024,2024-07-26,R21,Regular,21.0,Docklands,Carlton,Port Adelaide,1,9,11,65,79,-14,23,198,128,326,75,12,9,154,171,33,45,43,73,38,38,61,24,22,7.0,8,9,9,214,137,351,86,13,13,138,194,43,56,36,91,43,50,62,22,24,7.0,7,11,11,-16,-9,-25,-11,-1,-4,16,-23,-10,-11,7,-18,-5,-12,-1,2,-2,0.0,1,-2,-2,0
2024,2024-07-26,R21,Regular,21.0,Docklands,Port Adelaide,Carlton,0,11,13,79,65,14,23,214,137,351,86,13,13,138,194,43,56,36,91,43,50,62,22,24,7.0,7,11,11,198,128,326,75,12,9,154,171,33,45,43,73,38,38,61,24,22,7.0,8,9,9,16,9,25,11,1,4,-16,23,10,11,-7,18,5,12,1,-2,2,0.0,-1,2,2,0
2024,2024-07-27,R21,Regular,21.0,Carrara,Brisbane Lions,Gold Coast,0,13,15,93,65,28,23,264,145,409,128,7,9,143,265,43,60,42,51,44,29,51,20,12,7.0,9,13,13,186,134,320,81,15,11,120,190,31,50,45,57,53,51,62,12,20,6.0,5,9,9,78,11,89,47,-8,-2,23,75,12,10,-3,-6,-9,-22,-11,8,-8,1.0,4,4,4,0
2024,2024-07-27,R21,Regular,21.0,Docklands,Essendon,St Kilda,0,8,7,55,108,-53,23,205,130,335,100,5,7,106,217,32,46,26,48,35,34,46,14,17,8.0,7,8,4,260,142,402,149,16,20,123,274,29,43,37,42,38,31,52,17,14,10.0,13,17,3,-55,-12,-67,-49,-11,-13,-17,-57,3,3,-11,6,-3,3,-6,-3,3,-2.0,-6,-9,1,0
2024,2024-07-27,R21,Regular,21.0,Perth Stadium,Fremantle,West Coast,1,17,8,110,75,35,23,173,192,365,61,8,17,138,224,45,53,33,64,40,65,44,19,14,10.0,13,17,8,193,123,316,82,6,7,117,190,37,45,35,60,29,37,49,14,19,11.0,8,11,6,-20,69,49,-21,2,10,21,34,8,8,-2,4,11,28,-5,5,-5,-1.0,5,6,2,0
2024,2024-07-27,R21,Regular,21.0,Bellerive Oval,Geelong,North Melbourne,0,16,10,106,66,40,23,230,121,351,105,10,12,146,204,36,57,38,74,34,34,50,17,14,5.0,7,16,7,209,195,404,82,10,11,157,249,38,49,41,77,40,59,60,14,17,1.0,9,10,3,21,-74,-53,23,0,1,-11,-45,-2,8,-3,-3,-6,-25,-10,3,-3,4.0,-2,6,4,0
2024,2024-07-27,R21,Regular,21.0,Carrara,Gold Coast,Brisbane Lions,1,9,11,65,93,-28,23,186,134,320,81,15,11,120,190,31,50,45,57,53,51,62,12,20,6.0,5,9,9,264,145,409,128,7,9,143,265,43,60,42,51,44,29,51,20,12,7.0,9,13,13,-78,-11,-89,-47,8,2,-23,-75,-12,-10,3,6,9,22,11,-8,8,-1.0,-4,-4,-4,0
2024,2024-07-27,R21,Regular,21.0,M.C.G.,Greater Western Sydney,Melbourne,0,13,7,85,83,2,23,236,160,396,93,8,11,141,246,38,53,37,63,60,38,58,15,13,2.0,9,13,5,212,118,330,89,7,9,137,190,36,49,39,57,43,28,53,13,15,1.0,9,12,7,24,42,66,4,1,2,4,56,2,4,-2,6,17,10,5,2,-2,1.0,0,1,-2,0
2024,2024-07-27,R21,Regular,21.0,M.C.G.,Melbourne,Greater Western Sydney,1,12,11,83,85,-2,23,212,118,330,89,7,9,137,190,36,49,39,57,43,28,53,13,15,1.0,9,12,7,236,160,396,93,8,11,141,246,38,53,37,63,60,38,58,15,13,2.0,9,13,5,-24,-42,-66,-4,-1,-2,-4,-56,-2,-4,2,-6,-17,-10,-5,-2,2,-1.0,0,-1,2,0
2024,2024-07-27,R21,Regular,21.0,Bellerive Oval,North Melbourne,Geelong,1,10,6,66,106,-40,23,209,195,404,82,10,11,157,249,38,49,41,77,40,59,60,14,17,1.0,9,10,3,230,121,351,105,10,12,146,204,36,57,38,74,34,34,50,17,14,5.0,7,16,7,-21,74,53,-23,0,-1,11,45,2,-8,3,3,6,25,10,-3,3,-4.0,2,-6,-4,0
2024,2024-07-27,R21,Regular,21.0,Docklands,St Kilda,Essendon,1,17,6,108,55,53,23,260,142,402,149,16,20,123,274,29,43,37,42,38,31,52,17,14,10.0,13,17,3,205,130,335,100,5,7,106,217,32,46,26,48,35,34,46,14,17,8.0,7,8,4,55,12,67,49,11,13,17,57,-3,-3,11,-6,3,-3,6,3,-3,2.0,6,9,-1,0
2024,2024-07-27,R21,Regular,21.0,Perth Stadium,West Coast,Fremantle,0,11,9,75,110,-35,23,193,123,316,82,6,7,117,190,37,45,35,60,29,37,49,14,19,11.0,8,11,6,173,192,365,61,8,17,138,224,45,53,33,64,40,65,44,19,14,10.0,13,17,8,20,-69,-49,21,-2,-10,-21,-34,-8,-8,2,-4,-11,-28,5,-5,5,1.0,-5,-6,-2,0
2024,2024-07-28,R21,Regular,21.0,Adelaide Oval,Adelaide,Hawthorn,1,8,10,58,124,-66,23,185,122,307,71,6,8,142,165,40,41,39,78,37,51,61,25,18,4.0,6,8,6,199,164,363,81,8,10,134,222,35,58,31,69,39,42,55,18,25,13.0,13,19,9,-14,-42,-56,-10,-2,-2,8,-57,5,-17,8,9,-2,9,6,7,-7,-9.0,-7,-11,-3,0
2024,2024-07-28,R21,Regular,21.0,M.C.G.,Collingwood,Richmond,1,14,9,93,67,26,23,199,149,348,83,14,20,128,204,39,51,42,55,45,46,66,13,19,6.0,12,14,8,211,151,362,110,12,11,116,238,29,52,36,34,31,18,54,19,13,6.0,4,9,9,-12,-2,-14,-27,2,9,12,-34,10,-1,6,21,14,28,12,-6,6,0.0,8,5,-1,0
2024,2024-07-28,R21,Regular,21.0,Adelaide Oval,Hawthorn,Adelaide,0,19,10,124,58,66,23,199,164,363,81,8,10,134,222,35,58,31,69,39,42,55,18,25,13.0,13,19,9,185,122,307,71,6,8,142,165,40,41,39,78,37,51,61,25,18,4.0,6,8,6,14,42,56,10,2,2,-8,57,-5,17,-8,-9,2,-9,-6,-7,7,9.0,7,11,3,0
2024,2024-07-28,R21,Regular,21.0,M.C.G.,Richmond,Collingwood,0,9,13,67,93,-26,23,211,151,362,110,12,11,116,238,29,52,36,34,31,18,54,19,13,6.0,4,9,9,199,149,348,83,14,20,128,204,39,51,42,55,45,46,66,13,19,6.0,12,14,8,12,2,14,27,-2,-9,-12,34,-10,1,-6,-21,-14,-28,-12,6,-6,0.0,-8,-5,1,0
2024,2024-07-28,R21,Regular,21.0,S.C.G.,Sydney,Western Bulldogs,1,7,6,48,87,-39,23,216,167,383,96,7,7,135,237,29,47,48,69,44,47,47,20,16,5.0,6,7,6,229,153,382,95,11,12,162,226,41,60,39,50,43,25,54,16,20,7.0,9,12,12,-13,14,1,1,-4,-5,-27,11,-12,-13,9,19,1,22,-7,4,-4,-2.0,-3,-5,-6,0
2024,2024-07-28,R21,Regular,21.0,S.C.G.,Western Bulldogs,Sydney,0,12,15,87,48,39,23,229,153,382,95,11,12,162,226,41,60,39,50,43,25,54,16,20,7.0,9,12,12,216,167,383,96,7,7,135,237,29,47,48,69,44,47,47,20,16,5.0,6,7,6,13,-14,-1,-1,4,5,27,-11,12,13,-9,-19,-1,-22,7,-4,4,2.0,3,5,6,0
2024,2024-08-02,R22,Regular,22.0,Perth Stadium,Gold Coast,West Coast,0,13,9,87,97,-10,23,178,143,321,63,7,12,122,187,36,52,31,56,51,59,60,21,18,7.0,10,13,9,210,163,373,83,11,12,140,231,41,46,39,66,34,29,73,18,21,9.0,10,15,1,-32,-20,-52,-20,-4,0,-18,-44,-5,6,-8,-10,17,30,-13,3,-3,-2.0,0,-2,8,0
2024,2024-08-02,R22,Regular,22.0,Docklands,Melbourne,Western Bulldogs,0,9,5,59,110,-51,23,186,128,314,77,11,12,135,173,37,39,49,63,35,47,71,15,19,2.0,8,9,3,210,159,369,95,12,19,135,232,41,65,28,57,47,40,44,19,15,7.0,12,15,18,-24,-31,-55,-18,-1,-7,0,-59,-4,-26,21,6,-12,7,27,-4,4,-5.0,-4,-6,-15,0
2024,2024-08-02,R22,Regular,22.0,Perth Stadium,West Coast,Gold Coast,1,15,7,97,87,10,23,210,163,373,83,11,12,140,231,41,46,39,66,34,29,73,18,21,9.0,10,15,1,178,143,321,63,7,12,122,187,36,52,31,56,51,59,60,21,18,7.0,10,13,9,32,20,52,20,4,0,18,44,5,-6,8,10,-17,-30,13,-3,3,2.0,0,2,-8,0
2024,2024-08-02,R22,Regular,22.0,Docklands,Western Bulldogs,Melbourne,1,15,20,110,59,51,23,210,159,369,95,12,19,135,232,41,65,28,57,47,40,44,19,15,7.0,12,15,18,186,128,314,77,11,12,135,173,37,39,49,63,35,47,71,15,19,2.0,8,9,3,24,31,55,18,1,7,0,59,4,26,-21,-6,12,-7,-27,4,-4,5.0,4,6,15,0
2024,2024-08-03,R22,Regular,22.0,Kardinia Park,Adelaide,Geelong,0,13,7,85,90,-5,23,203,167,370,100,16,10,132,236,33,41,45,74,42,64,51,16,19,1.0,10,13,5,216,134,350,74,10,14,155,184,53,58,28,66,54,38,52,19,16,3.0,9,13,8,-13,33,20,26,6,-4,-23,52,-20,-17,17,8,-12,26,-1,-3,3,-2.0,1,0,-3,0
2024,2024-08-03,R22,Regular,22.0,M.C.G.,Carlton,Collingwood,0,11,15,81,84,-3,23,241,123,364,115,8,11,126,237,42,58,39,51,40,26,50,21,16,3.0,7,11,9,192,124,316,63,11,11,130,163,35,51,45,62,67,52,71,16,21,6.0,9,12,11,49,-1,48,52,-3,0,-4,74,7,7,-6,-11,-27,-26,-21,5,-5,-3.0,-2,-1,-2,0
2024,2024-08-03,R22,Regular,22.0,M.C.G.,Collingwood,Carlton,1,12,12,84,81,3,23,192,124,316,63,11,11,130,163,35,51,45,62,67,52,71,16,21,6.0,9,12,11,241,123,364,115,8,11,126,237,42,58,39,51,40,26,50,21,16,3.0,7,11,9,-49,1,-48,-52,3,0,4,-74,-7,-7,6,11,27,26,21,-5,5,3.0,2,1,2,0
2024,2024-08-03,R22,Regular,22.0,Kardinia Park,Geelong,Adelaide,1,13,12,90,85,5,23,216,134,350,74,10,14,155,184,53,58,28,66,54,38,52,19,16,3.0,9,13,8,203,167,370,100,16,10,132,236,33,41,45,74,42,64,51,16,19,1.0,10,13,5,13,-33,-20,-26,-6,4,23,-52,20,17,-17,-8,12,-26,1,3,-3,2.0,-1,0,3,0
2024,2024-08-03,R22,Regular,22.0,Docklands,North Melbourne,Richmond,1,14,6,90,77,13,23,239,168,407,128,13,13,124,277,33,44,50,61,37,50,41,16,11,11.0,12,14,4,177,177,354,67,4,8,118,234,39,60,30,55,47,43,47,11,16,7.0,7,10,14,62,-9,53,61,9,5,6,43,-6,-16,20,6,-10,7,-6,5,-5,4.0,5,4,-10,0
2024,2024-08-03,R22,Regular,22.0,Adelaide Oval,Port Adelaide,Sydney,1,22,16,148,36,112,23,262,128,390,126,12,22,135,248,41,69,29,55,56,30,45,18,22,4.0,19,22,14,181,114,295,69,6,4,108,167,31,34,46,63,38,42,63,22,18,2.0,3,5,4,81,14,95,57,6,18,27,81,10,35,-17,-8,18,-12,-18,-4,4,2.0,16,17,10,0
2024,2024-08-03,R22,Regular,22.0,Docklands,Richmond,North Melbourne,0,10,17,77,90,-13,23,177,177,354,67,4,8,118,234,39,60,30,55,47,43,47,11,16,7.0,7,10,14,239,168,407,128,13,13,124,277,33,44,50,61,37,50,41,16,11,11.0,12,14,4,-62,9,-53,-61,-9,-5,-6,-43,6,16,-20,-6,10,-7,6,-5,5,-4.0,-5,-4,10,0
2024,2024-08-03,R22,Regular,22.0,Adelaide Oval,Sydney,Port Adelaide,0,5,6,36,148,-112,23,181,114,295,69,6,4,108,167,31,34,46,63,38,42,63,22,18,2.0,3,5,4,262,128,390,126,12,22,135,248,41,69,29,55,56,30,45,18,22,4.0,19,22,14,-81,-14,-95,-57,-6,-18,-27,-81,-10,-35,17,8,-18,12,18,4,-4,-2.0,-16,-17,-10,0
2024,2024-08-04,R22,Regular,22.0,Docklands,Brisbane Lions,St Kilda,0,19,10,124,39,85,23,236,140,376,107,12,12,139,226,48,55,34,43,42,47,46,15,9,2.0,16,19,7,209,133,342,122,5,15,96,239,27,39,36,66,35,23,53,9,15,4.0,5,5,7,27,7,34,-15,7,-3,43,-13,21,16,-2,-23,7,24,-7,6,-6,-2.0,11,14,0,0
2024,2024-08-04,R22,Regular,22.0,M.C.G.,Essendon,Fremantle,1,13,12,90,89,1,23,215,157,372,102,13,11,123,246,32,59,30,64,31,40,52,19,17,8.0,10,13,7,184,177,361,83,8,11,126,238,35,44,45,52,49,36,48,17,19,15.0,11,14,5,31,-20,11,19,5,0,-3,8,-3,15,-15,12,-18,4,4,2,-2,-7.0,-1,-1,2,0
2024,2024-08-04,R22,Regular,22.0,M.C.G.,Fremantle,Essendon,0,14,5,89,90,-1,23,184,177,361,83,8,11,126,238,35,44,45,52,49,36,48,17,19,15.0,11,14,5,215,157,372,102,13,11,123,246,32,59,30,64,31,40,52,19,17,8.0,10,13,7,-31,20,-11,-19,-5,0,3,-8,3,-15,15,-12,18,-4,-4,-2,2,7.0,1,1,-2,0
2024,2024-08-04,R22,Regular,22.0,Manuka Oval,Greater Western Sydney,Hawthorn,1,12,12,84,82,2,23,208,140,348,95,15,15,127,206,36,48,39,67,35,27,52,15,17,11.0,9,12,9,190,154,344,78,5,12,121,215,35,52,35,54,24,46,49,17,15,12.0,11,12,10,18,-14,4,17,10,3,6,-9,1,-4,4,13,11,-19,3,-2,2,-1.0,-2,0,-1,0
2024,2024-08-04,R22,Regular,22.0,Manuka Oval,Hawthorn,Greater Western Sydney,0,12,10,82,84,-2,23,190,154,344,78,5,12,121,215,35,52,35,54,24,46,49,17,15,12.0,11,12,10,208,140,348,95,15,15,127,206,36,48,39,67,35,27,52,15,17,11.0,9,12,9,-18,14,-4,-17,-10,-3,-6,9,-1,4,-4,-13,-11,19,-3,2,-2,1.0,2,0,1,0
2024,2024-08-04,R22,Regular,22.0,Docklands,St Kilda,Brisbane Lions,1,5,9,39,124,-85,23,209,133,342,122,5,15,96,239,27,39,36,66,35,23,53,9,15,4.0,5,5,7,236,140,376,107,12,12,139,226,48,55,34,43,42,47,46,15,9,2.0,16,19,7,-27,-7,-34,15,-7,3,-43,13,-21,-16,2,23,-7,-24,7,-6,6,2.0,-11,-14,0,0
2024,2024-08-09,R23,Regular,23.0,S.C.G.,Collingwood,Sydney,0,12,14,86,89,-3,23,217,120,337,76,14,10,134,176,43,49,36,62,45,47,69,15,26,2.0,7,12,10,193,128,321,69,10,6,129,175,46,49,36,63,65,47,55,26,15,7.0,7,13,9,24,-8,16,7,4,4,5,1,-3,0,0,-1,-20,0,14,-11,11,-5.0,0,-1,1,0
2024,2024-08-09,R23,Regular,23.0,S.C.G.,Sydney,Collingwood,1,13,11,89,86,3,23,193,128,321,69,10,6,129,175,46,49,36,63,65,47,55,26,15,7.0,7,13,9,217,120,337,76,14,10,134,176,43,49,36,62,45,47,69,15,26,2.0,7,12,10,-24,8,-16,-7,-4,-4,-5,-1,3,0,0,1,20,0,-14,11,-11,5.0,0,1,-1,0
2024,2024-08-10,R23,Regular,23.0,Gabba,Brisbane Lions,Greater Western Sydney,1,8,16,64,82,-18,23,220,122,342,104,10,12,131,208,37,52,31,36,32,48,44,19,19,3.0,4,8,13,187,152,339,77,9,9,112,220,39,46,44,60,41,32,47,19,19,6.0,9,13,4,33,-30,3,27,1,3,19,-12,-2,6,-13,-24,-9,16,-3,0,0,-3.0,-5,-5,9,0
2024,2024-08-10,R23,Regular,23.0,Docklands,Essendon,Gold Coast,1,12,14,86,87,-1,23,226,163,389,104,13,10,132,251,37,62,38,60,46,32,46,19,11,15.0,9,12,11,209,149,358,92,15,8,146,201,37,51,50,48,46,45,60,11,19,7.0,8,13,6,17,14,31,12,-2,2,-14,50,0,11,-12,12,0,-13,-14,8,-8,8.0,1,-1,5,0
2024,2024-08-10,R23,Regular,23.0,Perth Stadium,Fremantle,Geelong,1,9,8,62,73,-11,23,231,166,397,120,9,11,114,276,32,50,38,36,34,27,41,19,14,8.0,8,9,8,200,107,307,87,10,9,126,175,35,49,39,58,39,48,49,14,19,18.0,3,10,9,31,59,90,33,-1,2,-12,101,-3,1,-1,-22,-5,-21,-8,5,-5,-10.0,5,-1,-1,0
2024,2024-08-10,R23,Regular,23.0,Perth Stadium,Geelong,Fremantle,0,10,13,73,62,11,23,200,107,307,87,10,9,126,175,35,49,39,58,39,48,49,14,19,18.0,3,10,9,231,166,397,120,9,11,114,276,32,50,38,36,34,27,41,19,14,8.0,8,9,8,-31,-59,-90,-33,1,-2,12,-101,3,-1,1,22,5,21,8,-5,5,10.0,-5,1,1,0
2024,2024-08-10,R23,Regular,23.0,Docklands,Gold Coast,Essendon,0,13,9,87,86,1,23,209,149,358,92,15,8,146,201,37,51,50,48,46,45,60,11,19,7.0,8,13,6,226,163,389,104,13,10,132,251,37,62,38,60,46,32,46,19,11,15.0,9,12,11,-17,-14,-31,-12,2,-2,14,-50,0,-11,12,-12,0,13,14,-8,8,-8.0,-1,1,-5,0
2024,2024-08-10,R23,Regular,23.0,Gabba,Greater Western Sydney,Brisbane Lions,0,13,4,82,64,18,23,187,152,339,77,9,9,112,220,39,46,44,60,41,32,47,19,19,6.0,9,13,4,220,122,342,104,10,12,131,208,37,52,31,36,32,48,44,19,19,3.0,4,8,13,-33,30,-3,-27,-1,-3,-19,12,2,-6,13,24,9,-16,3,0,0,3.0,5,5,-9,0
2024,2024-08-10,R23,Regular,23.0,M.C.G.,Melbourne,Port Adelaide,1,7,9,51,53,-2,23,213,145,358,86,13,7,160,189,31,48,47,60,54,32,60,24,15,3.0,5,7,7,246,124,370,108,6,13,130,225,35,56,41,62,69,29,56,15,24,5.0,6,7,6,-33,21,-12,-22,7,-6,30,-36,-4,-8,6,-2,-15,3,4,9,-9,-2.0,-1,0,1,0
2024,2024-08-10,R23,Regular,23.0,Bellerive Oval,North Melbourne,West Coast,1,14,13,97,102,-5,23,220,159,379,91,16,9,145,225,45,59,27,56,41,43,46,17,16,11.0,8,14,10,185,115,300,73,12,13,123,168,39,42,43,57,41,33,42,16,17,5.0,8,15,10,35,44,79,18,4,-4,22,57,6,17,-16,-1,0,10,4,1,-1,6.0,0,-1,0,0
2024,2024-08-10,R23,Regular,23.0,M.C.G.,Port Adelaide,Melbourne,0,7,11,53,51,2,23,246,124,370,108,6,13,130,225,35,56,41,62,69,29,56,15,24,5.0,6,7,6,213,145,358,86,13,7,160,189,31,48,47,60,54,32,60,24,15,3.0,5,7,7,33,-21,12,22,-7,6,-30,36,4,8,-6,2,15,-3,-4,-9,9,2.0,1,0,-1,0
2024,2024-08-10,R23,Regular,23.0,Bellerive Oval,West Coast,North Melbourne,0,15,12,102,97,5,23,185,115,300,73,12,13,123,168,39,42,43,57,41,33,42,16,17,5.0,8,15,10,220,159,379,91,16,9,145,225,45,59,27,56,41,43,46,17,16,11.0,8,14,10,-35,-44,-79,-18,-4,4,-22,-57,-6,-17,16,1,0,-10,-4,-1,1,-6.0,0,1,0,0
2024,2024-08-11,R23,Regular,23.0,Adelaide Oval,Adelaide,Western Bulldogs,1,17,9,111,72,39,23,232,144,376,112,18,18,144,220,31,43,50,56,45,59,62,11,19,7.0,15,17,8,197,142,339,80,11,12,137,192,34,59,25,66,39,22,44,19,11,10.0,5,9,11,35,2,37,32,7,6,7,28,-3,-16,25,-10,6,37,18,-8,8,-3.0,10,8,-3,0
2024,2024-08-11,R23,Regular,23.0,M.C.G.,Carlton,Hawthorn,1,5,8,38,112,-74,23,219,139,358,111,9,6,112,238,31,43,47,47,38,29,63,17,19,5.0,4,5,8,257,178,435,141,10,20,120,309,33,64,37,51,38,28,53,19,17,7.0,11,16,11,-38,-39,-77,-30,-1,-14,-8,-71,-2,-21,10,-4,0,1,10,-2,2,-2.0,-7,-11,-3,0
2024,2024-08-11,R23,Regular,23.0,M.C.G.,Hawthorn,Carlton,0,16,16,112,38,74,23,257,178,435,141,10,20,120,309,33,64,37,51,38,28,53,19,17,7.0,11,16,11,219,139,358,111,9,6,112,238,31,43,47,47,38,29,63,17,19,5.0,4,5,8,38,39,77,30,1,14,8,71,2,21,-10,4,0,-1,-10,2,-2,2.0,7,11,3,0
2024,2024-08-11,R23,Regular,23.0,Docklands,Richmond,St Kilda,1,7,9,51,99,-48,23,196,169,365,96,8,9,107,249,28,43,35,27,34,29,53,9,20,9.0,6,7,9,251,151,402,144,8,16,112,280,28,51,34,34,45,26,43,20,9,5.0,12,15,5,-55,18,-37,-48,0,-7,-5,-31,0,-8,1,-7,-11,3,10,-11,11,4.0,-6,-8,4,0
2024,2024-08-11,R23,Regular,23.0,Docklands,St Kilda,Richmond,0,15,9,99,51,48,23,251,151,402,144,8,16,112,280,28,51,34,34,45,26,43,20,9,5.0,12,15,5,196,169,365,96,8,9,107,249,28,43,35,27,34,29,53,9,20,9.0,6,7,9,55,-18,37,48,0,7,5,31,0,8,-1,7,11,-3,-10,11,-11,-4.0,6,8,-4,0
2024,2024-08-11,R23,Regular,23.0,Adelaide Oval,Western Bulldogs,Adelaide,0,9,18,72,111,-39,23,197,142,339,80,11,12,137,192,34,59,25,66,39,22,44,19,11,10.0,5,9,11,232,144,376,112,18,18,144,220,31,43,50,56,45,59,62,11,19,7.0,15,17,8,-35,-2,-37,-32,-7,-6,-7,-28,3,16,-25,10,-6,-37,-18,8,-8,3.0,-10,-8,3,0
2024,2024-08-16,R24,Regular,24.0,Docklands,Essendon,Sydney,1,8,11,59,98,-39,23,217,172,389,100,12,12,139,255,31,54,31,47,40,30,48,17,10,7.0,8,8,10,228,126,354,115,8,10,119,222,32,48,45,41,38,26,58,10,17,4.0,11,15,6,-11,46,35,-15,4,2,20,33,-1,6,-14,6,2,4,-10,7,-7,3.0,-3,-7,4,0
2024,2024-08-16,R24,Regular,24.0,Docklands,Sydney,Essendon,0,15,8,98,59,39,23,228,126,354,115,8,10,119,222,32,48,45,41,38,26,58,10,17,4.0,11,15,6,217,172,389,100,12,12,139,255,31,54,31,47,40,30,48,17,10,7.0,8,8,10,11,-46,-35,15,-4,-2,-20,-33,1,-6,14,-6,-2,-4,10,-7,7,-3.0,3,7,-4,0
2024,2024-08-17,R24,Regular,24.0,Adelaide Oval,Adelaide,Port Adelaide,0,8,10,58,80,-22,23,207,132,339,60,8,5,150,171,38,47,39,71,52,43,65,29,26,2.0,6,8,6,222,110,332,69,11,6,147,163,52,52,39,87,53,56,67,26,29,0.0,6,11,10,-15,22,7,-9,-3,-1,3,8,-14,-5,0,-16,-1,-13,-2,3,-3,2.0,0,-3,-4,0
2024,2024-08-17,R24,Regular,24.0,M.C.G.,Brisbane Lions,Collingwood,0,11,12,78,79,-1,23,208,144,352,86,4,11,138,213,37,44,34,40,47,35,68,20,23,8.0,7,11,9,204,126,330,93,9,14,118,193,35,47,32,70,39,45,62,23,20,7.0,8,11,9,4,18,22,-7,-5,-3,20,20,2,-3,2,-30,8,-10,6,-3,3,1.0,-1,0,0,0
2024,2024-08-17,R24,Regular,24.0,M.C.G.,Collingwood,Brisbane Lions,1,11,13,79,78,1,23,204,126,330,93,9,14,118,193,35,47,32,70,39,45,62,23,20,7.0,8,11,9,208,144,352,86,4,11,138,213,37,44,34,40,47,35,68,20,23,8.0,7,11,9,-4,-18,-22,7,5,3,-20,-20,-2,3,-2,30,-8,10,-6,3,-3,-1.0,1,0,0,0
2024,2024-08-17,R24,Regular,24.0,Sydney Showground,Fremantle,Greater Western Sydney,0,14,8,92,101,-9,23,168,153,321,56,5,8,127,191,45,55,35,56,49,45,49,16,18,5.0,10,14,7,199,176,375,92,7,13,136,229,44,51,39,77,50,56,58,18,16,4.0,11,15,10,-31,-23,-54,-36,-2,-5,-9,-38,1,4,-4,-21,-1,-11,-9,-2,2,1.0,-1,-1,-3,0
2024,2024-08-17,R24,Regular,24.0,Docklands,Geelong,St Kilda,0,14,5,89,107,-18,23,197,134,331,85,12,13,127,192,37,48,37,50,40,39,57,17,16,20.0,10,14,4,255,130,385,128,14,20,138,241,32,54,33,64,43,25,53,16,17,3.0,13,16,8,-58,4,-54,-43,-2,-7,-11,-49,5,-6,4,-14,-3,14,4,1,-1,17.0,-3,-2,-4,0
2024,2024-08-17,R24,Regular,24.0,Carrara,Gold Coast,Melbourne,1,9,9,63,117,-54,23,180,147,327,81,5,8,111,212,36,49,35,47,34,34,46,15,11,13.0,7,9,8,235,155,390,111,11,16,121,260,45,54,40,50,41,40,43,11,15,10.0,13,18,9,-55,-8,-63,-30,-6,-8,-10,-48,-9,-5,-5,-3,-7,-6,3,4,-4,3.0,-6,-9,-1,0
2024,2024-08-17,R24,Regular,24.0,Sydney Showground,Greater Western Sydney,Fremantle,1,15,11,101,92,9,23,199,176,375,92,7,13,136,229,44,51,39,77,50,56,58,18,16,4.0,11,15,10,168,153,321,56,5,8,127,191,45,55,35,56,49,45,49,16,18,5.0,10,14,7,31,23,54,36,2,5,9,38,-1,-4,4,21,1,11,9,2,-2,-1.0,1,1,3,0
2024,2024-08-17,R24,Regular,24.0,Carrara,Melbourne,Gold Coast,0,18,9,117,63,54,23,235,155,390,111,11,16,121,260,45,54,40,50,41,40,43,11,15,10.0,13,18,9,180,147,327,81,5,8,111,212,36,49,35,47,34,34,46,15,11,13.0,7,9,8,55,8,63,30,6,8,10,48,9,5,5,3,7,6,-3,-4,4,-3.0,6,9,1,0
2024,2024-08-17,R24,Regular,24.0,Adelaide Oval,Port Adelaide,Adelaide,1,11,14,80,58,22,23,222,110,332,69,11,6,147,163,52,52,39,87,53,56,67,26,29,0.0,6,11,10,207,132,339,60,8,5,150,171,38,47,39,71,52,43,65,29,26,2.0,6,8,6,15,-22,-7,9,3,1,-3,-8,14,5,0,16,1,13,2,-3,3,-2.0,0,3,4,0
2024,2024-08-17,R24,Regular,24.0,Docklands,St Kilda,Geelong,1,16,11,107,89,18,23,255,130,385,128,14,20,138,241,32,54,33,64,43,25,53,16,17,3.0,13,16,8,197,134,331,85,12,13,127,192,37,48,37,50,40,39,57,17,16,20.0,10,14,4,58,-4,54,43,2,7,11,49,-5,6,-4,14,3,-14,-4,-1,1,-17.0,3,2,4,0
2024,2024-08-18,R24,Regular,24.0,Perth Stadium,Carlton,West Coast,0,14,15,99,34,65,23,229,178,407,87,11,15,152,245,44,52,40,75,41,38,52,19,16,8.0,9,14,11,185,134,319,82,10,6,124,186,32,44,38,74,33,43,63,16,19,9.0,3,4,9,44,44,88,5,1,9,28,59,12,8,2,1,8,-5,-11,3,-3,-1.0,6,10,2,0
2024,2024-08-18,R24,Regular,24.0,M.C.G.,Hawthorn,Richmond,1,19,17,131,68,63,23,232,158,390,123,12,21,123,276,33,65,30,56,42,31,62,11,19,13.0,13,19,11,215,134,349,99,14,6,117,211,33,41,45,47,39,36,55,19,11,6.0,5,10,7,17,24,41,24,-2,15,6,65,0,24,-15,9,3,-5,7,-8,8,7.0,8,9,4,0
2024,2024-08-18,R24,Regular,24.0,Docklands,North Melbourne,Western Bulldogs,0,6,6,42,138,-96,23,190,152,342,77,8,6,121,212,31,34,48,49,31,48,62,15,21,6.0,3,6,4,246,160,406,129,9,18,128,272,40,69,28,63,45,19,43,21,15,10.0,15,20,14,-56,-8,-64,-52,-1,-12,-7,-60,-9,-35,20,-14,-14,29,19,-6,6,-4.0,-12,-14,-10,0
2024,2024-08-18,R24,Regular,24.0,M.C.G.,Richmond,Hawthorn,0,10,8,68,131,-63,23,215,134,349,99,14,6,117,211,33,41,45,47,39,36,55,19,11,6.0,5,10,7,232,158,390,123,12,21,123,276,33,65,30,56,42,31,62,11,19,13.0,13,19,11,-17,-24,-41,-24,2,-15,-6,-65,0,-24,15,-9,-3,5,-7,8,-8,-7.0,-8,-9,-4,0
2024,2024-08-18,R24,Regular,24.0,Perth Stadium,West Coast,Carlton,1,4,10,34,99,-65,23,185,134,319,82,10,6,124,186,32,44,38,74,33,43,63,16,19,9.0,3,4,9,229,178,407,87,11,15,152,245,44,52,40,75,41,38,52,19,16,8.0,9,14,11,-44,-44,-88,-5,-1,-9,-28,-59,-12,-8,-2,-1,-8,5,11,-3,3,1.0,-6,-10,-2,0
2024,2024-08-18,R24,Regular,24.0,Docklands,Western Bulldogs,North Melbourne,1,20,18,138,42,96,23,246,160,406,129,9,18,128,272,40,69,28,63,45,19,43,21,15,10.0,15,20,14,190,152,342,77,8,6,121,212,31,34,48,49,31,48,62,15,21,6.0,3,6,4,56,8,64,52,1,12,7,60,9,35,-20,14,14,-29,-19,6,-6,4.0,12,14,10,0
2024,2024-08-23,R25,Regular,25.0,M.C.G.,Collingwood,Melbourne,0,15,13,103,57,46,23,238,163,401,116,6,21,118,275,31,55,35,41,40,25,61,17,11,6.0,12,15,10,198,105,303,88,10,8,111,180,27,43,39,42,35,27,57,11,16,4.0,5,8,8,40,58,98,28,-4,13,7,95,4,12,-4,-1,5,-2,4,6,-5,2.0,7,7,2,0
2024,2024-08-23,R25,Regular,25.0,M.C.G.,Melbourne,Collingwood,1,8,9,57,103,-46,23,198,105,303,88,10,8,111,180,27,43,39,42,35,27,57,11,16,4.0,5,8,8,238,163,401,116,6,21,118,275,31,55,35,41,40,25,61,17,11,6.0,12,15,10,-40,-58,-98,-28,4,-13,-7,-95,-4,-12,4,1,-5,2,-4,-6,5,-2.0,-7,-7,-2,0
2024,2024-08-24,R25,Regular,25.0,S.C.G.,Adelaide,Sydney,0,13,12,90,121,-31,23,183,174,357,71,7,18,133,218,38,50,29,51,37,44,60,19,12,2.0,13,13,12,242,154,396,122,7,12,118,263,34,47,37,48,42,32,42,13,19,11.0,15,18,8,-59,20,-39,-51,0,6,15,-45,4,3,-8,3,-5,12,18,6,-7,-9.0,-2,-5,4,0
2024,2024-08-24,R25,Regular,25.0,Gabba,Brisbane Lions,Essendon,1,11,21,87,67,20,23,249,165,414,110,7,12,144,265,45,62,36,40,42,35,54,16,11,4.0,10,11,13,234,204,438,112,6,10,111,295,25,46,50,45,39,38,60,11,16,8.0,6,10,6,15,-39,-24,-2,1,2,33,-30,20,16,-14,-5,3,-3,-6,5,-5,-4.0,4,1,7,0
2024,2024-08-24,R25,Regular,25.0,Gabba,Essendon,Brisbane Lions,0,10,7,67,87,-20,23,234,204,438,112,6,10,111,295,25,46,50,45,39,38,60,11,16,8.0,6,10,6,249,165,414,110,7,12,144,265,45,62,36,40,42,35,54,16,11,4.0,10,11,13,-15,39,24,2,-1,-2,-33,30,-20,-16,14,5,-3,3,6,-5,5,4.0,-4,-1,-7,0
2024,2024-08-24,R25,Regular,25.0,Kardinia Park,Geelong,West Coast,1,26,12,168,75,93,23,234,163,397,117,11,27,118,263,44,60,42,51,42,42,38,27,9,16.0,20,26,11,183,113,296,78,11,11,118,174,40,54,33,49,29,38,49,9,27,7.0,9,11,6,51,50,101,39,0,16,0,89,4,6,9,2,13,4,-11,18,-18,9.0,11,15,5,0
2024,2024-08-24,R25,Regular,25.0,M.C.G.,Gold Coast,Richmond,0,14,10,94,66,28,23,195,158,353,83,7,14,130,220,38,49,47,69,38,58,52,23,15,6.0,13,14,9,211,161,372,98,8,8,137,234,43,60,35,65,34,27,66,15,23,9.0,7,10,4,-16,-3,-19,-15,-1,6,-7,-14,-5,-11,12,4,4,31,-14,8,-8,-3.0,6,4,5,0
2024,2024-08-24,R25,Regular,25.0,York Park,Hawthorn,North Melbourne,1,26,14,170,46,124,23,213,166,379,64,6,14,151,219,58,66,37,60,54,45,56,26,22,9.0,19,26,11,184,107,291,59,10,5,133,144,34,45,40,63,36,41,61,22,26,1.0,6,7,4,29,59,88,5,-4,9,18,75,24,21,-3,-3,18,4,-5,4,-4,8.0,13,19,7,0
2024,2024-08-24,R25,Regular,25.0,York Park,North Melbourne,Hawthorn,0,7,4,46,170,-124,23,184,107,291,59,10,5,133,144,34,45,40,63,36,41,61,22,26,1.0,6,7,4,213,166,379,64,6,14,151,219,58,66,37,60,54,45,56,26,22,9.0,19,26,11,-29,-59,-88,-5,4,-9,-18,-75,-24,-21,3,3,-18,-4,5,-4,4,-8.0,-13,-19,-7,0
2024,2024-08-24,R25,Regular,25.0,M.C.G.,Richmond,Gold Coast,1,10,6,66,94,-28,23,211,161,372,98,8,8,137,234,43,60,35,65,34,27,66,15,23,9.0,7,10,4,195,158,353,83,7,14,130,220,38,49,47,69,38,58,52,23,15,6.0,13,14,9,16,3,19,15,1,-6,7,14,5,11,-12,-4,-4,-31,14,-8,8,3.0,-6,-4,-5,0
2024,2024-08-24,R25,Regular,25.0,S.C.G.,Sydney,Adelaide,1,18,13,121,90,31,23,242,154,396,122,7,12,118,263,34,47,37,48,42,32,42,13,19,11.0,15,18,8,183,174,357,71,7,18,133,218,38,50,29,51,37,44,60,19,12,2.0,13,13,12,59,-20,39,51,0,-6,-15,45,-4,-3,8,-3,5,-12,-18,-6,7,9.0,2,5,-4,0
2024,2024-08-24,R25,Regular,25.0,Kardinia Park,West Coast,Geelong,0,11,9,75,168,-93,23,183,113,296,78,11,11,118,174,40,54,33,49,29,38,49,9,27,7.0,9,11,6,234,163,397,117,11,27,118,263,44,60,42,51,42,42,38,27,9,16.0,20,26,11,-51,-50,-101,-39,0,-16,0,-89,-4,-6,-9,-2,-13,-4,11,-18,18,-9.0,-11,-15,-5,0
2024,2024-08-25,R25,Regular,25.0,Docklands,Carlton,St Kilda,1,11,8,74,76,-2,23,226,147,373,104,5,8,125,239,39,50,31,69,47,23,53,15,17,9.0,8,11,8,224,134,358,111,9,12,134,218,34,43,38,54,50,41,51,17,15,8.0,8,11,9,2,13,15,-7,-4,-4,-9,21,5,7,-7,15,-3,-18,2,-2,2,1.0,0,0,-1,0
2024,2024-08-25,R25,Regular,25.0,Perth Stadium,Fremantle,Port Adelaide,1,9,13,67,87,-20,23,186,164,350,73,10,6,147,210,38,48,41,73,43,24,63,25,22,14.0,8,9,11,219,114,333,78,10,8,143,179,36,55,39,72,44,50,53,22,25,8.0,8,13,9,-33,50,17,-5,0,-2,4,31,2,-7,2,1,-1,-26,10,3,-3,6.0,0,-4,2,0
2024,2024-08-25,R25,Regular,25.0,Eureka Stadium,Greater Western Sydney,Western Bulldogs,0,9,7,61,98,-37,23,188,179,367,68,9,8,157,199,35,45,53,64,43,53,77,23,19,3.0,6,9,6,203,168,371,59,11,6,170,200,50,69,36,75,55,25,78,19,23,2.0,5,14,10,-15,11,-4,9,-2,2,-13,-1,-15,-24,17,-11,-12,28,-1,4,-4,1.0,1,-5,-4,0
2024,2024-08-25,R25,Regular,25.0,Perth Stadium,Port Adelaide,Fremantle,0,13,9,87,67,20,23,219,114,333,78,10,8,143,179,36,55,39,72,44,50,53,22,25,8.0,8,13,9,186,164,350,73,10,6,147,210,38,48,41,73,43,24,63,25,22,14.0,8,9,11,33,-50,-17,5,0,2,-4,-31,-2,7,-2,-1,1,26,-10,-3,3,-6.0,0,4,-2,0
2024,2024-08-25,R25,Regular,25.0,Docklands,St Kilda,Carlton,0,11,10,76,74,2,23,224,134,358,111,9,12,134,218,34,43,38,54,50,41,51,17,15,8.0,8,11,9,226,147,373,104,5,8,125,239,39,50,31,69,47,23,53,15,17,9.0,8,11,8,-2,-13,-15,7,4,4,9,-21,-5,-7,7,-15,3,18,-2,2,-2,-1.0,0,0,1,0
2024,2024-08-25,R25,Regular,25.0,Eureka Stadium,Western Bulldogs,Greater Western Sydney,1,14,14,98,61,37,23,203,168,371,59,11,6,170,200,50,69,36,75,55,25,78,19,23,2.0,5,14,10,188,179,367,68,9,8,157,199,35,45,53,64,43,53,77,23,19,3.0,6,9,6,15,-11,4,-9,2,-2,13,1,15,24,-17,11,12,-28,1,-4,4,-1.0,-1,5,4,0
2024,2024-09-05,QF,Finals,26.0,Adelaide Oval,Geelong,Port Adelaide,0,20,18,138,54,84,23,235,133,368,108,10,22,125,229,40,57,45,47,36,32,45,18,8,10.0,13,20,16,194,94,288,81,14,7,119,154,36,53,36,54,29,58,60,8,18,5.0,5,7,9,41,39,80,27,-4,15,6,75,4,4,9,-7,7,-26,-15,10,-10,5.0,8,13,7,1
2024,2024-09-05,QF,Finals,26.0,Adelaide Oval,Port Adelaide,Geelong,1,7,12,54,138,-84,23,194,94,288,81,14,7,119,154,36,53,36,54,29,58,60,8,18,5.0,5,7,9,235,133,368,108,10,22,125,229,40,57,45,47,36,32,45,18,8,10.0,13,20,16,-41,-39,-80,-27,4,-15,-6,-75,-4,-4,-9,7,-7,26,15,-10,10,-5.0,-8,-13,-7,1
2024,2024-09-06,EF,Finals,26.0,M.C.G.,Hawthorn,Western Bulldogs,0,14,15,99,62,37,23,257,153,410,117,15,16,150,254,39,59,30,65,49,51,57,22,13,6.0,9,14,11,191,135,326,86,11,7,125,194,46,39,43,54,44,35,67,13,22,11.0,4,9,7,66,18,84,31,4,9,25,60,-7,20,-13,11,5,16,-10,9,-9,-5.0,5,5,4,1
2024,2024-09-06,EF,Finals,26.0,M.C.G.,Western Bulldogs,Hawthorn,1,9,8,62,99,-37,23,191,135,326,86,11,7,125,194,46,39,43,54,44,35,67,13,22,11.0,4,9,7,257,153,410,117,15,16,150,254,39,59,30,65,49,51,57,22,13,6.0,9,14,11,-66,-18,-84,-31,-4,-9,-25,-60,7,-20,13,-11,-5,-16,10,-9,9,5.0,-5,-5,-4,1
2024,2024-09-07,EF,Finals,26.0,Gabba,Brisbane Lions,Carlton,1,14,15,99,71,28,23,213,117,330,100,18,20,124,200,37,56,44,65,39,32,56,15,13,6.0,9,14,12,200,154,354,85,13,10,130,217,35,56,41,42,24,30,61,14,15,5.0,10,11,5,13,-37,-24,15,5,10,-6,-17,2,0,3,23,15,2,-5,1,-2,1.0,-1,3,7,1
2024,2024-09-07,EF,Finals,26.0,Gabba,Carlton,Brisbane Lions,0,11,5,71,99,-28,23,200,154,354,85,13,10,130,217,35,56,41,42,24,30,61,14,15,5.0,10,11,5,213,117,330,100,18,20,124,200,37,56,44,65,39,32,56,15,13,6.0,9,14,12,-13,37,24,-15,-5,-10,6,17,-2,0,-3,-23,-15,-2,5,-1,2,-1.0,1,-3,-7,1
2024,2024-09-07,QF,Finals,26.0,S.C.G.,Greater Western Sydney,Sydney,0,12,10,82,88,-6,23,210,150,360,82,12,9,146,208,46,52,39,83,53,42,58,18,21,10.0,5,12,8,219,129,348,85,6,5,142,189,48,54,39,69,51,44,47,21,18,10.0,7,13,7,-9,21,12,-3,6,4,4,19,-2,-2,0,14,2,-2,11,-3,3,0.0,-2,-1,1,1
2024,2024-09-07,QF,Finals,26.0,S.C.G.,Sydney,Greater Western Sydney,1,13,10,88,82,6,23,219,129,348,85,6,5,142,189,48,54,39,69,51,44,47,21,18,10.0,7,13,7,210,150,360,82,12,9,146,208,46,52,39,83,53,42,58,18,21,10.0,5,12,8,9,-21,-12,3,-6,-4,-4,-19,2,2,0,-14,-2,2,-11,3,-3,0.0,2,1,-1,1
2024,2024-09-13,SF,Finals,27.0,Adelaide Oval,Hawthorn,Port Adelaide,0,11,6,72,75,-3,23,185,153,338,71,11,8,142,199,40,42,40,81,48,39,54,23,25,10.0,7,11,5,206,117,323,69,9,10,158,160,42,51,30,75,48,55,63,25,23,7.0,6,11,6,-21,36,15,2,2,-2,-16,39,-2,-9,10,6,0,-16,-9,-2,2,3.0,1,0,-1,1
2024,2024-09-13,SF,Finals,27.0,Adelaide Oval,Port Adelaide,Hawthorn,1,11,9,75,72,3,23,206,117,323,69,9,10,158,160,42,51,30,75,48,55,63,25,23,7.0,6,11,6,185,153,338,71,11,8,142,199,40,42,40,81,48,39,54,23,25,10.0,7,11,5,21,-36,-15,-2,-2,2,16,-39,2,9,-10,-6,0,16,9,2,-2,-3.0,-1,0,1,1
2024,2024-09-14,SF,Finals,27.0,Sydney Showground,Brisbane Lions,Greater Western Sydney,0,15,15,105,100,5,23,193,123,316,72,12,9,140,159,51,56,34,65,47,38,55,16,19,4.0,7,15,10,195,143,338,76,15,16,146,180,47,49,40,85,51,69,64,19,16,8.0,11,15,8,-2,-20,-22,-4,-3,-7,-6,-21,4,7,-6,-20,-4,-31,-9,-3,3,-4.0,-4,0,2,1
2024,2024-09-14,SF,Finals,27.0,Sydney Showground,Greater Western Sydney,Brisbane Lions,1,15,10,100,105,-5,23,195,143,338,76,15,16,146,180,47,49,40,85,51,69,64,19,16,8.0,11,15,8,193,123,316,72,12,9,140,159,51,56,34,65,47,38,55,16,19,4.0,7,15,10,2,20,22,4,3,7,6,21,-4,-7,6,20,4,31,9,3,-3,4.0,4,0,-2,1
2024,2024-09-20,PF,Finals,28.0,S.C.G.,Port Adelaide,Sydney,0,8,11,59,95,-36,23,175,106,281,70,7,8,115,165,34,49,39,47,37,31,63,24,26,4.0,6,8,8,244,112,356,131,14,14,119,229,28,54,39,52,49,30,55,26,24,8.0,11,14,10,-69,-6,-75,-61,-7,-6,-4,-64,6,-5,0,-5,-12,1,8,-2,2,-4.0,-5,-6,-2,1
2024,2024-09-20,PF,Finals,28.0,S.C.G.,Sydney,Port Adelaide,1,14,11,95,59,36,23,244,112,356,131,14,14,119,229,28,54,39,52,49,30,55,26,24,8.0,11,14,10,175,106,281,70,7,8,115,165,34,49,39,47,37,31,63,24,26,4.0,6,8,8,69,6,75,61,7,6,4,64,-6,5,0,5,12,-1,-8,2,-2,4.0,5,6,2,1
2024,2024-09-21,PF,Finals,28.0,M.C.G.,Brisbane Lions,Geelong,0,14,11,95,85,10,23,249,142,391,111,11,12,144,230,43,52,46,57,48,27,71,20,19,4.0,9,14,9,205,114,319,64,8,7,148,170,33,59,36,57,51,57,78,19,20,12.0,8,12,12,44,28,72,47,3,5,-4,60,10,-7,10,0,-3,-30,-7,1,-1,-8.0,1,2,-3,1
2024,2024-09-21,PF,Finals,28.0,M.C.G.,Geelong,Brisbane Lions,1,12,13,85,95,-10,23,205,114,319,64,8,7,148,170,33,59,36,57,51,57,78,19,20,12.0,8,12,12,249,142,391,111,11,12,144,230,43,52,46,57,48,27,71,20,19,4.0,9,14,9,-44,-28,-72,-47,-3,-5,4,-60,-10,7,-10,0,3,30,7,-1,1,8.0,-1,-2,3,1
2024,2024-09-28,GF,Finals,29.0,M.C.G.,Brisbane Lions,Sydney,0,18,12,120,60,60,23,270,115,385,158,13,22,117,267,33,51,38,64,46,20,37,16,13,12.0,15,18,9,195,110,305,88,7,9,115,189,34,49,33,45,51,42,62,13,16,11.0,7,9,5,75,5,80,70,6,13,2,78,-1,2,5,19,-5,-22,-25,3,-3,1.0,8,9,4,1
2024,2024-09-28,GF,Finals,29.0,M.C.G.,Sydney,Brisbane Lions,1,9,6,60,120,-60,23,195,110,305,88,7,9,115,189,34,49,33,45,51,42,62,13,16,11.0,7,9,5,270,115,385,158,13,22,117,267,33,51,38,64,46,20,37,16,13,12.0,15,18,9,-75,-5,-80,-70,-6,-13,-2,-78,1,-2,-5,-19,5,22,25,-3,3,-1.0,-8,-9,-4,1
2025,2025-03-07,R1,Regular,1.0,S.C.G.,Hawthorn,Sydney,0,14,12,96,76,20,23,208,123,331,89,13,12,133,191,47,58,28,59,44,33,51,23,21,8.0,9,14,8,203,118,321,71,5,5,121,180,33,40,44,54,49,41,60,21,23,9.0,7,11,7,5,5,10,18,8,7,12,11,14,18,-16,5,-5,-8,-9,2,-2,-1.0,2,3,1,0
2025,2025-03-07,R1,Regular,1.0,S.C.G.,Sydney,Hawthorn,1,11,10,76,96,-20,23,203,118,321,71,5,5,121,180,33,40,44,54,49,41,60,21,23,9.0,7,11,7,208,123,331,89,13,12,133,191,47,58,28,59,44,33,51,23,21,8.0,9,14,8,-5,-5,-10,-18,-8,-7,-12,-11,-14,-18,16,-5,5,8,9,-2,2,1.0,-2,-3,-1,0
2025,2025-03-09,R1,Regular,1.0,Sydney Showground,Collingwood,Greater Western Sydney,0,6,16,52,104,-52,23,209,143,352,87,9,9,139,200,40,55,38,39,34,47,67,15,24,4.0,3,6,14,214,150,364,93,6,8,118,229,36,54,48,59,43,23,50,24,15,11.0,7,15,11,-5,-7,-12,-6,3,1,21,-29,4,1,-10,-20,-9,24,17,-9,9,-7.0,-4,-9,3,0
2025,2025-03-09,R1,Regular,1.0,Sydney Showground,Greater Western Sydney,Collingwood,1,15,14,104,52,52,23,214,150,364,93,6,8,118,229,36,54,48,59,43,23,50,24,15,11.0,7,15,11,209,143,352,87,9,9,139,200,40,55,38,39,34,47,67,15,24,4.0,3,6,14,5,7,12,6,-3,-1,-21,29,-4,-1,10,20,9,-24,-17,9,-9,7.0,4,9,-3,0
2025,2025-03-13,R2,Regular,2.0,M.C.G.,Carlton,Richmond,0,9,15,69,82,-13,23,231,173,404,88,11,10,164,228,39,65,27,70,45,35,65,18,16,10.0,6,9,12,194,157,351,66,11,7,143,189,43,40,55,76,45,36,68,16,17,2.0,6,13,2,37,16,53,22,0,3,21,39,-4,25,-28,-6,0,-1,-3,2,-1,8.0,0,-4,10,0
2025,2025-03-13,R2,Regular,2.0,M.C.G.,Richmond,Carlton,1,13,4,82,69,13,23,194,157,351,66,11,7,143,189,43,40,55,76,45,36,68,16,17,2.0,6,13,2,231,173,404,88,11,10,164,228,39,65,27,70,45,35,65,18,16,10.0,6,9,12,-37,-16,-53,-22,0,-3,-21,-39,4,-25,28,6,0,1,3,-2,1,-8.0,0,4,-10,0
2025,2025-03-14,R2,Regular,2.0,M.C.G.,Essendon,Hawthorn,0,12,13,85,111,-26,23,232,160,392,93,9,6,150,236,50,58,30,78,40,54,63,17,23,10.0,10,12,11,230,127,357,103,10,16,126,215,31,48,46,58,41,34,46,23,17,5.0,10,17,8,2,33,35,-10,-1,-10,24,21,19,10,-16,20,-1,20,17,-6,6,5.0,0,-5,3,0
2025,2025-03-14,R2,Regular,2.0,M.C.G.,Hawthorn,Essendon,1,17,9,111,85,26,23,230,127,357,103,10,16,126,215,31,48,46,58,41,34,46,23,17,5.0,10,17,8,232,160,392,93,9,6,150,236,50,58,30,78,40,54,63,17,23,10.0,10,12,11,-2,-33,-35,10,1,10,-24,-21,-19,-10,16,-20,1,-20,-17,6,-6,-5.0,0,5,-3,0
2025,2025-03-15,R2,Regular,2.0,S.C.G.,Brisbane Lions,Sydney,0,12,14,86,82,4,23,214,130,344,66,8,9,156,185,42,52,47,46,40,29,68,28,31,2.0,4,12,13,210,141,351,80,8,9,131,207,36,59,39,60,46,44,71,31,28,10.0,5,12,7,4,-11,-7,-14,0,0,25,-22,6,-7,8,-14,-6,-15,-3,-3,3,-8.0,-1,0,6,0
2025,2025-03-15,R2,Regular,2.0,M.C.G.,Collingwood,Port Adelaide,1,21,10,136,45,91,23,223,165,388,91,11,17,130,247,36,65,42,69,48,34,52,19,18,6.0,18,21,9,192,173,365,84,2,12,123,233,39,48,44,43,38,37,60,18,19,9.0,4,6,8,31,-8,23,7,9,5,7,14,-3,17,-2,26,10,-3,-8,1,-1,-3.0,14,15,1,0
2025,2025-03-15,R2,Regular,2.0,Kardinia Park,Fremantle,Geelong,0,10,9,69,147,-78,23,183,178,361,55,5,8,129,219,41,43,32,59,45,57,69,19,24,5.0,8,10,4,247,113,360,110,11,17,143,202,39,55,32,89,36,35,56,24,18,8.0,14,23,8,-64,65,1,-55,-6,-9,-14,17,2,-12,0,-30,9,22,13,-5,6,-3.0,-6,-13,-4,0
2025,2025-03-15,R2,Regular,2.0,Kardinia Park,Geelong,Fremantle,1,23,9,147,69,78,23,247,113,360,110,11,17,143,202,39,55,32,89,36,35,56,24,18,8.0,14,23,8,183,178,361,55,5,8,129,219,41,43,32,59,45,57,69,19,24,5.0,8,10,4,64,-65,-1,55,6,9,14,-17,-2,12,0,30,-9,-22,-13,5,-6,3.0,6,13,4,0
2025,2025-03-15,R2,Regular,2.0,Docklands,North Melbourne,Western Bulldogs,0,14,13,97,113,-16,23,209,169,378,85,9,17,132,235,42,48,40,75,40,52,46,16,15,10.0,10,14,10,195,165,360,84,9,12,130,232,36,57,34,52,45,31,52,15,16,7.0,16,17,9,14,4,18,1,0,5,2,3,6,-9,6,23,-5,21,-6,1,-1,3.0,-6,-3,1,0
2025,2025-03-15,R2,Regular,2.0,M.C.G.,Port Adelaide,Collingwood,0,6,9,45,136,-91,23,192,173,365,84,2,12,123,233,39,48,44,43,38,37,60,18,19,9.0,4,6,8,223,165,388,91,11,17,130,247,36,65,42,69,48,34,52,19,18,6.0,18,21,9,-31,8,-23,-7,-9,-5,-7,-14,3,-17,2,-26,-10,3,8,-1,1,3.0,-14,-15,-1,0
2025,2025-03-15,R2,Regular,2.0,S.C.G.,Sydney,Brisbane Lions,1,12,10,82,86,-4,23,210,141,351,80,8,9,131,207,36,59,39,60,46,44,71,31,28,10.0,5,12,7,214,130,344,66,8,9,156,185,42,52,47,46,40,29,68,28,31,2.0,4,12,13,-4,11,7,14,0,0,-25,22,-6,7,-8,14,6,15,3,3,-3,8.0,1,0,-6,0
2025,2025-03-15,R2,Regular,2.0,Docklands,Western Bulldogs,North Melbourne,1,17,11,113,97,16,23,195,165,360,84,9,12,130,232,36,57,34,52,45,31,52,15,16,7.0,16,17,9,209,169,378,85,9,17,132,235,42,48,40,75,40,52,46,16,15,10.0,10,14,10,-14,-4,-18,-1,0,-5,-2,-3,-6,9,-6,-23,5,-21,6,-1,1,-3.0,6,3,-1,0
2025,2025-03-16,R2,Regular,2.0,Adelaide Oval,Adelaide,St Kilda,1,21,9,135,72,63,23,239,190,429,102,10,12,141,274,46,59,40,60,40,53,55,14,15,8.0,15,21,8,202,148,350,79,4,10,138,214,42,52,37,52,45,36,52,15,14,11.0,7,10,10,37,42,79,23,6,2,3,60,4,7,3,8,-5,17,3,-1,1,-3.0,8,11,-2,0
2025,2025-03-16,R2,Regular,2.0,Perth Stadium,Gold Coast,West Coast,0,20,16,136,49,87,23,206,162,368,77,6,19,145,224,50,67,27,64,38,77,49,20,10,2.0,19,20,10,163,133,296,62,6,8,102,179,33,34,47,65,47,19,55,10,20,7.0,5,7,6,43,29,72,15,0,11,43,45,17,33,-20,-1,-9,58,-6,10,-10,-5.0,14,13,4,0
2025,2025-03-16,R2,Regular,2.0,M.C.G.,Greater Western Sydney,Melbourne,0,11,11,77,74,3,23,193,170,363,56,5,7,133,218,48,52,44,71,67,26,65,19,26,6.0,8,11,8,233,158,391,84,7,5,150,235,36,56,40,60,54,51,59,26,19,3.0,4,11,6,-40,12,-28,-28,-2,2,-17,-17,12,-4,4,11,13,-25,6,-7,7,3.0,4,0,2,0
2025,2025-03-16,R2,Regular,2.0,M.C.G.,Melbourne,Greater Western Sydney,1,11,8,74,77,-3,23,233,158,391,84,7,5,150,235,36,56,40,60,54,51,59,26,19,3.0,4,11,6,193,170,363,56,5,7,133,218,48,52,44,71,67,26,65,19,26,6.0,8,11,8,40,-12,28,28,2,-2,17,17,-12,4,-4,-11,-13,25,-6,7,-7,-3.0,-4,0,-2,0
2025,2025-03-16,R2,Regular,2.0,Adelaide Oval,St Kilda,Adelaide,0,10,12,72,135,-63,23,202,148,350,79,4,10,138,214,42,52,37,52,45,36,52,15,14,11.0,7,10,10,239,190,429,102,10,12,141,274,46,59,40,60,40,53,55,14,15,8.0,15,21,8,-37,-42,-79,-23,-6,-2,-3,-60,-4,-7,-3,-8,5,-17,-3,1,-1,3.0,-8,-11,2,0
2025,2025-03-16,R2,Regular,2.0,Perth Stadium,West Coast,Gold Coast,1,7,7,49,136,-87,23,163,133,296,62,6,8,102,179,33,34,47,65,47,19,55,10,20,7.0,5,7,6,206,162,368,77,6,19,145,224,50,67,27,64,38,77,49,20,10,2.0,19,20,10,-43,-29,-72,-15,0,-11,-43,-45,-17,-33,20,1,9,-58,6,-10,10,5.0,-14,-13,-4,0
2025,2025-03-20,R3,Regular,3.0,M.C.G.,Carlton,Hawthorn,1,8,12,60,80,-20,23,192,121,313,49,9,5,147,159,51,53,43,85,67,46,69,24,29,4.0,6,8,9,206,162,368,74,8,13,143,215,39,55,45,88,52,47,56,29,23,0.0,9,12,7,-14,-41,-55,-25,1,-8,4,-56,12,-2,-2,-3,15,-1,13,-5,6,4.0,-3,-4,2,0
2025,2025-03-20,R3,Regular,3.0,M.C.G.,Hawthorn,Carlton,0,12,8,80,60,20,23,206,162,368,74,8,13,143,215,39,55,45,88,52,47,56,29,23,0.0,9,12,7,192,121,313,49,9,5,147,159,51,53,43,85,67,46,69,24,29,4.0,6,8,9,14,41,55,25,-1,8,-4,56,-12,2,2,3,-15,1,-13,5,-6,-4.0,3,4,-2,0
2025,2025-03-21,R3,Regular,3.0,M.C.G.,Collingwood,Western Bulldogs,0,10,16,76,70,6,23,204,160,364,77,13,12,140,215,36,50,32,64,46,38,47,33,14,5.0,7,10,14,185,167,352,69,12,11,129,208,35,43,39,54,50,37,54,14,33,6.0,8,10,8,19,-7,12,8,1,1,11,7,1,7,-7,10,-4,1,-7,19,-19,-1.0,-1,0,6,0
2025,2025-03-21,R3,Regular,3.0,M.C.G.,Western Bulldogs,Collingwood,1,10,10,70,76,-6,23,185,167,352,69,12,11,129,208,35,43,39,54,50,37,54,14,33,6.0,8,10,8,204,160,364,77,13,12,140,215,36,50,32,64,46,38,47,33,14,5.0,7,10,14,-19,7,-12,-8,-1,-1,-11,-7,-1,-7,7,-10,4,-1,7,-19,19,1.0,1,0,-6,0
2025,2025-03-22,R3,Regular,3.0,M.C.G.,Adelaide,Essendon,0,25,11,161,100,61,23,254,138,392,129,14,20,127,258,38,63,33,60,27,34,62,17,21,9.0,22,25,10,179,172,351,59,7,7,126,217,39,48,37,48,32,38,62,21,17,13.0,12,15,9,75,-34,41,70,7,13,1,41,-1,15,-4,12,-5,-4,0,-4,4,-4.0,10,10,1,0
2025,2025-03-22,R3,Regular,3.0,M.C.G.,Essendon,Adelaide,1,15,10,100,161,-61,23,179,172,351,59,7,7,126,217,39,48,37,48,32,38,62,21,17,13.0,12,15,9,254,138,392,129,14,20,127,258,38,63,33,60,27,34,62,17,21,9.0,22,25,10,-75,34,-41,-70,-7,-13,-1,-41,1,-15,4,-12,5,4,0,4,-4,4.0,-10,-10,-1,0
2025,2025-03-22,R3,Regular,3.0,Docklands,Geelong,St Kilda,0,13,13,91,98,-7,23,188,133,321,81,15,10,145,175,37,52,37,75,46,43,56,17,14,3.0,10,13,9,237,152,389,105,7,15,138,245,44,54,38,88,32,36,55,14,17,3.0,15,15,7,-49,-19,-68,-24,8,-5,7,-70,-7,-2,-1,-13,14,7,1,3,-3,0.0,-5,-2,2,0
2025,2025-03-22,R3,Regular,3.0,Adelaide Oval,Port Adelaide,Richmond,1,21,14,140,68,72,23,239,239,478,133,6,19,114,353,36,56,39,52,30,40,51,14,20,12.0,20,21,12,174,123,297,70,5,8,120,174,40,50,35,39,42,42,49,20,14,3.0,6,9,11,65,116,181,63,1,11,-6,179,-4,6,4,13,-12,-2,2,-6,6,9.0,14,12,1,0
2025,2025-03-22,R3,Regular,3.0,Adelaide Oval,Richmond,Port Adelaide,0,9,14,68,140,-72,23,174,123,297,70,5,8,120,174,40,50,35,39,42,42,49,20,14,3.0,6,9,11,239,239,478,133,6,19,114,353,36,56,39,52,30,40,51,14,20,12.0,20,21,12,-65,-116,-181,-63,-1,-11,6,-179,4,-6,-4,-13,12,2,-2,6,-6,-9.0,-14,-12,-1,0
2025,2025-03-22,R3,Regular,3.0,Docklands,St Kilda,Geelong,1,15,8,98,91,7,23,237,152,389,105,7,15,138,245,44,54,38,88,32,36,55,14,17,3.0,15,15,7,188,133,321,81,15,10,145,175,37,52,37,75,46,43,56,17,14,3.0,10,13,9,49,19,68,24,-8,5,-7,70,7,2,1,13,-14,-7,-1,-3,3,0.0,5,2,-2,0
2025,2025-03-23,R3,Regular,3.0,Gabba,Brisbane Lions,West Coast,1,14,10,94,75,19,23,260,117,377,148,9,13,129,245,48,60,37,58,45,45,58,27,15,8.0,12,14,9,188,135,323,67,9,7,128,195,36,48,44,57,43,37,83,15,27,12.0,7,11,8,72,-18,54,81,0,6,1,50,12,12,-7,1,2,8,-25,12,-12,-4.0,5,3,1,0
2025,2025-03-23,R3,Regular,3.0,Perth Stadium,Fremantle,Sydney,1,9,11,65,68,-3,23,203,160,363,83,13,12,140,216,25,59,45,48,43,34,54,15,18,6.0,6,9,10,226,122,348,94,6,9,132,207,37,55,49,57,37,31,54,18,15,11.0,7,9,11,-23,38,15,-11,7,3,8,9,-12,4,-4,-9,6,3,0,-3,3,-5.0,-1,0,-1,0
2025,2025-03-23,R3,Regular,3.0,Docklands,Melbourne,North Melbourne,0,9,12,66,125,-59,23,193,158,351,82,7,11,120,227,30,56,34,47,33,30,51,21,14,6.0,6,9,12,228,175,403,100,15,12,139,258,42,53,45,49,28,32,69,14,21,16.0,14,19,8,-35,-17,-52,-18,-8,-1,-19,-31,-12,3,-11,-2,5,-2,-18,7,-7,-10.0,-8,-10,4,0
2025,2025-03-23,R3,Regular,3.0,Docklands,North Melbourne,Melbourne,1,19,11,125,66,59,23,228,175,403,100,15,12,139,258,42,53,45,49,28,32,69,14,21,16.0,14,19,8,193,158,351,82,7,11,120,227,30,56,34,47,33,30,51,21,14,6.0,6,9,12,35,17,52,18,8,1,19,31,12,-3,11,2,-5,2,18,-7,7,10.0,8,10,-4,0
2025,2025-03-23,R3,Regular,3.0,Perth Stadium,Sydney,Fremantle,0,9,14,68,65,3,23,226,122,348,94,6,9,132,207,37,55,49,57,37,31,54,18,15,11.0,7,9,11,203,160,363,83,13,12,140,216,25,59,45,48,43,34,54,15,18,6.0,6,9,10,23,-38,-15,11,-7,-3,-8,-9,12,-4,4,9,-6,-3,0,3,-3,5.0,1,0,1,0
2025,2025-03-23,R3,Regular,3.0,Gabba,West Coast,Brisbane Lions,0,11,9,75,94,-19,23,188,135,323,67,9,7,128,195,36,48,44,57,43,37,83,15,27,12.0,7,11,8,260,117,377,148,9,13,129,245,48,60,37,58,45,45,58,27,15,8.0,12,14,9,-72,18,-54,-81,0,-6,-1,-50,-12,-12,7,-1,-2,-8,25,-12,12,4.0,-5,-3,-1,0
2025,2025-03-27,R4,Regular,4.0,Docklands,Essendon,Port Adelaide,1,9,18,72,60,12,23,231,168,399,93,6,12,121,264,32,59,35,57,34,31,53,22,14,15.0,8,9,10,224,158,382,116,5,11,92,265,29,44,50,41,44,36,60,14,22,13.0,6,8,9,7,10,17,-23,1,1,29,-1,3,15,-15,16,-10,-5,-7,8,-8,2.0,2,1,1,0
2025,2025-03-27,R4,Regular,4.0,Docklands,Port Adelaide,Essendon,0,8,12,60,72,-12,23,224,158,382,116,5,11,92,265,29,44,50,41,44,36,60,14,22,13.0,6,8,9,231,168,399,93,6,12,121,264,32,59,35,57,34,31,53,22,14,15.0,8,9,10,-7,-10,-17,23,-1,-1,-29,1,-3,-15,15,-16,10,5,7,-8,8,-2.0,-2,-1,-1,0
2025,2025-03-28,R4,Regular,4.0,Docklands,Carlton,Western Bulldogs,1,11,9,75,83,-8,23,214,132,346,100,11,13,135,203,43,56,39,77,43,36,60,21,24,8.0,9,11,7,216,152,368,99,7,9,141,231,40,51,45,65,47,39,55,24,21,5.0,7,12,9,-2,-20,-22,1,4,4,-6,-28,3,5,-6,12,-4,-3,5,-3,3,3.0,2,-1,-2,0
2025,2025-03-28,R4,Regular,4.0,Docklands,Western Bulldogs,Carlton,0,12,11,83,75,8,23,216,152,368,99,7,9,141,231,40,51,45,65,47,39,55,24,21,5.0,7,12,9,214,132,346,100,11,13,135,203,43,56,39,77,43,36,60,21,24,8.0,9,11,7,2,20,22,-1,-4,-4,6,28,-3,-5,6,-12,4,3,-5,3,-3,-3.0,-2,1,2,0
2025,2025-03-29,R1,Regular,1.0,Gabba,Brisbane Lions,Geelong,1,10,10,70,61,9,23,232,115,347,93,4,7,151,194,45,67,38,69,54,48,69,24,16,8.0,7,10,7,219,101,320,77,7,10,147,164,43,48,56,77,52,39,77,16,24,5.0,8,9,5,13,14,27,16,-3,-3,4,30,2,19,-18,-8,2,9,-8,8,-8,3.0,-1,1,2,0
2025,2025-03-29,R1,Regular,1.0,Gabba,Geelong,Brisbane Lions,0,9,7,61,70,-9,23,219,101,320,77,7,10,147,164,43,48,56,77,52,39,77,16,24,5.0,8,9,5,232,115,347,93,4,7,151,194,45,67,38,69,54,48,69,24,16,8.0,7,10,7,-13,-14,-27,-16,3,3,-4,-30,-2,-19,18,8,-2,-9,8,-8,8,-3.0,1,-1,-2,0
2025,2025-03-29,R4,Regular,4.0,M.C.G.,Gold Coast,Melbourne,0,18,12,120,62,58,23,212,176,388,91,10,17,144,237,40,65,31,52,48,29,60,21,13,9.0,10,18,12,199,170,369,93,10,9,126,240,24,40,46,52,31,35,64,13,21,2.0,7,8,10,13,6,19,-2,0,8,18,-3,16,25,-15,0,17,-6,-4,8,-8,7.0,3,10,2,0
2025,2025-03-29,R4,Regular,4.0,York Park,Greater Western Sydney,Hawthorn,0,9,10,64,76,-12,23,194,181,375,82,13,6,137,225,33,47,51,63,43,33,78,16,17,9.0,8,9,7,208,170,378,82,13,14,139,238,33,61,36,51,37,34,61,17,16,10.0,9,10,12,-14,11,-3,0,0,-8,-2,-13,0,-14,15,12,6,-1,17,-1,1,-1.0,-1,-1,-5,0
2025,2025-03-29,R4,Regular,4.0,York Park,Hawthorn,Greater Western Sydney,1,10,16,76,64,12,23,208,170,378,82,13,14,139,238,33,61,36,51,37,34,61,17,16,10.0,9,10,12,194,181,375,82,13,6,137,225,33,47,51,63,43,33,78,16,17,9.0,8,9,7,14,-11,3,0,0,8,2,13,0,14,-15,-12,-6,1,-17,1,-1,1.0,1,1,5,0
2025,2025-03-29,R4,Regular,4.0,M.C.G.,Melbourne,Gold Coast,1,8,14,62,120,-58,23,199,170,369,93,10,9,126,240,24,40,46,52,31,35,64,13,21,2.0,7,8,10,212,176,388,91,10,17,144,237,40,65,31,52,48,29,60,21,13,9.0,10,18,12,-13,-6,-19,2,0,-8,-18,3,-16,-25,15,0,-17,6,4,-8,8,-7.0,-3,-10,-2,0
2025,2025-03-29,R4,Regular,4.0,Docklands,Richmond,St Kilda,0,7,11,53,135,-82,23,218,112,330,119,13,7,113,212,33,42,36,41,36,42,46,17,15,5.0,4,7,10,247,162,409,113,3,21,124,272,38,56,35,44,46,28,52,15,17,7.0,19,20,14,-29,-50,-79,6,10,-14,-11,-60,-5,-14,1,-3,-10,14,-6,2,-2,-2.0,-15,-13,-4,0
2025,2025-03-29,R4,Regular,4.0,Docklands,St Kilda,Richmond,1,20,15,135,53,82,23,247,162,409,113,3,21,124,272,38,56,35,44,46,28,52,15,17,7.0,19,20,14,218,112,330,119,13,7,113,212,33,42,36,41,36,42,46,17,15,5.0,4,7,10,29,50,79,-6,-10,14,11,60,5,14,-1,3,10,-14,6,-2,2,2.0,15,13,4,0
2025,2025-03-30,R4,Regular,4.0,Adelaide Oval,Adelaide,North Melbourne,1,17,12,114,78,36,23,217,137,354,95,8,12,138,216,43,55,34,58,49,44,58,21,19,8.0,13,17,9,220,144,364,100,7,9,127,229,40,47,38,47,38,35,64,19,21,15.0,9,12,4,-3,-7,-10,-5,1,3,11,-13,3,8,-4,11,11,9,-6,2,-2,-7.0,4,5,5,0
2025,2025-03-30,R4,Regular,4.0,Perth Stadium,Fremantle,West Coast,0,15,16,106,68,38,23,210,134,344,89,13,21,122,215,40,65,27,39,36,38,55,21,16,6.0,14,15,13,186,105,291,79,11,10,108,172,25,37,48,46,37,29,58,16,21,11.0,9,10,7,24,29,53,10,2,11,14,43,15,28,-21,-7,-1,9,-3,5,-5,-5.0,5,5,6,0
2025,2025-03-30,R4,Regular,4.0,Adelaide Oval,North Melbourne,Adelaide,0,12,6,78,114,-36,23,220,144,364,100,7,9,127,229,40,47,38,47,38,35,64,19,21,15.0,9,12,4,217,137,354,95,8,12,138,216,43,55,34,58,49,44,58,21,19,8.0,13,17,9,3,7,10,5,-1,-3,-11,13,-3,-8,4,-11,-11,-9,6,-2,2,7.0,-4,-5,-5,0
2025,2025-03-30,R4,Regular,4.0,Perth Stadium,West Coast,Fremantle,1,10,8,68,106,-38,23,186,105,291,79,11,10,108,172,25,37,48,46,37,29,58,16,21,11.0,9,10,7,210,134,344,89,13,21,122,215,40,65,27,39,36,38,55,21,16,6.0,14,15,13,-24,-29,-53,-10,-2,-11,-14,-43,-15,-28,21,7,1,-9,3,-5,5,5.0,-5,-5,-6,0
2025,2025-04-03,R5,Regular,5.0,M.C.G.,Carlton,Collingwood,0,6,10,46,63,-17,23,220,154,374,93,10,4,147,210,38,44,47,69,31,38,63,24,15,3.0,4,6,9,193,167,360,68,5,10,142,204,47,57,38,85,53,43,60,15,24,6.0,8,8,13,27,-13,14,25,5,-6,5,6,-9,-13,9,-16,-22,-5,3,9,-9,-3.0,-4,-2,-4,0
2025,2025-04-03,R5,Regular,5.0,M.C.G.,Collingwood,Carlton,1,8,15,63,46,17,23,193,167,360,68,5,10,142,204,47,57,38,85,53,43,60,15,24,6.0,8,8,13,220,154,374,93,10,4,147,210,38,44,47,69,31,38,63,24,15,3.0,4,6,9,-27,13,-14,-25,-5,6,-5,-6,9,13,-9,16,22,5,-3,-9,9,3.0,4,2,4,0
2025,2025-04-04,R5,Regular,5.0,Kardinia Park,Geelong,Melbourne,1,12,13,85,46,39,23,281,131,412,165,17,17,135,266,32,49,44,57,33,30,56,22,17,2.0,10,12,10,190,129,319,82,12,5,123,187,32,50,36,46,47,37,55,17,22,4.0,3,6,10,91,2,93,83,5,12,12,79,0,-1,8,11,-14,-7,1,5,-5,-2.0,7,6,0,0
2025,2025-04-04,R5,Regular,5.0,Kardinia Park,Melbourne,Geelong,0,6,10,46,85,-39,23,190,129,319,82,12,5,123,187,32,50,36,46,47,37,55,17,22,4.0,3,6,10,281,131,412,165,17,17,135,266,32,49,44,57,33,30,56,22,17,2.0,10,12,10,-91,-2,-93,-83,-5,-12,-12,-79,0,1,-8,-11,14,7,-1,-5,5,2.0,-7,-6,0,0
2025,2025-04-05,R5,Regular,5.0,Carrara,Adelaide,Gold Coast,0,14,6,90,91,-1,23,208,162,370,70,4,13,149,210,46,53,46,67,34,45,59,14,25,3.0,11,14,5,189,131,320,67,10,11,149,164,35,60,39,69,58,49,55,25,14,10.0,10,13,13,19,31,50,3,-6,2,0,46,11,-7,7,-2,-24,-4,4,-11,11,-7.0,1,1,-8,0
2025,2025-04-05,R5,Regular,5.0,M.C.G.,Brisbane Lions,Richmond,0,18,10,118,90,28,23,214,162,376,94,5,13,134,243,47,60,25,73,39,51,58,18,14,2.0,15,18,7,203,161,364,93,10,15,128,224,35,40,42,53,36,42,66,14,18,5.0,11,13,8,11,1,12,1,-5,-2,6,19,12,20,-17,20,3,9,-8,4,-4,-3.0,4,5,-1,0
2025,2025-04-05,R5,Regular,5.0,Carrara,Gold Coast,Adelaide,1,13,13,91,90,1,23,189,131,320,67,10,11,149,164,35,60,39,69,58,49,55,25,14,10.0,10,13,13,208,162,370,70,4,13,149,210,46,53,46,67,34,45,59,14,25,3.0,11,14,5,-19,-31,-50,-3,6,-2,0,-46,-11,7,-7,2,24,4,-4,11,-11,7.0,-1,-1,8,0
2025,2025-04-05,R5,Regular,5.0,Docklands,North Melbourne,Sydney,1,8,4,52,117,-65,23,214,179,393,112,5,8,112,278,30,37,36,48,26,24,56,15,21,9.0,6,8,3,230,111,341,120,7,18,115,222,38,56,29,49,31,31,52,21,15,9.0,14,18,9,-16,68,52,-8,-2,-10,-3,56,-8,-19,7,-1,-5,-7,4,-6,6,0.0,-8,-10,-6,0
2025,2025-04-05,R5,Regular,5.0,M.C.G.,Richmond,Brisbane Lions,1,13,12,90,118,-28,23,203,161,364,93,10,15,128,224,35,40,42,53,36,42,66,14,18,5.0,11,13,8,214,162,376,94,5,13,134,243,47,60,25,73,39,51,58,18,14,2.0,15,18,7,-11,-1,-12,-1,5,2,-6,-19,-12,-20,17,-20,-3,-9,8,-4,4,3.0,-4,-5,1,0
2025,2025-04-05,R5,Regular,5.0,Docklands,Sydney,North Melbourne,0,18,9,117,52,65,23,230,111,341,120,7,18,115,222,38,56,29,49,31,31,52,21,15,9.0,14,18,9,214,179,393,112,5,8,112,278,30,37,36,48,26,24,56,15,21,9.0,6,8,3,16,-68,-52,8,2,10,3,-56,8,19,-7,1,5,7,-4,6,-6,0.0,8,10,6,0
2025,2025-04-06,R5,Regular,5.0,Perth Stadium,Fremantle,Western Bulldogs,1,15,7,97,81,16,23,191,170,361,74,7,8,140,220,39,44,50,67,60,40,67,15,27,15.0,13,15,6,221,154,375,85,11,11,157,218,42,63,29,57,36,46,54,27,15,4.0,10,12,4,-30,16,-14,-11,-4,-3,-17,2,-3,-19,21,10,24,-6,13,-12,12,11.0,3,3,2,0
2025,2025-04-06,R5,Regular,5.0,Sydney Showground,Greater Western Sydney,West Coast,1,20,12,132,51,81,23,220,203,423,113,16,28,133,285,43,62,48,53,38,47,53,13,24,6.0,15,20,10,176,128,304,60,7,5,126,167,34,55,41,39,40,31,50,24,13,9.0,5,7,8,44,75,119,53,9,23,7,118,9,7,7,14,-2,16,3,-11,11,-3.0,10,13,2,0
2025,2025-04-06,R5,Regular,5.0,Adelaide Oval,Port Adelaide,St Kilda,1,10,12,72,89,-17,23,194,152,346,80,17,14,134,202,32,58,31,68,46,43,71,24,22,7.0,9,10,11,209,111,320,70,8,6,133,168,41,44,48,57,29,22,59,22,24,5.0,11,13,9,-15,41,26,10,9,8,1,34,-9,14,-17,11,17,21,12,2,-2,2.0,-2,-3,2,0
2025,2025-04-06,R5,Regular,5.0,Adelaide Oval,St Kilda,Port Adelaide,0,13,11,89,72,17,23,209,111,320,70,8,6,133,168,41,44,48,57,29,22,59,22,24,5.0,11,13,9,194,152,346,80,17,14,134,202,32,58,31,68,46,43,71,24,22,7.0,9,10,11,15,-41,-26,-10,-9,-8,-1,-34,9,-14,17,-11,-17,-21,-12,-2,2,-2.0,2,3,-2,0
2025,2025-04-06,R5,Regular,5.0,Sydney Showground,West Coast,Greater Western Sydney,0,7,9,51,132,-81,23,176,128,304,60,7,5,126,167,34,55,41,39,40,31,50,24,13,9.0,5,7,8,220,203,423,113,16,28,133,285,43,62,48,53,38,47,53,13,24,6.0,15,20,10,-44,-75,-119,-53,-9,-23,-7,-118,-9,-7,-7,-14,2,-16,-3,11,-11,3.0,-10,-13,-2,0
2025,2025-04-06,R5,Regular,5.0,Perth Stadium,Western Bulldogs,Fremantle,0,12,9,81,97,-16,23,221,154,375,85,11,11,157,218,42,63,29,57,36,46,54,27,15,4.0,10,12,4,191,170,361,74,7,8,140,220,39,44,50,67,60,40,67,15,27,15.0,13,15,6,30,-16,14,11,4,3,17,-2,3,19,-21,-10,-24,6,-13,12,-12,-11.0,-3,-3,-2,0
2025,2025-04-10,R6,Regular,6.0,Adelaide Oval,Adelaide,Geelong,1,15,10,100,119,-19,23,217,148,365,89,7,16,137,226,37,52,41,54,43,50,75,22,25,2.0,14,15,10,215,141,356,73,8,13,135,215,40,58,35,51,43,29,62,25,22,5.0,13,18,8,2,7,9,16,-1,3,2,11,-3,-6,6,3,0,21,13,-3,3,-3.0,1,-3,2,0
2025,2025-04-10,R6,Regular,6.0,Adelaide Oval,Geelong,Adelaide,0,18,11,119,100,19,23,215,141,356,73,8,13,135,215,40,58,35,51,43,29,62,25,22,5.0,13,18,8,217,148,365,89,7,16,137,226,37,52,41,54,43,50,75,22,25,2.0,14,15,10,-2,-7,-9,-16,1,-3,-2,-11,3,6,-6,-3,0,-21,-13,3,-3,3.0,-1,3,-2,0
2025,2025-04-11,R6,Regular,6.0,Adelaide Oval,Collingwood,Sydney,1,16,13,109,78,31,23,206,157,363,85,11,13,144,220,38,55,42,72,44,26,50,17,11,5.0,11,16,11,206,171,377,80,1,9,134,231,37,56,38,61,50,50,62,11,17,15.0,8,12,6,0,-14,-14,5,10,4,10,-11,1,-1,4,11,-6,-24,-12,6,-6,-10.0,3,4,5,0
2025,2025-04-11,R6,Regular,6.0,Adelaide Oval,Sydney,Collingwood,0,12,6,78,109,-31,23,206,171,377,80,1,9,134,231,37,56,38,61,50,50,62,11,17,15.0,8,12,6,206,157,363,85,11,13,144,220,38,55,42,72,44,26,50,17,11,5.0,11,16,11,0,14,14,-5,-10,-4,-10,11,-1,1,-4,-11,6,24,12,-6,6,10.0,-3,-4,-5,0
2025,2025-04-12,R6,Regular,6.0,Norwood Oval,Brisbane Lions,Western Bulldogs,0,18,10,118,97,21,23,246,150,396,102,14,15,129,251,44,54,38,64,39,53,49,11,14,5.0,14,18,9,204,158,362,78,9,9,132,223,41,53,34,39,43,34,45,14,11,7.0,15,14,13,42,-8,34,24,5,6,-3,28,3,1,4,25,-4,19,4,-3,3,-2.0,-1,4,-4,0
2025,2025-04-12,R6,Regular,6.0,Adelaide Oval,Carlton,West Coast,1,17,19,121,50,71,23,260,161,421,136,14,23,136,275,40,73,28,35,33,26,46,20,15,11.0,15,17,17,177,104,281,87,3,12,77,187,18,35,54,46,34,32,50,15,20,14.0,5,6,13,83,57,140,49,11,11,59,88,22,38,-26,-11,-1,-6,-4,5,-5,-3.0,10,11,4,0
2025,2025-04-12,R6,Regular,6.0,Adelaide Oval,Essendon,Melbourne,0,15,6,96,57,39,23,244,204,448,116,13,15,137,297,41,43,41,57,41,34,64,13,17,7.0,12,15,3,201,153,354,97,4,8,132,218,45,51,28,54,46,58,50,17,13,3.0,5,8,7,43,51,94,19,9,7,5,79,-4,-8,13,3,-5,-24,14,-4,4,4.0,7,7,-4,0
2025,2025-04-12,R6,Regular,6.0,Barossa Park,Gold Coast,North Melbourne,0,21,15,141,89,52,23,200,159,359,69,8,11,141,206,45,65,34,52,44,46,51,30,20,9.0,18,21,12,196,176,372,71,5,11,125,232,42,47,44,58,34,38,56,20,30,7.0,9,13,10,4,-17,-13,-2,3,0,16,-26,3,18,-10,-6,10,8,-5,10,-10,2.0,9,8,2,0
2025,2025-04-12,R6,Regular,6.0,Adelaide Oval,Melbourne,Essendon,1,8,9,57,96,-39,23,201,153,354,97,4,8,132,218,45,51,28,54,46,58,50,17,13,3.0,5,8,7,244,204,448,116,13,15,137,297,41,43,41,57,41,34,64,13,17,7.0,12,15,3,-43,-51,-94,-19,-9,-7,-5,-79,4,8,-13,-3,5,24,-14,4,-4,-4.0,-7,-7,4,0
2025,2025-04-12,R6,Regular,6.0,Barossa Park,North Melbourne,Gold Coast,1,13,11,89,141,-52,23,196,176,372,71,5,11,125,232,42,47,44,58,34,38,56,20,30,7.0,9,13,10,200,159,359,69,8,11,141,206,45,65,34,52,44,46,51,30,20,9.0,18,21,12,-4,17,13,2,-3,0,-16,26,-3,-18,10,6,-10,-8,5,-10,10,-2.0,-9,-8,-2,0
2025,2025-04-12,R6,Regular,6.0,Adelaide Oval,West Coast,Carlton,0,6,14,50,121,-71,23,177,104,281,87,3,12,77,187,18,35,54,46,34,32,50,15,20,14.0,5,6,13,260,161,421,136,14,23,136,275,40,73,28,35,33,26,46,20,15,11.0,15,17,17,-83,-57,-140,-49,-11,-11,-59,-88,-22,-38,26,11,1,6,4,-5,5,3.0,-10,-11,-4,0
2025,2025-04-12,R6,Regular,6.0,Norwood Oval,Western Bulldogs,Brisbane Lions,1,14,13,97,118,-21,23,204,158,362,78,9,9,132,223,41,53,34,39,43,34,45,14,11,7.0,15,14,13,246,150,396,102,14,15,129,251,44,54,38,64,39,53,49,11,14,5.0,14,18,9,-42,8,-34,-24,-5,-6,3,-28,-3,-1,-4,-25,4,-19,-4,3,-3,2.0,1,-4,4,0
2025,2025-04-13,R6,Regular,6.0,Barossa Park,Fremantle,Richmond,0,16,12,108,47,61,23,208,154,362,98,11,17,129,231,43,65,28,62,30,35,51,20,15,19.0,12,16,9,200,160,360,104,6,4,112,244,33,36,49,42,35,42,55,15,20,4.0,5,7,4,8,-6,2,-6,5,13,17,-13,10,29,-21,20,-5,-7,-4,5,-5,15.0,7,9,5,0
2025,2025-04-13,R6,Regular,6.0,Norwood Oval,Greater Western Sydney,St Kilda,0,16,14,110,82,28,23,223,154,377,105,10,16,125,246,38,51,50,57,36,45,53,15,19,12.0,12,16,9,198,152,350,79,5,14,112,225,35,62,34,51,27,22,57,19,15,14.0,8,12,8,25,2,27,26,5,2,13,21,3,-11,16,6,9,23,-4,-4,4,-2.0,4,4,1,0
2025,2025-04-13,R6,Regular,6.0,Adelaide Oval,Hawthorn,Port Adelaide,0,14,7,91,121,-30,23,198,150,348,67,9,12,140,203,43,48,43,64,30,38,54,21,12,11.0,11,14,4,214,160,374,77,5,12,144,226,48,61,33,56,43,50,57,12,21,2.0,14,18,11,-16,-10,-26,-10,4,0,-4,-23,-5,-13,10,8,-13,-12,-3,9,-9,9.0,-3,-4,-7,0
2025,2025-04-13,R6,Regular,6.0,Adelaide Oval,Port Adelaide,Hawthorn,1,18,13,121,91,30,23,214,160,374,77,5,12,144,226,48,61,33,56,43,50,57,12,21,2.0,14,18,11,198,150,348,67,9,12,140,203,43,48,43,64,30,38,54,21,12,11.0,11,14,4,16,10,26,10,-4,0,4,23,5,13,-10,-8,13,12,3,-9,9,-9.0,3,4,7,0
2025,2025-04-13,R6,Regular,6.0,Barossa Park,Richmond,Fremantle,1,7,5,47,108,-61,23,200,160,360,104,6,4,112,244,33,36,49,42,35,42,55,15,20,4.0,5,7,4,208,154,362,98,11,17,129,231,43,65,28,62,30,35,51,20,15,19.0,12,16,9,-8,6,-2,6,-5,-13,-17,13,-10,-29,21,-20,5,7,4,-5,5,-15.0,-7,-9,-5,0
2025,2025-04-13,R6,Regular,6.0,Norwood Oval,St Kilda,Greater Western Sydney,1,12,10,82,110,-28,23,198,152,350,79,5,14,112,225,35,62,34,51,27,22,57,19,15,14.0,8,12,8,223,154,377,105,10,16,125,246,38,51,50,57,36,45,53,15,19,12.0,12,16,9,-25,-2,-27,-26,-5,-2,-13,-21,-3,11,-16,-6,-9,-23,4,4,-4,2.0,-4,-4,-1,0
2025,2025-04-17,R7,Regular,7.0,Gabba,Brisbane Lions,Collingwood,1,7,11,53,105,-52,23,220,107,327,116,12,12,99,217,26,37,35,28,42,18,57,22,24,4.0,6,7,9,195,138,333,86,6,13,100,219,36,51,29,33,40,37,50,24,22,7.0,11,16,8,25,-31,-6,30,6,-1,-1,-2,-10,-14,6,-5,2,-19,7,-2,2,-3.0,-5,-9,1,0
2025,2025-04-17,R7,Regular,7.0,Gabba,Collingwood,Brisbane Lions,0,16,9,105,53,52,23,195,138,333,86,6,13,100,219,36,51,29,33,40,37,50,24,22,7.0,11,16,8,220,107,327,116,12,12,99,217,26,37,35,28,42,18,57,22,24,4.0,6,7,9,-25,31,6,-30,-6,1,1,2,10,14,-6,5,-2,19,-7,2,-2,3.0,5,9,-1,0
2025,2025-04-18,R7,Regular,7.0,Docklands,Carlton,North Melbourne,0,24,9,153,71,82,23,226,143,369,85,12,15,151,219,46,64,27,83,45,32,46,29,17,8.0,12,24,9,173,177,350,58,4,5,132,217,38,39,39,56,48,48,68,17,28,3.0,7,11,3,53,-34,19,27,8,10,19,2,8,25,-12,27,-3,-16,-22,12,-11,5.0,5,13,6,0
2025,2025-04-18,R7,Regular,7.0,Perth Stadium,Essendon,West Coast,0,11,11,77,75,2,23,196,152,348,93,8,12,117,222,37,42,35,51,32,35,54,26,21,6.0,8,11,7,184,142,326,81,9,16,119,199,22,47,31,57,43,39,65,21,26,6.0,7,11,9,12,10,22,12,-1,-4,-2,23,15,-5,4,-6,-11,-4,-11,5,-5,0.0,1,0,-2,0
2025,2025-04-18,R7,Regular,7.0,Docklands,North Melbourne,Carlton,1,11,5,71,153,-82,23,173,177,350,58,4,5,132,217,38,39,39,56,48,48,68,17,28,3.0,7,11,3,226,143,369,85,12,15,151,219,46,64,27,83,45,32,46,29,17,8.0,12,24,9,-53,34,-19,-27,-8,-10,-19,-2,-8,-25,12,-27,3,16,22,-12,11,-5.0,-5,-13,-6,0
2025,2025-04-18,R7,Regular,7.0,Perth Stadium,West Coast,Essendon,1,11,9,75,77,-2,23,184,142,326,81,9,16,119,199,22,47,31,57,43,39,65,21,26,6.0,7,11,9,196,152,348,93,8,12,117,222,37,42,35,51,32,35,54,26,21,6.0,8,11,7,-12,-10,-22,-12,1,4,2,-23,-15,5,-4,6,11,4,11,-5,5,0.0,-1,0,2,0
2025,2025-04-19,R7,Regular,7.0,Adelaide Oval,Adelaide,Greater Western Sydney,1,7,10,52,34,18,23,219,140,359,76,10,9,138,201,37,56,38,53,41,47,61,23,17,1.0,5,7,10,229,153,382,104,6,5,122,241,24,43,49,61,40,18,72,17,23,6.0,2,4,8,-10,-13,-23,-28,4,4,16,-40,13,13,-11,-8,1,29,-11,6,-6,-5.0,3,3,2,0
2025,2025-04-19,R7,Regular,7.0,M.C.G.,Fremantle,Melbourne,0,14,13,97,107,-10,23,185,141,326,80,5,12,116,204,33,49,39,46,38,25,35,19,21,8.0,12,14,11,229,163,392,110,6,7,134,252,38,56,35,59,32,37,45,21,19,7.0,13,16,11,-44,-22,-66,-30,-1,5,-18,-48,-5,-7,4,-13,6,-12,-10,-2,2,1.0,-1,-2,0,0
2025,2025-04-19,R7,Regular,7.0,Docklands,Gold Coast,Richmond,0,9,15,69,80,-11,23,183,150,333,78,11,13,123,209,36,62,30,61,43,42,61,21,23,6.0,5,9,10,202,136,338,85,15,7,133,201,31,42,51,54,35,33,53,23,21,4.0,6,12,7,-19,14,-5,-7,-4,6,-10,8,5,20,-21,7,8,9,8,-2,2,2.0,-1,-3,3,0
2025,2025-04-19,R7,Regular,7.0,Adelaide Oval,Greater Western Sydney,Adelaide,0,4,10,34,52,-18,23,229,153,382,104,6,5,122,241,24,43,49,61,40,18,72,17,23,6.0,2,4,8,219,140,359,76,10,9,138,201,37,56,38,53,41,47,61,23,17,1.0,5,7,10,10,13,23,28,-4,-4,-16,40,-13,-13,11,8,-1,-29,11,-6,6,5.0,-3,-3,-2,0
2025,2025-04-19,R7,Regular,7.0,M.C.G.,Melbourne,Fremantle,1,16,11,107,97,10,23,229,163,392,110,6,7,134,252,38,56,35,59,32,37,45,21,19,7.0,13,16,11,185,141,326,80,5,12,116,204,33,49,39,46,38,25,35,19,21,8.0,12,14,11,44,22,66,30,1,-5,18,48,5,7,-4,13,-6,12,10,2,-2,-1.0,1,2,0,0
2025,2025-04-19,R7,Regular,7.0,Docklands,Richmond,Gold Coast,1,12,8,80,69,11,23,202,136,338,85,15,7,133,201,31,42,51,54,35,33,53,23,21,4.0,6,12,7,183,150,333,78,11,13,123,209,36,62,30,61,43,42,61,21,23,6.0,5,9,10,19,-14,5,7,4,-6,10,-8,-5,-20,21,-7,-8,-9,-8,2,-2,-2.0,1,3,-3,0
2025,2025-04-20,R7,Regular,7.0,S.C.G.,Port Adelaide,Sydney,0,13,7,85,77,8,23,203,104,307,86,12,14,110,172,33,53,49,57,28,43,66,20,28,11.0,9,13,4,202,180,382,61,5,9,156,214,46,61,40,42,48,41,62,28,20,20.0,5,10,15,1,-76,-75,25,7,5,-46,-42,-13,-8,9,15,-20,2,4,-8,8,-9.0,4,3,-11,0
2025,2025-04-20,R7,Regular,7.0,Docklands,St Kilda,Western Bulldogs,0,8,8,56,127,-71,23,189,155,344,85,10,9,131,207,23,31,50,52,45,31,54,13,19,17.0,6,8,7,257,170,427,131,7,21,128,292,44,69,22,56,30,32,35,19,13,11.0,14,18,12,-68,-15,-83,-46,3,-12,3,-85,-21,-38,28,-4,15,-1,19,-6,6,6.0,-8,-10,-5,0
2025,2025-04-20,R7,Regular,7.0,S.C.G.,Sydney,Port Adelaide,1,10,17,77,85,-8,23,202,180,382,61,5,9,156,214,46,61,40,42,48,41,62,28,20,20.0,5,10,15,203,104,307,86,12,14,110,172,33,53,49,57,28,43,66,20,28,11.0,9,13,4,-1,76,75,-25,-7,-5,46,42,13,8,-9,-15,20,-2,-4,8,-8,9.0,-4,-3,11,0
2025,2025-04-20,R7,Regular,7.0,Docklands,Western Bulldogs,St Kilda,1,18,19,127,56,71,23,257,170,427,131,7,21,128,292,44,69,22,56,30,32,35,19,13,11.0,14,18,12,189,155,344,85,10,9,131,207,23,31,50,52,45,31,54,13,19,17.0,6,8,7,68,15,83,46,-3,12,-3,85,21,38,-28,4,-15,1,-19,6,-6,-6.0,8,10,5,0
2025,2025-04-21,R7,Regular,7.0,M.C.G.,Geelong,Hawthorn,1,12,14,86,79,7,23,191,119,310,78,11,15,118,175,33,46,43,62,36,36,58,15,24,12.0,10,12,11,203,171,374,91,11,18,119,245,34,55,33,83,30,52,58,24,15,16.0,8,11,11,-12,-52,-64,-13,0,-3,-1,-70,-1,-9,10,-21,6,-16,0,-9,9,-4.0,2,1,0,0
2025,2025-04-21,R7,Regular,7.0,M.C.G.,Hawthorn,Geelong,0,11,13,79,86,-7,23,203,171,374,91,11,18,119,245,34,55,33,83,30,52,58,24,15,16.0,8,11,11,191,119,310,78,11,15,118,175,33,46,43,62,36,36,58,15,24,12.0,10,12,11,12,52,64,13,0,3,1,70,1,9,-10,21,-6,16,0,9,-9,4.0,-2,-1,0,0
2025,2025-04-24,R8,Regular,8.0,M.C.G.,Melbourne,Richmond,1,12,11,83,63,20,23,245,178,423,126,11,12,132,287,38,46,33,72,43,44,56,26,19,6.0,7,12,8,198,128,326,94,7,9,108,208,38,43,34,42,40,36,60,19,26,2.0,6,9,7,47,50,97,32,4,3,24,79,0,3,-1,30,3,8,-4,7,-7,4.0,1,3,1,0
2025,2025-04-24,R8,Regular,8.0,M.C.G.,Richmond,Melbourne,0,9,9,63,83,-20,23,198,128,326,94,7,9,108,208,38,43,34,42,40,36,60,19,26,2.0,6,9,7,245,178,423,126,11,12,132,287,38,46,33,72,43,44,56,26,19,6.0,7,12,8,-47,-50,-97,-32,-4,-3,-24,-79,0,-3,1,-30,-3,-8,4,-7,7,-4.0,-1,-3,-1,0
2025,2025-04-25,R8,Regular,8.0,Perth Stadium,Adelaide,Fremantle,0,9,13,67,85,-18,23,207,119,326,81,8,14,122,194,30,42,40,72,38,37,56,25,24,2.0,8,9,11,184,156,340,74,7,7,128,206,38,53,33,53,49,38,49,24,25,7.0,9,12,10,23,-37,-14,7,1,7,-6,-12,-8,-11,7,19,-11,-1,7,1,-1,-5.0,-1,-3,1,0
2025,2025-04-25,R8,Regular,8.0,M.C.G.,Collingwood,Essendon,1,16,11,107,66,41,23,221,154,375,95,8,16,136,233,48,59,33,62,64,39,65,14,19,2.0,14,16,9,216,133,349,79,15,8,131,196,34,43,43,49,48,50,69,19,14,1.0,6,10,5,5,21,26,16,-7,8,5,37,14,16,-10,13,16,-11,-4,-5,5,1.0,8,6,4,0
2025,2025-04-25,R8,Regular,8.0,M.C.G.,Essendon,Collingwood,0,10,6,66,107,-41,23,216,133,349,79,15,8,131,196,34,43,43,49,48,50,69,19,14,1.0,6,10,5,221,154,375,95,8,16,136,233,48,59,33,62,64,39,65,14,19,2.0,14,16,9,-5,-21,-26,-16,7,-8,-5,-37,-14,-16,10,-13,-16,11,4,5,-5,-1.0,-8,-6,-4,0
2025,2025-04-25,R8,Regular,8.0,Perth Stadium,Fremantle,Adelaide,1,12,13,85,67,18,23,184,156,340,74,7,7,128,206,38,53,33,53,49,38,49,24,25,7.0,9,12,10,207,119,326,81,8,14,122,194,30,42,40,72,38,37,56,25,24,2.0,8,9,11,-23,37,14,-7,-1,-7,6,12,8,11,-7,-19,11,1,-7,-1,1,5.0,1,3,-1,0
2025,2025-04-26,R8,Regular,8.0,Docklands,Brisbane Lions,St Kilda,0,17,16,118,73,45,23,239,171,410,95,4,18,142,255,52,66,31,57,43,41,49,19,15,5.0,9,17,14,209,179,388,77,5,7,134,241,34,43,47,57,49,47,67,15,19,7.0,9,11,5,30,-8,22,18,-1,11,8,14,18,23,-16,0,-6,-6,-18,4,-4,-2.0,0,6,9,0
2025,2025-04-26,R8,Regular,8.0,Manuka Oval,Greater Western Sydney,Western Bulldogs,1,12,9,81,113,-32,23,233,161,394,95,11,6,143,244,33,45,42,52,50,39,66,17,22,10.0,10,12,9,197,155,352,62,3,7,141,202,55,60,32,45,45,38,49,22,17,5.0,12,17,7,36,6,42,33,8,-1,2,42,-22,-15,10,7,5,1,17,-5,5,5.0,-2,-5,2,0
2025,2025-04-26,R8,Regular,8.0,Adelaide Oval,North Melbourne,Port Adelaide,0,13,10,88,97,-9,23,190,149,339,48,6,11,148,179,46,49,42,54,47,46,60,26,20,5.0,8,13,10,195,130,325,72,9,15,130,181,45,56,35,83,33,48,67,20,26,4.0,11,14,11,-5,19,14,-24,-3,-4,18,-2,1,-7,7,-29,14,-2,-7,6,-6,1.0,-3,-1,-1,0
2025,2025-04-26,R8,Regular,8.0,Adelaide Oval,Port Adelaide,North Melbourne,1,14,13,97,88,9,23,195,130,325,72,9,15,130,181,45,56,35,83,33,48,67,20,26,4.0,11,14,11,190,149,339,48,6,11,148,179,46,49,42,54,47,46,60,26,20,5.0,8,13,10,5,-19,-14,24,3,4,-18,2,-1,7,-7,29,-14,2,7,-6,6,-1.0,3,1,1,0
2025,2025-04-26,R8,Regular,8.0,Docklands,St Kilda,Brisbane Lions,1,11,7,73,118,-45,23,209,179,388,77,5,7,134,241,34,43,47,57,49,47,67,15,19,7.0,9,11,5,239,171,410,95,4,18,142,255,52,66,31,57,43,41,49,19,15,5.0,9,17,14,-30,8,-22,-18,1,-11,-8,-14,-18,-23,16,0,6,6,18,-4,4,2.0,0,-6,-9,0
2025,2025-04-26,R8,Regular,8.0,Manuka Oval,Western Bulldogs,Greater Western Sydney,0,17,11,113,81,32,23,197,155,352,62,3,7,141,202,55,60,32,45,45,38,49,22,17,5.0,12,17,7,233,161,394,95,11,6,143,244,33,45,42,52,50,39,66,17,22,10.0,10,12,9,-36,-6,-42,-33,-8,1,-2,-42,22,15,-10,-7,-5,-1,-17,5,-5,-5.0,2,5,-2,0
2025,2025-04-27,R8,Regular,8.0,M.C.G.,Carlton,Geelong,1,14,10,94,76,18,23,230,165,395,117,18,14,145,255,40,63,30,70,42,43,45,20,11,3.0,12,14,6,198,130,328,69,8,9,136,180,34,44,49,67,54,38,65,11,20,4.0,7,12,4,32,35,67,48,10,5,9,75,6,19,-19,3,-12,5,-20,9,-9,-1.0,5,2,2,0
2025,2025-04-27,R8,Regular,8.0,M.C.G.,Geelong,Carlton,0,12,4,76,94,-18,23,198,130,328,69,8,9,136,180,34,44,49,67,54,38,65,11,20,4.0,7,12,4,230,165,395,117,18,14,145,255,40,63,30,70,42,43,45,20,11,3.0,12,14,6,-32,-35,-67,-48,-10,-5,-9,-75,-6,-19,19,-3,12,-5,20,-9,9,1.0,-5,-2,-2,0
2025,2025-04-27,R8,Regular,8.0,Carrara,Gold Coast,Sydney,1,17,15,117,79,38,23,190,152,342,83,9,13,131,208,39,56,40,51,45,35,58,21,23,10.0,9,17,13,218,137,355,96,7,9,110,238,30,52,38,51,32,37,67,23,21,18.0,9,12,7,-28,15,-13,-13,2,4,21,-30,9,4,2,0,13,-2,-9,-2,2,-8.0,0,5,6,0
2025,2025-04-27,R8,Regular,8.0,Docklands,Hawthorn,West Coast,1,18,16,124,74,50,23,215,178,393,86,9,23,142,241,45,56,39,79,34,60,42,24,11,10.0,14,18,15,167,145,312,62,7,6,126,180,36,50,36,65,31,37,69,11,24,7.0,5,11,8,48,33,81,24,2,17,16,61,9,6,3,14,3,23,-27,13,-13,3.0,9,7,7,0
2025,2025-04-27,R8,Regular,8.0,Carrara,Sydney,Gold Coast,0,12,7,79,117,-38,23,218,137,355,96,7,9,110,238,30,52,38,51,32,37,67,23,21,18.0,9,12,7,190,152,342,83,9,13,131,208,39,56,40,51,45,35,58,21,23,10.0,9,17,13,28,-15,13,13,-2,-4,-21,30,-9,-4,-2,0,-13,2,9,2,-2,8.0,0,-5,-6,0
2025,2025-04-27,R8,Regular,8.0,Docklands,West Coast,Hawthorn,0,11,8,74,124,-50,23,167,145,312,62,7,6,126,180,36,50,36,65,31,37,69,11,24,7.0,5,11,8,215,178,393,86,9,23,142,241,45,56,39,79,34,60,42,24,11,10.0,14,18,15,-48,-33,-81,-24,-2,-17,-16,-61,-9,-6,-3,-14,-3,-23,27,-13,13,-3.0,-9,-7,-7,0
2025,2025-05-01,R9,Regular,9.0,Docklands,Essendon,North Melbourne,1,9,11,65,62,3,23,194,174,368,90,5,13,127,238,30,41,36,68,40,26,56,30,22,9.0,6,9,10,185,153,338,77,7,11,122,211,34,46,31,61,35,41,62,22,30,4.0,5,9,5,9,21,30,13,-2,2,5,27,-4,-5,5,7,5,-15,-6,8,-8,5.0,1,0,5,0
2025,2025-05-01,R9,Regular,9.0,Docklands,North Melbourne,Essendon,0,9,8,62,65,-3,23,185,153,338,77,7,11,122,211,34,46,31,61,35,41,62,22,30,4.0,5,9,5,194,174,368,90,5,13,127,238,30,41,36,68,40,26,56,30,22,9.0,6,9,10,-9,-21,-30,-13,2,-2,-5,-27,4,5,-5,-7,-5,15,6,-8,8,-5.0,-1,0,-5,0
2025,2025-05-02,R9,Regular,9.0,Docklands,Fremantle,St Kilda,0,5,3,33,94,-61,23,165,121,286,82,16,4,103,175,22,34,46,87,40,51,67,21,30,5.0,3,5,3,231,147,378,95,4,15,151,233,50,61,28,76,32,38,67,30,21,3.0,12,14,9,-66,-26,-92,-13,12,-11,-48,-58,-28,-27,18,11,8,13,0,-9,9,2.0,-9,-9,-6,0
2025,2025-05-02,R9,Regular,9.0,Docklands,St Kilda,Fremantle,1,14,10,94,33,61,23,231,147,378,95,4,15,151,233,50,61,28,76,32,38,67,30,21,3.0,12,14,9,165,121,286,82,16,4,103,175,22,34,46,87,40,51,67,21,30,5.0,3,5,3,66,26,92,13,-12,11,48,58,28,27,-18,-11,-8,-13,0,9,-9,-2.0,9,9,6,0
2025,2025-05-03,R9,Regular,9.0,Adelaide Oval,Adelaide,Carlton,1,16,14,110,50,60,23,224,156,380,120,17,20,129,255,38,58,29,36,40,45,47,20,24,8.0,15,16,13,194,117,311,94,9,6,112,192,30,36,42,46,36,19,48,24,19,7.0,4,7,5,30,39,69,26,8,14,17,63,8,22,-13,-10,4,26,-1,-4,5,1.0,11,9,8,0
2025,2025-05-03,R9,Regular,9.0,Adelaide Oval,Carlton,Adelaide,0,7,8,50,110,-60,23,194,117,311,94,9,6,112,192,30,36,42,46,36,19,48,24,19,7.0,4,7,5,224,156,380,120,17,20,129,255,38,58,29,36,40,45,47,20,24,8.0,15,16,13,-30,-39,-69,-26,-8,-14,-17,-63,-8,-22,13,10,-4,-26,1,4,-5,-1.0,-11,-9,-8,0
2025,2025-05-03,R9,Regular,9.0,M.C.G.,Collingwood,Geelong,1,12,15,87,90,-3,23,218,134,352,108,11,18,117,226,37,53,33,64,36,51,60,14,21,10.0,10,12,12,197,137,334,78,12,9,130,196,36,47,40,56,44,32,57,21,14,12.0,11,13,8,21,-3,18,30,-1,9,-13,30,1,6,-7,8,-8,19,3,-7,7,-2.0,-1,-1,4,0
2025,2025-05-03,R9,Regular,9.0,M.C.G.,Geelong,Collingwood,0,13,12,90,87,3,23,197,137,334,78,12,9,130,196,36,47,40,56,44,32,57,21,14,12.0,11,13,8,218,134,352,108,11,18,117,226,37,53,33,64,36,51,60,14,21,10.0,10,12,12,-21,3,-18,-30,1,-9,13,-30,-1,-6,7,-8,8,-19,-3,7,-7,2.0,1,1,-4,0
2025,2025-05-03,R9,Regular,9.0,Perth Stadium,Melbourne,West Coast,0,16,12,108,76,32,23,210,154,364,87,10,16,150,215,49,59,31,56,48,49,62,23,22,7.0,8,16,11,183,134,317,74,14,11,133,177,26,43,42,58,38,27,61,22,23,6.0,8,11,10,27,20,47,13,-4,5,17,38,23,16,-11,-2,10,22,1,1,-1,1.0,0,5,1,0
2025,2025-05-03,R9,Regular,9.0,Eureka Stadium,Port Adelaide,Western Bulldogs,0,5,11,41,131,-90,23,162,143,305,57,10,8,131,168,35,41,47,65,39,55,61,15,22,8.0,2,5,9,225,190,415,87,12,15,147,259,49,67,35,57,41,35,45,22,15,5.0,13,20,10,-63,-47,-110,-30,-2,-7,-16,-91,-14,-26,12,8,-2,20,16,-7,7,3.0,-11,-15,-1,0
2025,2025-05-03,R9,Regular,9.0,Perth Stadium,West Coast,Melbourne,1,11,10,76,108,-32,23,183,134,317,74,14,11,133,177,26,43,42,58,38,27,61,22,23,6.0,8,11,10,210,154,364,87,10,16,150,215,49,59,31,56,48,49,62,23,22,7.0,8,16,11,-27,-20,-47,-13,4,-5,-17,-38,-23,-16,11,2,-10,-22,-1,-1,1,-1.0,0,-5,-1,0
2025,2025-05-03,R9,Regular,9.0,Eureka Stadium,Western Bulldogs,Port Adelaide,1,20,11,131,41,90,23,225,190,415,87,12,15,147,259,49,67,35,57,41,35,45,22,15,5.0,13,20,10,162,143,305,57,10,8,131,168,35,41,47,65,39,55,61,15,22,8.0,2,5,9,63,47,110,30,2,7,16,91,14,26,-12,-8,2,-20,-16,7,-7,-3.0,11,15,1,0
2025,2025-05-04,R9,Regular,9.0,Gabba,Brisbane Lions,Gold Coast,1,9,12,66,49,17,23,249,124,373,108,8,8,147,217,47,56,33,67,55,39,55,24,21,5.0,5,9,9,177,152,329,71,9,4,125,201,28,40,47,52,58,51,55,21,24,3.0,2,7,5,72,-28,44,37,-1,4,22,16,19,16,-14,15,-3,-12,0,3,-3,2.0,3,2,4,0
2025,2025-05-04,R9,Regular,9.0,Gabba,Gold Coast,Brisbane Lions,0,7,7,49,66,-17,23,177,152,329,71,9,4,125,201,28,40,47,52,58,51,55,21,24,3.0,2,7,5,249,124,373,108,8,8,147,217,47,56,33,67,55,39,55,24,21,5.0,5,9,9,-72,28,-44,-37,1,-4,-22,-16,-19,-16,14,-15,3,12,0,-3,3,-2.0,-3,-2,-4,0
2025,2025-05-04,R9,Regular,9.0,S.C.G.,Greater Western Sydney,Sydney,0,10,13,73,87,-14,23,202,167,369,79,7,9,143,213,38,54,41,49,35,38,45,27,9,7.0,4,10,11,199,117,316,81,4,16,112,193,35,54,44,56,44,37,53,9,27,11.0,11,12,12,3,50,53,-2,3,-7,31,20,3,0,-3,-7,-9,1,-8,18,-18,-4.0,-7,-2,-1,0
2025,2025-05-04,R9,Regular,9.0,M.C.G.,Hawthorn,Richmond,1,16,13,109,44,65,23,238,190,428,120,11,21,117,306,29,51,36,46,26,39,43,23,10,13.0,12,16,10,180,131,311,94,6,13,84,218,22,42,34,46,27,29,56,10,23,7.0,5,6,8,58,59,117,26,5,8,33,88,7,9,2,0,-1,10,-13,13,-13,6.0,7,10,2,0
2025,2025-05-04,R9,Regular,9.0,M.C.G.,Richmond,Hawthorn,0,6,8,44,109,-65,23,180,131,311,94,6,13,84,218,22,42,34,46,27,29,56,10,23,7.0,5,6,8,238,190,428,120,11,21,117,306,29,51,36,46,26,39,43,23,10,13.0,12,16,10,-58,-59,-117,-26,-5,-8,-33,-88,-7,-9,-2,0,1,-10,13,-13,13,-6.0,-7,-10,-2,0
2025,2025-05-04,R9,Regular,9.0,S.C.G.,Sydney,Greater Western Sydney,1,12,15,87,73,14,23,199,117,316,81,4,16,112,193,35,54,44,56,44,37,53,9,27,11.0,11,12,12,202,167,369,79,7,9,143,213,38,54,41,49,35,38,45,27,9,7.0,4,10,11,-3,-50,-53,2,-3,7,-31,-20,-3,0,3,7,9,-1,8,-18,18,4.0,7,2,1,0
2025,2025-05-08,R10,Regular,10.0,Perth Stadium,Collingwood,Fremantle,0,15,7,97,83,14,23,190,110,300,94,10,14,122,170,30,34,48,66,42,35,46,16,17,2.0,11,15,7,206,169,375,102,11,6,134,244,43,62,19,48,39,33,51,17,16,8.0,9,12,8,-16,-59,-75,-8,-1,8,-12,-74,-13,-28,29,18,3,2,-5,-1,1,-6.0,2,3,-1,0
2025,2025-05-08,R10,Regular,10.0,Perth Stadium,Fremantle,Collingwood,1,12,11,83,97,-14,23,206,169,375,102,11,6,134,244,43,62,19,48,39,33,51,17,16,8.0,9,12,8,190,110,300,94,10,14,122,170,30,34,48,66,42,35,46,16,17,2.0,11,15,7,16,59,75,8,1,-8,12,74,13,28,-29,-18,-3,-2,5,1,-1,6.0,-2,-3,1,0
2025,2025-05-09,R10,Regular,10.0,M.C.G.,Carlton,St Kilda,0,11,11,77,62,15,23,219,124,343,107,8,13,125,216,43,46,36,69,43,42,58,18,24,1.0,9,11,7,216,125,341,108,7,8,109,223,33,46,35,74,36,34,63,24,18,3.0,5,9,6,3,-1,2,-1,1,5,16,-7,10,0,1,-5,7,8,-5,-6,6,-2.0,4,2,1,0
2025,2025-05-09,R10,Regular,10.0,M.C.G.,St Kilda,Carlton,1,9,8,62,77,-15,23,216,125,341,108,7,8,109,223,33,46,35,74,36,34,63,24,18,3.0,5,9,6,219,124,343,107,8,13,125,216,43,46,36,69,43,42,58,18,24,1.0,9,11,7,-3,1,-2,1,-1,-5,-16,7,-10,0,-1,5,-7,-8,5,6,-6,2.0,-4,-2,-1,0
2025,2025-05-10,R10,Regular,10.0,Adelaide Oval,Adelaide,Port Adelaide,0,13,11,89,84,5,23,210,107,317,79,13,12,135,162,29,41,50,77,31,46,54,20,19,5.0,12,13,6,204,144,348,74,6,13,148,194,56,62,26,59,69,38,60,19,20,6.0,6,12,11,6,-37,-31,5,7,-1,-13,-32,-27,-21,24,18,-38,8,-6,1,-1,-1.0,6,1,-5,0
2025,2025-05-10,R10,Regular,10.0,Docklands,Essendon,Sydney,1,11,5,71,63,8,23,234,210,444,126,10,10,118,320,32,45,53,60,43,35,56,21,17,10.0,6,11,4,208,140,348,92,8,7,140,210,32,61,33,46,31,32,66,17,21,13.0,7,8,14,26,70,96,34,2,3,-22,110,0,-16,20,14,12,3,-10,4,-4,-3.0,-1,3,-10,0
2025,2025-05-10,R10,Regular,10.0,Marrara Oval,Gold Coast,Western Bulldogs,1,15,16,106,96,10,23,193,160,353,74,10,11,135,211,37,62,34,48,54,41,46,11,15,5.0,10,15,13,226,173,399,100,4,9,121,263,34,49,47,68,50,41,54,15,11,3.0,8,14,11,-33,-13,-46,-26,6,2,14,-52,3,13,-13,-20,4,0,-8,-4,4,2.0,2,1,2,0
2025,2025-05-10,R10,Regular,10.0,M.C.G.,Hawthorn,Melbourne,0,13,13,91,56,35,23,205,167,372,98,10,14,117,246,27,50,39,44,45,27,51,22,22,10.0,12,13,12,218,146,364,98,7,8,129,241,38,48,37,61,49,42,59,22,22,9.0,5,7,13,-13,21,8,0,3,6,-12,5,-11,2,2,-17,-4,-15,-8,0,0,1.0,7,6,-1,0
2025,2025-05-10,R10,Regular,10.0,M.C.G.,Melbourne,Hawthorn,1,7,14,56,91,-35,23,218,146,364,98,7,8,129,241,38,48,37,61,49,42,59,22,22,9.0,5,7,13,205,167,372,98,10,14,117,246,27,50,39,44,45,27,51,22,22,10.0,12,13,12,13,-21,-8,0,-3,-6,12,-5,11,-2,-2,17,4,15,8,0,0,-1.0,-7,-6,1,0
2025,2025-05-10,R10,Regular,10.0,Adelaide Oval,Port Adelaide,Adelaide,1,12,12,84,89,-5,23,204,144,348,74,6,13,148,194,56,62,26,59,69,38,60,19,20,6.0,6,12,11,210,107,317,79,13,12,135,162,29,41,50,77,31,46,54,20,19,5.0,12,13,6,-6,37,31,-5,-7,1,13,32,27,21,-24,-18,38,-8,6,-1,1,1.0,-6,-1,5,0
2025,2025-05-10,R10,Regular,10.0,Docklands,Sydney,Essendon,0,8,15,63,71,-8,23,208,140,348,92,8,7,140,210,32,61,33,46,31,32,66,17,21,13.0,7,8,14,234,210,444,126,10,10,118,320,32,45,53,60,43,35,56,21,17,10.0,6,11,4,-26,-70,-96,-34,-2,-3,22,-110,0,16,-20,-14,-12,-3,10,-4,4,3.0,1,-3,10,0
2025,2025-05-10,R10,Regular,10.0,Marrara Oval,Western Bulldogs,Gold Coast,0,14,12,96,106,-10,23,226,173,399,100,4,9,121,263,34,49,47,68,50,41,54,15,11,3.0,8,14,11,193,160,353,74,10,11,135,211,37,62,34,48,54,41,46,11,15,5.0,10,15,13,33,13,46,26,-6,-2,-14,52,-3,-13,13,20,-4,0,8,4,-4,-2.0,-2,-1,-2,0
2025,2025-05-11,R10,Regular,10.0,Bellerive Oval,Brisbane Lions,North Melbourne,0,10,11,71,71,0,23,212,148,360,94,10,13,123,223,32,51,41,66,54,41,54,15,18,3.0,7,10,9,195,141,336,71,11,13,139,191,47,51,40,57,36,38,50,18,15,8.0,7,10,9,17,7,24,23,-1,0,-16,32,-15,0,1,9,18,3,4,-3,3,-5.0,0,0,0,0
2025,2025-05-11,R10,Regular,10.0,Kardinia Park,Geelong,Greater Western Sydney,1,14,17,101,105,-4,23,210,135,345,98,11,16,128,214,40,61,29,69,44,30,37,17,10,5.0,7,14,14,196,171,367,83,9,11,135,221,30,46,45,62,57,43,56,10,17,5.0,13,16,7,14,-36,-22,15,2,5,-7,-7,10,15,-16,7,-13,-13,-19,7,-7,0.0,-6,-2,7,0
2025,2025-05-11,R10,Regular,10.0,Kardinia Park,Greater Western Sydney,Geelong,0,16,9,105,101,4,23,196,171,367,83,9,11,135,221,30,46,45,62,57,43,56,10,17,5.0,13,16,7,210,135,345,98,11,16,128,214,40,61,29,69,44,30,37,17,10,5.0,7,14,14,-14,36,22,-15,-2,-5,7,7,-10,-15,16,-7,13,13,19,-7,7,0.0,6,2,-7,0
2025,2025-05-11,R10,Regular,10.0,Bellerive Oval,North Melbourne,Brisbane Lions,1,10,11,71,71,0,23,195,141,336,71,11,13,139,191,47,51,40,57,36,38,50,18,15,8.0,7,10,9,212,148,360,94,10,13,123,223,32,51,41,66,54,41,54,15,18,3.0,7,10,9,-17,-7,-24,-23,1,0,16,-32,15,0,-1,-9,-18,-3,-4,3,-3,5.0,0,0,0,0
2025,2025-05-11,R10,Regular,10.0,M.C.G.,Richmond,West Coast,1,11,15,81,79,2,23,191,161,352,73,12,10,143,201,34,54,38,56,39,40,54,22,23,10.0,7,11,11,189,142,331,72,7,11,130,202,35,50,42,71,52,38,55,23,22,12.0,7,11,11,2,19,21,1,5,-1,13,-1,-1,4,-4,-15,-13,2,-1,-1,1,-2.0,0,0,0,0
2025,2025-05-11,R10,Regular,10.0,M.C.G.,West Coast,Richmond,0,11,13,79,81,-2,23,189,142,331,72,7,11,130,202,35,50,42,71,52,38,55,23,22,12.0,7,11,11,191,161,352,73,12,10,143,201,34,54,38,56,39,40,54,22,23,10.0,7,11,11,-2,-19,-21,-1,-5,1,-13,1,1,-4,4,15,13,-2,1,1,-1,2.0,0,0,0,0
2025,2025-05-15,R11,Regular,11.0,Marrara Oval,Gold Coast,Hawthorn,1,16,8,104,96,8,23,194,169,363,72,8,7,144,219,50,59,43,68,55,54,58,19,23,12.0,11,16,5,208,134,342,70,11,10,148,189,35,59,42,58,43,37,63,23,19,11.0,10,15,6,-14,35,21,2,-3,-3,-4,30,15,0,1,10,12,17,-5,-4,4,1.0,1,1,-1,0
2025,2025-05-15,R11,Regular,11.0,Marrara Oval,Hawthorn,Gold Coast,0,15,6,96,104,-8,23,208,134,342,70,11,10,148,189,35,59,42,58,43,37,63,23,19,11.0,10,15,6,194,169,363,72,8,7,144,219,50,59,43,68,55,54,58,19,23,12.0,11,16,5,14,-35,-21,-2,3,3,4,-30,-15,0,-1,-10,-12,-17,5,4,-4,-1.0,-1,-1,1,0
2025,2025-05-16,R11,Regular,11.0,S.C.G.,Carlton,Sydney,0,9,8,62,78,-16,23,218,140,358,70,6,10,147,198,36,54,42,71,57,28,70,22,22,5.0,7,9,4,212,159,371,54,4,6,158,196,45,53,43,67,55,52,66,22,22,4.0,6,11,12,6,-19,-13,16,2,4,-11,2,-9,1,-1,4,2,-24,4,0,0,1.0,1,-2,-8,0
2025,2025-05-16,R11,Regular,11.0,S.C.G.,Sydney,Carlton,1,11,12,78,62,16,23,212,159,371,54,4,6,158,196,45,53,43,67,55,52,66,22,22,4.0,6,11,12,218,140,358,70,6,10,147,198,36,54,42,71,57,28,70,22,22,5.0,7,9,4,-6,19,13,-16,-2,-4,11,-2,9,-1,1,-4,-2,24,-4,0,0,-1.0,-1,2,8,0
2025,2025-05-17,R11,Regular,11.0,M.C.G.,Adelaide,Collingwood,0,10,8,68,78,-10,23,202,125,327,72,15,11,137,174,39,55,35,53,42,40,71,22,20,0.0,8,10,5,194,149,343,69,9,13,139,197,29,47,42,59,46,26,67,20,22,4.0,6,11,6,8,-24,-16,3,6,-2,-2,-23,10,8,-7,-6,-4,14,4,2,-2,-4.0,2,-1,-1,0
2025,2025-05-17,R11,Regular,11.0,M.C.G.,Collingwood,Adelaide,1,11,12,78,68,10,23,194,149,343,69,9,13,139,197,29,47,42,59,46,26,67,20,22,4.0,6,11,6,202,125,327,72,15,11,137,174,39,55,35,53,42,40,71,22,20,0.0,8,10,5,-8,24,16,-3,-6,2,2,23,-10,-8,7,6,4,-14,-4,-2,2,4.0,-2,1,1,0
2025,2025-05-17,R11,Regular,11.0,Docklands,Essendon,Western Bulldogs,0,5,6,36,127,-91,23,203,182,385,102,12,9,109,258,26,37,41,46,34,44,56,17,13,11.0,3,5,6,250,219,469,112,13,21,125,341,34,61,32,44,38,20,57,13,17,13.0,15,18,16,-47,-37,-84,-10,-1,-12,-16,-83,-8,-24,9,2,-4,24,-1,4,-4,-2.0,-12,-13,-10,0
2025,2025-05-17,R11,Regular,11.0,Sydney Showground,Fremantle,Greater Western Sydney,0,13,17,95,61,34,23,190,146,336,72,7,11,131,187,43,56,35,49,37,37,47,19,21,2.0,8,13,15,194,128,322,87,5,12,112,199,32,45,42,62,44,37,52,21,19,11.0,5,8,10,-4,18,14,-15,2,-1,19,-12,11,11,-7,-13,-7,0,-5,-2,2,-9.0,3,5,5,0
2025,2025-05-17,R11,Regular,11.0,Adelaide Oval,Geelong,Port Adelaide,0,17,13,115,39,76,23,235,128,363,107,3,16,125,226,43,58,37,52,39,35,54,21,24,11.0,12,17,9,196,169,365,90,7,5,115,242,30,43,39,47,42,37,53,24,21,3.0,2,5,8,39,-41,-2,17,-4,11,10,-16,13,15,-2,5,-3,-2,1,-3,3,8.0,10,12,1,0
2025,2025-05-17,R11,Regular,11.0,Sydney Showground,Greater Western Sydney,Fremantle,1,8,13,61,95,-34,23,194,128,322,87,5,12,112,199,32,45,42,62,44,37,52,21,19,11.0,5,8,10,190,146,336,72,7,11,131,187,43,56,35,49,37,37,47,19,21,2.0,8,13,15,4,-18,-14,15,-2,1,-19,12,-11,-11,7,13,7,0,5,2,-2,9.0,-3,-5,-5,0
2025,2025-05-17,R11,Regular,11.0,Adelaide Oval,Port Adelaide,Geelong,1,5,9,39,115,-76,23,196,169,365,90,7,5,115,242,30,43,39,47,42,37,53,24,21,3.0,2,5,8,235,128,363,107,3,16,125,226,43,58,37,52,39,35,54,21,24,11.0,12,17,9,-39,41,2,-17,4,-11,-10,16,-13,-15,2,-5,3,2,-1,3,-3,-8.0,-10,-12,-1,0
2025,2025-05-17,R11,Regular,11.0,Docklands,Western Bulldogs,Essendon,1,18,19,127,36,91,23,250,219,469,112,13,21,125,341,34,61,32,44,38,20,57,13,17,13.0,15,18,16,203,182,385,102,12,9,109,258,26,37,41,46,34,44,56,17,13,11.0,3,5,6,47,37,84,10,1,12,16,83,8,24,-9,-2,4,-24,1,-4,4,2.0,12,13,10,0
2025,2025-05-18,R11,Regular,11.0,Gabba,Brisbane Lions,Melbourne,1,13,10,88,99,-11,23,215,168,383,101,5,11,117,255,39,53,43,39,47,17,51,12,13,2.0,10,13,9,228,142,370,109,11,16,135,222,44,58,38,41,39,53,49,13,12,1.0,11,14,13,-13,26,13,-8,-6,-5,-18,33,-5,-5,5,-2,8,-36,2,-1,1,1.0,-1,-1,-4,0
2025,2025-05-18,R11,Regular,11.0,Gabba,Melbourne,Brisbane Lions,0,14,15,99,88,11,23,228,142,370,109,11,16,135,222,44,58,38,41,39,53,49,13,12,1.0,11,14,13,215,168,383,101,5,11,117,255,39,53,43,39,47,17,51,12,13,2.0,10,13,9,13,-26,-13,8,6,5,18,-33,5,5,-5,2,-8,36,-2,1,-1,-1.0,1,1,4,0
2025,2025-05-18,R11,Regular,11.0,M.C.G.,North Melbourne,Richmond,0,12,6,78,74,4,23,192,127,319,64,9,11,142,166,54,45,38,92,40,54,48,19,17,6.0,9,12,4,175,159,334,72,10,9,134,202,33,49,31,92,44,53,42,17,19,6.0,4,11,8,17,-32,-15,-8,-1,2,8,-36,21,-4,7,0,-4,1,6,2,-2,0.0,5,1,-4,0
2025,2025-05-18,R11,Regular,11.0,M.C.G.,Richmond,North Melbourne,1,11,8,74,78,-4,23,175,159,334,72,10,9,134,202,33,49,31,92,44,53,42,17,19,6.0,4,11,8,192,127,319,64,9,11,142,166,54,45,38,92,40,54,48,19,17,6.0,9,12,4,-17,32,15,8,1,-2,-8,36,-21,4,-7,0,4,-1,-6,-2,2,0.0,-5,-1,4,0
2025,2025-05-18,R11,Regular,11.0,Perth Stadium,St Kilda,West Coast,0,12,8,80,108,-28,23,219,157,376,91,12,12,147,221,43,54,42,65,32,42,67,18,22,5.0,10,12,6,194,127,321,73,9,12,133,181,36,59,42,67,43,45,42,22,18,15.0,10,16,10,25,30,55,18,3,0,14,40,7,-5,0,-2,-11,-3,25,-4,4,-10.0,0,-4,-4,0
2025,2025-05-18,R11,Regular,11.0,Perth Stadium,West Coast,St Kilda,1,16,12,108,80,28,23,194,127,321,73,9,12,133,181,36,59,42,67,43,45,42,22,18,15.0,10,16,10,219,157,376,91,12,12,147,221,43,54,42,65,32,42,67,18,22,5.0,10,12,6,-25,-30,-55,-18,-3,0,-14,-40,-7,5,0,2,11,3,-25,4,-4,10.0,0,4,4,0
2025,2025-05-22,R12,Regular,12.0,Kardinia Park,Geelong,Western Bulldogs,1,20,7,127,113,14,23,248,108,356,106,7,15,135,200,42,51,40,78,44,50,49,26,12,5.0,13,20,5,191,153,344,75,12,10,148,202,51,56,31,76,55,53,64,12,26,6.0,12,16,15,57,-45,12,31,-5,5,-13,-2,-9,-5,9,2,-11,-3,-15,14,-14,-1.0,1,4,-10,0
2025,2025-05-22,R12,Regular,12.0,Kardinia Park,Western Bulldogs,Geelong,0,16,17,113,127,-14,23,191,153,344,75,12,10,148,202,51,56,31,76,55,53,64,12,26,6.0,12,16,15,248,108,356,106,7,15,135,200,42,51,40,78,44,50,49,26,12,5.0,13,20,5,-57,45,-12,-31,5,-5,13,2,9,5,-9,-2,11,3,15,-14,14,1.0,-1,-4,10,0
2025,2025-05-23,R12,Regular,12.0,M.C.G.,Essendon,Richmond,1,11,15,81,58,23,23,249,193,442,102,7,8,141,283,45,55,39,74,44,56,63,15,16,15.0,7,11,12,201,141,342,94,7,6,124,209,23,48,44,54,55,30,57,16,15,2.0,6,8,7,48,52,100,8,0,2,17,74,22,7,-5,20,-11,26,6,-1,1,13.0,1,3,5,0
2025,2025-05-23,R12,Regular,12.0,M.C.G.,Richmond,Essendon,0,8,10,58,81,-23,23,201,141,342,94,7,6,124,209,23,48,44,54,55,30,57,16,15,2.0,6,8,7,249,193,442,102,7,8,141,283,45,55,39,74,44,56,63,15,16,15.0,7,11,12,-48,-52,-100,-8,0,-2,-17,-74,-22,-7,5,-20,11,-26,-6,1,-1,-13.0,-1,-3,-5,0
2025,2025-05-24,R12,Regular,12.0,M.C.G.,Brisbane Lions,Hawthorn,0,14,9,93,60,33,23,242,124,366,110,6,11,130,232,41,53,41,59,43,29,47,23,13,4.0,9,14,9,198,171,369,110,8,16,112,256,24,50,38,36,37,50,58,13,23,10.0,5,8,11,44,-47,-3,0,-2,-5,18,-24,17,3,3,23,6,-21,-11,10,-10,-6.0,4,6,-2,0
2025,2025-05-24,R12,Regular,12.0,Docklands,Carlton,Greater Western Sydney,1,12,10,82,110,-28,23,201,157,358,77,13,8,154,206,42,58,30,53,35,31,52,26,14,5.0,11,12,10,197,148,345,85,8,14,116,224,38,47,46,64,57,34,58,14,26,6.0,13,17,6,4,9,13,-8,5,-6,38,-18,4,11,-16,-11,-22,-3,-6,12,-12,-1.0,-2,-5,4,0
2025,2025-05-24,R12,Regular,12.0,Docklands,Collingwood,North Melbourne,0,15,18,108,63,45,23,194,152,346,76,6,13,118,227,37,58,38,90,54,29,46,17,15,6.0,12,15,10,241,130,371,115,15,9,145,220,44,48,41,48,52,34,57,15,17,5.0,7,9,7,-47,22,-25,-39,-9,4,-27,7,-7,10,-3,42,2,-5,-11,2,-2,1.0,5,6,3,0
2025,2025-05-24,R12,Regular,12.0,Perth Stadium,Fremantle,Port Adelaide,1,15,10,100,51,49,23,219,145,364,92,10,8,160,199,48,55,48,62,36,42,53,13,13,1.0,7,15,6,200,162,362,68,3,6,138,209,43,56,40,64,54,40,66,13,13,3.0,5,7,7,19,-17,2,24,7,2,22,-10,5,-1,8,-2,-18,2,-13,0,0,-2.0,2,8,-1,0
2025,2025-05-24,R12,Regular,12.0,Docklands,Greater Western Sydney,Carlton,0,17,8,110,82,28,23,197,148,345,85,8,14,116,224,38,47,46,64,57,34,58,14,26,6.0,13,17,6,201,157,358,77,13,8,154,206,42,58,30,53,35,31,52,26,14,5.0,11,12,10,-4,-9,-13,8,-5,6,-38,18,-4,-11,16,11,22,3,6,-12,12,1.0,2,5,-4,0
2025,2025-05-24,R12,Regular,12.0,M.C.G.,Hawthorn,Brisbane Lions,1,8,12,60,93,-33,23,198,171,369,110,8,16,112,256,24,50,38,36,37,50,58,13,23,10.0,5,8,11,242,124,366,110,6,11,130,232,41,53,41,59,43,29,47,23,13,4.0,9,14,9,-44,47,3,0,2,5,-18,24,-17,-3,-3,-23,-6,21,11,-10,10,6.0,-4,-6,2,0
2025,2025-05-24,R12,Regular,12.0,Docklands,North Melbourne,Collingwood,1,9,9,63,108,-45,23,241,130,371,115,15,9,145,220,44,48,41,48,52,34,57,15,17,5.0,7,9,7,194,152,346,76,6,13,118,227,37,58,38,90,54,29,46,17,15,6.0,12,15,10,47,-22,25,39,9,-4,27,-7,7,-10,3,-42,-2,5,11,-2,2,-1.0,-5,-6,-3,0
2025,2025-05-24,R12,Regular,12.0,Perth Stadium,Port Adelaide,Fremantle,0,7,9,51,100,-49,23,200,162,362,68,3,6,138,209,43,56,40,64,54,40,66,13,13,3.0,5,7,7,219,145,364,92,10,8,160,199,48,55,48,62,36,42,53,13,13,1.0,7,15,6,-19,17,-2,-24,-7,-2,-22,10,-5,1,-8,2,18,-2,13,0,0,2.0,-2,-8,1,0
2025,2025-05-25,R12,Regular,12.0,Adelaide Oval,Adelaide,West Coast,1,19,14,128,62,66,23,244,142,386,107,10,10,147,231,46,64,47,73,35,56,64,26,16,2.0,14,19,13,166,116,282,60,8,10,121,162,36,55,45,57,44,28,68,16,26,8.0,6,8,11,78,26,104,47,2,0,26,69,10,9,2,16,-9,28,-4,10,-10,-6.0,8,11,2,0
2025,2025-05-25,R12,Regular,12.0,Docklands,Gold Coast,St Kilda,0,12,8,80,61,19,23,208,155,363,95,6,16,123,230,40,57,34,72,44,53,46,11,20,8.0,9,12,6,225,166,391,101,7,12,129,259,38,45,43,72,51,32,52,20,11,7.0,7,8,12,-17,-11,-28,-6,-1,4,-6,-29,2,12,-9,0,-7,21,-6,-9,9,1.0,2,4,-6,0
2025,2025-05-25,R12,Regular,12.0,M.C.G.,Melbourne,Sydney,1,19,17,131,78,53,23,226,176,402,83,9,16,157,244,43,64,32,89,37,36,63,22,14,10.0,12,19,14,189,146,335,72,10,7,130,185,42,44,44,82,43,51,76,14,22,5.0,9,12,5,37,30,67,11,-1,9,27,59,1,20,-12,7,-6,-15,-13,8,-8,5.0,3,7,9,0
2025,2025-05-25,R12,Regular,12.0,Docklands,St Kilda,Gold Coast,1,8,13,61,80,-19,23,225,166,391,101,7,12,129,259,38,45,43,72,51,32,52,20,11,7.0,7,8,12,208,155,363,95,6,16,123,230,40,57,34,72,44,53,46,11,20,8.0,9,12,6,17,11,28,6,1,-4,6,29,-2,-12,9,0,7,-21,6,9,-9,-1.0,-2,-4,6,0
2025,2025-05-25,R12,Regular,12.0,M.C.G.,Sydney,Melbourne,0,12,6,78,131,-53,23,189,146,335,72,10,7,130,185,42,44,44,82,43,51,76,14,22,5.0,9,12,5,226,176,402,83,9,16,157,244,43,64,32,89,37,36,63,22,14,10.0,12,19,14,-37,-30,-67,-11,1,-9,-27,-59,-1,-20,12,-7,6,15,13,-8,8,-5.0,-3,-7,-9,0
2025,2025-05-25,R12,Regular,12.0,Adelaide Oval,West Coast,Adelaide,0,8,14,62,128,-66,23,166,116,282,60,8,10,121,162,36,55,45,57,44,28,68,16,26,8.0,6,8,11,244,142,386,107,10,10,147,231,46,64,47,73,35,56,64,26,16,2.0,14,19,13,-78,-26,-104,-47,-2,0,-26,-69,-10,-9,-2,-16,9,-28,4,-10,10,6.0,-8,-11,-2,0
2025,2025-05-29,R13,Regular,13.0,Gabba,Brisbane Lions,Essendon,1,13,12,90,72,18,23,252,146,398,136,11,15,131,264,31,62,32,55,47,33,50,17,14,5.0,11,13,10,189,169,358,77,11,13,135,224,37,42,48,51,42,47,52,14,17,5.0,9,11,5,63,-23,40,59,0,2,-4,40,-6,20,-16,4,5,-14,-2,3,-3,0.0,2,2,5,0
2025,2025-05-29,R13,Regular,13.0,Gabba,Essendon,Brisbane Lions,0,11,6,72,90,-18,23,189,169,358,77,11,13,135,224,37,42,48,51,42,47,52,14,17,5.0,9,11,5,252,146,398,136,11,15,131,264,31,62,32,55,47,33,50,17,14,5.0,11,13,10,-63,23,-40,-59,0,-2,4,-40,6,-20,16,-4,-5,14,2,-3,3,0.0,-2,-2,-5,0
2025,2025-05-30,R13,Regular,13.0,M.C.G.,Collingwood,Hawthorn,1,16,11,107,56,51,23,207,147,354,102,3,18,107,230,30,44,36,82,32,37,56,19,20,7.0,12,16,9,203,140,343,91,9,10,119,212,40,45,27,38,31,42,62,20,19,4.0,6,8,5,4,7,11,11,-6,8,-12,18,-10,-1,9,44,1,-5,-6,-1,1,3.0,6,8,4,0
2025,2025-05-30,R13,Regular,13.0,M.C.G.,Hawthorn,Collingwood,0,8,8,56,107,-51,23,203,140,343,91,9,10,119,212,40,45,27,38,31,42,62,20,19,4.0,6,8,5,207,147,354,102,3,18,107,230,30,44,36,82,32,37,56,19,20,7.0,12,16,9,-4,-7,-11,-11,6,-8,12,-18,10,1,-9,-44,-1,5,6,1,-1,-3.0,-6,-8,-4,0
2025,2025-05-31,R13,Regular,13.0,S.C.G.,Adelaide,Sydney,0,21,5,131,41,90,23,229,119,348,83,11,5,148,188,42,70,39,84,55,45,68,22,24,4.0,13,21,2,203,119,322,61,6,5,159,152,55,45,49,83,52,40,84,24,22,8.0,3,5,9,26,0,26,22,5,0,-11,36,-13,25,-10,1,3,5,-16,-2,2,-4.0,10,16,-7,0
2025,2025-05-31,R13,Regular,13.0,Carrara,Fremantle,Gold Coast,0,11,9,75,64,11,23,193,146,339,53,6,5,144,183,39,61,43,86,49,50,55,20,28,5.0,8,11,6,186,165,351,57,6,9,151,188,46,52,49,83,59,55,62,28,20,5.0,4,9,8,7,-19,-12,-4,0,-4,-7,-5,-7,9,-6,3,-10,-5,-7,-8,8,0.0,4,2,-2,0
2025,2025-05-31,R13,Regular,13.0,Carrara,Gold Coast,Fremantle,1,9,10,64,75,-11,23,186,165,351,57,6,9,151,188,46,52,49,83,59,55,62,28,20,5.0,4,9,8,193,146,339,53,6,5,144,183,39,61,43,86,49,50,55,20,28,5.0,8,11,6,-7,19,12,4,0,4,7,5,7,-9,6,-3,10,5,7,8,-8,0.0,-4,-2,2,0
2025,2025-05-31,R13,Regular,13.0,Sydney Showground,Greater Western Sydney,Richmond,1,12,8,80,77,3,23,211,162,373,105,13,9,120,237,29,50,50,63,50,38,57,4,15,10.0,8,12,4,216,142,358,84,14,10,149,194,42,61,38,43,49,40,42,15,4,4.0,6,10,12,-5,20,15,21,-1,-1,-29,43,-13,-11,12,20,1,-2,15,-11,11,6.0,2,2,-8,0
2025,2025-05-31,R13,Regular,13.0,Sydney Showground,Richmond,Greater Western Sydney,0,10,17,77,80,-3,23,216,142,358,84,14,10,149,194,42,61,38,43,49,40,42,15,4,4.0,6,10,12,211,162,373,105,13,9,120,237,29,50,50,63,50,38,57,4,15,10.0,8,12,4,5,-20,-15,-21,1,1,29,-43,13,11,-12,-20,-1,2,-15,11,-11,-6.0,-2,-2,8,0
2025,2025-05-31,R13,Regular,13.0,S.C.G.,Sydney,Adelaide,1,5,11,41,131,-90,23,203,119,322,61,6,5,159,152,55,45,49,83,52,40,84,24,22,8.0,3,5,9,229,119,348,83,11,5,148,188,42,70,39,84,55,45,68,22,24,4.0,13,21,2,-26,0,-26,-22,-5,0,11,-36,13,-25,10,-1,-3,-5,16,2,-2,4.0,-10,-16,7,0
2025,2025-06-01,R13,Regular,13.0,Perth Stadium,Geelong,West Coast,0,17,14,116,73,43,23,230,115,345,111,7,17,123,216,36,59,31,67,39,39,50,16,13,17.0,11,17,11,188,153,341,78,2,9,114,217,38,43,42,47,54,40,57,13,16,13.0,8,11,5,42,-38,4,33,5,8,9,-1,-2,16,-11,20,-15,-1,-7,3,-3,4.0,3,6,6,0
2025,2025-06-01,R13,Regular,13.0,Traeger Park,Melbourne,St Kilda,1,7,21,63,91,-28,23,198,101,299,100,14,14,117,177,32,57,25,56,34,32,46,24,20,8.0,4,7,16,260,130,390,140,12,10,116,249,30,40,50,52,24,25,55,20,24,9.0,12,14,6,-62,-29,-91,-40,2,4,1,-72,2,17,-25,4,10,7,-9,4,-4,-1.0,-8,-7,10,0
2025,2025-06-01,R13,Regular,13.0,Traeger Park,St Kilda,Melbourne,0,14,7,91,63,28,23,260,130,390,140,12,10,116,249,30,40,50,52,24,25,55,20,24,9.0,12,14,6,198,101,299,100,14,14,117,177,32,57,25,56,34,32,46,24,20,8.0,4,7,16,62,29,91,40,-2,-4,-1,72,-2,-17,25,-4,-10,-7,9,-4,4,1.0,8,7,-10,0
2025,2025-06-01,R13,Regular,13.0,Perth Stadium,West Coast,Geelong,1,11,7,73,116,-43,23,188,153,341,78,2,9,114,217,38,43,42,47,54,40,57,13,16,13.0,8,11,5,230,115,345,111,7,17,123,216,36,59,31,67,39,39,50,16,13,17.0,11,17,11,-42,38,-4,-33,-5,-8,-9,1,2,-16,11,-20,15,1,7,-3,3,-4.0,-3,-6,-6,0
2025,2025-06-05,R14,Regular,14.0,Docklands,Hawthorn,Western Bulldogs,0,12,9,81,59,22,23,217,157,374,87,15,13,143,224,34,58,35,82,58,51,57,11,15,9.0,7,12,6,186,162,348,69,12,10,139,200,40,43,46,76,44,36,50,15,11,4.0,7,8,9,31,-5,26,18,3,3,4,24,-6,15,-11,6,14,15,7,-4,4,5.0,0,4,-3,0
2025,2025-06-05,R14,Regular,14.0,Docklands,Western Bulldogs,Hawthorn,1,8,11,59,81,-22,23,186,162,348,69,12,10,139,200,40,43,46,76,44,36,50,15,11,4.0,7,8,9,217,157,374,87,15,13,143,224,34,58,35,82,58,51,57,11,15,9.0,7,12,6,-31,5,-26,-18,-3,-3,-4,-24,6,-15,11,-6,-14,-15,-7,4,-4,-5.0,0,-4,3,0
2025,2025-06-06,R14,Regular,14.0,Adelaide Oval,Adelaide,Brisbane Lions,1,10,8,68,63,5,23,207,94,301,62,15,6,144,143,36,47,52,89,74,58,65,26,20,4.0,6,10,6,235,140,375,73,8,7,157,219,55,60,37,63,51,49,61,20,26,1.0,6,8,8,-28,-46,-74,-11,7,-1,-13,-76,-19,-13,15,26,23,9,4,6,-6,3.0,0,2,-2,0
2025,2025-06-06,R14,Regular,14.0,Adelaide Oval,Brisbane Lions,Adelaide,0,8,15,63,68,-5,23,235,140,375,73,8,7,157,219,55,60,37,63,51,49,61,20,26,1.0,6,8,8,207,94,301,62,15,6,144,143,36,47,52,89,74,58,65,26,20,4.0,6,10,6,28,46,74,11,-7,1,13,76,19,13,-15,-26,-23,-9,-4,-6,6,-3.0,0,-2,2,0
2025,2025-06-07,R14,Regular,14.0,Kardinia Park,Geelong,Gold Coast,1,9,7,61,37,24,23,239,131,370,105,9,10,148,219,50,55,44,81,46,57,68,24,21,3.0,7,9,5,172,114,286,55,7,4,125,151,50,51,45,66,54,74,64,21,24,5.0,3,5,5,67,17,84,50,2,6,23,68,0,4,-1,15,-8,-17,4,3,-3,-2.0,4,4,0,0
2025,2025-06-07,R14,Regular,14.0,Kardinia Park,Gold Coast,Geelong,0,5,7,37,61,-24,23,172,114,286,55,7,4,125,151,50,51,45,66,54,74,64,21,24,5.0,3,5,5,239,131,370,105,9,10,148,219,50,55,44,81,46,57,68,24,21,3.0,7,9,5,-67,-17,-84,-50,-2,-6,-23,-68,0,-4,1,-15,8,17,-4,-3,3,2.0,-4,-4,0,0
2025,2025-06-07,R14,Regular,14.0,Manuka Oval,Greater Western Sydney,Port Adelaide,1,7,8,50,66,-16,23,206,139,345,88,10,8,144,192,45,49,42,75,50,33,67,29,16,6.0,4,7,5,208,135,343,90,8,11,135,200,45,51,41,64,37,38,65,16,29,5.0,4,9,10,-2,4,2,-2,2,-3,9,-8,0,-2,1,11,13,-5,2,13,-13,1.0,0,-2,-5,0
2025,2025-06-07,R14,Regular,14.0,Manuka Oval,Port Adelaide,Greater Western Sydney,0,9,12,66,50,16,23,208,135,343,90,8,11,135,200,45,51,41,64,37,38,65,16,29,5.0,4,9,10,206,139,345,88,10,8,144,192,45,49,42,75,50,33,67,29,16,6.0,4,7,5,2,-4,-2,2,-2,3,-9,8,0,2,-1,-11,-13,5,-2,-13,13,-1.0,0,2,5,0
2025,2025-06-07,R14,Regular,14.0,M.C.G.,Richmond,Sydney,1,4,12,36,80,-44,23,181,125,306,82,8,5,109,183,30,38,50,59,30,28,47,20,21,13.0,2,4,10,254,135,389,127,7,12,123,256,39,61,31,75,37,52,56,21,20,12.0,8,11,10,-73,-10,-83,-45,1,-7,-14,-73,-9,-23,19,-16,-7,-24,-9,-1,1,1.0,-6,-7,0,0
2025,2025-06-07,R14,Regular,14.0,M.C.G.,Sydney,Richmond,0,11,14,80,36,44,23,254,135,389,127,7,12,123,256,39,61,31,75,37,52,56,21,20,12.0,8,11,10,181,125,306,82,8,5,109,183,30,38,50,59,30,28,47,20,21,13.0,2,4,10,73,10,83,45,-1,7,14,73,9,23,-19,16,7,24,9,1,-1,-1.0,6,7,0,0
2025,2025-06-08,R14,Regular,14.0,M.C.G.,Carlton,Essendon,1,11,12,78,70,8,23,239,132,371,115,16,14,155,213,39,56,44,73,43,37,66,25,25,7.0,9,11,11,188,174,362,65,7,11,144,204,38,55,44,78,51,32,74,25,25,3.0,8,11,3,51,-42,9,50,9,3,11,9,1,1,0,-5,-8,5,-8,0,0,4.0,1,0,8,0
2025,2025-06-08,R14,Regular,14.0,M.C.G.,Essendon,Carlton,0,11,4,70,78,-8,23,188,174,362,65,7,11,144,204,38,55,44,78,51,32,74,25,25,3.0,8,11,3,239,132,371,115,16,14,155,213,39,56,44,73,43,37,66,25,25,7.0,9,11,11,-51,42,-9,-50,-9,-3,-11,-9,-1,-1,0,5,8,-5,8,0,0,-4.0,-1,0,-8,0
2025,2025-06-08,R14,Regular,14.0,Hands Oval,North Melbourne,West Coast,1,9,8,62,52,10,23,198,179,377,69,11,7,144,222,42,41,56,66,42,37,63,16,26,8.0,6,9,8,181,131,312,66,11,12,141,172,24,63,31,81,50,29,59,26,16,4.0,4,6,11,17,48,65,3,0,-5,3,50,18,-22,25,-15,-8,8,4,-10,10,4.0,2,3,-3,0
2025,2025-06-08,R14,Regular,14.0,Hands Oval,West Coast,North Melbourne,0,6,16,52,62,-10,23,181,131,312,66,11,12,141,172,24,63,31,81,50,29,59,26,16,4.0,4,6,11,198,179,377,69,11,7,144,222,42,41,56,66,42,37,63,16,26,8.0,6,9,8,-17,-48,-65,-3,0,5,-3,-50,-18,22,-25,15,8,-8,-4,10,-10,-4.0,-2,-3,3,0
2025,2025-06-09,R14,Regular,14.0,M.C.G.,Collingwood,Melbourne,0,11,6,72,71,1,23,227,140,367,116,9,9,115,244,29,45,44,60,56,21,55,29,20,8.0,8,11,4,194,133,327,73,15,6,144,177,39,54,33,59,46,47,68,20,29,1.0,5,10,9,33,7,40,43,-6,3,-29,67,-10,-9,11,1,10,-26,-13,9,-9,7.0,3,1,-5,0
2025,2025-06-09,R14,Regular,14.0,M.C.G.,Melbourne,Collingwood,1,10,11,71,72,-1,23,194,133,327,73,15,6,144,177,39,54,33,59,46,47,68,20,29,1.0,5,10,9,227,140,367,116,9,9,115,244,29,45,44,60,56,21,55,29,20,8.0,8,11,4,-33,-7,-40,-43,6,-3,29,-67,10,9,-11,-1,-10,26,13,-9,9,-7.0,-3,-1,5,0
2025,2025-06-12,R15,Regular,15.0,Docklands,St Kilda,Western Bulldogs,1,8,12,60,132,-72,23,208,133,341,94,9,10,110,221,39,41,47,61,37,37,57,16,22,12.0,7,8,8,245,163,408,121,18,19,129,272,40,68,32,58,53,43,54,22,16,12.0,14,20,8,-37,-30,-67,-27,-9,-9,-19,-51,-1,-27,15,3,-16,-6,3,-6,6,0.0,-7,-12,0,0
2025,2025-06-12,R15,Regular,15.0,Docklands,Western Bulldogs,St Kilda,0,20,12,132,60,72,23,245,163,408,121,18,19,129,272,40,68,32,58,53,43,54,22,16,12.0,14,20,8,208,133,341,94,9,10,110,221,39,41,47,61,37,37,57,16,22,12.0,7,8,8,37,30,67,27,9,9,19,51,1,27,-15,-3,16,6,-3,6,-6,0.0,7,12,0,0
2025,2025-06-13,R15,Regular,15.0,York Park,Adelaide,Hawthorn,0,5,14,44,47,-3,23,231,106,337,72,15,3,157,158,44,59,46,74,54,50,84,24,26,5.0,3,5,13,213,122,335,61,5,3,145,169,39,52,53,79,61,42,65,26,24,3.0,5,6,9,18,-16,2,11,10,0,12,-11,5,7,-7,-5,-7,8,19,-2,2,2.0,-2,-1,4,0
2025,2025-06-13,R15,Regular,15.0,York Park,Hawthorn,Adelaide,1,6,11,47,44,3,23,213,122,335,61,5,3,145,169,39,52,53,79,61,42,65,26,24,3.0,5,6,9,231,106,337,72,15,3,157,158,44,59,46,74,54,50,84,24,26,5.0,3,5,13,-18,16,-2,-11,-10,0,-12,11,-5,-7,7,5,7,-8,-19,2,-2,-2.0,2,1,-4,0
2025,2025-06-14,R15,Regular,15.0,Gabba,Brisbane Lions,Greater Western Sydney,1,13,18,96,107,-11,23,212,127,339,110,11,15,118,220,35,55,35,28,39,42,36,18,11,10.0,9,13,14,214,147,361,96,11,18,111,228,29,53,41,42,37,28,52,11,18,9.0,15,17,5,-2,-20,-22,14,0,-3,7,-8,6,2,-6,-14,2,14,-16,7,-7,1.0,-6,-4,9,0
2025,2025-06-14,R15,Regular,15.0,M.C.G.,Essendon,Geelong,1,8,8,56,151,-95,23,201,203,404,98,5,7,122,276,35,38,39,50,38,43,70,13,16,10.0,6,8,8,253,139,392,141,8,21,117,272,33,63,30,51,48,34,49,16,13,14.0,21,23,10,-52,64,12,-43,-3,-14,5,4,2,-25,9,-1,-10,9,21,-3,3,-4.0,-15,-15,-2,0
2025,2025-06-14,R15,Regular,15.0,Perth Stadium,Fremantle,North Melbourne,0,10,13,73,67,6,23,198,150,348,73,13,8,147,199,37,48,49,66,69,40,65,25,23,10.0,5,10,8,221,152,373,72,4,6,149,217,41,60,37,77,57,37,74,23,25,5.0,8,10,4,-23,-2,-25,1,9,2,-2,-18,-4,-12,12,-11,12,3,-9,2,-2,5.0,-3,0,4,0
2025,2025-06-14,R15,Regular,15.0,M.C.G.,Geelong,Essendon,0,23,13,151,56,95,23,253,139,392,141,8,21,117,272,33,63,30,51,48,34,49,16,13,14.0,21,23,10,201,203,404,98,5,7,122,276,35,38,39,50,38,43,70,13,16,10.0,6,8,8,52,-64,-12,43,3,14,-5,-4,-2,25,-9,1,10,-9,-21,3,-3,4.0,15,15,2,0
2025,2025-06-14,R15,Regular,15.0,Gabba,Greater Western Sydney,Brisbane Lions,0,17,5,107,96,11,23,214,147,361,96,11,18,111,228,29,53,41,42,37,28,52,11,18,9.0,15,17,5,212,127,339,110,11,15,118,220,35,55,35,28,39,42,36,18,11,10.0,9,13,14,2,20,22,-14,0,3,-7,8,-6,-2,6,14,-2,-14,16,-7,7,-1.0,6,4,-9,0
2025,2025-06-14,R15,Regular,15.0,Perth Stadium,North Melbourne,Fremantle,1,10,7,67,73,-6,23,221,152,373,72,4,6,149,217,41,60,37,77,57,37,74,23,25,5.0,8,10,4,198,150,348,73,13,8,147,199,37,48,49,66,69,40,65,25,23,10.0,5,10,8,23,2,25,-1,-9,-2,2,18,4,12,-12,11,-12,-3,9,-2,2,-5.0,3,0,-4,0
2025,2025-06-15,R15,Regular,15.0,Perth Stadium,Carlton,West Coast,0,12,14,86,52,34,23,244,157,401,106,11,15,139,248,33,60,38,58,56,36,64,18,19,5.0,10,12,12,197,126,323,77,8,10,127,189,35,46,47,41,58,20,56,19,18,5.0,7,7,9,47,31,78,29,3,5,12,59,-2,14,-9,17,-2,16,8,-1,1,0.0,3,5,3,0
2025,2025-06-15,R15,Regular,15.0,Adelaide Oval,Melbourne,Port Adelaide,0,9,14,68,93,-25,23,201,145,346,89,19,10,139,206,37,54,34,61,29,38,53,21,13,3.0,7,9,10,228,146,374,123,14,16,112,248,32,48,45,61,42,35,51,13,21,10.0,11,14,8,-27,-1,-28,-34,5,-6,27,-42,5,6,-11,0,-13,3,2,8,-8,-7.0,-4,-5,2,0
2025,2025-06-15,R15,Regular,15.0,Adelaide Oval,Port Adelaide,Melbourne,1,14,9,93,68,25,23,228,146,374,123,14,16,112,248,32,48,45,61,42,35,51,13,21,10.0,11,14,8,201,145,346,89,19,10,139,206,37,54,34,61,29,38,53,21,13,3.0,7,9,10,27,1,28,34,-5,6,-27,42,-5,-6,11,0,13,-3,-2,-8,8,7.0,4,5,-2,0
2025,2025-06-15,R15,Regular,15.0,Perth Stadium,West Coast,Carlton,1,7,10,52,86,-34,23,197,126,323,77,8,10,127,189,35,46,47,41,58,20,56,19,18,5.0,7,7,9,244,157,401,106,11,15,139,248,33,60,38,58,56,36,64,18,19,5.0,10,12,12,-47,-31,-78,-29,-3,-5,-12,-59,2,-14,9,-17,2,-16,-8,1,-1,0.0,-3,-5,-3,0
2025,2025-06-19,R16,Regular,16.0,Perth Stadium,Essendon,Fremantle,0,9,9,63,104,-41,23,190,175,365,85,10,13,122,240,26,34,40,52,45,24,49,16,23,7.0,7,9,6,225,167,392,99,11,6,134,251,44,57,25,49,38,53,48,23,16,4.0,10,16,8,-35,8,-27,-14,-1,7,-12,-11,-18,-23,15,3,7,-29,1,-7,7,3.0,-3,-7,-2,0
2025,2025-06-19,R16,Regular,16.0,Perth Stadium,Fremantle,Essendon,1,16,8,104,63,41,23,225,167,392,99,11,6,134,251,44,57,25,49,38,53,48,23,16,4.0,10,16,8,190,175,365,85,10,13,122,240,26,34,40,52,45,24,49,16,23,7.0,7,9,6,35,-8,27,14,1,-7,12,11,18,23,-15,-3,-7,29,-1,7,-7,-3.0,3,7,2,0
2025,2025-06-20,R16,Regular,16.0,Kardinia Park,Brisbane Lions,Geelong,0,14,8,92,51,41,23,236,142,378,110,12,16,133,234,37,58,44,61,46,39,67,21,21,4.0,10,14,8,203,111,314,81,12,13,129,168,36,51,42,50,43,36,67,21,21,7.0,6,6,13,33,31,64,29,0,3,4,66,1,7,2,11,3,3,0,0,0,-3.0,4,8,-5,0
2025,2025-06-20,R16,Regular,16.0,Kardinia Park,Geelong,Brisbane Lions,1,6,15,51,92,-41,23,203,111,314,81,12,13,129,168,36,51,42,50,43,36,67,21,21,7.0,6,6,13,236,142,378,110,12,16,133,234,37,58,44,61,46,39,67,21,21,4.0,10,14,8,-33,-31,-64,-29,0,-3,-4,-66,-1,-7,-2,-11,-3,-3,0,0,0,3.0,-4,-8,5,0
2025,2025-06-21,R16,Regular,16.0,M.C.G.,Carlton,North Melbourne,1,10,13,73,84,-11,23,222,161,383,113,12,12,136,246,36,56,27,73,47,41,55,21,20,3.0,6,10,10,207,170,377,87,7,10,127,237,38,42,45,65,48,31,49,20,21,7.0,10,13,6,15,-9,6,26,5,2,9,9,-2,14,-18,8,-1,10,6,1,-1,-4.0,-4,-3,4,0
2025,2025-06-21,R16,Regular,16.0,Docklands,Collingwood,St Kilda,1,16,12,108,74,34,23,209,110,319,108,12,18,107,195,33,56,40,65,32,34,53,20,16,8.0,11,16,9,206,126,332,80,6,10,128,189,40,52,38,46,44,36,70,16,20,4.0,7,11,8,3,-16,-13,28,6,8,-21,6,-7,4,2,19,-12,-2,-17,4,-4,4.0,4,5,1,0
2025,2025-06-21,R16,Regular,16.0,M.C.G.,North Melbourne,Carlton,0,13,6,84,73,11,23,207,170,377,87,7,10,127,237,38,42,45,65,48,31,49,20,21,7.0,10,13,6,222,161,383,113,12,12,136,246,36,56,27,73,47,41,55,21,20,3.0,6,10,10,-15,9,-6,-26,-5,-2,-9,-9,2,-14,18,-8,1,-10,-6,-1,1,4.0,4,3,-4,0
2025,2025-06-21,R16,Regular,16.0,Adelaide Oval,Port Adelaide,Sydney,1,7,10,52,71,-19,23,197,137,334,97,7,19,102,214,31,35,41,52,34,30,52,13,13,5.0,5,7,8,211,133,344,95,9,18,125,213,36,51,27,49,40,35,37,13,13,6.0,6,9,16,-14,4,-10,2,-2,1,-23,1,-5,-16,14,3,-6,-5,15,0,0,-1.0,-1,-2,-8,0
2025,2025-06-21,R16,Regular,16.0,Docklands,St Kilda,Collingwood,0,11,8,74,108,-34,23,206,126,332,80,6,10,128,189,40,52,38,46,44,36,70,16,20,4.0,7,11,8,209,110,319,108,12,18,107,195,33,56,40,65,32,34,53,20,16,8.0,11,16,9,-3,16,13,-28,-6,-8,21,-6,7,-4,-2,-19,12,2,17,-4,4,-4.0,-4,-5,-1,0
2025,2025-06-21,R16,Regular,16.0,Adelaide Oval,Sydney,Port Adelaide,0,9,17,71,52,19,23,211,133,344,95,9,18,125,213,36,51,27,49,40,35,37,13,13,6.0,6,9,16,197,137,334,97,7,19,102,214,31,35,41,52,34,30,52,13,13,5.0,5,7,8,14,-4,10,-2,2,-1,23,-1,5,16,-14,-3,6,5,-15,0,0,1.0,1,2,8,0
2025,2025-06-22,R16,Regular,16.0,Sydney Showground,Gold Coast,Greater Western Sydney,0,14,15,99,106,-7,23,191,207,398,54,10,11,155,230,42,68,28,64,38,56,47,24,15,7.0,10,14,13,189,153,342,75,9,6,134,193,37,44,53,89,48,34,62,15,24,12.0,10,16,6,2,54,56,-21,1,5,21,37,5,24,-25,-25,-10,22,-15,9,-9,-5.0,0,-2,7,0
2025,2025-06-22,R16,Regular,16.0,Sydney Showground,Greater Western Sydney,Gold Coast,1,16,10,106,99,7,23,189,153,342,75,9,6,134,193,37,44,53,89,48,34,62,15,24,12.0,10,16,6,191,207,398,54,10,11,155,230,42,68,28,64,38,56,47,24,15,7.0,10,14,13,-2,-54,-56,21,-1,-5,-21,-37,-5,-24,25,25,10,-22,15,-9,9,5.0,0,2,-7,0
2025,2025-06-22,R16,Regular,16.0,Docklands,Richmond,Western Bulldogs,0,8,8,56,135,-79,23,172,137,309,74,10,14,117,186,28,38,37,56,41,32,68,22,23,8.0,5,8,7,239,177,416,128,9,17,125,284,38,59,30,40,35,32,56,23,22,6.0,18,21,8,-67,-40,-107,-54,1,-3,-8,-98,-10,-21,7,16,6,0,12,-1,1,2.0,-13,-13,-1,0
2025,2025-06-22,R16,Regular,16.0,Docklands,Western Bulldogs,Richmond,1,21,9,135,56,79,23,239,177,416,128,9,17,125,284,38,59,30,40,35,32,56,23,22,6.0,18,21,8,172,137,309,74,10,14,117,186,28,38,37,56,41,32,68,22,23,8.0,5,8,7,67,40,107,54,-1,3,8,98,10,21,-7,-16,-6,0,-12,1,-1,-2.0,13,13,1,0
2025,2025-06-26,R17,Regular,17.0,Adelaide Oval,Carlton,Port Adelaide,0,8,12,60,110,-50,23,173,120,293,59,5,11,117,165,35,43,37,58,43,24,52,28,21,3.0,5,8,11,206,141,347,104,10,16,106,228,30,55,35,42,43,45,53,21,28,12.0,11,16,13,-33,-21,-54,-45,-5,-5,11,-63,5,-12,2,16,0,-21,-1,7,-7,-9.0,-6,-8,-2,0
2025,2025-06-26,R17,Regular,17.0,Adelaide Oval,Port Adelaide,Carlton,1,16,14,110,60,50,23,206,141,347,104,10,16,106,228,30,55,35,42,43,45,53,21,28,12.0,11,16,13,173,120,293,59,5,11,117,165,35,43,37,58,43,24,52,28,21,3.0,5,8,11,33,21,54,45,5,5,-11,63,-5,12,-2,-16,0,21,1,-7,7,9.0,6,8,2,0
2025,2025-06-27,R17,Regular,17.0,S.C.G.,Sydney,Western Bulldogs,1,14,12,96,105,-9,23,211,144,355,91,10,13,135,211,38,50,30,78,40,52,55,22,16,10.0,9,14,12,185,151,336,84,7,18,112,211,35,46,35,51,42,24,53,16,22,4.0,12,16,6,26,-7,19,7,3,-5,23,0,3,4,-5,27,-2,28,2,6,-6,6.0,-3,-2,6,0
2025,2025-06-27,R17,Regular,17.0,S.C.G.,Western Bulldogs,Sydney,0,16,9,105,96,9,23,185,151,336,84,7,18,112,211,35,46,35,51,42,24,53,16,22,4.0,12,16,6,211,144,355,91,10,13,135,211,38,50,30,78,40,52,55,22,16,10.0,9,14,12,-26,7,-19,-7,-3,5,-23,0,-3,-4,5,-27,2,-28,-2,-6,6,-6.0,3,2,-6,0
2025,2025-06-28,R17,Regular,17.0,Docklands,Collingwood,West Coast,1,13,10,88,59,29,23,210,143,353,97,16,13,136,210,44,55,42,74,44,43,63,17,18,4.0,7,13,10,191,177,368,86,8,7,119,244,32,50,40,63,32,43,63,18,17,4.0,5,8,8,19,-34,-15,11,8,6,17,-34,12,5,2,11,12,0,0,-1,1,0.0,2,5,2,0
2025,2025-06-28,R17,Regular,17.0,Carrara,Gold Coast,Melbourne,1,15,14,104,85,19,23,208,123,331,108,16,19,131,196,36,52,33,65,49,40,53,20,19,3.0,11,15,11,195,156,351,82,5,12,129,214,31,45,36,62,28,37,54,19,20,2.0,8,12,13,13,-33,-20,26,11,7,2,-18,5,7,-3,3,21,3,-1,1,-1,1.0,3,3,-2,0
2025,2025-06-28,R17,Regular,17.0,York Park,Hawthorn,North Melbourne,1,23,12,150,65,85,23,209,151,360,84,13,18,135,216,44,63,31,56,31,45,50,24,20,8.0,17,23,11,173,145,318,67,6,9,110,195,30,40,40,40,45,35,55,20,24,9.0,7,9,10,36,6,42,17,7,9,25,21,14,23,-9,16,-14,10,-5,4,-4,-1.0,10,14,1,0
2025,2025-06-28,R17,Regular,17.0,Carrara,Melbourne,Gold Coast,0,12,13,85,104,-19,23,195,156,351,82,5,12,129,214,31,45,36,62,28,37,54,19,20,2.0,8,12,13,208,123,331,108,16,19,131,196,36,52,33,65,49,40,53,20,19,3.0,11,15,11,-13,33,20,-26,-11,-7,-2,18,-5,-7,3,-3,-21,-3,1,-1,1,-1.0,-3,-3,2,0
2025,2025-06-28,R17,Regular,17.0,York Park,North Melbourne,Hawthorn,0,9,11,65,150,-85,23,173,145,318,67,6,9,110,195,30,40,40,40,45,35,55,20,24,9.0,7,9,10,209,151,360,84,13,18,135,216,44,63,31,56,31,45,50,24,20,8.0,17,23,11,-36,-6,-42,-17,-7,-9,-25,-21,-14,-23,9,-16,14,-10,5,-4,4,1.0,-10,-14,-1,0
2025,2025-06-28,R17,Regular,17.0,Docklands,West Coast,Collingwood,0,8,11,59,88,-29,23,191,177,368,86,8,7,119,244,32,50,40,63,32,43,63,18,17,4.0,5,8,8,210,143,353,97,16,13,136,210,44,55,42,74,44,43,63,17,18,4.0,7,13,10,-19,34,15,-11,-8,-6,-17,34,-12,-5,-2,-11,-12,0,0,1,-1,0.0,-2,-5,-2,0
2025,2025-06-29,R17,Regular,17.0,M.C.G.,Adelaide,Richmond,0,18,14,122,54,68,23,249,148,397,127,12,17,142,251,35,59,32,56,36,47,47,20,20,5.0,16,18,11,183,124,307,68,3,7,114,176,42,40,41,51,46,34,67,20,20,1.0,6,8,4,66,24,90,59,9,10,28,75,-7,19,-9,5,-10,13,-20,0,0,4.0,10,10,7,0
2025,2025-06-29,R17,Regular,17.0,Perth Stadium,Fremantle,St Kilda,1,11,15,81,69,12,23,193,119,312,86,13,15,117,185,31,49,31,57,38,57,39,21,17,6.0,8,11,12,213,137,350,91,11,7,125,214,46,41,36,59,51,26,60,17,21,12.0,7,9,11,-20,-18,-38,-5,2,8,-8,-29,-15,8,-5,-2,-13,31,-21,4,-4,-6.0,1,2,1,0
2025,2025-06-29,R17,Regular,17.0,M.C.G.,Richmond,Adelaide,1,8,6,54,122,-68,23,183,124,307,68,3,7,114,176,42,40,41,51,46,34,67,20,20,1.0,6,8,4,249,148,397,127,12,17,142,251,35,59,32,56,36,47,47,20,20,5.0,16,18,11,-66,-24,-90,-59,-9,-10,-28,-75,7,-19,9,-5,10,-13,20,0,0,-4.0,-10,-10,-7,0
2025,2025-06-29,R17,Regular,17.0,Perth Stadium,St Kilda,Fremantle,0,9,15,69,81,-12,23,213,137,350,91,11,7,125,214,46,41,36,59,51,26,60,17,21,12.0,7,9,11,193,119,312,86,13,15,117,185,31,49,31,57,38,57,39,21,17,6.0,8,11,12,20,18,38,5,-2,-8,8,29,15,-8,5,2,13,-31,21,-4,4,6.0,-1,-2,-1,0
2025,2025-07-03,R18,Regular,18.0,Docklands,North Melbourne,Western Bulldogs,1,13,7,85,134,-49,23,193,136,329,81,10,14,127,189,41,43,44,63,59,38,61,19,20,8.0,11,13,5,203,153,356,88,19,19,128,227,35,65,27,71,37,33,48,20,19,3.0,18,20,11,-10,-17,-27,-7,-9,-5,-1,-38,6,-22,17,-8,22,5,13,-1,1,5.0,-7,-7,-6,0
2025,2025-07-03,R18,Regular,18.0,Docklands,Western Bulldogs,North Melbourne,0,20,14,134,85,49,23,203,153,356,88,19,19,128,227,35,65,27,71,37,33,48,20,19,3.0,18,20,11,193,136,329,81,10,14,127,189,41,43,44,63,59,38,61,19,20,8.0,11,13,5,10,17,27,7,9,5,1,38,-6,22,-17,8,-22,-5,-13,1,-1,-5.0,7,7,6,0
2025,2025-07-04,R18,Regular,18.0,M.C.G.,Carlton,Collingwood,1,8,11,59,115,-56,23,202,148,350,89,7,13,117,224,42,49,42,46,44,45,52,11,14,6.0,7,8,8,238,152,390,111,22,16,135,242,33,60,41,60,43,36,46,14,11,6.0,13,17,12,-36,-4,-40,-22,-15,-3,-18,-18,9,-11,1,-14,1,9,6,-3,3,0.0,-6,-9,-4,0
2025,2025-07-04,R18,Regular,18.0,M.C.G.,Collingwood,Carlton,0,17,13,115,59,56,23,238,152,390,111,22,16,135,242,33,60,41,60,43,36,46,14,11,6.0,13,17,12,202,148,350,89,7,13,117,224,42,49,42,46,44,45,52,11,14,6.0,7,8,8,36,4,40,22,15,3,18,18,-9,11,-1,14,-1,-9,-6,3,-3,0.0,6,9,4,0
2025,2025-07-04,R18,Regular,18.0,Perth Stadium,Greater Western Sydney,West Coast,0,16,15,111,52,59,23,243,156,399,99,8,12,156,230,39,68,39,52,44,41,55,20,13,16.0,12,16,14,206,120,326,82,6,6,122,187,31,47,51,56,51,35,68,13,20,6.0,4,8,3,37,36,73,17,2,6,34,43,8,21,-12,-4,-7,6,-13,7,-7,10.0,8,8,11,0
2025,2025-07-04,R18,Regular,18.0,Perth Stadium,West Coast,Greater Western Sydney,1,8,4,52,111,-59,23,206,120,326,82,6,6,122,187,31,47,51,56,51,35,68,13,20,6.0,4,8,3,243,156,399,99,8,12,156,230,39,68,39,52,44,41,55,20,13,16.0,12,16,14,-37,-36,-73,-17,-2,-6,-34,-43,-8,-21,12,4,7,-6,13,-7,7,-10.0,-8,-8,-11,0
2025,2025-07-05,R18,Regular,18.0,Gabba,Brisbane Lions,Port Adelaide,1,18,12,120,92,28,23,211,128,339,97,4,15,112,225,38,55,41,35,38,33,45,26,24,2.0,13,18,9,192,154,346,87,5,14,115,227,36,55,33,51,45,45,70,24,26,3.0,10,14,7,19,-26,-7,10,-1,1,-3,-2,2,0,8,-16,-7,-12,-25,2,-2,-1.0,3,4,2,0
2025,2025-07-05,R18,Regular,18.0,Docklands,Essendon,Gold Coast,1,11,8,74,115,-41,23,190,151,341,74,6,8,136,202,35,55,34,67,40,55,53,26,22,4.0,5,11,5,199,168,367,85,12,12,139,232,38,53,44,78,45,40,65,22,26,6.0,13,18,5,-9,-17,-26,-11,-6,-4,-3,-30,-3,2,-10,-11,-5,15,-12,4,-4,-2.0,-8,-7,0,0
2025,2025-07-05,R18,Regular,18.0,Kardinia Park,Geelong,Richmond,1,18,16,124,52,72,23,236,151,387,115,12,20,128,251,42,66,38,61,25,41,45,17,12,17.0,15,18,15,204,155,359,92,6,11,111,238,33,45,46,56,40,41,50,12,17,7.0,6,7,7,32,-4,28,23,6,9,17,13,9,21,-8,5,-15,0,-5,5,-5,10.0,9,11,8,0
2025,2025-07-05,R18,Regular,18.0,Docklands,Gold Coast,Essendon,0,18,7,115,74,41,23,199,168,367,85,12,12,139,232,38,53,44,78,45,40,65,22,26,6.0,13,18,5,190,151,341,74,6,8,136,202,35,55,34,67,40,55,53,26,22,4.0,5,11,5,9,17,26,11,6,4,3,30,3,-2,10,11,5,-15,12,-4,4,2.0,8,7,0,0
2025,2025-07-05,R18,Regular,18.0,Docklands,Hawthorn,St Kilda,0,14,10,94,74,20,23,213,132,345,103,11,14,118,213,37,42,43,59,39,64,49,22,16,5.0,8,14,8,209,154,363,81,8,9,136,222,41,53,28,82,43,30,57,16,22,13.0,5,10,11,4,-22,-18,22,3,5,-18,-9,-4,-11,15,-23,-4,34,-8,6,-6,-8.0,3,4,-3,0
2025,2025-07-05,R18,Regular,18.0,Gabba,Port Adelaide,Brisbane Lions,0,14,8,92,120,-28,23,192,154,346,87,5,14,115,227,36,55,33,51,45,45,70,24,26,3.0,10,14,7,211,128,339,97,4,15,112,225,38,55,41,35,38,33,45,26,24,2.0,13,18,9,-19,26,7,-10,1,-1,3,2,-2,0,-8,16,7,12,25,-2,2,1.0,-3,-4,-2,0
2025,2025-07-05,R18,Regular,18.0,Kardinia Park,Richmond,Geelong,0,7,10,52,124,-72,23,204,155,359,92,6,11,111,238,33,45,46,56,40,41,50,12,17,7.0,6,7,7,236,151,387,115,12,20,128,251,42,66,38,61,25,41,45,17,12,17.0,15,18,15,-32,4,-28,-23,-6,-9,-17,-13,-9,-21,8,-5,15,0,5,-5,5,-10.0,-9,-11,-8,0
2025,2025-07-05,R18,Regular,18.0,Docklands,St Kilda,Hawthorn,1,10,14,74,94,-20,23,209,154,363,81,8,9,136,222,41,53,28,82,43,30,57,16,22,13.0,5,10,11,213,132,345,103,11,14,118,213,37,42,43,59,39,64,49,22,16,5.0,8,14,8,-4,22,18,-22,-3,-5,18,9,4,11,-15,23,4,-34,8,-6,6,8.0,-3,-4,3,0
2025,2025-07-06,R18,Regular,18.0,Adelaide Oval,Adelaide,Melbourne,1,13,12,90,77,13,23,199,126,325,82,11,17,129,191,33,55,30,53,53,41,65,15,17,3.0,11,13,9,222,170,392,110,9,8,133,252,27,42,42,53,42,28,57,17,15,4.0,5,11,10,-23,-44,-67,-28,2,9,-4,-61,6,13,-12,0,11,13,8,-2,2,-1.0,6,2,-1,0
2025,2025-07-06,R18,Regular,18.0,S.C.G.,Fremantle,Sydney,0,12,11,83,94,-11,23,176,141,317,81,7,11,127,197,32,51,34,53,37,35,51,18,22,8.0,8,12,8,229,110,339,105,7,12,123,207,41,48,39,81,41,37,38,22,18,9.0,10,14,7,-53,31,-22,-24,0,-1,4,-10,-9,3,-5,-28,-4,-2,13,-4,4,-1.0,-2,-2,1,0
2025,2025-07-06,R18,Regular,18.0,Adelaide Oval,Melbourne,Adelaide,0,11,11,77,90,-13,23,222,170,392,110,9,8,133,252,27,42,42,53,42,28,57,17,15,4.0,5,11,10,199,126,325,82,11,17,129,191,33,55,30,53,53,41,65,15,17,3.0,11,13,9,23,44,67,28,-2,-9,4,61,-6,-13,12,0,-11,-13,-8,2,-2,1.0,-6,-2,1,0
2025,2025-07-06,R18,Regular,18.0,S.C.G.,Sydney,Fremantle,1,14,10,94,83,11,23,229,110,339,105,7,12,123,207,41,48,39,81,41,37,38,22,18,9.0,10,14,7,176,141,317,81,7,11,127,197,32,51,34,53,37,35,51,18,22,8.0,8,12,8,53,-31,22,24,0,1,-4,10,9,-3,5,28,4,2,-13,4,-4,1.0,2,2,-1,0
2025,2025-07-10,R19,Regular,19.0,Docklands,Brisbane Lions,Carlton,0,15,13,103,66,37,23,241,142,383,130,10,14,113,260,29,61,35,69,46,40,53,25,20,1.0,10,15,12,190,154,344,69,9,18,144,196,37,45,46,59,42,45,62,20,25,2.0,7,9,11,51,-12,39,61,1,-4,-31,64,-8,16,-11,10,4,-5,-9,5,-5,-1.0,3,6,1,0
2025,2025-07-10,R19,Regular,19.0,Docklands,Carlton,Brisbane Lions,1,9,12,66,103,-37,23,190,154,344,69,9,18,144,196,37,45,46,59,42,45,62,20,25,2.0,7,9,11,241,142,383,130,10,14,113,260,29,61,35,69,46,40,53,25,20,1.0,10,15,12,-51,12,-39,-61,-1,4,31,-64,8,-16,11,-10,-4,5,9,-5,5,1.0,-3,-6,-1,0
2025,2025-07-11,R19,Regular,19.0,Carrara,Collingwood,Gold Coast,0,8,15,63,69,-6,23,176,154,330,59,10,15,136,184,33,53,33,76,41,43,72,28,24,5.0,8,8,11,192,147,339,67,7,10,139,191,46,43,44,66,57,43,57,24,28,5.0,6,10,7,-16,7,-9,-8,3,5,-3,-7,-13,10,-11,10,-16,0,15,4,-4,0.0,2,-2,4,0
2025,2025-07-11,R19,Regular,19.0,Carrara,Gold Coast,Collingwood,1,10,9,69,63,6,23,192,147,339,67,7,10,139,191,46,43,44,66,57,43,57,24,28,5.0,6,10,7,176,154,330,59,10,15,136,184,33,53,33,76,41,43,72,28,24,5.0,8,8,11,16,-7,9,8,-3,-5,3,7,13,-10,11,-10,16,0,-15,-4,4,0.0,-2,2,-4,0
2025,2025-07-12,R19,Regular,19.0,Docklands,Adelaide,Western Bulldogs,0,16,13,109,98,11,23,234,111,345,105,13,17,131,203,35,52,39,61,48,44,49,25,18,5.0,15,16,11,214,139,353,88,10,9,142,205,43,55,36,51,45,33,62,18,25,7.0,10,15,6,20,-28,-8,17,3,8,-11,-2,-8,-3,3,10,3,11,-13,7,-7,-2.0,5,1,5,0
2025,2025-07-12,R19,Regular,19.0,M.C.G.,Essendon,Richmond,0,4,13,37,46,-9,23,206,143,349,86,7,8,117,220,33,55,40,56,30,40,52,22,16,20.0,0,4,7,212,169,381,113,8,10,129,248,31,46,50,50,51,28,59,16,22,8.0,5,6,8,-6,-26,-32,-27,-1,-2,-12,-28,2,9,-10,6,-21,12,-7,6,-6,12.0,-5,-2,-1,0
2025,2025-07-12,R19,Regular,19.0,Perth Stadium,Fremantle,Hawthorn,1,12,5,77,64,13,23,200,139,339,67,8,10,135,188,40,51,42,103,57,56,63,23,18,2.0,11,12,3,208,157,365,64,9,8,156,202,39,51,39,78,46,51,72,18,23,3.0,6,9,6,-8,-18,-26,3,-1,2,-21,-14,1,0,3,25,11,5,-9,5,-5,-1.0,5,3,-3,0
2025,2025-07-12,R19,Regular,19.0,Sydney Showground,Geelong,Greater Western Sydney,0,13,7,85,111,-26,23,212,114,326,87,13,13,142,185,31,60,39,54,42,40,66,26,23,1.0,11,13,7,223,127,350,93,12,10,142,203,43,56,47,47,53,30,72,23,26,15.0,8,17,9,-11,-13,-24,-6,1,3,0,-18,-12,4,-8,7,-11,10,-6,3,-3,-14.0,3,-4,-2,0
2025,2025-07-12,R19,Regular,19.0,Sydney Showground,Greater Western Sydney,Geelong,1,17,9,111,85,26,23,223,127,350,93,12,10,142,203,43,56,47,47,53,30,72,23,26,15.0,8,17,9,212,114,326,87,13,13,142,185,31,60,39,54,42,40,66,26,23,1.0,11,13,7,11,13,24,6,-1,-3,0,18,12,-4,8,-7,11,-10,6,-3,3,14.0,-3,4,2,0
2025,2025-07-12,R19,Regular,19.0,Perth Stadium,Hawthorn,Fremantle,0,9,10,64,77,-13,23,208,157,365,64,9,8,156,202,39,51,39,78,46,51,72,18,23,3.0,6,9,6,200,139,339,67,8,10,135,188,40,51,42,103,57,56,63,23,18,2.0,11,12,3,8,18,26,-3,1,-2,21,14,-1,0,-3,-25,-11,-5,9,-5,5,1.0,-5,-3,3,0
2025,2025-07-12,R19,Regular,19.0,M.C.G.,Richmond,Essendon,1,6,10,46,37,9,23,212,169,381,113,8,10,129,248,31,46,50,50,51,28,59,16,22,8.0,5,6,8,206,143,349,86,7,8,117,220,33,55,40,56,30,40,52,22,16,20.0,0,4,7,6,26,32,27,1,2,12,28,-2,-9,10,-6,21,-12,7,-6,6,-12.0,5,2,1,0
2025,2025-07-12,R19,Regular,19.0,Docklands,Western Bulldogs,Adelaide,1,15,8,98,109,-11,23,214,139,353,88,10,9,142,205,43,55,36,51,45,33,62,18,25,7.0,10,15,6,234,111,345,105,13,17,131,203,35,52,39,61,48,44,49,25,18,5.0,15,16,11,-20,28,8,-17,-3,-8,11,2,8,3,-3,-10,-3,-11,13,-7,7,2.0,-5,-1,-5,0
2025,2025-07-13,R19,Regular,19.0,M.C.G.,Melbourne,North Melbourne,1,18,11,119,83,36,23,201,140,341,97,12,19,128,213,40,52,30,52,35,37,54,17,17,6.0,13,18,9,191,153,344,89,8,12,108,223,41,44,33,56,40,26,48,17,17,6.0,10,12,9,10,-13,-3,8,4,7,20,-10,-1,8,-3,-4,-5,11,6,0,0,0.0,3,6,0,0
2025,2025-07-13,R19,Regular,19.0,M.C.G.,North Melbourne,Melbourne,0,12,11,83,119,-36,23,191,153,344,89,8,12,108,223,41,44,33,56,40,26,48,17,17,6.0,10,12,9,201,140,341,97,12,19,128,213,40,52,30,52,35,37,54,17,17,6.0,13,18,9,-10,13,3,-8,-4,-7,-20,10,1,-8,3,4,5,-11,-6,0,0,0.0,-3,-6,0,0
2025,2025-07-13,R19,Regular,19.0,Adelaide Oval,Port Adelaide,West Coast,1,12,15,87,61,26,23,197,132,329,70,9,13,129,186,53,52,37,68,41,48,58,23,21,8.0,9,12,13,200,112,312,87,7,8,110,189,26,46,38,61,42,43,65,21,23,4.0,8,9,6,-3,20,17,-17,2,5,19,-3,27,6,-1,7,-1,5,-7,2,-2,4.0,1,3,7,0
2025,2025-07-13,R19,Regular,19.0,Docklands,St Kilda,Sydney,1,13,9,87,92,-5,23,215,141,356,89,10,9,136,215,34,56,34,73,44,23,66,27,29,14.0,8,13,5,191,123,314,78,6,14,125,185,35,48,41,68,34,52,64,30,27,11.0,11,14,7,24,18,42,11,4,-5,11,30,-1,8,-7,5,10,-29,2,-3,2,3.0,-3,-1,-2,0
2025,2025-07-13,R19,Regular,19.0,Docklands,Sydney,St Kilda,0,14,8,92,87,5,23,191,123,314,78,6,14,125,185,35,48,41,68,34,52,64,30,27,11.0,11,14,7,215,141,356,89,10,9,136,215,34,56,34,73,44,23,66,27,29,14.0,8,13,5,-24,-18,-42,-11,-4,5,-11,-30,1,-8,7,-5,-10,29,-2,3,-2,-3.0,3,1,2,0
2025,2025-07-13,R19,Regular,19.0,Adelaide Oval,West Coast,Port Adelaide,0,9,7,61,87,-26,23,200,112,312,87,7,8,110,189,26,46,38,61,42,43,65,21,23,4.0,8,9,6,197,132,329,70,9,13,129,186,53,52,37,68,41,48,58,23,21,8.0,9,12,13,3,-20,-17,17,-2,-5,-19,3,-27,-6,1,-7,1,-5,7,-2,2,-4.0,-1,-3,-7,0
2025,2025-07-17,R20,Regular,20.0,Docklands,Essendon,Greater Western Sydney,1,7,14,56,104,-48,23,188,136,324,76,13,14,128,187,31,57,36,49,43,25,46,25,11,6.0,4,7,13,245,133,378,115,18,16,136,224,41,53,48,41,50,42,77,11,25,5.0,13,16,7,-57,3,-54,-39,-5,-2,-8,-37,-10,4,-12,8,-7,-17,-31,14,-14,1.0,-9,-9,6,0
2025,2025-07-17,R20,Regular,20.0,Docklands,Greater Western Sydney,Essendon,0,16,8,104,56,48,23,245,133,378,115,18,16,136,224,41,53,48,41,50,42,77,11,25,5.0,13,16,7,188,136,324,76,13,14,128,187,31,57,36,49,43,25,46,25,11,6.0,4,7,13,57,-3,54,39,5,2,8,37,10,-4,12,-8,7,17,31,-14,14,-1.0,9,9,-6,0
2025,2025-07-18,R20,Regular,20.0,Gabba,Brisbane Lions,Western Bulldogs,1,12,14,86,76,10,23,226,138,364,86,9,12,166,200,36,64,30,73,60,55,62,16,20,0.0,9,12,14,206,133,339,74,11,12,150,182,46,44,52,82,42,39,54,20,16,4.0,5,12,2,20,5,25,12,-2,0,16,18,-10,20,-22,-9,18,16,8,-4,4,-4.0,4,0,12,0
2025,2025-07-18,R20,Regular,20.0,Gabba,Western Bulldogs,Brisbane Lions,0,12,4,76,86,-10,23,206,133,339,74,11,12,150,182,46,44,52,82,42,39,54,20,16,4.0,5,12,2,226,138,364,86,9,12,166,200,36,64,30,73,60,55,62,16,20,0.0,9,12,14,-20,-5,-25,-12,2,0,-16,-18,10,-20,22,9,-18,-16,-8,4,-4,4.0,-4,0,-12,0
2025,2025-07-19,R20,Regular,20.0,M.C.G.,Carlton,Melbourne,1,12,6,78,70,8,23,204,101,305,77,5,10,124,171,37,50,47,48,53,26,59,29,21,2.0,8,12,4,235,150,385,104,15,9,145,227,34,58,38,44,51,38,78,21,29,1.0,7,10,6,-31,-49,-80,-27,-10,1,-21,-56,3,-8,9,4,2,-12,-19,8,-8,1.0,1,2,-2,0
2025,2025-07-19,R20,Regular,20.0,York Park,Hawthorn,Port Adelaide,1,13,9,87,49,38,23,246,143,389,54,9,10,174,181,50,65,36,99,55,58,87,21,14,3.0,6,13,7,206,101,307,30,5,7,146,124,51,44,51,100,47,44,80,14,21,0.0,5,7,6,40,42,82,24,4,3,28,57,-1,21,-15,-1,8,14,7,7,-7,3.0,1,6,1,0
2025,2025-07-19,R20,Regular,20.0,M.C.G.,Melbourne,Carlton,0,10,10,70,78,-8,23,235,150,385,104,15,9,145,227,34,58,38,44,51,38,78,21,29,1.0,7,10,6,204,101,305,77,5,10,124,171,37,50,47,48,53,26,59,29,21,2.0,8,12,4,31,49,80,27,10,-1,21,56,-3,8,-9,-4,-2,12,19,-8,8,-1.0,-1,-2,2,0
2025,2025-07-19,R20,Regular,20.0,S.C.G.,North Melbourne,Sydney,0,7,11,53,84,-31,23,180,145,325,86,7,5,105,212,37,46,38,69,34,10,57,16,23,9.0,5,7,6,222,149,371,114,11,18,126,233,52,50,37,61,33,80,46,23,16,11.0,11,12,12,-42,-4,-46,-28,-4,-13,-21,-21,-15,-4,1,8,1,-70,11,-7,7,-2.0,-6,-5,-6,0
2025,2025-07-19,R20,Regular,20.0,York Park,Port Adelaide,Hawthorn,0,7,7,49,87,-38,23,206,101,307,30,5,7,146,124,51,44,51,100,47,44,80,14,21,0.0,5,7,6,246,143,389,54,9,10,174,181,50,65,36,99,55,58,87,21,14,3.0,6,13,7,-40,-42,-82,-24,-4,-3,-28,-57,1,-21,15,1,-8,-14,-7,-7,7,-3.0,-1,-6,-1,0
2025,2025-07-19,R20,Regular,20.0,Perth Stadium,Richmond,West Coast,0,16,9,105,56,49,23,219,158,377,103,15,12,127,245,36,48,40,50,36,37,50,18,20,13.0,11,16,9,197,150,347,107,10,13,113,233,36,48,31,48,35,45,51,20,18,12.0,7,8,7,22,8,30,-4,5,-1,14,12,0,0,9,2,1,-8,-1,-2,2,1.0,4,8,2,0
2025,2025-07-19,R20,Regular,20.0,S.C.G.,Sydney,North Melbourne,1,12,12,84,53,31,23,222,149,371,114,11,18,126,233,52,50,37,61,33,80,46,23,16,11.0,11,12,12,180,145,325,86,7,5,105,212,37,46,38,69,34,10,57,16,23,9.0,5,7,6,42,4,46,28,4,13,21,21,15,4,-1,-8,-1,70,-11,7,-7,2.0,6,5,6,0
2025,2025-07-19,R20,Regular,20.0,Perth Stadium,West Coast,Richmond,1,8,8,56,105,-49,23,197,150,347,107,10,13,113,233,36,48,31,48,35,45,51,20,18,12.0,7,8,7,219,158,377,103,15,12,127,245,36,48,40,50,36,37,50,18,20,13.0,11,16,9,-22,-8,-30,4,-5,1,-14,-12,0,0,-9,-2,-1,8,1,2,-2,-1.0,-4,-8,-2,0
2025,2025-07-20,R20,Regular,20.0,Adelaide Oval,Adelaide,Gold Coast,1,16,11,107,46,61,23,237,120,357,112,9,9,125,224,37,46,43,55,47,48,65,28,22,8.0,12,16,8,192,142,334,83,8,8,114,213,38,52,30,55,43,42,72,22,28,8.0,2,6,9,45,-22,23,29,1,1,11,11,-1,-6,13,0,4,6,-7,6,-6,0.0,10,10,-1,0
2025,2025-07-20,R20,Regular,20.0,M.C.G.,Collingwood,Fremantle,1,11,12,78,79,-1,23,192,158,350,59,7,8,151,191,43,63,28,86,41,49,66,24,20,6.0,7,11,9,189,163,352,83,8,9,131,215,39,40,51,65,44,39,58,20,24,9.0,9,12,5,3,-5,-2,-24,-1,-1,20,-24,4,23,-23,21,-3,10,8,4,-4,-3.0,-2,-1,4,0
2025,2025-07-20,R20,Regular,20.0,M.C.G.,Fremantle,Collingwood,0,12,7,79,78,1,23,189,163,352,83,8,9,131,215,39,40,51,65,44,39,58,20,24,9.0,9,12,5,192,158,350,59,7,8,151,191,43,63,28,86,41,49,66,24,20,6.0,7,11,9,-3,5,2,24,1,1,-20,24,-4,-23,23,-21,3,-10,-8,-4,4,3.0,2,1,-4,0
2025,2025-07-20,R20,Regular,20.0,Kardinia Park,Geelong,St Kilda,1,17,11,113,82,31,23,205,154,359,96,10,15,123,229,34,55,33,76,36,48,61,17,24,8.0,13,17,9,223,129,352,87,7,16,132,214,38,45,37,61,46,37,60,24,17,1.0,8,12,9,-18,25,7,9,3,-1,-9,15,-4,10,-4,15,-10,11,1,-7,7,7.0,5,5,0,0
2025,2025-07-20,R20,Regular,20.0,Adelaide Oval,Gold Coast,Adelaide,0,6,10,46,107,-61,23,192,142,334,83,8,8,114,213,38,52,30,55,43,42,72,22,28,8.0,2,6,9,237,120,357,112,9,9,125,224,37,46,43,55,47,48,65,28,22,8.0,12,16,8,-45,22,-23,-29,-1,-1,-11,-11,1,6,-13,0,-4,-6,7,-6,6,0.0,-10,-10,1,0
2025,2025-07-20,R20,Regular,20.0,Kardinia Park,St Kilda,Geelong,0,12,10,82,113,-31,23,223,129,352,87,7,16,132,214,38,45,37,61,46,37,60,24,17,1.0,8,12,9,205,154,359,96,10,15,123,229,34,55,33,76,36,48,61,17,24,8.0,13,17,9,18,-25,-7,-9,-3,1,9,-15,4,-10,4,-15,10,-11,-1,7,-7,-7.0,-5,-5,0,0
2025,2025-07-24,R21,Regular,21.0,M.C.G.,Carlton,Hawthorn,0,9,7,61,85,-24,23,207,123,330,95,9,12,129,203,39,45,30,60,34,26,57,23,14,4.0,5,9,6,215,171,386,116,15,16,121,267,27,44,36,67,57,40,57,14,23,12.0,8,13,6,-8,-48,-56,-21,-6,-4,8,-64,12,1,-6,-7,-23,-14,0,9,-9,-8.0,-3,-4,0,0
2025,2025-07-24,R21,Regular,21.0,M.C.G.,Hawthorn,Carlton,1,13,7,85,61,24,23,215,171,386,116,15,16,121,267,27,44,36,67,57,40,57,14,23,12.0,8,13,6,207,123,330,95,9,12,129,203,39,45,30,60,34,26,57,23,14,4.0,5,9,6,8,48,56,21,6,4,-8,64,-12,-1,6,7,23,14,0,-9,9,8.0,3,4,0,0
2025,2025-07-25,R21,Regular,21.0,Docklands,Essendon,Western Bulldogs,1,7,8,50,143,-93,23,167,169,336,71,7,10,123,211,34,46,31,55,38,40,67,20,18,6.0,7,7,6,246,156,402,126,17,18,130,270,39,56,39,58,50,29,55,18,20,8.0,18,22,9,-79,13,-66,-55,-10,-8,-7,-59,-5,-10,-8,-3,-12,11,12,2,-2,-2.0,-11,-15,-3,0
2025,2025-07-25,R21,Regular,21.0,Sydney Showground,Greater Western Sydney,Sydney,1,15,12,102,58,44,23,211,121,332,102,21,15,131,193,27,54,35,58,44,26,48,24,18,14.0,7,15,12,184,150,334,73,7,3,123,212,41,44,37,64,48,36,58,18,24,10.0,6,8,10,27,-29,-2,29,14,12,8,-19,-14,10,-2,-6,-4,-10,-10,6,-6,4.0,1,7,2,0
2025,2025-07-25,R21,Regular,21.0,Sydney Showground,Sydney,Greater Western Sydney,0,8,10,58,102,-44,23,184,150,334,73,7,3,123,212,41,44,37,64,48,36,58,18,24,10.0,6,8,10,211,121,332,102,21,15,131,193,27,54,35,58,44,26,48,24,18,14.0,7,15,12,-27,29,2,-29,-14,-12,-8,19,14,-10,2,6,4,10,10,-6,6,-4.0,-1,-7,-2,0
2025,2025-07-25,R21,Regular,21.0,Docklands,Western Bulldogs,Essendon,0,22,11,143,50,93,23,246,156,402,126,17,18,130,270,39,56,39,58,50,29,55,18,20,8.0,18,22,9,167,169,336,71,7,10,123,211,34,46,31,55,38,40,67,20,18,6.0,7,7,6,79,-13,66,55,10,8,7,59,5,10,8,3,12,-11,-12,-2,2,2.0,11,15,3,0
2025,2025-07-26,R21,Regular,21.0,Adelaide Oval,Adelaide,Port Adelaide,1,20,13,133,35,98,23,248,120,368,48,9,14,172,174,52,65,36,103,49,51,78,33,21,3.0,14,20,12,206,94,300,37,4,4,149,108,45,43,45,73,39,46,82,21,33,1.0,2,5,3,42,26,68,11,5,10,23,66,7,22,-9,30,10,5,-4,12,-12,2.0,12,15,9,0
2025,2025-07-26,R21,Regular,21.0,Carrara,Brisbane Lions,Gold Coast,0,9,10,64,130,-66,23,205,159,364,63,3,6,149,210,40,53,43,73,60,51,61,19,18,5.0,7,9,8,212,224,436,75,10,11,161,270,52,64,43,77,58,52,53,18,19,4.0,16,20,8,-7,-65,-72,-12,-7,-5,-12,-60,-12,-11,0,-4,2,-1,8,1,-1,1.0,-9,-11,0,0
2025,2025-07-26,R21,Regular,21.0,Perth Stadium,Fremantle,West Coast,1,18,18,126,77,49,23,188,154,342,72,11,13,131,210,46,56,30,45,43,42,57,26,25,13.0,12,18,16,176,113,289,79,8,10,108,178,27,42,37,45,42,33,62,25,26,16.0,7,12,5,12,41,53,-7,3,3,23,32,19,14,-7,0,1,9,-5,1,-1,-3.0,5,6,11,0
2025,2025-07-26,R21,Regular,21.0,Docklands,Geelong,North Melbourne,0,22,18,150,49,101,23,226,149,375,105,15,27,132,233,44,77,29,67,30,50,52,23,19,3.0,17,22,16,204,154,358,100,11,9,116,229,34,36,54,57,30,31,63,19,23,8.0,4,7,5,22,-5,17,5,4,18,16,4,10,41,-25,10,0,19,-11,4,-4,-5.0,13,15,11,0
2025,2025-07-26,R21,Regular,21.0,Carrara,Gold Coast,Brisbane Lions,1,20,10,130,64,66,23,212,224,436,75,10,11,161,270,52,64,43,77,58,52,53,18,19,4.0,16,20,8,205,159,364,63,3,6,149,210,40,53,43,73,60,51,61,19,18,5.0,7,9,8,7,65,72,12,7,5,12,60,12,11,0,4,-2,1,-8,-1,1,-1.0,9,11,0,0
2025,2025-07-26,R21,Regular,21.0,Docklands,North Melbourne,Geelong,1,7,7,49,150,-101,23,204,154,358,100,11,9,116,229,34,36,54,57,30,31,63,19,23,8.0,4,7,5,226,149,375,105,15,27,132,233,44,77,29,67,30,50,52,23,19,3.0,17,22,16,-22,5,-17,-5,-4,-18,-16,-4,-10,-41,25,-10,0,-19,11,-4,4,5.0,-13,-15,-11,0
2025,2025-07-26,R21,Regular,21.0,Adelaide Oval,Port Adelaide,Adelaide,0,5,5,35,133,-98,23,206,94,300,37,4,4,149,108,45,43,45,73,39,46,82,21,33,1.0,2,5,3,248,120,368,48,9,14,172,174,52,65,36,103,49,51,78,33,21,3.0,14,20,12,-42,-26,-68,-11,-5,-10,-23,-66,-7,-22,9,-30,-10,-5,4,-12,12,-2.0,-12,-15,-9,0
2025,2025-07-26,R21,Regular,21.0,Perth Stadium,West Coast,Fremantle,0,12,5,77,126,-49,23,176,113,289,79,8,10,108,178,27,42,37,45,42,33,62,25,26,16.0,7,12,5,188,154,342,72,11,13,131,210,46,56,30,45,43,42,57,26,25,13.0,12,18,16,-12,-41,-53,7,-3,-3,-23,-32,-19,-14,7,0,-1,-9,5,-1,1,3.0,-5,-6,-11,0
2025,2025-07-27,R21,Regular,21.0,M.C.G.,Collingwood,Richmond,0,13,15,93,57,36,23,233,190,423,97,9,11,139,278,30,56,34,57,49,30,53,13,19,2.0,8,13,10,199,166,365,93,10,12,133,226,27,43,43,39,54,38,53,19,13,4.0,6,8,8,34,24,58,4,-1,-1,6,52,3,13,-9,18,-5,-8,0,-6,6,-2.0,2,5,2,0
2025,2025-07-27,R21,Regular,21.0,Docklands,Melbourne,St Kilda,0,13,12,90,96,-6,23,205,113,318,98,13,15,124,196,40,52,28,76,40,58,43,21,15,4.0,10,13,10,204,151,355,96,6,14,124,228,41,43,38,60,39,32,55,16,21,7.0,14,15,5,1,-38,-37,2,7,1,0,-32,-1,9,-10,16,1,26,-12,5,-6,-3.0,-4,-2,5,0
2025,2025-07-27,R21,Regular,21.0,M.C.G.,Richmond,Collingwood,1,8,9,57,93,-36,23,199,166,365,93,10,12,133,226,27,43,43,39,54,38,53,19,13,4.0,6,8,8,233,190,423,97,9,11,139,278,30,56,34,57,49,30,53,13,19,2.0,8,13,10,-34,-24,-58,-4,1,1,-6,-52,-3,-13,9,-18,5,8,0,6,-6,2.0,-2,-5,-2,0
2025,2025-07-27,R21,Regular,21.0,Docklands,St Kilda,Melbourne,1,15,6,96,90,6,23,204,151,355,96,6,14,124,228,41,43,38,60,39,32,55,16,21,7.0,14,15,5,205,113,318,98,13,15,124,196,40,52,28,76,40,58,43,21,15,4.0,10,13,10,-1,38,37,-2,-7,-1,0,32,1,-9,10,-16,-1,-26,12,-5,6,3.0,4,2,-5,0
2025,2025-07-31,R22,Regular,22.0,Docklands,Greater Western Sydney,Western Bulldogs,0,6,8,44,132,-88,23,194,111,305,102,5,6,86,204,24,36,38,44,36,40,65,19,32,5.0,5,6,5,214,133,347,99,17,20,137,208,41,58,28,34,42,26,44,32,19,12.0,13,19,15,-20,-22,-42,3,-12,-14,-51,-4,-17,-22,10,10,-6,14,21,-13,13,-7.0,-8,-13,-10,0
2025,2025-07-31,R22,Regular,22.0,Docklands,Western Bulldogs,Greater Western Sydney,1,19,18,132,44,88,23,214,133,347,99,17,20,137,208,41,58,28,34,42,26,44,32,19,12.0,13,19,15,194,111,305,102,5,6,86,204,24,36,38,44,36,40,65,19,32,5.0,5,6,5,20,22,42,-3,12,14,51,4,17,22,-10,-10,6,-14,-21,13,-13,7.0,8,13,10,0
2025,2025-08-01,R22,Regular,22.0,Adelaide Oval,Adelaide,Hawthorn,1,15,11,101,87,14,23,215,104,319,78,12,11,146,163,39,55,36,58,43,45,67,22,21,8.0,12,15,8,186,169,355,67,9,10,135,213,48,49,40,64,43,48,53,21,22,3.0,9,13,9,29,-65,-36,11,3,1,11,-50,-9,6,-4,-6,0,-3,14,1,-1,5.0,3,2,-1,0
2025,2025-08-01,R22,Regular,22.0,Adelaide Oval,Hawthorn,Adelaide,0,13,9,87,101,-14,23,186,169,355,67,9,10,135,213,48,49,40,64,43,48,53,21,22,3.0,9,13,9,215,104,319,78,12,11,146,163,39,55,36,58,43,45,67,22,21,8.0,12,15,8,-29,65,36,-11,-3,-1,-11,50,9,-6,4,6,0,3,-14,-1,1,-5.0,-3,-2,1,0
2025,2025-08-02,R22,Regular,22.0,M.C.G.,Brisbane Lions,Collingwood,0,14,8,92,65,27,23,224,152,376,83,4,13,139,235,51,48,34,65,63,40,49,20,13,0.0,10,14,6,167,124,291,67,9,12,117,167,34,45,32,66,54,46,66,13,20,3.0,7,10,3,57,28,85,16,-5,1,22,68,17,3,2,-1,9,-6,-17,7,-7,-3.0,3,4,3,0
2025,2025-08-02,R22,Regular,22.0,M.C.G.,Collingwood,Brisbane Lions,1,10,5,65,92,-27,23,167,124,291,67,9,12,117,167,34,45,32,66,54,46,66,13,20,3.0,7,10,3,224,152,376,83,4,13,139,235,51,48,34,65,63,40,49,20,13,0.0,10,14,6,-57,-28,-85,-16,5,-1,-22,-68,-17,-3,-2,1,-9,6,17,-7,7,3.0,-3,-4,-3,0
2025,2025-08-02,R22,Regular,22.0,S.C.G.,Essendon,Sydney,0,7,12,54,68,-14,23,175,127,302,42,7,4,125,158,37,45,51,50,37,26,41,23,15,6.0,2,7,8,243,172,415,136,16,19,133,273,33,61,38,44,34,36,53,15,23,3.0,8,9,11,-68,-45,-113,-94,-9,-15,-8,-115,4,-16,13,6,3,-10,-12,8,-8,3.0,-6,-2,-3,0
2025,2025-08-02,R22,Regular,22.0,Carrara,Gold Coast,Richmond,1,16,11,107,23,84,23,226,170,396,123,13,22,119,274,37,56,32,59,33,41,51,18,20,6.0,11,16,8,168,143,311,86,7,7,95,213,24,34,40,44,34,35,50,20,18,7.0,2,2,9,58,27,85,37,6,15,24,61,13,22,-8,15,-1,6,1,-2,2,-1.0,9,14,-1,0
2025,2025-08-02,R22,Regular,22.0,Docklands,Melbourne,West Coast,1,21,13,139,56,83,23,222,164,386,103,14,17,145,239,40,58,36,57,43,36,46,15,13,12.0,16,21,9,177,135,312,84,6,13,103,195,30,45,37,48,49,37,46,13,15,8.0,6,8,6,45,29,74,19,8,4,42,44,10,13,-1,9,-6,-1,0,2,-2,4.0,10,13,3,0
2025,2025-08-02,R22,Regular,22.0,Carrara,Richmond,Gold Coast,0,2,11,23,107,-84,23,168,143,311,86,7,7,95,213,24,34,40,44,34,35,50,20,18,7.0,2,2,9,226,170,396,123,13,22,119,274,37,56,32,59,33,41,51,18,20,6.0,11,16,8,-58,-27,-85,-37,-6,-15,-24,-61,-13,-22,8,-15,1,-6,-1,2,-2,1.0,-9,-14,1,0
2025,2025-08-02,R22,Regular,22.0,S.C.G.,Sydney,Essendon,1,9,14,68,54,14,23,243,172,415,136,16,19,133,273,33,61,38,44,34,36,53,15,23,3.0,8,9,11,175,127,302,42,7,4,125,158,37,45,51,50,37,26,41,23,15,6.0,2,7,8,68,45,113,94,9,15,8,115,-4,16,-13,-6,-3,10,12,-8,8,-3.0,6,2,3,0
2025,2025-08-02,R22,Regular,22.0,Docklands,West Coast,Melbourne,0,8,8,56,139,-83,23,177,135,312,84,6,13,103,195,30,45,37,48,49,37,46,13,15,8.0,6,8,6,222,164,386,103,14,17,145,239,40,58,36,57,43,36,46,15,13,12.0,16,21,9,-45,-29,-74,-19,-8,-4,-42,-44,-10,-13,1,-9,6,1,0,-2,2,-4.0,-10,-13,-3,0
2025,2025-08-03,R22,Regular,22.0,Perth Stadium,Carlton,Fremantle,0,10,7,67,94,-27,23,199,167,366,66,11,10,153,215,43,46,29,88,42,51,69,21,27,0.0,6,10,5,179,136,315,53,11,6,164,154,50,44,35,87,55,42,69,27,21,8.0,11,15,3,20,31,51,13,0,4,-11,61,-7,2,-6,1,-13,9,0,-6,6,-8.0,-5,-5,2,0
2025,2025-08-03,R22,Regular,22.0,Perth Stadium,Fremantle,Carlton,1,15,4,94,67,27,23,179,136,315,53,11,6,164,154,50,44,35,87,55,42,69,27,21,8.0,11,15,3,199,167,366,66,11,10,153,215,43,46,29,88,42,51,69,21,27,0.0,6,10,5,-20,-31,-51,-13,0,-4,11,-61,7,-2,6,-1,13,-9,0,6,-6,8.0,5,5,-2,0
2025,2025-08-03,R22,Regular,22.0,Kardinia Park,Geelong,Port Adelaide,1,23,15,153,65,88,23,254,155,409,127,17,29,150,253,37,69,24,59,37,26,43,16,17,9.0,21,23,14,175,142,317,66,2,6,130,186,34,33,43,73,40,58,53,17,16,2.0,7,9,9,79,13,92,61,15,23,20,67,3,36,-19,-14,-3,-32,-10,-1,1,7.0,14,14,5,0
2025,2025-08-03,R22,Regular,22.0,Docklands,North Melbourne,St Kilda,0,10,9,69,78,-9,23,217,147,364,119,14,15,102,253,31,38,43,43,43,27,48,16,21,5.0,9,10,6,199,135,334,77,12,13,129,191,30,54,28,41,46,41,53,21,16,15.0,7,11,10,18,12,30,42,2,2,-27,62,1,-16,15,2,-3,-14,-5,-5,5,-10.0,2,-1,-4,0
2025,2025-08-03,R22,Regular,22.0,Kardinia Park,Port Adelaide,Geelong,0,9,11,65,153,-88,23,175,142,317,66,2,6,130,186,34,33,43,73,40,58,53,17,16,2.0,7,9,9,254,155,409,127,17,29,150,253,37,69,24,59,37,26,43,16,17,9.0,21,23,14,-79,-13,-92,-61,-15,-23,-20,-67,-3,-36,19,14,3,32,10,1,-1,-7.0,-14,-14,-5,0
2025,2025-08-03,R22,Regular,22.0,Docklands,St Kilda,North Melbourne,1,11,12,78,69,9,23,199,135,334,77,12,13,129,191,30,54,28,41,46,41,53,21,16,15.0,7,11,10,217,147,364,119,14,15,102,253,31,38,43,43,43,27,48,16,21,5.0,9,10,6,-18,-12,-30,-42,-2,-2,27,-62,-1,16,-15,-2,3,14,5,5,-5,10.0,-2,1,4,0
2025,2025-08-07,R23,Regular,23.0,M.C.G.,Collingwood,Hawthorn,0,6,10,46,110,-64,23,174,158,332,77,4,9,107,222,30,44,32,42,39,25,58,18,20,5.0,6,6,10,243,165,408,110,9,18,125,278,35,50,37,37,37,35,54,20,18,9.0,13,17,7,-69,-7,-76,-33,-5,-9,-18,-56,-5,-6,-5,5,2,-10,4,-2,2,-4.0,-7,-11,3,0
2025,2025-08-07,R23,Regular,23.0,M.C.G.,Hawthorn,Collingwood,1,17,8,110,46,64,23,243,165,408,110,9,18,125,278,35,50,37,37,37,35,54,20,18,9.0,13,17,7,174,158,332,77,4,9,107,222,30,44,32,42,39,25,58,18,20,5.0,6,6,10,69,7,76,33,5,9,18,56,5,6,5,-5,-2,10,-4,2,-2,4.0,7,11,-3,0
2025,2025-08-08,R23,Regular,23.0,Kardinia Park,Essendon,Geelong,0,10,5,65,109,-44,23,197,136,333,92,12,11,112,203,26,47,36,66,24,31,69,18,17,5.0,5,10,5,217,134,351,108,14,21,127,228,35,52,35,58,27,44,56,17,18,4.0,13,15,18,-20,2,-18,-16,-2,-10,-15,-25,-9,-5,1,8,-3,-13,13,1,-1,1.0,-8,-5,-13,0
2025,2025-08-08,R23,Regular,23.0,Kardinia Park,Geelong,Essendon,1,15,19,109,65,44,23,217,134,351,108,14,21,127,228,35,52,35,58,27,44,56,17,18,4.0,13,15,18,197,136,333,92,12,11,112,203,26,47,36,66,24,31,69,18,17,5.0,5,10,5,20,-2,18,16,2,10,15,25,9,5,-1,-8,3,13,-13,-1,1,-1.0,8,5,13,0
2025,2025-08-09,R23,Regular,23.0,Gabba,Brisbane Lions,Sydney,1,13,12,90,92,-2,23,244,133,377,121,7,10,104,254,40,65,39,42,45,29,57,16,17,4.0,10,13,12,214,173,387,92,10,18,119,253,21,52,49,36,37,35,62,17,16,15.0,9,13,12,30,-40,-10,29,-3,-8,-15,1,19,13,-10,6,8,-6,-5,-1,1,-11.0,1,0,0,0
2025,2025-08-09,R23,Regular,23.0,Docklands,Carlton,Gold Coast,1,11,8,74,93,-19,23,177,148,325,60,8,10,132,187,35,46,41,77,38,30,64,25,28,8.0,8,11,7,198,130,328,91,12,16,129,191,36,55,35,68,32,50,56,28,25,5.0,9,13,10,-21,18,-3,-31,-4,-6,3,-4,-1,-9,6,9,6,-20,8,-3,3,3.0,-1,-2,-3,0
2025,2025-08-09,R23,Regular,23.0,Adelaide Oval,Fremantle,Port Adelaide,0,13,14,92,86,6,23,190,152,342,76,11,11,127,214,43,54,31,39,42,23,59,12,29,3.0,7,13,11,218,133,351,107,13,11,126,214,25,46,39,56,48,34,60,29,12,5.0,6,13,7,-28,19,-9,-31,-2,0,1,0,18,8,-8,-17,-6,-11,-1,-17,17,-2.0,1,0,4,0
2025,2025-08-09,R23,Regular,23.0,Docklands,Gold Coast,Carlton,0,13,15,93,74,19,23,198,130,328,91,12,16,129,191,36,55,35,68,32,50,56,28,25,5.0,9,13,10,177,148,325,60,8,10,132,187,35,46,41,77,38,30,64,25,28,8.0,8,11,7,21,-18,3,31,4,6,-3,4,1,9,-6,-9,-6,20,-8,3,-3,-3.0,1,2,3,0
2025,2025-08-09,R23,Regular,23.0,Adelaide Oval,Port Adelaide,Fremantle,1,13,8,86,92,-6,23,218,133,351,107,13,11,126,214,25,46,39,56,48,34,60,29,12,5.0,6,13,7,190,152,342,76,11,11,127,214,43,54,31,39,42,23,59,12,29,3.0,7,13,11,28,-19,9,31,2,0,-1,0,-18,-8,8,17,6,11,1,17,-17,2.0,-1,0,-4,0
2025,2025-08-09,R23,Regular,23.0,M.C.G.,Richmond,St Kilda,1,7,10,52,56,-4,23,204,128,332,100,11,7,120,206,36,40,35,41,36,41,51,16,18,4.0,6,7,8,257,137,394,151,7,12,109,273,31,43,34,80,40,26,56,18,16,7.0,6,8,6,-53,-9,-62,-51,4,-5,11,-67,5,-3,1,-39,-4,15,-5,-2,2,-3.0,0,-1,2,0
2025,2025-08-09,R23,Regular,23.0,M.C.G.,St Kilda,Richmond,0,8,8,56,52,4,23,257,137,394,151,7,12,109,273,31,43,34,80,40,26,56,18,16,7.0,6,8,6,204,128,332,100,11,7,120,206,36,40,35,41,36,41,51,16,18,4.0,6,7,8,53,9,62,51,-4,5,-11,67,-5,3,-1,39,4,-15,5,2,-2,3.0,0,1,-2,0
2025,2025-08-09,R23,Regular,23.0,Gabba,Sydney,Brisbane Lions,0,13,14,92,90,2,23,214,173,387,92,10,18,119,253,21,52,49,36,37,35,62,17,16,15.0,9,13,12,244,133,377,121,7,10,104,254,40,65,39,42,45,29,57,16,17,4.0,10,13,12,-30,40,10,-29,3,8,15,-1,-19,-13,10,-6,-8,6,5,1,-1,11.0,-1,0,0,0
2025,2025-08-10,R23,Regular,23.0,Perth Stadium,Adelaide,West Coast,0,13,9,87,78,9,23,215,125,340,90,9,7,137,202,44,51,24,68,46,63,63,22,21,6.0,7,13,8,182,117,299,80,10,10,128,178,33,37,38,72,47,28,54,21,22,6.0,7,12,5,33,8,41,10,-1,-3,9,24,11,14,-14,-4,-1,35,9,1,-1,0.0,0,1,3,0
2025,2025-08-10,R23,Regular,23.0,Manuka Oval,Greater Western Sydney,North Melbourne,1,20,13,133,79,54,23,200,158,358,102,13,21,133,223,46,56,33,68,30,35,55,22,21,14.0,16,20,12,187,110,297,82,4,9,115,182,39,46,35,68,28,45,47,21,22,9.0,10,12,7,13,48,61,20,9,12,18,41,7,10,-2,0,2,-10,8,1,-1,5.0,6,8,5,0
2025,2025-08-10,R23,Regular,23.0,M.C.G.,Melbourne,Western Bulldogs,1,15,9,99,105,-6,23,215,165,380,86,12,10,139,235,31,47,47,50,48,52,53,13,16,5.0,11,15,8,225,163,388,104,11,14,137,248,46,62,32,49,52,30,46,16,13,5.0,12,15,12,-10,2,-8,-18,1,-4,2,-13,-15,-15,15,1,-4,22,7,-3,3,0.0,-1,0,-4,0
2025,2025-08-10,R23,Regular,23.0,Manuka Oval,North Melbourne,Greater Western Sydney,0,12,7,79,133,-54,23,187,110,297,82,4,9,115,182,39,46,35,68,28,45,47,21,22,9.0,10,12,7,200,158,358,102,13,21,133,223,46,56,33,68,30,35,55,22,21,14.0,16,20,12,-13,-48,-61,-20,-9,-12,-18,-41,-7,-10,2,0,-2,10,-8,-1,1,-5.0,-6,-8,-5,0
2025,2025-08-10,R23,Regular,23.0,Perth Stadium,West Coast,Adelaide,1,12,6,78,87,-9,23,182,117,299,80,10,10,128,178,33,37,38,72,47,28,54,21,22,6.0,7,12,5,215,125,340,90,9,7,137,202,44,51,24,68,46,63,63,22,21,6.0,7,13,8,-33,-8,-41,-10,1,3,-9,-24,-11,-14,14,4,1,-35,-9,-1,1,0.0,0,-1,-3,0
2025,2025-08-10,R23,Regular,23.0,M.C.G.,Western Bulldogs,Melbourne,0,15,15,105,99,6,23,225,163,388,104,11,14,137,248,46,62,32,49,52,30,46,16,13,5.0,12,15,12,215,165,380,86,12,10,139,235,31,47,47,50,48,52,53,13,16,5.0,11,15,8,10,-2,8,18,-1,4,-2,13,15,15,-15,-1,4,-22,-7,3,-3,0.0,1,0,4,0
2025,2025-08-15,R24,Regular,24.0,Perth Stadium,Brisbane Lions,Fremantle,0,15,11,101,44,57,23,268,127,395,159,12,14,126,261,32,51,42,37,39,19,44,20,18,8.0,9,15,10,168,121,289,61,7,10,113,171,26,48,35,41,46,36,49,18,20,5.0,5,5,11,100,6,106,98,5,4,13,90,6,3,7,-4,-7,-17,-5,2,-2,3.0,4,10,-1,0
2025,2025-08-15,R24,Regular,24.0,Docklands,Essendon,St Kilda,1,11,9,75,77,-2,23,225,144,369,115,5,13,120,235,28,45,31,66,32,52,53,21,24,8.0,9,11,9,191,140,331,82,4,14,118,208,37,43,33,67,41,32,50,25,21,6.0,8,11,10,34,4,38,33,1,-1,2,27,-9,2,-2,-1,-9,20,3,-4,3,2.0,1,0,-1,0
2025,2025-08-15,R24,Regular,24.0,Perth Stadium,Fremantle,Brisbane Lions,1,5,14,44,101,-57,23,168,121,289,61,7,10,113,171,26,48,35,41,46,36,49,18,20,5.0,5,5,11,268,127,395,159,12,14,126,261,32,51,42,37,39,19,44,20,18,8.0,9,15,10,-100,-6,-106,-98,-5,-4,-13,-90,-6,-3,-7,4,7,17,5,-2,2,-3.0,-4,-10,1,0
2025,2025-08-15,R24,Regular,24.0,Docklands,St Kilda,Essendon,0,11,11,77,75,2,23,191,140,331,82,4,14,118,208,37,43,33,67,41,32,50,25,21,6.0,8,11,10,225,144,369,115,5,13,120,235,28,45,31,66,32,52,53,21,24,8.0,9,11,9,-34,-4,-38,-33,-1,1,-2,-27,9,-2,2,1,9,-20,-3,4,-3,-2.0,-1,0,1,0
2025,2025-08-16,R24,Regular,24.0,Adelaide Oval,Adelaide,Collingwood,1,9,5,59,56,3,23,219,122,341,83,13,5,154,181,38,37,63,63,51,60,75,25,18,3.0,6,9,2,211,128,339,76,9,10,137,189,52,71,28,85,46,36,61,18,25,1.0,6,8,8,8,-6,2,7,4,-5,17,-8,-14,-34,35,-22,5,24,14,7,-7,2.0,0,1,-6,0
2025,2025-08-16,R24,Regular,24.0,Docklands,Carlton,Port Adelaide,1,18,10,118,64,54,23,221,154,375,93,17,18,143,231,41,65,28,42,42,31,48,14,16,3.0,14,18,9,173,133,306,79,7,16,107,192,30,38,47,53,31,39,43,16,14,4.0,8,9,10,48,21,69,14,10,2,36,39,11,27,-19,-11,11,-8,5,-2,2,-1.0,6,9,-1,0
2025,2025-08-16,R24,Regular,24.0,Adelaide Oval,Collingwood,Adelaide,0,8,8,56,59,-3,23,211,128,339,76,9,10,137,189,52,71,28,85,46,36,61,18,25,1.0,6,8,8,219,122,341,83,13,5,154,181,38,37,63,63,51,60,75,25,18,3.0,6,9,2,-8,6,-2,-7,-4,5,-17,8,14,34,-35,22,-5,-24,-14,-7,7,-2.0,0,-1,6,0
2025,2025-08-16,R24,Regular,24.0,Carrara,Gold Coast,Greater Western Sydney,1,11,10,76,111,-35,23,177,142,319,72,10,11,128,194,37,51,38,50,43,52,52,27,19,8.0,10,11,8,218,145,363,88,7,11,136,213,31,56,40,68,37,24,55,19,27,11.0,13,17,8,-41,-3,-44,-16,3,0,-8,-19,6,-5,-2,-18,6,28,-3,8,-8,-3.0,-3,-6,0,0
2025,2025-08-16,R24,Regular,24.0,Carrara,Greater Western Sydney,Gold Coast,0,17,9,111,76,35,23,218,145,363,88,7,11,136,213,31,56,40,68,37,24,55,19,27,11.0,13,17,8,177,142,319,72,10,11,128,194,37,51,38,50,43,52,52,27,19,8.0,10,11,8,41,3,44,16,-3,0,8,19,-6,5,2,18,-6,-28,3,-8,8,3.0,3,6,0,0
2025,2025-08-16,R24,Regular,24.0,M.C.G.,Hawthorn,Melbourne,1,13,14,92,56,36,23,233,173,406,102,8,20,143,254,35,49,46,55,47,31,65,14,20,7.0,13,13,13,211,165,376,68,4,8,144,217,40,56,35,68,41,43,76,20,14,3.0,5,8,7,22,8,30,34,4,12,-1,37,-5,-7,11,-13,6,-12,-11,-6,6,4.0,8,5,6,0
2025,2025-08-16,R24,Regular,24.0,M.C.G.,Melbourne,Hawthorn,0,8,8,56,92,-36,23,211,165,376,68,4,8,144,217,40,56,35,68,41,43,76,20,14,3.0,5,8,7,233,173,406,102,8,20,143,254,35,49,46,55,47,31,65,14,20,7.0,13,13,13,-22,-8,-30,-34,-4,-12,1,-37,5,7,-11,13,-6,12,11,6,-6,-4.0,-8,-5,-6,0
2025,2025-08-16,R24,Regular,24.0,Docklands,Port Adelaide,Carlton,0,9,10,64,118,-54,23,173,133,306,79,7,16,107,192,30,38,47,53,31,39,43,16,14,4.0,8,9,10,221,154,375,93,17,18,143,231,41,65,28,42,42,31,48,14,16,3.0,14,18,9,-48,-21,-69,-14,-10,-2,-36,-39,-11,-27,19,11,-11,8,-5,2,-2,1.0,-6,-9,1,0
2025,2025-08-17,R24,Regular,24.0,S.C.G.,Geelong,Sydney,0,16,15,111,68,43,23,227,117,344,114,11,17,122,212,33,55,37,63,32,47,41,14,13,3.0,13,16,14,193,156,349,79,5,11,125,204,43,47,36,62,32,43,53,13,14,3.0,6,10,6,34,-39,-5,35,6,6,-3,8,-10,8,1,1,0,4,-12,1,-1,0.0,7,6,8,0
2025,2025-08-17,R24,Regular,24.0,Bellerive Oval,North Melbourne,Richmond,1,20,15,135,87,48,23,211,220,431,81,11,16,159,273,49,62,27,64,33,42,54,13,16,11.0,15,20,14,167,130,297,57,14,10,124,160,40,42,39,71,41,41,51,16,13,0.0,8,13,7,44,90,134,24,-3,6,35,113,9,20,-12,-7,-8,1,3,-3,3,11.0,7,7,7,0
2025,2025-08-17,R24,Regular,24.0,Bellerive Oval,Richmond,North Melbourne,0,13,9,87,135,-48,23,167,130,297,57,14,10,124,160,40,42,39,71,41,41,51,16,13,0.0,8,13,7,211,220,431,81,11,16,159,273,49,62,27,64,33,42,54,13,16,11.0,15,20,14,-44,-90,-134,-24,3,-6,-35,-113,-9,-20,12,7,8,-1,-3,3,-3,-11.0,-7,-7,-7,0
2025,2025-08-17,R24,Regular,24.0,S.C.G.,Sydney,Geelong,1,10,8,68,111,-43,23,193,156,349,79,5,11,125,204,43,47,36,62,32,43,53,13,14,3.0,6,10,6,227,117,344,114,11,17,122,212,33,55,37,63,32,47,41,14,13,3.0,13,16,14,-34,39,5,-35,-6,-6,3,-8,10,-8,-1,-1,0,-4,12,-1,1,0.0,-7,-6,-8,0
2025,2025-08-17,R24,Regular,24.0,Docklands,West Coast,Western Bulldogs,0,4,8,32,126,-94,23,185,156,341,79,8,11,119,212,38,42,38,73,37,50,50,17,14,9.0,4,4,8,214,165,379,98,14,19,136,252,40,58,36,55,48,39,48,14,17,14.0,17,19,12,-29,-9,-38,-19,-6,-8,-17,-40,-2,-16,2,18,-11,11,2,3,-3,-5.0,-13,-15,-4,0
2025,2025-08-17,R24,Regular,24.0,Docklands,Western Bulldogs,West Coast,1,19,12,126,32,94,23,214,165,379,98,14,19,136,252,40,58,36,55,48,39,48,14,17,14.0,17,19,12,185,156,341,79,8,11,119,212,38,42,38,73,37,50,50,17,14,9.0,4,4,8,29,9,38,19,6,8,17,40,2,16,-2,-18,11,-11,-2,-3,3,5.0,13,15,4,0
2025,2025-08-21,R25,Regular,25.0,M.C.G.,Carlton,Essendon,0,13,12,90,56,34,23,222,175,397,114,12,13,115,277,38,58,30,42,33,30,58,19,19,9.0,11,13,9,201,181,382,99,8,8,117,259,27,39,45,49,29,28,66,19,19,10.0,7,8,7,21,-6,15,15,4,5,-2,18,11,19,-15,-7,4,2,-8,0,0,-1.0,4,5,2,0
2025,2025-08-21,R25,Regular,25.0,M.C.G.,Essendon,Carlton,1,8,8,56,90,-34,23,201,181,382,99,8,8,117,259,27,39,45,49,29,28,66,19,19,10.0,7,8,7,222,175,397,114,12,13,115,277,38,58,30,42,33,30,58,19,19,9.0,11,13,9,-21,6,-15,-15,-4,-5,2,-18,-11,-19,15,7,-4,-2,8,0,0,1.0,-4,-5,-2,0
2025,2025-08-22,R25,Regular,25.0,M.C.G.,Collingwood,Melbourne,1,11,16,82,76,6,23,232,115,347,123,10,19,107,222,26,52,43,49,36,29,56,22,23,1.0,9,11,14,228,168,396,110,15,10,134,252,38,55,39,40,37,27,67,23,22,2.0,10,11,8,4,-53,-49,13,-5,9,-27,-30,-12,-3,4,9,-1,2,-11,-1,1,-1.0,-1,0,6,0
2025,2025-08-22,R25,Regular,25.0,Adelaide Oval,Gold Coast,Port Adelaide,0,9,13,67,71,-4,23,181,144,325,66,12,10,122,190,29,53,37,61,39,43,74,16,33,11.0,8,9,9,210,127,337,81,7,8,124,199,32,48,44,57,41,34,60,33,16,6.0,7,10,9,-29,17,-12,-15,5,2,-2,-9,-3,5,-7,4,-2,9,14,-17,17,5.0,1,-1,0,0
2025,2025-08-22,R25,Regular,25.0,M.C.G.,Melbourne,Collingwood,0,11,10,76,82,-6,23,228,168,396,110,15,10,134,252,38,55,39,40,37,27,67,23,22,2.0,10,11,8,232,115,347,123,10,19,107,222,26,52,43,49,36,29,56,22,23,1.0,9,11,14,-4,53,49,-13,5,-9,27,30,12,3,-4,-9,1,-2,11,1,-1,1.0,1,0,-6,0
2025,2025-08-22,R25,Regular,25.0,Adelaide Oval,Port Adelaide,Gold Coast,1,10,11,71,67,4,23,210,127,337,81,7,8,124,199,32,48,44,57,41,34,60,33,16,6.0,7,10,9,181,144,325,66,12,10,122,190,29,53,37,61,39,43,74,16,33,11.0,8,9,9,29,-17,12,15,-5,-2,2,9,3,-5,7,-4,2,-9,-14,17,-17,-5.0,-1,1,0,0
2025,2025-08-23,R25,Regular,25.0,Docklands,Adelaide,North Melbourne,0,17,11,113,100,13,23,173,138,311,81,7,13,113,201,27,48,36,62,36,33,59,17,28,4.0,15,17,9,214,160,374,94,13,9,142,228,48,52,30,61,36,36,54,28,17,9.0,9,15,9,-41,-22,-63,-13,-6,4,-29,-27,-21,-4,6,1,0,-3,5,-11,11,-5.0,6,2,0,0
2025,2025-08-23,R25,Regular,25.0,M.C.G.,Geelong,Richmond,0,14,19,103,64,39,23,206,160,366,94,12,19,124,232,30,55,44,57,34,30,39,23,12,17.0,12,14,16,218,165,383,108,7,14,128,246,30,54,41,40,41,31,65,12,23,1.0,7,9,7,-12,-5,-17,-14,5,5,-4,-14,0,1,3,17,-7,-1,-26,11,-11,16.0,5,5,9,0
2025,2025-08-23,R25,Regular,25.0,Docklands,North Melbourne,Adelaide,1,15,10,100,113,-13,23,214,160,374,94,13,9,142,228,48,52,30,61,36,36,54,28,17,9.0,9,15,9,173,138,311,81,7,13,113,201,27,48,36,62,36,33,59,17,28,4.0,15,17,9,41,22,63,13,6,-4,29,27,21,4,-6,-1,0,3,-5,11,-11,5.0,-6,-2,0,0
2025,2025-08-23,R25,Regular,25.0,M.C.G.,Richmond,Geelong,1,9,10,64,103,-39,23,218,165,383,108,7,14,128,246,30,54,41,40,41,31,65,12,23,1.0,7,9,7,206,160,366,94,12,19,124,232,30,55,44,57,34,30,39,23,12,17.0,12,14,16,12,5,17,14,-5,-5,4,14,0,-1,-3,-17,7,1,26,-11,11,-16.0,-5,-5,-9,0
2025,2025-08-23,R25,Regular,25.0,Perth Stadium,Sydney,West Coast,0,18,10,118,51,67,23,217,170,387,111,10,19,126,264,39,54,29,56,30,54,65,14,25,9.0,17,18,9,180,143,323,87,8,8,119,200,35,38,36,57,42,31,52,25,14,7.0,6,7,6,37,27,64,24,2,11,7,64,4,16,-7,-1,-12,23,13,-11,11,2.0,11,11,3,0
2025,2025-08-23,R25,Regular,25.0,Perth Stadium,West Coast,Sydney,1,7,9,51,118,-67,23,180,143,323,87,8,8,119,200,35,38,36,57,42,31,52,25,14,7.0,6,7,6,217,170,387,111,10,19,126,264,39,54,29,56,30,54,65,14,25,9.0,17,18,9,-37,-27,-64,-24,-2,-11,-7,-64,-4,-16,7,1,12,-23,-13,11,-11,-2.0,-11,-11,-3,0
2025,2025-08-24,R25,Regular,25.0,Gabba,Brisbane Lions,Hawthorn,1,11,23,89,79,10,23,242,152,394,113,7,11,142,240,42,63,43,57,40,43,41,15,12,3.0,7,11,18,183,159,342,63,9,14,129,198,34,55,51,54,58,39,50,12,15,12.0,10,11,10,59,-7,52,50,-2,-3,13,42,8,8,-8,3,-18,4,-9,3,-3,-9.0,-3,0,8,0
2025,2025-08-24,R25,Regular,25.0,Docklands,Fremantle,Western Bulldogs,0,17,10,112,97,15,23,188,137,325,66,10,14,129,189,33,58,40,69,58,39,37,17,12,7.0,13,17,9,203,148,351,81,16,12,145,199,42,55,38,61,39,45,56,12,17,10.0,11,14,12,-15,-11,-26,-15,-6,2,-16,-10,-9,3,2,8,19,-6,-19,5,-5,-3.0,2,3,-3,0
2025,2025-08-24,R25,Regular,25.0,Sydney Showground,Greater Western Sydney,St Kilda,1,15,14,104,93,11,23,193,169,362,87,14,15,138,226,45,46,34,66,28,56,41,19,14,9.0,12,15,11,185,136,321,78,14,13,125,184,40,50,31,61,40,35,47,14,19,5.0,12,14,8,8,33,41,9,0,2,13,42,5,-4,3,5,-12,21,-6,5,-5,4.0,0,1,3,0
2025,2025-08-24,R25,Regular,25.0,Gabba,Hawthorn,Brisbane Lions,0,11,13,79,89,-10,23,183,159,342,63,9,14,129,198,34,55,51,54,58,39,50,12,15,12.0,10,11,10,242,152,394,113,7,11,142,240,42,63,43,57,40,43,41,15,12,3.0,7,11,18,-59,7,-52,-50,2,3,-13,-42,-8,-8,8,-3,18,-4,9,-3,3,9.0,3,0,-8,0
2025,2025-08-24,R25,Regular,25.0,Sydney Showground,St Kilda,Greater Western Sydney,0,14,9,93,104,-11,23,185,136,321,78,14,13,125,184,40,50,31,61,40,35,47,14,19,5.0,12,14,8,193,169,362,87,14,15,138,226,45,46,34,66,28,56,41,19,14,9.0,12,15,11,-8,-33,-41,-9,0,-2,-13,-42,-5,4,-3,-5,12,-21,6,-5,5,-4.0,0,-1,-3,0
2025,2025-08-24,R25,Regular,25.0,Docklands,Western Bulldogs,Fremantle,1,14,13,97,112,-15,23,203,148,351,81,16,12,145,199,42,55,38,61,39,45,56,12,17,10.0,11,14,12,188,137,325,66,10,14,129,189,33,58,40,69,58,39,37,17,12,7.0,13,17,9,15,11,26,15,6,-2,16,10,9,-3,-2,-8,-19,6,19,-5,5,3.0,-2,-3,3,0
2025,2025-08-27,R1,Regular,1.0,Carrara,Essendon,Gold Coast,0,8,10,58,153,-95,23,184,137,321,80,6,9,116,193,31,45,43,45,27,20,54,20,14,6.0,5,8,5,209,195,404,86,11,26,125,268,36,67,37,32,38,42,59,14,20,13.0,17,23,12,-25,-58,-83,-6,-5,-17,-9,-75,-5,-22,6,13,-11,-22,-5,6,-6,-7.0,-12,-15,-7,0
2025,2025-08-27,R1,Regular,1.0,Carrara,Gold Coast,Essendon,1,23,15,153,58,95,23,209,195,404,86,11,26,125,268,36,67,37,32,38,42,59,14,20,13.0,17,23,12,184,137,321,80,6,9,116,193,31,45,43,45,27,20,54,20,14,6.0,5,8,5,25,58,83,6,5,17,9,75,5,22,-6,-13,11,22,5,-6,6,7.0,12,15,7,0
2025,2025-09-04,QF,Finals,26.0,Adelaide Oval,Adelaide,Collingwood,1,8,7,55,79,-24,23,198,105,303,77,11,13,135,158,35,50,37,56,47,41,45,15,15,3.0,6,8,6,217,152,369,96,12,16,139,220,33,49,41,65,41,32,48,15,15,6.0,9,11,9,-19,-47,-66,-19,-1,-3,-4,-62,2,1,-4,-9,6,9,-3,0,0,-3.0,-3,-3,-3,1
2025,2025-09-04,QF,Finals,26.0,Adelaide Oval,Collingwood,Adelaide,0,11,13,79,55,24,23,217,152,369,96,12,16,139,220,33,49,41,65,41,32,48,15,15,6.0,9,11,9,198,105,303,77,11,13,135,158,35,50,37,56,47,41,45,15,15,3.0,6,8,6,19,47,66,19,1,3,4,62,-2,-1,4,9,-6,-9,3,0,0,3.0,3,3,3,1
2025,2025-09-05,QF,Finals,26.0,M.C.G.,Brisbane Lions,Geelong,0,11,8,74,112,-38,23,215,161,376,90,9,6,120,235,37,47,44,64,38,60,70,19,19,0.0,7,11,6,225,111,336,100,15,21,136,191,38,60,36,80,39,39,57,19,19,9.0,14,16,9,-10,50,40,-10,-6,-15,-16,44,-1,-13,8,-16,-1,21,13,0,0,-9.0,-7,-5,-3,1
2025,2025-09-05,QF,Finals,26.0,M.C.G.,Geelong,Brisbane Lions,1,16,16,112,74,38,23,225,111,336,100,15,21,136,191,38,60,36,80,39,39,57,19,19,9.0,14,16,9,215,161,376,90,9,6,120,235,37,47,44,64,38,60,70,19,19,0.0,7,11,6,10,-50,-40,10,6,15,16,-44,1,13,-8,16,1,-21,-13,0,0,9.0,7,5,3,1
2025,2025-09-06,EF,Finals,26.0,Perth Stadium,Fremantle,Gold Coast,1,12,7,79,80,-1,23,198,148,346,71,14,11,151,196,49,59,36,76,54,41,56,18,22,4.0,10,12,5,184,166,350,60,8,6,141,198,41,49,45,65,55,49,53,22,18,13.0,5,11,10,14,-18,-4,11,6,5,10,-2,8,10,-9,11,-1,-8,3,-4,4,-9.0,5,1,-5,1
2025,2025-09-06,EF,Finals,26.0,Perth Stadium,Gold Coast,Fremantle,0,11,14,80,79,1,23,184,166,350,60,8,6,141,198,41,49,45,65,55,49,53,22,18,13.0,5,11,10,198,148,346,71,14,11,151,196,49,59,36,76,54,41,56,18,22,4.0,10,12,5,-14,18,4,-11,-6,-5,-10,2,-8,-10,9,-11,1,8,-3,4,-4,9.0,-5,-1,5,1
2025,2025-09-06,EF,Finals,26.0,Sydney Showground,Greater Western Sydney,Hawthorn,1,13,10,88,107,-19,23,196,163,359,60,5,7,150,203,55,72,38,76,38,50,70,17,21,27.0,8,13,8,200,171,371,61,7,8,146,217,49,56,57,71,36,46,63,21,17,11.0,8,16,9,-4,-8,-12,-1,-2,-1,4,-14,6,16,-19,5,2,4,7,-4,4,16.0,0,-3,-1,1
2025,2025-09-06,EF,Finals,26.0,Sydney Showground,Hawthorn,Greater Western Sydney,0,16,11,107,88,19,23,200,171,371,61,7,8,146,217,49,56,57,71,36,46,63,21,17,11.0,8,16,9,196,163,359,60,5,7,150,203,55,72,38,76,38,50,70,17,21,27.0,8,13,8,4,8,12,1,2,1,-4,14,-6,-16,19,-5,-2,-4,-7,4,-4,-16.0,0,3,1,1
2025,2025-09-12,SF,Finals,27.0,Adelaide Oval,Adelaide,Hawthorn,1,10,7,67,101,-34,23,220,120,340,98,12,6,105,216,30,43,48,56,40,36,54,24,18,5.0,6,10,3,222,143,365,85,7,17,136,222,36,64,33,51,60,43,56,18,24,9.0,13,14,15,-2,-23,-25,13,5,-11,-31,-6,-6,-21,15,5,-20,-7,-2,6,-6,-4.0,-7,-4,-12,1
2025,2025-09-12,SF,Finals,27.0,Adelaide Oval,Hawthorn,Adelaide,0,14,17,101,67,34,23,222,143,365,85,7,17,136,222,36,64,33,51,60,43,56,18,24,9.0,13,14,15,220,120,340,98,12,6,105,216,30,43,48,56,40,36,54,24,18,5.0,6,10,3,2,23,25,-13,-5,11,31,6,6,21,-15,-5,20,7,2,-6,6,4.0,7,4,12,1
2025,2025-09-13,SF,Finals,27.0,Gabba,Brisbane Lions,Gold Coast,1,14,16,100,47,53,23,235,139,374,115,10,12,130,236,43,60,42,63,52,39,55,13,19,8.0,10,14,13,185,133,318,86,10,9,123,190,25,49,44,56,58,48,47,19,13,14.0,4,6,10,50,6,56,29,0,3,7,46,18,11,-2,7,-6,-9,8,-6,6,-6.0,6,8,3,1
2025,2025-09-13,SF,Finals,27.0,Gabba,Gold Coast,Brisbane Lions,0,6,11,47,100,-53,23,185,133,318,86,10,9,123,190,25,49,44,56,58,48,47,19,13,14.0,4,6,10,235,139,374,115,10,12,130,236,43,60,42,63,52,39,55,13,19,8.0,10,14,13,-50,-6,-56,-29,0,-3,-7,-46,-18,-11,2,-7,6,9,-8,6,-6,6.0,-6,-8,-3,1
2025,2025-09-19,PF,Finals,28.0,M.C.G.,Geelong,Hawthorn,1,17,13,115,85,30,23,211,136,347,67,10,10,147,197,50,66,26,77,41,39,66,19,16,8.0,15,17,10,194,139,333,77,9,11,137,191,33,40,48,79,45,52,67,16,19,11.0,9,13,3,17,-3,14,-10,1,-1,10,6,17,26,-22,-2,-4,-13,-1,3,-3,-3.0,6,4,7,1
2025,2025-09-19,PF,Finals,28.0,M.C.G.,Hawthorn,Geelong,0,13,7,85,115,-30,23,194,139,333,77,9,11,137,191,33,40,48,79,45,52,67,16,19,11.0,9,13,3,211,136,347,67,10,10,147,197,50,66,26,77,41,39,66,19,16,8.0,15,17,10,-17,3,-14,10,-1,1,-10,-6,-17,-26,22,2,4,13,1,-3,3,3.0,-6,-4,-7,1
2025,2025-09-20,PF,Finals,28.0,M.C.G.,Brisbane Lions,Collingwood,0,15,10,100,71,29,23,247,134,381,113,10,12,134,243,45,56,38,73,43,43,69,21,19,4.0,6,15,7,186,126,312,77,6,11,120,179,36,51,40,65,53,44,79,19,21,8.0,7,11,5,61,8,69,36,4,1,14,64,9,5,-2,8,-10,-1,-10,2,-2,-4.0,-1,4,2,1
2025,2025-09-20,PF,Finals,28.0,M.C.G.,Collingwood,Brisbane Lions,1,11,5,71,100,-29,23,186,126,312,77,6,11,120,179,36,51,40,65,53,44,79,19,21,8.0,7,11,5,247,134,381,113,10,12,134,243,45,56,38,73,43,43,69,21,19,4.0,6,15,7,-61,-8,-69,-36,-4,-1,-14,-64,-9,-5,2,-8,10,1,10,-2,2,4.0,1,-4,-2,1
2025,2025-09-27,GF,Finals,29.0,M.C.G.,Brisbane Lions,Geelong,0,18,14,122,75,47,23,230,131,361,93,10,13,149,198,52,66,39,76,45,64,51,17,22,17.0,15,18,14,199,120,319,70,10,9,141,171,37,51,46,51,34,46,48,22,17,10.0,9,11,6,31,11,42,23,0,4,8,27,15,15,-7,25,11,18,3,-5,5,7.0,6,7,8,1
2025,2025-09-27,GF,Finals,29.0,M.C.G.,Geelong,Brisbane Lions,1,11,9,75,122,-47,23,199,120,319,70,10,9,141,171,37,51,46,51,34,46,48,22,17,10.0,9,11,6,230,131,361,93,10,13,149,198,52,66,39,76,45,64,51,17,22,17.0,15,18,14,-31,-11,-42,-23,0,-4,-8,-27,-15,-15,7,-25,-11,-18,-3,5,-5,-7.0,-6,-7,-8,1
2026,2026-03-05,R1,Regular,1.0,S.C.G.,Carlton,Sydney,0,10,9,69,132,-63,23,212,170,382,69,8,5,151,224,39,50,46,38,63,34,63,23,19,17.0,5,10,7,203,181,384,64,5,12,134,242,40,67,39,67,58,48,73,19,23,21.0,14,20,12,9,-11,-2,5,3,-7,17,-18,-1,-17,7,-29,5,-14,-10,4,-4,-4.0,-9,-10,-5,0
2026,2026-03-05,R1,Regular,1.0,S.C.G.,Sydney,Carlton,1,20,12,132,69,63,23,203,181,384,64,5,12,134,242,40,67,39,67,58,48,73,19,23,21.0,14,20,12,212,170,382,69,8,5,151,224,39,50,46,38,63,34,63,23,19,17.0,5,10,7,-9,11,2,-5,-3,7,-17,18,1,17,-7,29,-5,14,10,-4,4,4.0,9,10,5,0
2026,2026-03-06,R1,Regular,1.0,Carrara,Geelong,Gold Coast,0,10,9,69,125,-56,23,208,173,381,78,6,9,136,228,41,50,51,61,48,25,61,29,17,4.0,7,10,8,210,202,412,74,5,13,145,260,34,71,40,69,50,58,75,17,29,13.0,14,19,11,-2,-29,-31,4,1,-4,-9,-32,7,-21,11,-8,-2,-33,-14,12,-12,-9.0,-7,-9,-3,0
2026,2026-03-06,R1,Regular,1.0,Carrara,Gold Coast,Geelong,1,19,11,125,69,56,23,210,202,412,74,5,13,145,260,34,71,40,69,50,58,75,17,29,13.0,14,19,11,208,173,381,78,6,9,136,228,41,50,51,61,48,25,61,29,17,4.0,7,10,8,2,29,31,-4,-1,4,9,32,-7,21,-11,8,2,33,14,-12,12,9.0,7,9,3,0
2026,2026-03-07,R1,Regular,1.0,Gabba,Brisbane Lions,Western Bulldogs,1,15,16,106,111,-5,23,254,154,408,115,10,10,133,258,45,63,31,51,42,42,48,16,17,5.0,9,15,14,211,150,361,78,5,10,116,227,39,50,47,60,53,46,42,17,16,6.0,13,16,11,43,4,47,37,5,0,17,31,6,13,-16,-9,-11,-4,6,-1,1,-1.0,-4,-1,3,0
2026,2026-03-07,R1,Regular,1.0,Sydney Showground,Greater Western Sydney,Hawthorn,1,19,8,122,95,27,23,224,133,357,91,7,13,134,209,44,63,44,50,52,35,61,13,21,9.0,12,19,7,210,131,341,78,12,9,123,199,37,58,44,43,42,39,49,21,13,9.0,9,14,8,14,2,16,13,-5,4,11,10,7,5,0,7,10,-4,12,-8,8,0.0,3,5,-1,0
2026,2026-03-07,R1,Regular,1.0,Sydney Showground,Hawthorn,Greater Western Sydney,0,14,11,95,122,-27,23,210,131,341,78,12,9,123,199,37,58,44,43,42,39,49,21,13,9.0,9,14,8,224,133,357,91,7,13,134,209,44,63,44,50,52,35,61,13,21,9.0,12,19,7,-14,-2,-16,-13,5,-4,-11,-10,-7,-5,0,-7,-10,4,-12,8,-8,0.0,-3,-5,1,0
2026,2026-03-07,R1,Regular,1.0,Gabba,Western Bulldogs,Brisbane Lions,0,16,15,111,106,5,23,211,150,361,78,5,10,116,227,39,50,47,60,53,46,42,17,16,6.0,13,16,11,254,154,408,115,10,10,133,258,45,63,31,51,42,42,48,16,17,5.0,9,15,14,-43,-4,-47,-37,-5,0,-17,-31,-6,-13,16,9,11,4,-6,1,-1,1.0,4,1,-3,0
2026,2026-03-08,R1,Regular,1.0,M.C.G.,Collingwood,St Kilda,0,11,12,78,66,12,23,264,170,434,147,7,10,113,303,29,40,53,53,35,21,59,16,27,5.0,9,11,9,225,162,387,92,6,6,128,249,31,63,29,57,47,28,56,27,16,13.0,4,9,11,39,8,47,55,1,4,-15,54,-2,-23,24,-4,-12,-7,3,-11,11,-8.0,5,2,-2,0
2026,2026-03-08,R1,Regular,1.0,M.C.G.,St Kilda,Collingwood,1,9,12,66,78,-12,23,225,162,387,92,6,6,128,249,31,63,29,57,47,28,56,27,16,13.0,4,9,11,264,170,434,147,7,10,113,303,29,40,53,53,35,21,59,16,27,5.0,9,11,9,-39,-8,-47,-55,-1,-4,15,-54,2,23,-24,4,12,7,-3,11,-11,8.0,-5,-2,2,0
2026,2026-03-12,R2,Regular,2.0,M.C.G.,Carlton,Richmond,1,10,15,75,71,4,23,201,166,367,75,10,7,138,223,37,43,50,53,48,39,63,18,21,3.0,6,10,13,217,138,355,97,10,15,127,216,29,60,34,49,47,24,60,21,18,5.0,5,9,12,-16,28,12,-22,0,-8,11,7,8,-17,16,4,1,15,3,-3,3,-2.0,1,1,1,0
2026,2026-03-12,R2,Regular,2.0,M.C.G.,Richmond,Carlton,0,9,17,71,75,-4,23,217,138,355,97,10,15,127,216,29,60,34,49,47,24,60,21,18,5.0,5,9,12,201,166,367,75,10,7,138,223,37,43,50,53,48,39,63,18,21,3.0,6,10,13,16,-28,-12,22,0,8,-11,-7,-8,17,-16,-4,-1,-15,-3,3,-3,2.0,-1,-1,-1,0
2026,2026-03-13,R2,Regular,2.0,M.C.G.,Essendon,Hawthorn,1,13,5,83,145,-62,23,175,163,338,75,5,7,105,217,28,40,46,46,27,25,52,20,15,14.0,9,13,5,265,144,409,157,7,23,110,295,41,69,27,52,27,43,53,15,20,12.0,17,21,18,-90,19,-71,-82,-2,-16,-5,-78,-13,-29,19,-6,0,-18,-1,5,-5,2.0,-8,-8,-13,0
2026,2026-03-13,R2,Regular,2.0,M.C.G.,Hawthorn,Essendon,0,21,19,145,83,62,23,265,144,409,157,7,23,110,295,41,69,27,52,27,43,53,15,20,12.0,17,21,18,175,163,338,75,5,7,105,217,28,40,46,46,27,25,52,20,15,14.0,9,13,5,90,-19,71,82,2,16,5,78,13,29,-19,6,0,18,1,-5,5,-2.0,8,8,13,0
2026,2026-03-14,R2,Regular,2.0,M.C.G.,Adelaide,Collingwood,0,13,15,93,79,14,23,256,131,387,117,8,14,139,239,29,55,48,48,35,35,65,15,14,3.0,12,13,14,213,152,365,98,9,10,115,231,29,59,40,52,47,19,55,14,15,7.0,10,11,10,43,-21,22,19,-1,4,24,8,0,-4,8,-4,-12,16,10,1,-1,-4.0,2,2,4,0
2026,2026-03-14,R2,Regular,2.0,S.C.G.,Brisbane Lions,Sydney,0,8,12,60,104,-44,23,228,117,345,99,9,12,126,203,45,46,46,45,32,22,63,19,18,2.0,4,8,9,203,183,386,92,11,18,126,244,23,65,39,52,55,34,49,18,19,7.0,12,15,10,25,-66,-41,7,-2,-6,0,-41,22,-19,7,-7,-23,-12,14,1,-1,-5.0,-8,-7,-1,0
2026,2026-03-14,R2,Regular,2.0,M.C.G.,Collingwood,Adelaide,1,11,13,79,93,-14,23,213,152,365,98,9,10,115,231,29,59,40,52,47,19,55,14,15,7.0,10,11,10,256,131,387,117,8,14,139,239,29,55,48,48,35,35,65,15,14,3.0,12,13,14,-43,21,-22,-19,1,-4,-24,-8,0,4,-8,4,12,-16,-10,-1,1,4.0,-2,-2,-4,0
2026,2026-03-14,R2,Regular,2.0,Kardinia Park,Fremantle,Geelong,0,14,16,100,110,-10,23,181,148,329,61,6,8,132,187,42,46,43,63,36,45,60,15,24,7.0,9,14,13,231,130,361,111,11,18,120,223,28,60,32,58,56,26,53,24,15,7.0,13,16,13,-50,18,-32,-50,-5,-10,12,-36,14,-14,11,5,-20,19,7,-9,9,0.0,-4,-2,0,0
2026,2026-03-14,R2,Regular,2.0,Kardinia Park,Geelong,Fremantle,1,16,14,110,100,10,23,231,130,361,111,11,18,120,223,28,60,32,58,56,26,53,24,15,7.0,13,16,13,181,148,329,61,6,8,132,187,42,46,43,63,36,45,60,15,24,7.0,9,14,13,50,-18,32,50,5,10,-12,36,-14,14,-11,-5,20,-19,-7,9,-9,0.0,4,2,0,0
2026,2026-03-14,R2,Regular,2.0,Docklands,Greater Western Sydney,Western Bulldogs,0,7,11,53,134,-81,23,241,146,387,127,10,9,118,259,26,50,32,56,32,27,71,16,25,2.0,3,7,10,243,163,406,118,10,19,125,270,45,55,43,43,42,32,55,25,16,7.0,17,21,6,-2,-17,-19,9,0,-10,-7,-11,-19,-5,-11,13,-10,-5,16,-9,9,-5.0,-14,-14,4,0
2026,2026-03-14,R2,Regular,2.0,S.C.G.,Sydney,Brisbane Lions,1,15,14,104,60,44,23,203,183,386,92,11,18,126,244,23,65,39,52,55,34,49,18,19,7.0,12,15,10,228,117,345,99,9,12,126,203,45,46,46,45,32,22,63,19,18,2.0,4,8,9,-25,66,41,-7,2,6,0,41,-22,19,-7,7,23,12,-14,-1,1,5.0,8,7,1,0
2026,2026-03-14,R2,Regular,2.0,Docklands,Western Bulldogs,Greater Western Sydney,1,21,8,134,53,81,23,243,163,406,118,10,19,125,270,45,55,43,43,42,32,55,25,16,7.0,17,21,6,241,146,387,127,10,9,118,259,26,50,32,56,32,27,71,16,25,2.0,3,7,10,2,17,19,-9,0,10,7,11,19,5,11,-13,10,5,-16,9,-9,5.0,14,14,-4,0
2026,2026-03-15,R2,Regular,2.0,Carrara,Gold Coast,West Coast,1,20,11,131,72,59,23,190,179,369,80,8,15,138,226,40,60,27,46,47,53,59,19,21,15.0,14,20,10,206,122,328,98,7,8,130,199,34,39,40,73,42,24,48,21,19,11.0,6,10,9,-16,57,41,-18,1,7,8,27,6,21,-13,-27,5,29,11,-2,2,4.0,8,10,1,0
2026,2026-03-15,R2,Regular,2.0,M.C.G.,Melbourne,St Kilda,1,18,12,120,107,13,23,212,129,341,82,10,19,119,211,36,56,38,42,44,44,46,11,18,15.0,12,18,11,241,170,411,106,11,20,129,268,41,53,38,41,52,25,44,18,11,6.0,14,15,13,-29,-41,-70,-24,-1,-1,-10,-57,-5,3,0,1,-8,19,2,-7,7,9.0,-2,3,-2,0
2026,2026-03-15,R2,Regular,2.0,Docklands,North Melbourne,Port Adelaide,1,17,11,113,67,46,23,232,138,370,119,12,13,132,239,40,51,36,58,33,21,51,22,22,5.0,8,17,10,186,101,287,74,9,9,112,164,29,47,33,52,43,37,58,22,22,1.0,8,9,11,46,37,83,45,3,4,20,75,11,4,3,6,-10,-16,-7,0,0,4.0,0,8,-1,0
2026,2026-03-15,R2,Regular,2.0,Docklands,Port Adelaide,North Melbourne,0,9,13,67,113,-46,23,186,101,287,74,9,9,112,164,29,47,33,52,43,37,58,22,22,1.0,8,9,11,232,138,370,119,12,13,132,239,40,51,36,58,33,21,51,22,22,5.0,8,17,10,-46,-37,-83,-45,-3,-4,-20,-75,-11,-4,-3,-6,10,16,7,0,0,-4.0,0,-8,1,0
2026,2026-03-15,R2,Regular,2.0,M.C.G.,St Kilda,Melbourne,0,15,17,107,120,-13,23,241,170,411,106,11,20,129,268,41,53,38,41,52,25,44,18,11,6.0,14,15,13,212,129,341,82,10,19,119,211,36,56,38,42,44,44,46,11,18,15.0,12,18,11,29,41,70,24,1,1,10,57,5,-3,0,-1,8,-19,-2,7,-7,-9.0,2,-3,2,0
2026,2026-03-15,R2,Regular,2.0,Carrara,West Coast,Gold Coast,0,10,12,72,131,-59,23,206,122,328,98,7,8,130,199,34,39,40,73,42,24,48,21,19,11.0,6,10,9,190,179,369,80,8,15,138,226,40,60,27,46,47,53,59,19,21,15.0,14,20,10,16,-57,-41,18,-1,-7,-8,-27,-6,-21,13,27,-5,-29,-11,2,-2,-4.0,-8,-10,-1,0
2026,2026-03-19,R3,Regular,3.0,M.C.G.,Hawthorn,Sydney,1,14,15,99,82,17,23,235,182,417,101,11,13,161,258,35,55,45,62,52,46,52,27,16,11.0,11,14,15,195,153,348,58,7,4,135,193,37,58,40,66,52,30,75,16,27,13.0,9,13,4,40,29,69,43,4,9,26,65,-2,-3,5,-4,0,16,-23,11,-11,-2.0,2,1,11,0
2026,2026-03-19,R3,Regular,3.0,M.C.G.,Sydney,Hawthorn,0,13,4,82,99,-17,23,195,153,348,58,7,4,135,193,37,58,40,66,52,30,75,16,27,13.0,9,13,4,235,182,417,101,11,13,161,258,35,55,45,62,52,46,52,27,16,11.0,11,14,15,-40,-29,-69,-43,-4,-9,-26,-65,2,3,-5,4,0,-16,23,-11,11,2.0,-2,-1,-11,0
2026,2026-03-20,R3,Regular,3.0,Adelaide Oval,Adelaide,Western Bulldogs,1,13,10,88,94,-6,23,251,112,363,119,8,8,131,219,38,52,43,47,53,45,56,18,23,3.0,10,13,5,202,165,367,61,5,7,143,211,45,58,38,71,58,45,56,23,18,12.0,9,14,7,49,-53,-4,58,3,1,-12,8,-7,-6,5,-24,-5,0,0,-5,5,-9.0,1,-1,-2,0
2026,2026-03-20,R3,Regular,3.0,Adelaide Oval,Western Bulldogs,Adelaide,0,14,10,94,88,6,23,202,165,367,61,5,7,143,211,45,58,38,71,58,45,56,23,18,12.0,9,14,7,251,112,363,119,8,8,131,219,38,52,43,47,53,45,56,18,23,3.0,10,13,5,-49,53,4,-58,-3,-1,12,-8,7,6,-5,24,5,0,0,5,-5,9.0,-1,1,2,0
2026,2026-03-21,R3,Regular,3.0,Perth Stadium,Fremantle,Melbourne,1,17,16,118,70,48,23,224,193,417,93,9,12,143,262,33,58,45,45,50,24,62,13,14,20.0,12,17,13,222,111,333,99,10,12,124,193,30,56,40,55,41,34,59,14,13,4.0,7,10,9,2,82,84,-6,-1,0,19,69,3,2,5,-10,9,-10,3,-1,1,16.0,5,7,4,0
2026,2026-03-21,R3,Regular,3.0,M.C.G.,Gold Coast,Richmond,0,19,14,128,60,68,23,221,164,385,127,11,23,108,282,27,61,27,57,50,37,50,15,17,8.0,16,19,12,186,144,330,83,5,8,113,204,38,36,41,59,28,24,63,17,15,10.0,8,9,5,35,20,55,44,6,15,-5,78,-11,25,-14,-2,22,13,-13,-2,2,-2.0,8,10,7,0
2026,2026-03-21,R3,Regular,3.0,Sydney Showground,Greater Western Sydney,St Kilda,1,10,14,74,78,-4,23,214,205,419,86,6,7,134,279,37,62,41,59,49,23,65,17,19,9.0,8,10,12,236,131,367,81,7,6,135,213,40,53,50,37,56,35,65,19,17,12.0,8,11,12,-22,74,52,5,-1,1,-1,66,-3,9,-9,22,-7,-12,0,-2,2,-3.0,0,-1,0,0
2026,2026-03-21,R3,Regular,3.0,Perth Stadium,Melbourne,Fremantle,0,10,10,70,118,-48,23,222,111,333,99,10,12,124,193,30,56,40,55,41,34,59,14,13,4.0,7,10,9,224,193,417,93,9,12,143,262,33,58,45,45,50,24,62,13,14,20.0,12,17,13,-2,-82,-84,6,1,0,-19,-69,-3,-2,-5,10,-9,10,-3,1,-1,-16.0,-5,-7,-4,0
2026,2026-03-21,R3,Regular,3.0,M.C.G.,Richmond,Gold Coast,1,9,6,60,128,-68,23,186,144,330,83,5,8,113,204,38,36,41,59,28,24,63,17,15,10.0,8,9,5,221,164,385,127,11,23,108,282,27,61,27,57,50,37,50,15,17,8.0,16,19,12,-35,-20,-55,-44,-6,-15,5,-78,11,-25,14,2,-22,-13,13,2,-2,2.0,-8,-10,-7,0
2026,2026-03-21,R3,Regular,3.0,Sydney Showground,St Kilda,Greater Western Sydney,0,11,12,78,74,4,23,236,131,367,81,7,6,135,213,40,53,50,37,56,35,65,19,17,12.0,8,11,12,214,205,419,86,6,7,134,279,37,62,41,59,49,23,65,17,19,9.0,8,10,12,22,-74,-52,-5,1,-1,1,-66,3,-9,9,-22,7,12,0,2,-2,3.0,0,1,0,0
2026,2026-03-22,R3,Regular,3.0,Adelaide Oval,Essendon,Port Adelaide,0,10,10,70,133,-63,23,172,165,337,58,5,7,120,203,26,43,38,41,30,35,44,17,13,7.0,8,10,7,284,123,407,165,10,25,120,279,42,60,32,47,35,30,46,13,17,6.0,15,20,13,-112,42,-70,-107,-5,-18,0,-76,-16,-17,6,-6,-5,5,-2,4,-4,1.0,-7,-10,-6,0
2026,2026-03-22,R3,Regular,3.0,Perth Stadium,North Melbourne,West Coast,0,15,4,94,111,-17,23,192,177,369,67,7,11,139,221,46,48,40,71,53,54,57,25,24,14.0,10,15,4,205,151,356,67,8,9,159,200,37,59,32,68,46,27,65,24,25,6.0,14,17,8,-13,26,13,0,-1,2,-20,21,9,-11,8,3,7,27,-8,1,-1,8.0,-4,-2,-4,0
2026,2026-03-22,R3,Regular,3.0,Adelaide Oval,Port Adelaide,Essendon,1,20,13,133,70,63,23,284,123,407,165,10,25,120,279,42,60,32,47,35,30,46,13,17,6.0,15,20,13,172,165,337,58,5,7,120,203,26,43,38,41,30,35,44,17,13,7.0,8,10,7,112,-42,70,107,5,18,0,76,16,17,-6,6,5,-5,2,-4,4,-1.0,7,10,6,0
2026,2026-03-22,R3,Regular,3.0,Perth Stadium,West Coast,North Melbourne,1,17,9,111,94,17,23,205,151,356,67,8,9,159,200,37,59,32,68,46,27,65,24,25,6.0,14,17,8,192,177,369,67,7,11,139,221,46,48,40,71,53,54,57,25,24,14.0,10,15,4,13,-26,-13,0,1,-2,20,-21,-9,11,-8,-3,-7,-27,8,-1,1,-8.0,4,2,4,0
2026,2026-03-26,R4,Regular,4.0,Kardinia Park,Adelaide,Geelong,0,9,6,60,68,-8,23,208,121,329,65,6,7,127,177,35,45,57,72,43,51,66,13,25,3.0,8,9,4,261,148,409,98,11,8,159,228,42,67,36,76,50,38,57,25,13,1.0,4,9,9,-53,-27,-80,-33,-5,-1,-32,-51,-7,-22,21,-4,-7,13,9,-12,12,2.0,4,0,-5,0
2026,2026-03-26,R4,Regular,4.0,Kardinia Park,Geelong,Adelaide,1,9,14,68,60,8,23,261,148,409,98,11,8,159,228,42,67,36,76,50,38,57,25,13,1.0,4,9,9,208,121,329,65,6,7,127,177,35,45,57,72,43,51,66,13,25,3.0,8,9,4,53,27,80,33,5,1,32,51,7,22,-21,4,7,-13,-9,12,-12,-2.0,-4,0,5,0
2026,2026-03-27,R4,Regular,4.0,Docklands,Collingwood,Greater Western Sydney,1,13,9,87,54,33,23,211,152,363,104,14,15,119,232,30,50,50,45,43,37,48,16,12,11.0,10,13,6,225,200,425,124,7,15,114,306,32,58,36,39,40,23,49,12,16,8.0,4,7,9,-14,-48,-62,-20,7,0,5,-74,-2,-8,14,6,3,14,-1,4,-4,3.0,6,6,-3,0
2026,2026-03-27,R4,Regular,4.0,Docklands,Greater Western Sydney,Collingwood,0,7,12,54,87,-33,23,225,200,425,124,7,15,114,306,32,58,36,39,40,23,49,12,16,8.0,4,7,9,211,152,363,104,14,15,119,232,30,50,50,45,43,37,48,16,12,11.0,10,13,6,14,48,62,20,-7,0,-5,74,2,8,-14,-6,-3,-14,1,-4,4,-3.0,-6,-6,3,0
2026,2026-03-28,R4,Regular,4.0,Docklands,Brisbane Lions,St Kilda,0,17,11,113,80,33,23,253,146,399,107,7,14,139,253,42,52,43,56,46,24,61,20,23,2.0,14,17,10,207,129,336,93,10,12,133,202,28,56,35,64,49,44,56,23,20,4.0,6,11,12,46,17,63,14,-3,2,6,51,14,-4,8,-8,-3,-20,5,-3,3,-2.0,8,6,-2,0
2026,2026-03-28,R4,Regular,4.0,Docklands,Essendon,North Melbourne,1,9,15,69,81,-12,23,178,150,328,85,4,15,105,217,21,52,36,54,27,25,50,24,23,9.0,9,9,13,254,151,405,138,5,20,116,278,31,49,42,39,40,13,67,23,24,6.0,10,12,7,-76,-1,-77,-53,-1,-5,-11,-61,-10,3,-6,15,-13,12,-17,1,-1,3.0,-1,-3,6,0
2026,2026-03-28,R4,Regular,4.0,Perth Stadium,Fremantle,Richmond,1,13,25,103,43,60,23,230,176,406,95,7,17,151,245,41,65,30,61,43,57,58,27,19,8.0,11,13,22,170,144,314,64,4,7,118,178,26,36,50,53,41,9,67,19,27,9.0,6,6,7,60,32,92,31,3,10,33,67,15,29,-20,8,2,48,-9,8,-8,-1.0,5,7,15,0
2026,2026-03-28,R4,Regular,4.0,Docklands,North Melbourne,Essendon,0,12,9,81,69,12,23,254,151,405,138,5,20,116,278,31,49,42,39,40,13,67,23,24,6.0,10,12,7,178,150,328,85,4,15,105,217,21,52,36,54,27,25,50,24,23,9.0,9,9,13,76,1,77,53,1,5,11,61,10,-3,6,-15,13,-12,17,-1,1,-3.0,1,3,-6,0
2026,2026-03-28,R4,Regular,4.0,Perth Stadium,Richmond,Fremantle,0,6,7,43,103,-60,23,170,144,314,64,4,7,118,178,26,36,50,53,41,9,67,19,27,9.0,6,6,7,230,176,406,95,7,17,151,245,41,65,30,61,43,57,58,27,19,8.0,11,13,22,-60,-32,-92,-31,-3,-10,-33,-67,-15,-29,20,-8,-2,-48,9,-8,8,1.0,-5,-7,-15,0
2026,2026-03-28,R4,Regular,4.0,Docklands,St Kilda,Brisbane Lions,1,11,14,80,113,-33,23,207,129,336,93,10,12,133,202,28,56,35,64,49,44,56,23,20,4.0,6,11,12,253,146,399,107,7,14,139,253,42,52,43,56,46,24,61,20,23,2.0,14,17,10,-46,-17,-63,-14,3,-2,-6,-51,-14,4,-8,8,3,20,-5,3,-3,2.0,-8,-6,2,0
2026,2026-03-29,R4,Regular,4.0,M.C.G.,Carlton,Melbourne,1,11,11,77,100,-23,23,209,156,365,92,11,12,138,219,38,51,49,54,42,26,62,11,16,4.0,8,11,10,214,158,372,95,6,11,133,223,40,64,40,82,38,68,61,16,11,7.0,10,15,8,-5,-2,-7,-3,5,1,5,-4,-2,-13,9,-28,4,-42,1,-5,5,-3.0,-2,-4,2,0
2026,2026-03-29,R4,Regular,4.0,M.C.G.,Melbourne,Carlton,0,15,10,100,77,23,23,214,158,372,95,6,11,133,223,40,64,40,82,38,68,61,16,11,7.0,10,15,8,209,156,365,92,11,12,138,219,38,51,49,54,42,26,62,11,16,4.0,8,11,10,5,2,7,3,-5,-1,-5,4,2,13,-9,28,-4,42,-1,5,-5,3.0,2,4,-2,0
2026,2026-03-29,R4,Regular,4.0,Adelaide Oval,Port Adelaide,West Coast,1,13,12,90,92,-2,23,206,134,340,91,7,16,122,208,27,54,28,60,34,45,53,22,17,7.0,12,13,10,184,119,303,70,10,13,126,172,42,42,41,58,40,40,61,17,22,7.0,11,13,14,22,15,37,21,-3,3,-4,36,-15,12,-13,2,-6,5,-8,5,-5,0.0,1,0,-4,0
2026,2026-03-29,R4,Regular,4.0,Adelaide Oval,West Coast,Port Adelaide,0,13,14,92,90,2,23,184,119,303,70,10,13,126,172,42,42,41,58,40,40,61,17,22,7.0,11,13,14,206,134,340,91,7,16,122,208,27,54,28,60,34,45,53,22,17,7.0,12,13,10,-22,-15,-37,-21,3,-3,4,-36,15,-12,13,-2,6,-5,8,-5,5,0.0,-1,0,4,0
2026,2026-04-02,R5,Regular,5.0,Gabba,Brisbane Lions,Collingwood,1,17,17,119,65,54,23,291,134,425,150,14,20,131,277,42,64,35,33,36,23,54,17,17,2.0,13,17,14,162,148,310,71,7,5,92,201,24,45,45,46,49,29,58,17,17,6.0,8,10,4,129,-14,115,79,7,15,39,76,18,19,-10,-13,-13,-6,-4,0,0,-4.0,5,7,10,0
2026,2026-04-02,R5,Regular,5.0,Gabba,Collingwood,Brisbane Lions,0,10,5,65,119,-54,23,162,148,310,71,7,5,92,201,24,45,45,46,49,29,58,17,17,6.0,8,10,4,291,134,425,150,14,20,131,277,42,64,35,33,36,23,54,17,17,2.0,13,17,14,-129,14,-115,-79,-7,-15,-39,-76,-18,-19,10,13,13,6,4,0,0,4.0,-5,-7,-10,0
2026,2026-04-03,R5,Regular,5.0,Adelaide Oval,Adelaide,Fremantle,1,11,10,76,78,-2,23,184,122,306,66,13,16,134,160,39,48,43,83,57,46,47,21,15,6.0,10,11,9,199,166,365,64,13,12,149,206,39,55,37,70,44,48,51,15,21,6.0,10,11,12,-15,-44,-59,2,0,4,-15,-46,0,-7,6,13,13,-2,-4,6,-6,0.0,0,0,-3,0
2026,2026-04-03,R5,Regular,5.0,Docklands,Carlton,North Melbourne,0,13,8,86,96,-10,23,219,120,339,114,8,7,115,220,35,48,42,59,38,41,56,23,25,6.0,3,13,7,211,141,352,90,7,14,125,219,31,56,35,66,41,22,60,25,23,14.0,10,14,9,8,-21,-13,24,1,-7,-10,1,4,-8,7,-7,-3,19,-4,-2,2,-8.0,-7,-1,-2,0
2026,2026-04-03,R5,Regular,5.0,Adelaide Oval,Fremantle,Adelaide,0,11,12,78,76,2,23,199,166,365,64,13,12,149,206,39,55,37,70,44,48,51,15,21,6.0,10,11,12,184,122,306,66,13,16,134,160,39,48,43,83,57,46,47,21,15,6.0,10,11,9,15,44,59,-2,0,-4,15,46,0,7,-6,-13,-13,2,4,-6,6,0.0,0,0,3,0
2026,2026-04-03,R5,Regular,5.0,Docklands,North Melbourne,Carlton,1,14,12,96,86,10,23,211,141,352,90,7,14,125,219,31,56,35,66,41,22,60,25,23,14.0,10,14,9,219,120,339,114,8,7,115,220,35,48,42,59,38,41,56,23,25,6.0,3,13,7,-8,21,13,-24,-1,7,10,-1,-4,8,-7,7,3,-19,4,2,-2,8.0,7,1,2,0
2026,2026-04-04,R5,Regular,5.0,M.C.G.,Port Adelaide,Richmond,0,13,12,90,48,42,23,207,133,340,97,10,11,111,219,27,46,42,40,37,29,68,14,27,12.0,8,13,9,200,128,328,90,11,13,115,203,30,50,33,54,41,27,61,27,14,8.0,4,6,9,7,5,12,7,-1,-2,-4,16,-3,-4,9,-14,-4,2,7,-13,13,4.0,4,7,0,0
2026,2026-04-04,R5,Regular,5.0,M.C.G.,Richmond,Port Adelaide,1,6,12,48,90,-42,23,200,128,328,90,11,13,115,203,30,50,33,54,41,27,61,27,14,8.0,4,6,9,207,133,340,97,10,11,111,219,27,46,42,40,37,29,68,14,27,12.0,8,13,9,-7,-5,-12,-7,1,2,4,-16,3,4,-9,14,4,-2,-7,13,-13,-4.0,-4,-7,0,0
2026,2026-04-04,R5,Regular,5.0,Perth Stadium,Sydney,West Coast,0,24,19,163,35,128,23,245,182,427,123,16,24,135,283,41,61,41,46,38,35,61,27,17,17.0,20,24,17,166,123,289,76,4,7,92,186,28,45,37,34,28,18,59,17,27,7.0,3,4,7,79,59,138,47,12,17,43,97,13,16,4,12,10,17,2,10,-10,10.0,17,20,10,0
2026,2026-04-04,R5,Regular,5.0,Perth Stadium,West Coast,Sydney,1,4,11,35,163,-128,23,166,123,289,76,4,7,92,186,28,45,37,34,28,18,59,17,27,7.0,3,4,7,245,182,427,123,16,24,135,283,41,61,41,46,38,35,61,27,17,17.0,20,24,17,-79,-59,-138,-47,-12,-17,-43,-97,-13,-16,-4,-12,-10,-17,-2,-10,10,-10.0,-17,-20,-10,0
2026,2026-04-05,R5,Regular,5.0,Docklands,Essendon,Western Bulldogs,0,9,11,65,99,-34,23,203,139,342,103,10,9,110,224,24,36,39,48,31,38,59,19,21,8.0,5,9,9,211,191,402,107,7,14,129,273,38,54,26,42,54,28,59,21,19,10.0,11,14,13,-8,-52,-60,-4,3,-5,-19,-49,-14,-18,13,6,-23,10,0,-2,2,-2.0,-6,-5,-4,0
2026,2026-04-05,R5,Regular,5.0,M.C.G.,Gold Coast,Melbourne,0,14,5,89,109,-20,23,188,163,351,90,9,14,116,226,28,45,42,54,34,27,52,17,19,10.0,14,14,4,210,131,341,89,11,19,138,193,39,59,30,59,34,42,52,19,17,15.0,11,16,11,-22,32,10,1,-2,-5,-22,33,-11,-14,12,-5,0,-15,0,-2,2,-5.0,3,-2,-7,0
2026,2026-04-05,R5,Regular,5.0,M.C.G.,Melbourne,Gold Coast,1,16,13,109,89,20,23,210,131,341,89,11,19,138,193,39,59,30,59,34,42,52,19,17,15.0,11,16,11,188,163,351,90,9,14,116,226,28,45,42,54,34,27,52,17,19,10.0,14,14,4,22,-32,-10,-1,2,5,22,-33,11,14,-12,5,0,15,0,2,-2,5.0,-3,2,7,0
2026,2026-04-05,R5,Regular,5.0,Docklands,Western Bulldogs,Essendon,1,14,15,99,65,34,23,211,191,402,107,7,14,129,273,38,54,26,42,54,28,59,21,19,10.0,11,14,13,203,139,342,103,10,9,110,224,24,36,39,48,31,38,59,19,21,8.0,5,9,9,8,52,60,4,-3,5,19,49,14,18,-13,-6,23,-10,0,2,-2,2.0,6,5,4,0
2026,2026-04-06,R5,Regular,5.0,M.C.G.,Geelong,Hawthorn,0,14,7,91,92,-1,23,217,125,342,101,7,16,112,216,28,54,40,55,39,26,53,24,13,8.0,10,14,6,232,155,387,90,9,18,129,238,33,53,40,63,39,44,72,13,24,11.0,10,13,12,-15,-30,-45,11,-2,-2,-17,-22,-5,1,0,-8,0,-18,-19,11,-11,-3.0,0,1,-6,0
2026,2026-04-06,R5,Regular,5.0,M.C.G.,Hawthorn,Geelong,1,13,14,92,91,1,23,232,155,387,90,9,18,129,238,33,53,40,63,39,44,72,13,24,11.0,10,13,12,217,125,342,101,7,16,112,216,28,54,40,55,39,26,53,24,13,8.0,10,14,6,15,30,45,-11,2,2,17,22,5,-1,0,8,0,18,19,-11,11,3.0,0,-1,6,0
2026,2026-04-09,R6,Regular,6.0,Adelaide Oval,Adelaide,Carlton,1,17,12,114,86,28,23,220,173,393,55,7,10,173,200,40,56,47,71,69,45,82,28,23,3.0,12,17,9,205,153,358,50,7,6,162,177,45,60,38,87,62,43,70,23,28,3.0,7,12,5,15,20,35,5,0,4,11,23,-5,-4,9,-16,7,2,12,5,-5,0.0,5,5,4,0
2026,2026-04-09,R6,Regular,6.0,Adelaide Oval,Carlton,Adelaide,0,12,14,86,114,-28,23,205,153,358,50,7,6,162,177,45,60,38,87,62,43,70,23,28,3.0,7,12,5,220,173,393,55,7,10,173,200,40,56,47,71,69,45,82,28,23,3.0,12,17,9,-15,-20,-35,-5,0,-4,-11,-23,5,4,-9,16,-7,-2,-12,-5,5,0.0,-5,-5,-4,0
2026,2026-04-10,R6,Regular,6.0,Adelaide Oval,Collingwood,Fremantle,1,5,9,39,45,-6,23,222,142,364,101,11,10,138,220,30,61,37,92,51,27,47,19,14,1.0,5,5,8,212,146,358,81,12,5,147,204,34,45,55,63,52,47,54,14,19,4.0,6,7,3,10,-4,6,20,-1,5,-9,16,-4,16,-18,29,-1,-20,-7,5,-5,-3.0,-1,-2,5,0
2026,2026-04-10,R6,Regular,6.0,Adelaide Oval,Fremantle,Collingwood,0,7,3,45,39,6,23,212,146,358,81,12,5,147,204,34,45,55,63,52,47,54,14,19,4.0,6,7,3,222,142,364,101,11,10,138,220,30,61,37,92,51,27,47,19,14,1.0,5,5,8,-10,4,-6,-20,1,-5,9,-16,4,-16,18,-29,1,20,7,-5,5,3.0,1,2,-5,0
2026,2026-04-11,R6,Regular,6.0,Barossa Park,Brisbane Lions,North Melbourne,0,13,14,92,66,26,23,201,108,309,80,8,9,131,166,41,58,33,62,45,49,46,20,15,5.0,8,13,11,200,150,350,83,13,14,135,214,38,44,45,59,36,31,53,15,20,8.0,6,9,11,1,-42,-41,-3,-5,-5,-4,-48,3,14,-12,3,9,18,-7,5,-5,-3.0,2,4,0,0
2026,2026-04-11,R6,Regular,6.0,Adelaide Oval,Essendon,Melbourne,1,17,11,113,68,45,23,272,169,441,139,11,11,142,296,40,54,39,45,32,21,50,15,15,8.0,12,17,8,197,135,332,78,7,9,115,197,32,52,37,54,40,39,67,15,15,7.0,8,10,6,75,34,109,61,4,2,27,99,8,2,2,-9,-8,-18,-17,0,0,1.0,4,7,2,0
2026,2026-04-11,R6,Regular,6.0,Norwood Oval,Gold Coast,Sydney,0,9,14,68,100,-32,23,180,153,333,50,0,4,135,179,39,56,48,52,41,43,66,24,35,4.0,5,9,10,210,181,391,66,10,16,151,225,43,62,47,97,51,39,76,35,24,11.0,9,14,15,-30,-28,-58,-16,-10,-12,-16,-46,-4,-6,1,-45,-10,4,-10,-11,11,-7.0,-4,-5,-5,0
2026,2026-04-11,R6,Regular,6.0,Adelaide Oval,Hawthorn,Western Bulldogs,1,15,14,104,64,40,23,250,152,402,126,19,12,142,247,43,54,43,61,31,64,42,18,13,16.0,12,15,12,201,136,337,81,8,12,121,202,31,53,38,58,43,17,46,13,18,4.0,7,8,15,49,16,65,45,11,0,21,45,12,1,5,3,-12,47,-4,5,-5,12.0,5,7,-3,0
2026,2026-04-11,R6,Regular,6.0,Adelaide Oval,Melbourne,Essendon,0,10,8,68,113,-45,23,197,135,332,78,7,9,115,197,32,52,37,54,40,39,67,15,15,7.0,8,10,6,272,169,441,139,11,11,142,296,40,54,39,45,32,21,50,15,15,8.0,12,17,8,-75,-34,-109,-61,-4,-2,-27,-99,-8,-2,-2,9,8,18,17,0,0,-1.0,-4,-7,-2,0
2026,2026-04-11,R6,Regular,6.0,Barossa Park,North Melbourne,Brisbane Lions,1,9,12,66,92,-26,23,200,150,350,83,13,14,135,214,38,44,45,59,36,31,53,15,20,8.0,6,9,11,201,108,309,80,8,9,131,166,41,58,33,62,45,49,46,20,15,5.0,8,13,11,-1,42,41,3,5,5,4,48,-3,-14,12,-3,-9,-18,7,-5,5,3.0,-2,-4,0,0
2026,2026-04-11,R6,Regular,6.0,Norwood Oval,Sydney,Gold Coast,1,14,16,100,68,32,23,210,181,391,66,10,16,151,225,43,62,47,97,51,39,76,35,24,11.0,9,14,15,180,153,333,50,0,4,135,179,39,56,48,52,41,43,66,24,35,4.0,5,9,10,30,28,58,16,10,12,16,46,4,6,-1,45,10,-4,10,11,-11,7.0,4,5,5,0
2026,2026-04-11,R6,Regular,6.0,Adelaide Oval,Western Bulldogs,Hawthorn,0,8,16,64,104,-40,23,201,136,337,81,8,12,121,202,31,53,38,58,43,17,46,13,18,4.0,7,8,15,250,152,402,126,19,12,142,247,43,54,43,61,31,64,42,18,13,16.0,12,15,12,-49,-16,-65,-45,-11,0,-21,-45,-12,-1,-5,-3,12,-47,4,-5,5,-12.0,-5,-7,3,0
2026,2026-04-12,R6,Regular,6.0,Norwood Oval,Geelong,West Coast,1,17,20,122,76,46,23,227,152,379,95,14,16,144,223,42,67,29,71,39,39,65,21,22,8.0,11,17,17,197,132,329,72,6,9,119,191,34,42,48,51,36,41,64,22,21,5.0,7,11,9,30,20,50,23,8,7,25,32,8,25,-19,20,3,-2,1,-1,1,3.0,4,6,8,0
2026,2026-04-12,R6,Regular,6.0,Barossa Park,Greater Western Sydney,Richmond,1,20,11,131,75,56,23,214,211,425,90,13,13,152,266,35,54,48,52,42,53,57,24,19,10.0,13,20,10,189,144,333,79,8,7,135,195,39,59,31,54,44,19,68,19,24,1.0,9,11,8,25,67,92,11,5,6,17,71,-4,-5,17,-2,-2,34,-11,5,-5,9.0,4,9,2,0
2026,2026-04-12,R6,Regular,6.0,Adelaide Oval,Port Adelaide,St Kilda,1,9,13,67,81,-14,23,241,123,364,107,11,13,139,209,34,60,27,70,49,34,79,16,23,2.0,8,9,11,224,118,342,90,9,4,135,211,35,39,50,83,52,35,62,23,16,4.0,6,12,7,17,5,22,17,2,9,4,-2,-1,21,-23,-13,-3,-1,17,-7,7,-2.0,2,-3,4,0
2026,2026-04-12,R6,Regular,6.0,Barossa Park,Richmond,Greater Western Sydney,0,11,9,75,131,-56,23,189,144,333,79,8,7,135,195,39,59,31,54,44,19,68,19,24,1.0,9,11,8,214,211,425,90,13,13,152,266,35,54,48,52,42,53,57,24,19,10.0,13,20,10,-25,-67,-92,-11,-5,-6,-17,-71,4,5,-17,2,2,-34,11,-5,5,-9.0,-4,-9,-2,0
2026,2026-04-12,R6,Regular,6.0,Adelaide Oval,St Kilda,Port Adelaide,0,12,9,81,67,14,23,224,118,342,90,9,4,135,211,35,39,50,83,52,35,62,23,16,4.0,6,12,7,241,123,364,107,11,13,139,209,34,60,27,70,49,34,79,16,23,2.0,8,9,11,-17,-5,-22,-17,-2,-9,-4,2,1,-21,23,13,3,1,-17,7,-7,2.0,-2,3,-4,0
2026,2026-04-12,R6,Regular,6.0,Norwood Oval,West Coast,Geelong,0,11,10,76,122,-46,23,197,132,329,72,6,9,119,191,34,42,48,51,36,41,64,22,21,5.0,7,11,9,227,152,379,95,14,16,144,223,42,67,29,71,39,39,65,21,22,8.0,11,17,17,-30,-20,-50,-23,-8,-7,-25,-32,-8,-25,19,-20,-3,2,-1,1,-1,-3.0,-4,-6,-8,0
2026,2026-04-16,R7,Regular,7.0,M.C.G.,Carlton,Collingwood,1,12,11,83,88,-5,23,226,164,390,101,11,13,132,246,29,44,45,62,37,27,53,14,17,4.0,9,12,10,252,164,416,136,6,10,113,281,31,58,30,62,36,35,52,18,14,3.0,10,13,9,-26,0,-26,-35,5,3,19,-35,-2,-14,15,0,1,-8,1,-4,3,1.0,-1,-1,1,0
2026,2026-04-16,R7,Regular,7.0,M.C.G.,Collingwood,Carlton,0,13,10,88,83,5,23,252,164,416,136,6,10,113,281,31,58,30,62,36,35,52,18,14,3.0,10,13,9,226,164,390,101,11,13,132,246,29,44,45,62,37,27,53,14,17,4.0,9,12,10,26,0,26,35,-5,-3,-19,35,2,14,-15,0,-1,8,-1,4,-3,-1.0,1,1,-1,0
2026,2026-04-17,R7,Regular,7.0,Kardinia Park,Geelong,Western Bulldogs,1,19,17,131,56,75,23,237,162,399,103,6,21,132,257,35,67,31,73,40,59,59,21,21,5.0,14,19,14,188,157,345,74,4,13,128,211,37,41,48,71,47,27,63,21,21,10.0,7,8,4,49,5,54,29,2,8,4,46,-2,26,-17,2,-7,32,-4,0,0,-5.0,7,11,10,0
2026,2026-04-17,R7,Regular,7.0,S.C.G.,Greater Western Sydney,Sydney,0,8,18,66,107,-41,23,210,196,406,69,9,7,159,240,25,59,52,65,51,32,70,19,24,4.0,5,8,14,219,193,412,85,8,8,146,254,46,70,50,60,51,41,64,24,19,27.0,14,17,3,-9,3,-6,-16,1,-1,13,-14,-21,-11,2,5,0,-9,6,-5,5,-23.0,-9,-9,11,0
2026,2026-04-17,R7,Regular,7.0,S.C.G.,Sydney,Greater Western Sydney,1,17,5,107,66,41,23,219,193,412,85,8,8,146,254,46,70,50,60,51,41,64,24,19,27.0,14,17,3,210,196,406,69,9,7,159,240,25,59,52,65,51,32,70,19,24,4.0,5,8,14,9,-3,6,16,-1,1,-13,14,21,11,-2,-5,0,9,-6,5,-5,23.0,9,9,-11,0
2026,2026-04-17,R7,Regular,7.0,Kardinia Park,Western Bulldogs,Geelong,0,8,8,56,131,-75,23,188,157,345,74,4,13,128,211,37,41,48,71,47,27,63,21,21,10.0,7,8,4,237,162,399,103,6,21,132,257,35,67,31,73,40,59,59,21,21,5.0,14,19,14,-49,-5,-54,-29,-2,-8,-4,-46,2,-26,17,-2,7,-32,4,0,0,5.0,-7,-11,-10,0
2026,2026-04-18,R7,Regular,7.0,Adelaide Oval,Adelaide,St Kilda,1,15,13,103,102,1,23,241,127,368,100,8,15,126,237,39,56,31,58,51,35,48,18,13,10.0,9,15,13,229,158,387,102,11,16,124,247,39,47,39,44,44,27,58,13,17,6.0,10,15,12,12,-31,-19,-2,-3,-1,2,-10,0,9,-8,14,7,8,-10,5,-4,4.0,-1,0,1,0
2026,2026-04-18,R7,Regular,7.0,Carrara,Essendon,Gold Coast,0,17,8,110,119,-9,23,227,138,365,98,8,11,127,219,37,55,42,72,36,18,56,20,15,10.0,12,17,6,199,182,381,86,10,17,133,241,29,60,37,51,30,44,63,15,20,9.0,13,17,14,28,-44,-16,12,-2,-6,-6,-22,8,-5,5,21,6,-26,-7,5,-5,1.0,-1,0,-8,0
2026,2026-04-18,R7,Regular,7.0,Carrara,Gold Coast,Essendon,1,17,17,119,110,9,23,199,182,381,86,10,17,133,241,29,60,37,51,30,44,63,15,20,9.0,13,17,14,227,138,365,98,8,11,127,219,37,55,42,72,36,18,56,20,15,10.0,12,17,6,-28,44,16,-12,2,6,6,22,-8,5,-5,-21,-6,26,7,-5,5,-1.0,1,0,8,0
2026,2026-04-18,R7,Regular,7.0,Docklands,Hawthorn,Port Adelaide,1,13,11,89,86,3,23,217,132,349,106,11,12,120,229,31,52,31,70,30,49,53,19,17,4.0,9,13,11,203,122,325,97,8,12,105,215,35,45,38,59,41,35,53,17,19,9.0,11,13,7,14,10,24,9,3,0,15,14,-4,7,-7,11,-11,14,0,2,-2,-5.0,-2,0,4,0
2026,2026-04-18,R7,Regular,7.0,Docklands,Port Adelaide,Hawthorn,0,13,8,86,89,-3,23,203,122,325,97,8,12,105,215,35,45,38,59,41,35,53,17,19,9.0,11,13,7,217,132,349,106,11,12,120,229,31,52,31,70,30,49,53,19,17,4.0,9,13,11,-14,-10,-24,-9,-3,0,-15,-14,4,-7,7,-11,11,-14,0,-2,2,5.0,2,0,-4,0
2026,2026-04-18,R7,Regular,7.0,Adelaide Oval,St Kilda,Adelaide,0,15,12,102,103,-1,23,229,158,387,102,11,16,124,247,39,47,39,44,44,27,58,13,17,6.0,10,15,12,241,127,368,100,8,15,126,237,39,56,31,58,51,35,48,18,13,10.0,9,15,13,-12,31,19,2,3,1,-2,10,0,-9,8,-14,-7,-8,10,-5,4,-4.0,1,0,-1,0
2026,2026-04-19,R7,Regular,7.0,M.C.G.,Brisbane Lions,Melbourne,0,15,12,102,104,-2,23,247,111,358,137,8,18,119,234,35,52,38,31,41,29,56,12,19,3.0,11,15,10,200,145,345,80,9,16,117,205,30,54,36,50,35,34,48,19,12,14.0,13,16,4,47,-34,13,57,-1,2,2,29,5,-2,2,-19,6,-5,8,-7,7,-11.0,-2,-1,6,0
2026,2026-04-19,R7,Regular,7.0,Perth Stadium,Fremantle,West Coast,0,14,13,97,41,56,23,226,139,365,120,15,19,119,240,28,50,43,56,44,42,56,12,17,11.0,12,14,11,209,124,333,98,11,7,124,198,26,51,36,53,40,18,51,17,12,3.0,5,5,10,17,15,32,22,4,12,-5,42,2,-1,7,3,4,24,5,-5,5,8.0,7,9,1,0
2026,2026-04-19,R7,Regular,7.0,M.C.G.,Melbourne,Brisbane Lions,1,16,8,104,102,2,23,200,145,345,80,9,16,117,205,30,54,36,50,35,34,48,19,12,14.0,13,16,4,247,111,358,137,8,18,119,234,35,52,38,31,41,29,56,12,19,3.0,11,15,10,-47,34,-13,-57,1,-2,-2,-29,-5,2,-2,19,-6,5,-8,7,-7,11.0,2,1,-6,0
2026,2026-04-19,R7,Regular,7.0,Docklands,North Melbourne,Richmond,1,20,10,130,55,75,23,244,184,428,116,11,19,123,290,38,58,42,50,38,31,63,11,21,21.0,16,20,8,165,115,280,82,8,11,99,174,30,49,34,50,46,31,42,21,11,9.0,5,7,11,79,69,148,34,3,8,24,116,8,9,8,0,-8,0,21,-10,10,12.0,11,13,-3,0
2026,2026-04-19,R7,Regular,7.0,Docklands,Richmond,North Melbourne,0,7,13,55,130,-75,23,165,115,280,82,8,11,99,174,30,49,34,50,46,31,42,21,11,9.0,5,7,11,244,184,428,116,11,19,123,290,38,58,42,50,38,31,63,11,21,21.0,16,20,8,-79,-69,-148,-34,-3,-8,-24,-116,-8,-9,-8,0,8,0,-21,10,-10,-12.0,-11,-13,3,0
2026,2026-04-19,R7,Regular,7.0,Perth Stadium,West Coast,Fremantle,1,5,11,41,97,-56,23,209,124,333,98,11,7,124,198,26,51,36,53,40,18,51,17,12,3.0,5,5,10,226,139,365,120,15,19,119,240,28,50,43,56,44,42,56,12,17,11.0,12,14,11,-17,-15,-32,-22,-4,-12,5,-42,-2,1,-7,-3,-4,-24,-5,5,-5,-8.0,-7,-9,-1,0
2026,2026-04-23,R8,Regular,8.0,Docklands,Sydney,Western Bulldogs,0,18,18,126,60,66,23,215,184,399,91,18,23,145,244,29,69,37,60,50,42,61,27,15,15.0,13,18,12,208,154,362,84,4,9,126,229,34,46,49,60,60,22,66,15,27,5.0,8,9,6,7,30,37,7,14,14,19,15,-5,23,-12,0,-10,20,-5,12,-12,10.0,5,9,6,0
2026,2026-04-23,R8,Regular,8.0,Docklands,Western Bulldogs,Sydney,1,9,6,60,126,-66,23,208,154,362,84,4,9,126,229,34,46,49,60,60,22,66,15,27,5.0,8,9,6,215,184,399,91,18,23,145,244,29,69,37,60,50,42,61,27,15,15.0,13,18,12,-7,-30,-37,-7,-14,-14,-19,-15,5,-23,12,0,10,-20,5,-12,12,-10.0,-5,-9,-6,0
2026,2026-04-24,R8,Regular,8.0,M.C.G.,Melbourne,Richmond,0,19,12,126,72,54,23,212,150,362,78,15,16,150,207,38,61,35,44,45,47,48,22,13,14.0,13,19,10,182,162,344,71,13,11,129,209,32,47,40,46,38,18,55,13,22,8.0,9,11,5,30,-12,18,7,2,5,21,-2,6,14,-5,-2,7,29,-7,9,-9,6.0,4,8,5,0
2026,2026-04-24,R8,Regular,8.0,M.C.G.,Richmond,Melbourne,1,11,6,72,126,-54,23,182,162,344,71,13,11,129,209,32,47,40,46,38,18,55,13,22,8.0,9,11,5,212,150,362,78,15,16,150,207,38,61,35,44,45,47,48,22,13,14.0,13,19,10,-30,12,-18,-7,-2,-5,-21,2,-6,-14,5,2,-7,-29,7,-9,9,-6.0,-4,-8,-5,0
2026,2026-04-25,R8,Regular,8.0,Perth Stadium,Carlton,Fremantle,0,13,11,89,103,-14,23,190,166,356,85,10,12,132,221,29,53,32,60,46,23,54,20,17,7.0,6,13,8,218,186,404,103,11,16,129,273,34,51,40,61,42,39,56,17,20,9.0,15,16,5,-28,-20,-48,-18,-1,-4,3,-52,-5,2,-8,-1,4,-16,-2,3,-3,-2.0,-9,-3,3,0
2026,2026-04-25,R8,Regular,8.0,M.C.G.,Collingwood,Essendon,0,20,17,137,60,77,23,244,214,458,134,9,18,141,311,29,62,25,38,27,29,56,20,14,6.0,13,20,16,192,173,365,89,8,10,108,244,28,34,41,42,31,19,53,14,20,16.0,4,9,6,52,41,93,45,1,8,33,67,1,28,-16,-4,-4,10,3,6,-6,-10.0,9,11,10,0
2026,2026-04-25,R8,Regular,8.0,M.C.G.,Essendon,Collingwood,1,9,6,60,137,-77,23,192,173,365,89,8,10,108,244,28,34,41,42,31,19,53,14,20,16.0,4,9,6,244,214,458,134,9,18,141,311,29,62,25,38,27,29,56,20,14,6.0,13,20,16,-52,-41,-93,-45,-1,-8,-33,-67,-1,-28,16,4,4,-10,-3,-6,6,10.0,-9,-11,-10,0
2026,2026-04-25,R8,Regular,8.0,Perth Stadium,Fremantle,Carlton,1,16,7,103,89,14,23,218,186,404,103,11,16,129,273,34,51,40,61,42,39,56,17,20,9.0,15,16,5,190,166,356,85,10,12,132,221,29,53,32,60,46,23,54,20,17,7.0,6,13,8,28,20,48,18,1,4,-3,52,5,-2,8,1,-4,16,2,-3,3,2.0,9,3,-3,0
2026,2026-04-25,R8,Regular,8.0,Adelaide Oval,Geelong,Port Adelaide,0,10,5,65,95,-30,23,195,137,332,89,8,8,124,199,28,35,44,53,36,23,62,20,17,9.0,8,10,3,247,157,404,127,6,17,125,280,46,58,25,66,43,53,49,17,20,9.0,12,13,11,-52,-20,-72,-38,2,-9,-1,-81,-18,-23,19,-13,-7,-30,13,3,-3,0.0,-4,-3,-8,0
2026,2026-04-25,R8,Regular,8.0,York Park,Gold Coast,Hawthorn,0,9,9,63,112,-49,23,184,161,345,67,8,10,132,192,37,60,38,64,40,32,51,22,13,9.0,8,9,8,227,210,437,99,6,12,141,281,40,54,49,82,41,42,68,13,22,18.0,12,16,13,-43,-49,-92,-32,2,-2,-9,-89,-3,6,-11,-18,-1,-10,-17,9,-9,-9.0,-4,-7,-5,0
2026,2026-04-25,R8,Regular,8.0,York Park,Hawthorn,Gold Coast,1,16,16,112,63,49,23,227,210,437,99,6,12,141,281,40,54,49,82,41,42,68,13,22,18.0,12,16,13,184,161,345,67,8,10,132,192,37,60,38,64,40,32,51,22,13,9.0,8,9,8,43,49,92,32,-2,2,9,89,3,-6,11,18,1,10,17,-9,9,9.0,4,7,5,0
2026,2026-04-25,R8,Regular,8.0,Adelaide Oval,Port Adelaide,Geelong,1,13,17,95,65,30,23,247,157,404,127,6,17,125,280,46,58,25,66,43,53,49,17,20,9.0,12,13,11,195,137,332,89,8,8,124,199,28,35,44,53,36,23,62,20,17,9.0,8,10,3,52,20,72,38,-2,9,1,81,18,23,-19,13,7,30,-13,-3,3,0.0,4,3,8,0
2026,2026-04-26,R8,Regular,8.0,Gabba,Adelaide,Brisbane Lions,0,11,9,75,127,-52,23,208,145,353,97,8,11,121,230,30,43,44,54,37,38,53,18,18,4.0,8,11,8,261,136,397,131,12,16,143,248,45,64,30,45,33,30,50,18,18,7.0,16,19,11,-53,9,-44,-34,-4,-5,-22,-18,-15,-21,14,9,4,8,3,0,0,-3.0,-8,-8,-3,0
2026,2026-04-26,R8,Regular,8.0,Gabba,Brisbane Lions,Adelaide,1,19,13,127,75,52,23,261,136,397,131,12,16,143,248,45,64,30,45,33,30,50,18,18,7.0,16,19,11,208,145,353,97,8,11,121,230,30,43,44,54,37,38,53,18,18,4.0,8,11,8,53,-9,44,34,4,5,22,18,15,21,-14,-9,-4,-8,-3,0,0,3.0,8,8,3,0
2026,2026-04-26,R8,Regular,8.0,Manuka Oval,Greater Western Sydney,North Melbourne,1,15,15,105,98,7,23,196,180,376,78,7,14,130,234,34,56,39,59,47,36,54,16,22,8.0,11,15,13,219,172,391,94,11,8,130,246,36,54,39,63,44,29,44,22,16,6.0,10,14,8,-23,8,-15,-16,-4,6,0,-12,-2,2,0,-4,3,7,10,-6,6,2.0,1,1,5,0
2026,2026-04-26,R8,Regular,8.0,Manuka Oval,North Melbourne,Greater Western Sydney,0,14,14,98,105,-7,23,219,172,391,94,11,8,130,246,36,54,39,63,44,29,44,22,16,6.0,10,14,8,196,180,376,78,7,14,130,234,34,56,39,59,47,36,54,16,22,8.0,11,15,13,23,-8,15,16,4,-6,0,12,2,-2,0,4,-3,-7,-10,6,-6,-2.0,-1,-1,-5,0
2026,2026-04-26,R8,Regular,8.0,Docklands,St Kilda,West Coast,1,22,11,143,42,101,23,267,165,432,146,9,21,128,296,36,59,43,45,33,29,50,18,13,8.0,17,22,10,195,154,349,97,6,9,111,231,28,48,36,33,44,25,55,13,18,10.0,4,5,8,72,11,83,49,3,12,17,65,8,11,7,12,-11,4,-5,5,-5,-2.0,13,17,2,0
2026,2026-04-26,R8,Regular,8.0,Docklands,West Coast,St Kilda,0,5,12,42,143,-101,23,195,154,349,97,6,9,111,231,28,48,36,33,44,25,55,13,18,10.0,4,5,8,267,165,432,146,9,21,128,296,36,59,43,45,33,29,50,18,13,8.0,17,22,10,-72,-11,-83,-49,-3,-12,-17,-65,-8,-11,-7,-12,11,-4,5,-5,5,2.0,-13,-17,-2,0
2026,2026-04-30,R9,Regular,9.0,M.C.G.,Collingwood,Hawthorn,1,15,3,93,93,0,23,200,145,345,100,8,11,105,218,23,34,49,53,44,22,68,23,26,3.0,11,15,3,236,184,420,109,12,12,134,278,39,62,19,45,32,41,61,26,23,5.0,7,13,11,-36,-39,-75,-9,-4,-1,-29,-60,-16,-28,30,8,12,-19,7,-3,3,-2.0,4,2,-8,0
2026,2026-04-30,R9,Regular,9.0,M.C.G.,Hawthorn,Collingwood,0,13,15,93,93,0,23,236,184,420,109,12,12,134,278,39,62,19,45,32,41,61,26,23,5.0,7,13,11,200,145,345,100,8,11,105,218,23,34,49,53,44,22,68,23,26,3.0,11,15,3,36,39,75,9,4,1,29,60,16,28,-30,-8,-12,19,-7,3,-3,2.0,-4,-2,8,0
2026,2026-05-01,R9,Regular,9.0,Adelaide Oval,Adelaide,Port Adelaide,1,11,10,76,75,1,23,198,141,339,78,10,8,150,196,35,59,28,81,35,38,52,20,21,10.0,10,11,9,219,137,356,103,16,12,144,207,38,39,48,69,46,55,61,21,20,10.0,8,11,9,-21,4,-17,-25,-6,-4,6,-11,-3,20,-20,12,-11,-17,-9,-1,1,0.0,2,0,0,0
2026,2026-05-01,R9,Regular,9.0,Docklands,Fremantle,Western Bulldogs,0,17,12,114,102,12,23,209,144,353,75,9,14,131,212,45,63,37,78,42,61,62,17,27,7.0,10,17,11,207,164,371,81,3,10,135,231,37,52,44,58,51,23,43,27,17,6.0,12,15,8,2,-20,-18,-6,6,4,-4,-19,8,11,-7,20,-9,38,19,-10,10,1.0,-2,2,3,0
2026,2026-05-01,R9,Regular,9.0,Adelaide Oval,Port Adelaide,Adelaide,0,11,9,75,76,-1,23,219,137,356,103,16,12,144,207,38,39,48,69,46,55,61,21,20,10.0,8,11,9,198,141,339,78,10,8,150,196,35,59,28,81,35,38,52,20,21,10.0,10,11,9,21,-4,17,25,6,4,-6,11,3,-20,20,-12,11,17,9,1,-1,0.0,-2,0,0,0
2026,2026-05-01,R9,Regular,9.0,Docklands,Western Bulldogs,Fremantle,1,15,12,102,114,-12,23,207,164,371,81,3,10,135,231,37,52,44,58,51,23,43,27,17,6.0,12,15,8,209,144,353,75,9,14,131,212,45,63,37,78,42,61,62,17,27,7.0,10,17,11,-2,20,18,6,-6,-4,4,19,-8,-11,7,-20,9,-38,-19,10,-10,-1.0,2,-2,-3,0
2026,2026-05-02,R9,Regular,9.0,Docklands,Brisbane Lions,Essendon,0,22,11,143,79,64,23,285,129,414,163,22,23,125,276,33,63,40,48,34,33,63,15,20,5.0,19,22,10,182,168,350,78,8,15,114,232,37,53,42,40,28,31,53,20,15,6.0,10,11,10,103,-39,64,85,14,8,11,44,-4,10,-2,8,6,2,10,-5,5,-1.0,9,11,0,0
2026,2026-05-02,R9,Regular,9.0,Docklands,Carlton,St Kilda,1,9,15,69,108,-39,23,226,137,363,118,7,15,106,243,24,50,28,40,46,22,55,17,21,12.0,6,9,13,234,138,372,118,7,23,112,239,34,46,41,47,39,30,57,21,17,12.0,13,16,10,-8,-1,-9,0,0,-8,-6,4,-10,4,-13,-7,7,-8,-2,-4,4,0.0,-7,-7,3,0
2026,2026-05-02,R9,Regular,9.0,Docklands,Essendon,Brisbane Lions,1,11,13,79,143,-64,23,182,168,350,78,8,15,114,232,37,53,42,40,28,31,53,20,15,6.0,10,11,10,285,129,414,163,22,23,125,276,33,63,40,48,34,33,63,15,20,5.0,19,22,10,-103,39,-64,-85,-14,-8,-11,-44,4,-10,2,-8,-6,-2,-10,5,-5,1.0,-9,-11,0,0
2026,2026-05-02,R9,Regular,9.0,Kardinia Park,Geelong,North Melbourne,1,21,9,135,86,49,23,203,168,371,81,6,13,133,230,39,60,37,53,42,40,63,27,26,8.0,12,21,8,183,184,367,68,8,10,138,232,41,50,37,55,31,28,63,26,26,8.0,10,13,6,20,-16,4,13,-2,3,-5,-2,-2,10,0,-2,11,12,0,1,0,0.0,2,8,2,0
2026,2026-05-02,R9,Regular,9.0,Kardinia Park,North Melbourne,Geelong,0,13,8,86,135,-49,23,183,184,367,68,8,10,138,232,41,50,37,55,31,28,63,26,26,8.0,10,13,6,203,168,371,81,6,13,133,230,39,60,37,53,42,40,63,27,26,8.0,12,21,8,-20,16,-4,-13,2,-3,5,2,2,-10,0,2,-11,-12,0,-1,0,0.0,-2,-8,-2,0
2026,2026-05-02,R9,Regular,9.0,Perth Stadium,Richmond,West Coast,0,15,9,99,88,11,23,210,138,348,90,16,15,141,202,38,48,50,49,38,35,59,23,16,12.0,10,15,8,202,148,350,95,11,10,137,218,39,64,31,58,46,32,63,16,23,8.0,7,13,8,8,-10,-2,-5,5,5,4,-16,-1,-16,19,-9,-8,3,-4,7,-7,4.0,3,2,0,0
2026,2026-05-02,R9,Regular,9.0,Docklands,St Kilda,Carlton,0,16,12,108,69,39,23,234,138,372,118,7,23,112,239,34,46,41,47,39,30,57,21,17,12.0,13,16,10,226,137,363,118,7,15,106,243,24,50,28,40,46,22,55,17,21,12.0,6,9,13,8,1,9,0,0,8,6,-4,10,-4,13,7,-7,8,2,4,-4,0.0,7,7,-3,0
2026,2026-05-02,R9,Regular,9.0,Perth Stadium,West Coast,Richmond,1,13,10,88,99,-11,23,202,148,350,95,11,10,137,218,39,64,31,58,46,32,63,16,23,8.0,7,13,8,210,138,348,90,16,15,141,202,38,48,50,49,38,35,59,23,16,12.0,10,15,8,-8,10,2,5,-5,-5,-4,16,1,16,-19,9,8,-3,4,-7,7,-4.0,-3,-2,0,0
2026,2026-05-03,R9,Regular,9.0,Carrara,Gold Coast,Greater Western Sydney,1,11,17,83,63,20,23,238,159,397,126,12,9,113,266,29,58,40,56,32,38,44,13,15,9.0,6,11,12,198,173,371,71,3,11,127,224,37,49,47,58,61,27,59,15,13,3.0,6,8,13,40,-14,26,55,9,-2,-14,42,-8,9,-7,-2,-29,11,-15,-2,2,6.0,0,3,-1,0
2026,2026-05-03,R9,Regular,9.0,Carrara,Greater Western Sydney,Gold Coast,0,8,15,63,83,-20,23,198,173,371,71,3,11,127,224,37,49,47,58,61,27,59,15,13,3.0,6,8,13,238,159,397,126,12,9,113,266,29,58,40,56,32,38,44,13,15,9.0,6,11,12,-40,14,-26,-55,-9,2,14,-42,8,-9,7,2,29,-11,15,2,-2,-6.0,0,-3,1,0
2026,2026-05-03,R9,Regular,9.0,S.C.G.,Melbourne,Sydney,0,17,12,114,131,-17,23,185,153,338,56,7,7,145,185,45,59,43,62,39,38,58,20,20,9.0,10,17,11,220,205,425,95,6,16,139,269,44,63,41,61,47,46,54,20,20,13.0,12,19,14,-35,-52,-87,-39,1,-9,6,-84,1,-4,2,1,-8,-8,4,0,0,-4.0,-2,-2,-3,0
2026,2026-05-03,R9,Regular,9.0,S.C.G.,Sydney,Melbourne,1,19,17,131,114,17,23,220,205,425,95,6,16,139,269,44,63,41,61,47,46,54,20,20,13.0,12,19,14,185,153,338,56,7,7,145,185,45,59,43,62,39,38,58,20,20,9.0,10,17,11,35,52,87,39,-1,9,-6,84,-1,4,-2,-1,8,8,-4,0,0,4.0,2,2,3,0
2026,2026-05-07,R10,Regular,10.0,Perth Stadium,Fremantle,Hawthorn,1,12,16,88,73,15,23,191,138,329,79,5,14,114,212,41,56,29,58,44,34,42,17,17,6.0,10,12,13,209,142,351,89,9,9,124,214,29,41,43,42,47,41,60,17,17,1.0,9,11,6,-18,-4,-22,-10,-4,5,-10,-2,12,15,-14,16,-3,-7,-18,0,0,5.0,1,1,7,0
2026,2026-05-07,R10,Regular,10.0,Perth Stadium,Hawthorn,Fremantle,0,11,7,73,88,-15,23,209,142,351,89,9,9,124,214,29,41,43,42,47,41,60,17,17,1.0,9,11,6,191,138,329,79,5,14,114,212,41,56,29,58,44,34,42,17,17,6.0,10,12,13,18,4,22,10,4,-5,10,2,-12,-15,14,-16,3,7,18,0,0,-5.0,-1,-1,-7,0
2026,2026-05-08,R10,Regular,10.0,Gabba,Brisbane Lions,Carlton,1,14,16,100,89,11,23,218,129,347,99,9,10,108,219,43,54,45,50,46,53,50,19,13,12.0,11,14,14,207,185,392,95,16,20,128,246,32,59,38,38,42,30,55,13,19,11.0,12,13,8,11,-56,-45,4,-7,-10,-20,-27,11,-5,7,12,4,23,-5,6,-6,1.0,-1,1,6,0
2026,2026-05-08,R10,Regular,10.0,Gabba,Carlton,Brisbane Lions,0,13,11,89,100,-11,23,207,185,392,95,16,20,128,246,32,59,38,38,42,30,55,13,19,11.0,12,13,8,218,129,347,99,9,10,108,219,43,54,45,50,46,53,50,19,13,12.0,11,14,14,-11,56,45,-4,7,10,20,27,-11,5,-7,-12,-4,-23,5,-6,6,-1.0,1,-1,-6,0
2026,2026-05-08,R10,Regular,10.0,Adelaide Oval,Port Adelaide,Western Bulldogs,1,10,12,72,74,-2,23,225,136,361,119,7,11,109,243,30,35,47,59,29,43,68,28,22,4.0,9,10,9,218,160,378,102,7,14,112,250,41,59,25,64,41,31,68,22,28,12.0,9,10,13,7,-24,-17,17,0,-3,-3,-7,-11,-24,22,-5,-12,12,0,6,-6,-8.0,0,0,-4,0
2026,2026-05-08,R10,Regular,10.0,Adelaide Oval,Western Bulldogs,Port Adelaide,0,10,14,74,72,2,23,218,160,378,102,7,14,112,250,41,59,25,64,41,31,68,22,28,12.0,9,10,13,225,136,361,119,7,11,109,243,30,35,47,59,29,43,68,28,22,4.0,9,10,9,-7,24,17,-17,0,3,3,7,11,24,-22,5,12,-12,0,-6,6,8.0,0,0,4,0
2026,2026-05-09,R10,Regular,10.0,M.C.G.,Collingwood,Geelong,0,9,14,68,122,-54,23,222,191,413,101,4,18,123,263,35,59,34,56,43,37,50,15,11,4.0,6,9,11,235,192,427,118,7,21,126,286,35,52,48,46,45,26,60,11,15,5.0,15,18,9,-13,-1,-14,-17,-3,-3,-3,-23,0,7,-14,10,-2,11,-10,4,-4,-1.0,-9,-9,2,0
2026,2026-05-09,R10,Regular,10.0,Sydney Showground,Essendon,Greater Western Sydney,0,13,11,89,103,-14,23,236,143,379,104,12,13,139,240,37,61,30,52,30,41,50,22,17,3.0,10,13,10,211,159,370,90,8,13,135,230,41,46,48,49,60,38,71,17,22,14.0,12,16,6,25,-16,9,14,4,0,4,10,-4,15,-18,3,-30,3,-21,5,-5,-11.0,-2,-3,4,0
2026,2026-05-09,R10,Regular,10.0,M.C.G.,Geelong,Collingwood,1,18,14,122,68,54,23,235,192,427,118,7,21,126,286,35,52,48,46,45,26,60,11,15,5.0,15,18,9,222,191,413,101,4,18,123,263,35,59,34,56,43,37,50,15,11,4.0,6,9,11,13,1,14,17,3,3,3,23,0,-7,14,-10,2,-11,10,-4,4,1.0,9,9,-2,0
2026,2026-05-09,R10,Regular,10.0,Marrara Oval,Gold Coast,St Kilda,1,13,11,89,60,29,23,229,146,375,112,7,10,112,249,21,48,37,41,28,24,55,26,24,14.0,10,13,10,201,155,356,97,7,13,119,237,39,45,34,44,39,29,67,24,26,9.0,6,8,9,28,-9,19,15,0,-3,-7,12,-18,3,3,-3,-11,-5,-12,2,-2,5.0,4,5,1,0
2026,2026-05-09,R10,Regular,10.0,Sydney Showground,Greater Western Sydney,Essendon,1,16,7,103,89,14,23,211,159,370,90,8,13,135,230,41,46,48,49,60,38,71,17,22,14.0,12,16,6,236,143,379,104,12,13,139,240,37,61,30,52,30,41,50,22,17,3.0,10,13,10,-25,16,-9,-14,-4,0,-4,-10,4,-15,18,-3,30,-3,21,-5,5,11.0,2,3,-4,0
2026,2026-05-09,R10,Regular,10.0,Docklands,North Melbourne,Sydney,1,14,13,97,105,-8,23,230,173,403,107,11,10,133,264,33,67,34,52,32,26,54,23,20,6.0,7,14,11,162,185,347,59,6,13,132,213,30,51,52,60,44,33,62,20,22,22.0,12,16,7,68,-12,56,48,5,-3,1,51,3,16,-18,-8,-12,-7,-8,3,-2,-16.0,-5,-2,4,0
2026,2026-05-09,R10,Regular,10.0,Marrara Oval,St Kilda,Gold Coast,0,8,12,60,89,-29,23,201,155,356,97,7,13,119,237,39,45,34,44,39,29,67,24,26,9.0,6,8,9,229,146,375,112,7,10,112,249,21,48,37,41,28,24,55,26,24,14.0,10,13,10,-28,9,-19,-15,0,3,7,-12,18,-3,-3,3,11,5,12,-2,2,-5.0,-4,-5,-1,0
2026,2026-05-09,R10,Regular,10.0,Docklands,Sydney,North Melbourne,0,16,9,105,97,8,23,162,185,347,59,6,13,132,213,30,51,52,60,44,33,62,20,22,22.0,12,16,7,230,173,403,107,11,10,133,264,33,67,34,52,32,26,54,23,20,6.0,7,14,11,-68,12,-56,-48,-5,3,-1,-51,-3,-16,18,8,12,7,8,-3,2,16.0,5,2,-4,0
2026,2026-05-10,R10,Regular,10.0,M.C.G.,Adelaide,Richmond,0,14,14,98,61,37,23,249,136,385,141,11,14,118,262,29,54,36,62,29,37,47,18,20,8.0,10,14,12,196,149,345,92,11,7,127,213,27,45,38,38,46,19,57,20,18,6.0,7,9,5,53,-13,40,49,0,7,-9,49,2,9,-2,24,-17,18,-10,-2,2,2.0,3,5,7,0
2026,2026-05-10,R10,Regular,10.0,Docklands,Melbourne,West Coast,1,15,9,99,67,32,23,221,157,378,112,12,16,132,229,39,58,37,68,33,49,55,18,20,5.0,11,15,9,198,167,365,78,7,11,127,225,37,47,42,56,35,23,51,20,18,11.0,9,9,12,23,-10,13,34,5,5,5,4,2,11,-5,12,-2,26,4,-2,2,-6.0,2,6,-3,0
2026,2026-05-10,R10,Regular,10.0,M.C.G.,Richmond,Adelaide,1,9,7,61,98,-37,23,196,149,345,92,11,7,127,213,27,45,38,38,46,19,57,20,18,6.0,7,9,5,249,136,385,141,11,14,118,262,29,54,36,62,29,37,47,18,20,8.0,10,14,12,-53,13,-40,-49,0,-7,9,-49,-2,-9,2,-24,17,-18,10,2,-2,-2.0,-3,-5,-7,0
2026,2026-05-10,R10,Regular,10.0,Docklands,West Coast,Melbourne,0,9,13,67,99,-32,23,198,167,365,78,7,11,127,225,37,47,42,56,35,23,51,20,18,11.0,9,9,12,221,157,378,112,12,16,132,229,39,58,37,68,33,49,55,18,20,5.0,11,15,9,-23,10,-13,-34,-5,-5,-5,-4,-2,-11,5,-12,2,-26,-4,2,-2,6.0,-2,-6,3,0
2026,2026-05-14,R11,Regular,11.0,Gabba,Brisbane Lions,Geelong,1,11,10,76,117,-41,23,226,155,381,69,3,11,143,219,45,56,48,45,56,43,60,23,19,8.0,7,11,9,223,181,404,80,6,9,138,246,35,66,44,64,52,36,59,19,23,4.0,12,17,12,3,-26,-23,-11,-3,2,5,-27,10,-10,4,-19,4,7,1,4,-4,4.0,-5,-6,-3,0
2026,2026-05-14,R11,Regular,11.0,Gabba,Geelong,Brisbane Lions,0,17,15,117,76,41,23,223,181,404,80,6,9,138,246,35,66,44,64,52,36,59,19,23,4.0,12,17,12,226,155,381,69,3,11,143,219,45,56,48,45,56,43,60,23,19,8.0,7,11,9,-3,26,23,11,3,-2,-5,27,-10,10,-4,19,-4,-7,-1,-4,4,-4.0,5,6,3,0
2026,2026-05-15,R11,Regular,11.0,S.C.G.,Collingwood,Sydney,0,10,15,75,81,-6,23,203,170,373,66,8,8,145,203,38,56,59,74,51,10,71,21,31,0.0,4,10,11,233,168,401,89,6,8,160,221,41,71,45,56,55,52,76,31,20,10.0,3,11,13,-30,2,-28,-23,2,0,-15,-18,-3,-15,14,18,-4,-42,-5,-10,11,-10.0,1,-1,-2,0
2026,2026-05-15,R11,Regular,11.0,Marrara Oval,Gold Coast,Port Adelaide,1,15,8,98,73,25,23,235,154,389,94,7,11,143,231,30,62,44,47,48,39,54,14,22,10.0,8,15,6,207,148,355,57,3,6,141,197,41,55,47,50,47,33,52,22,14,11.0,4,10,11,28,6,34,37,4,5,2,34,-11,7,-3,-3,1,6,2,-8,8,-1.0,4,5,-5,0
2026,2026-05-15,R11,Regular,11.0,Marrara Oval,Port Adelaide,Gold Coast,0,10,13,73,98,-25,23,207,148,355,57,3,6,141,197,41,55,47,50,47,33,52,22,14,11.0,4,10,11,235,154,389,94,7,11,143,231,30,62,44,47,48,39,54,14,22,10.0,8,15,6,-28,-6,-34,-37,-4,-5,-2,-34,11,-7,3,3,-1,-6,-2,8,-8,1.0,-4,-5,5,0
2026,2026-05-15,R11,Regular,11.0,S.C.G.,Sydney,Collingwood,1,11,15,81,75,6,23,233,168,401,89,6,8,160,221,41,71,45,56,55,52,76,31,20,10.0,3,11,13,203,170,373,66,8,8,145,203,38,56,59,74,51,10,71,21,31,0.0,4,10,11,30,-2,28,23,-2,0,15,18,3,15,-14,-18,4,42,5,10,-11,10.0,-1,1,2,0
2026,2026-05-16,R11,Regular,11.0,Adelaide Oval,Adelaide,North Melbourne,1,20,13,133,65,68,23,223,164,387,105,9,16,129,254,41,49,35,73,36,32,56,19,24,6.0,13,20,13,181,139,320,77,4,11,103,203,32,44,29,42,39,45,54,24,19,7.0,7,9,10,42,25,67,28,5,5,26,51,9,5,6,31,-3,-13,2,-5,5,-1.0,6,11,3,0
2026,2026-05-16,R11,Regular,11.0,Docklands,Carlton,Western Bulldogs,1,10,14,74,62,12,23,247,152,399,124,8,5,140,247,36,55,28,56,40,22,61,25,23,1.0,4,10,10,189,141,330,90,5,9,109,209,27,38,43,58,47,27,64,23,25,11.0,7,9,6,58,11,69,34,3,-4,31,38,9,17,-15,-2,-7,-5,-3,2,-2,-10.0,-3,1,4,0
2026,2026-05-16,R11,Regular,11.0,M.C.G.,Hawthorn,Melbourne,0,12,9,81,120,-39,23,225,170,395,109,9,15,133,254,34,57,37,46,32,42,63,19,21,10.0,9,12,6,221,144,365,94,8,9,144,220,38,56,44,54,41,25,60,21,19,19.0,11,18,9,4,26,30,15,1,6,-11,34,-4,1,-7,-8,-9,17,3,-2,2,-9.0,-2,-6,-3,0
2026,2026-05-16,R11,Regular,11.0,M.C.G.,Melbourne,Hawthorn,1,18,12,120,81,39,23,221,144,365,94,8,9,144,220,38,56,44,54,41,25,60,21,19,19.0,11,18,9,225,170,395,109,9,15,133,254,34,57,37,46,32,42,63,19,21,10.0,9,12,6,-4,-26,-30,-15,-1,-6,11,-34,4,-1,7,8,9,-17,-3,2,-2,9.0,2,6,3,0
2026,2026-05-16,R11,Regular,11.0,Adelaide Oval,North Melbourne,Adelaide,0,9,11,65,133,-68,23,181,139,320,77,4,11,103,203,32,44,29,42,39,45,54,24,19,7.0,7,9,10,223,164,387,105,9,16,129,254,41,49,35,73,36,32,56,19,24,6.0,13,20,13,-42,-25,-67,-28,-5,-5,-26,-51,-9,-5,-6,-31,3,13,-2,5,-5,1.0,-6,-11,-3,0
2026,2026-05-16,R11,Regular,11.0,Docklands,Western Bulldogs,Carlton,0,9,8,62,74,-12,23,189,141,330,90,5,9,109,209,27,38,43,58,47,27,64,23,25,11.0,7,9,6,247,152,399,124,8,5,140,247,36,55,28,56,40,22,61,25,23,1.0,4,10,10,-58,-11,-69,-34,-3,4,-31,-38,-9,-17,15,2,7,5,3,-2,2,10.0,3,-1,-4,0
2026,2026-05-17,R11,Regular,11.0,M.C.G.,Essendon,Fremantle,1,8,13,61,104,-43,23,189,161,350,79,7,11,127,217,33,47,36,64,37,28,51,19,21,0.0,5,8,9,224,160,384,88,9,9,127,239,29,52,39,65,53,35,57,21,19,1.0,11,16,6,-35,1,-34,-9,-2,2,0,-22,4,-5,-3,-1,-16,-7,-6,-2,2,-1.0,-6,-8,3,0
2026,2026-05-17,R11,Regular,11.0,M.C.G.,Fremantle,Essendon,0,16,8,104,61,43,23,224,160,384,88,9,9,127,239,29,52,39,65,53,35,57,21,19,1.0,11,16,6,189,161,350,79,7,11,127,217,33,47,36,64,37,28,51,19,21,0.0,5,8,9,35,-1,34,9,2,-2,0,22,-4,5,3,1,16,7,6,2,-2,1.0,6,8,-3,0
2026,2026-05-17,R11,Regular,11.0,Perth Stadium,Greater Western Sydney,West Coast,0,10,11,71,88,-17,23,173,182,355,57,7,12,142,198,39,45,35,78,44,35,65,10,26,8.0,6,10,9,208,116,324,89,10,11,136,189,37,50,35,82,48,50,51,26,10,4.0,10,13,8,-35,66,31,-32,-3,1,6,9,2,-5,0,-4,-4,-15,14,-16,16,4.0,-4,-3,1,0
2026,2026-05-17,R11,Regular,11.0,Docklands,Richmond,St Kilda,0,11,7,73,109,-36,23,193,134,327,103,7,9,103,220,27,37,46,40,37,19,58,19,23,8.0,9,11,5,243,165,408,115,7,15,126,269,41,63,25,50,42,42,57,24,19,14.0,14,16,11,-50,-31,-81,-12,0,-6,-23,-49,-14,-26,21,-10,-5,-23,1,-5,4,-6.0,-5,-5,-6,0
2026,2026-05-17,R11,Regular,11.0,Docklands,St Kilda,Richmond,1,16,13,109,73,36,23,243,165,408,115,7,15,126,269,41,63,25,50,42,42,57,24,19,14.0,14,16,11,193,134,327,103,7,9,103,220,27,37,46,40,37,19,58,19,23,8.0,9,11,5,50,31,81,12,0,6,23,49,14,26,-21,10,5,23,-1,5,-4,6.0,5,5,6,0
2026,2026-05-17,R11,Regular,11.0,Perth Stadium,West Coast,Greater Western Sydney,1,13,10,88,71,17,23,208,116,324,89,10,11,136,189,37,50,35,82,48,50,51,26,10,4.0,10,13,8,173,182,355,57,7,12,142,198,39,45,35,78,44,35,65,10,26,8.0,6,10,9,35,-66,-31,32,3,-1,-6,-9,-2,5,0,4,4,15,-14,16,-16,-4.0,4,3,-1,0
2026,2026-05-21,R12,Regular,12.0,York Park,Adelaide,Hawthorn,0,9,12,66,75,-9,23,213,175,388,69,7,7,141,222,33,57,39,81,44,29,84,24,23,5.0,9,9,9,199,135,334,60,9,8,134,178,47,50,48,78,49,55,73,23,24,7.0,3,10,11,14,40,54,9,-2,-1,7,44,-14,7,-9,3,-5,-26,11,1,-1,-2.0,6,-1,-2,0
2026,2026-05-21,R12,Regular,12.0,York Park,Hawthorn,Adelaide,1,10,15,75,66,9,23,199,135,334,60,9,8,134,178,47,50,48,78,49,55,73,23,24,7.0,3,10,11,213,175,388,69,7,7,141,222,33,57,39,81,44,29,84,24,23,5.0,9,9,9,-14,-40,-54,-9,2,1,-7,-44,14,-7,9,-3,5,26,-11,-1,1,2.0,-6,1,2,0
2026,2026-05-22,R12,Regular,12.0,M.C.G.,Essendon,Richmond,0,7,14,56,74,-18,23,231,161,392,126,9,10,109,264,26,45,31,44,40,35,59,19,26,2.0,6,7,12,208,153,361,102,5,8,109,241,32,41,36,52,42,8,47,26,19,9.0,7,10,11,23,8,31,24,4,2,0,23,-6,4,-5,-8,-2,27,12,-7,7,-7.0,-1,-3,1,0
2026,2026-05-22,R12,Regular,12.0,Perth Stadium,Fremantle,St Kilda,1,16,8,104,74,30,23,211,183,394,101,17,13,148,243,34,61,34,54,30,33,52,14,13,19.0,13,16,7,199,152,351,90,12,10,131,210,41,45,44,55,35,31,58,13,14,5.0,7,11,7,12,31,43,11,5,3,17,33,-7,16,-10,-1,-5,2,-6,1,-1,14.0,6,5,0,0
2026,2026-05-22,R12,Regular,12.0,M.C.G.,Richmond,Essendon,1,10,14,74,56,18,23,208,153,361,102,5,8,109,241,32,41,36,52,42,8,47,26,19,9.0,7,10,11,231,161,392,126,9,10,109,264,26,45,31,44,40,35,59,19,26,2.0,6,7,12,-23,-8,-31,-24,-4,-2,0,-23,6,-4,5,8,2,-27,-12,7,-7,7.0,1,3,-1,0
2026,2026-05-22,R12,Regular,12.0,Perth Stadium,St Kilda,Fremantle,0,11,8,74,104,-30,23,199,152,351,90,12,10,131,210,41,45,44,55,35,31,58,13,14,5.0,7,11,7,211,183,394,101,17,13,148,243,34,61,34,54,30,33,52,14,13,19.0,13,16,7,-12,-31,-43,-11,-5,-3,-17,-33,7,-16,10,1,5,-2,6,-1,1,-14.0,-6,-5,0,0
2026,2026-05-23,R12,Regular,12.0,Adelaide Oval,Carlton,Port Adelaide,0,13,14,92,58,34,23,222,182,404,108,9,18,114,271,27,50,40,43,40,25,48,16,13,5.0,12,13,14,193,132,325,88,11,16,114,203,35,48,36,53,42,30,58,13,16,12.0,7,8,9,29,50,79,20,-2,2,0,68,-8,2,4,-10,-2,-5,-10,3,-3,-7.0,5,5,5,0
2026,2026-05-23,R12,Regular,12.0,M.C.G.,Collingwood,West Coast,1,13,14,92,82,10,23,187,170,357,77,10,10,138,210,38,50,44,77,45,30,61,28,18,5.0,7,13,11,222,166,388,97,9,9,131,250,42,57,36,47,42,32,75,18,28,4.0,8,12,7,-35,4,-31,-20,1,1,7,-40,-4,-7,8,30,3,-2,-14,10,-10,1.0,-1,1,4,0
2026,2026-05-23,R12,Regular,12.0,Kardinia Park,Geelong,Sydney,1,15,17,107,80,27,23,233,177,410,105,11,15,144,254,38,69,33,39,42,39,48,17,17,3.0,12,15,13,196,169,365,76,15,13,129,214,34,45,54,73,37,33,57,17,17,11.0,12,12,8,37,8,45,29,-4,2,15,40,4,24,-21,-34,5,6,-9,0,0,-8.0,0,3,5,0
2026,2026-05-23,R12,Regular,12.0,Docklands,Gold Coast,North Melbourne,0,16,9,105,111,-6,23,193,131,324,86,7,7,122,197,44,53,35,59,41,65,40,22,17,6.0,9,16,6,196,158,354,97,16,16,108,239,41,54,36,66,37,30,48,17,22,3.0,16,17,6,-3,-27,-30,-11,-9,-9,14,-42,3,-1,-1,-7,4,35,-8,5,-5,3.0,-7,-1,0,0
2026,2026-05-23,R12,Regular,12.0,Docklands,North Melbourne,Gold Coast,1,17,9,111,105,6,23,196,158,354,97,16,16,108,239,41,54,36,66,37,30,48,17,22,3.0,16,17,6,193,131,324,86,7,7,122,197,44,53,35,59,41,65,40,22,17,6.0,9,16,6,3,27,30,11,9,9,-14,42,-3,1,1,7,-4,-35,8,-5,5,-3.0,7,1,0,0
2026,2026-05-23,R12,Regular,12.0,Adelaide Oval,Port Adelaide,Carlton,1,8,10,58,92,-34,23,193,132,325,88,11,16,114,203,35,48,36,53,42,30,58,13,16,12.0,7,8,9,222,182,404,108,9,18,114,271,27,50,40,43,40,25,48,16,13,5.0,12,13,14,-29,-50,-79,-20,2,-2,0,-68,8,-2,-4,10,2,5,10,-3,3,7.0,-5,-5,-5,0
2026,2026-05-23,R12,Regular,12.0,Kardinia Park,Sydney,Geelong,0,12,8,80,107,-27,23,196,169,365,76,15,13,129,214,34,45,54,73,37,33,57,17,17,11.0,12,12,8,233,177,410,105,11,15,144,254,38,69,33,39,42,39,48,17,17,3.0,12,15,13,-37,-8,-45,-29,4,-2,-15,-40,-4,-24,21,34,-5,-6,9,0,0,8.0,0,-3,-5,0
2026,2026-05-23,R12,Regular,12.0,M.C.G.,West Coast,Collingwood,0,12,10,82,92,-10,23,222,166,388,97,9,9,131,250,42,57,36,47,42,32,75,18,28,4.0,8,12,7,187,170,357,77,10,10,138,210,38,50,44,77,45,30,61,28,18,5.0,7,13,11,35,-4,31,20,-1,-1,-7,40,4,7,-8,-30,-3,2,14,-10,10,-1.0,1,-1,-4,0
2026,2026-05-24,R12,Regular,12.0,Sydney Showground,Brisbane Lions,Greater Western Sydney,0,13,10,88,166,-78,23,218,163,381,88,10,8,155,212,43,49,48,50,46,47,55,22,16,10.0,6,13,9,224,206,430,67,8,9,168,244,45,75,35,87,44,31,57,16,22,15.0,17,26,8,-6,-43,-49,21,2,-1,-13,-32,-2,-26,13,-37,2,16,-2,6,-6,-5.0,-11,-13,1,0
2026,2026-05-24,R12,Regular,12.0,Sydney Showground,Greater Western Sydney,Brisbane Lions,1,26,10,166,88,78,23,224,206,430,67,8,9,168,244,45,75,35,87,44,31,57,16,22,15.0,17,26,8,218,163,381,88,10,8,155,212,43,49,48,50,46,47,55,22,16,10.0,6,13,9,6,43,49,-21,-2,1,13,32,2,26,-13,37,-2,-16,2,-6,6,5.0,11,13,-1,0
2026,2026-05-24,R12,Regular,12.0,Docklands,Melbourne,Western Bulldogs,0,13,12,90,93,-3,23,198,138,336,78,11,9,141,187,36,47,43,72,41,50,59,17,23,10.0,8,13,10,212,154,366,80,9,15,151,204,45,57,34,62,44,25,59,23,17,4.0,13,14,7,-14,-16,-30,-2,2,-6,-10,-17,-9,-10,9,10,-3,25,0,-6,6,6.0,-5,-1,3,0
2026,2026-05-24,R12,Regular,12.0,Docklands,Western Bulldogs,Melbourne,1,14,9,93,90,3,23,212,154,366,80,9,15,151,204,45,57,34,62,44,25,59,23,17,4.0,13,14,7,198,138,336,78,11,9,141,187,36,47,43,72,41,50,59,17,23,10.0,8,13,10,14,16,30,2,-2,6,10,17,9,10,-9,-10,3,-25,0,6,-6,-6.0,5,1,-3,0
2026,2026-05-28,R13,Regular,13.0,Docklands,Hawthorn,St Kilda,0,18,11,119,67,52,23,217,212,429,99,4,18,108,302,32,56,34,56,35,39,53,13,18,9.0,16,18,9,214,173,387,94,7,16,125,250,31,44,36,48,46,25,57,18,13,7.0,8,9,11,3,39,42,5,-3,2,-17,52,1,12,-2,8,-11,14,-4,-5,5,2.0,8,9,-2,0
2026,2026-05-28,R13,Regular,13.0,Docklands,St Kilda,Hawthorn,1,9,13,67,119,-52,23,214,173,387,94,7,16,125,250,31,44,36,48,46,25,57,18,13,7.0,8,9,11,217,212,429,99,4,18,108,302,32,56,34,56,35,39,53,13,18,9.0,16,18,9,-3,-39,-42,-5,3,-2,17,-52,-1,-12,2,-8,11,-14,4,5,-5,-2.0,-8,-9,2,0
2026,2026-05-29,R13,Regular,13.0,M.C.G.,Carlton,Geelong,1,12,16,88,84,4,23,223,172,395,94,5,8,136,259,44,48,41,66,46,29,53,22,19,9.0,8,12,14,207,152,359,105,13,15,123,221,31,54,36,63,39,43,46,19,22,3.0,8,12,9,16,20,36,-11,-8,-7,13,38,13,-6,5,3,7,-14,7,3,-3,6.0,0,0,5,0
2026,2026-05-29,R13,Regular,13.0,M.C.G.,Geelong,Carlton,0,12,12,84,88,-4,23,207,152,359,105,13,15,123,221,31,54,36,63,39,43,46,19,22,3.0,8,12,9,223,172,395,94,5,8,136,259,44,48,41,66,46,29,53,22,19,9.0,8,12,14,-16,-20,-36,11,8,7,-13,-38,-13,6,-5,-3,-7,14,-7,-3,3,-6.0,0,0,-5,0
2026,2026-05-30,R13,Regular,13.0,Gabba,Brisbane Lions,Fremantle,1,10,18,78,103,-25,23,197,101,298,81,13,9,118,174,42,59,30,36,51,36,48,18,21,13.0,6,10,15,198,166,364,80,9,15,120,230,31,47,48,45,33,35,51,21,18,17.0,12,15,10,-1,-65,-66,1,4,-6,-2,-56,11,12,-18,-9,18,1,-3,-3,3,-4.0,-6,-5,5,0
2026,2026-05-30,R13,Regular,13.0,Docklands,Collingwood,Western Bulldogs,0,13,15,93,97,-4,23,235,183,418,115,5,13,117,285,32,47,48,53,44,24,56,9,8,5.0,11,13,12,226,133,359,104,13,14,124,228,38,62,33,43,46,39,51,8,9,2.0,9,14,12,9,50,59,11,-8,-1,-7,57,-6,-15,15,10,-2,-15,5,1,-1,3.0,2,-1,0,0
2026,2026-05-30,R13,Regular,13.0,Gabba,Fremantle,Brisbane Lions,0,15,13,103,78,25,23,198,166,364,80,9,15,120,230,31,47,48,45,33,35,51,21,18,17.0,12,15,10,197,101,298,81,13,9,118,174,42,59,30,36,51,36,48,18,21,13.0,6,10,15,1,65,66,-1,-4,6,2,56,-11,-12,18,9,-18,-1,3,3,-3,4.0,6,5,-5,0
2026,2026-05-30,R13,Regular,13.0,S.C.G.,Richmond,Sydney,0,8,8,56,170,-114,23,180,144,324,71,12,5,133,184,34,47,48,46,40,16,56,20,19,7.0,3,8,7,230,207,437,104,20,26,151,275,36,72,37,42,36,34,48,19,20,29.0,21,25,18,-50,-63,-113,-33,-8,-21,-18,-91,-2,-25,11,4,4,-18,8,1,-1,-22.0,-18,-17,-11,0
2026,2026-05-30,R13,Regular,13.0,S.C.G.,Sydney,Richmond,1,25,20,170,56,114,23,230,207,437,104,20,26,151,275,36,72,37,42,36,34,48,19,20,29.0,21,25,18,180,144,324,71,12,5,133,184,34,47,48,46,40,16,56,20,19,7.0,3,8,7,50,63,113,33,8,21,18,91,2,25,-11,-4,-4,18,-8,-1,1,22.0,18,17,11,0
2026,2026-05-30,R13,Regular,13.0,Docklands,Western Bulldogs,Collingwood,1,14,13,97,93,4,23,226,133,359,104,13,14,124,228,38,62,33,43,46,39,51,8,9,2.0,9,14,12,235,183,418,115,5,13,117,285,32,47,48,53,44,24,56,9,8,5.0,11,13,12,-9,-50,-59,-11,8,1,7,-57,6,15,-15,-10,2,15,-5,-1,1,-3.0,-2,1,0,0
2026,2026-05-31,R13,Regular,13.0,Perth Stadium,Essendon,West Coast,0,8,7,55,85,-30,23,200,173,373,68,7,6,126,231,45,40,43,56,33,34,69,18,25,4.0,7,8,5,218,171,389,99,8,16,124,259,23,55,32,45,38,28,48,25,18,3.0,9,12,12,-18,2,-16,-31,-1,-10,2,-28,22,-15,11,11,-5,6,21,-7,7,1.0,-2,-4,-7,0
2026,2026-05-31,R13,Regular,13.0,Traeger Park,Greater Western Sydney,Melbourne,0,19,5,119,70,49,23,263,145,408,138,6,14,114,269,27,46,52,55,44,24,47,21,18,10.0,15,19,5,200,129,329,85,11,7,125,194,35,62,27,48,30,32,55,18,21,12.0,7,9,11,63,16,79,53,-5,7,-11,75,-8,-16,25,7,14,-8,-8,3,-3,-2.0,8,10,-6,0
2026,2026-05-31,R13,Regular,13.0,Traeger Park,Melbourne,Greater Western Sydney,1,9,16,70,119,-49,23,200,129,329,85,11,7,125,194,35,62,27,48,30,32,55,18,21,12.0,7,9,11,263,145,408,138,6,14,114,269,27,46,52,55,44,24,47,21,18,10.0,15,19,5,-63,-16,-79,-53,5,-7,11,-75,8,16,-25,-7,-14,8,8,-3,3,2.0,-8,-10,6,0
2026,2026-05-31,R13,Regular,13.0,Perth Stadium,West Coast,Essendon,1,12,13,85,55,30,23,218,171,389,99,8,16,124,259,23,55,32,45,38,28,48,25,18,3.0,9,12,12,200,173,373,68,7,6,126,231,45,40,43,56,33,34,69,18,25,4.0,7,8,5,18,-2,16,31,1,10,-2,28,-22,15,-11,-11,5,-6,-21,7,-7,-1.0,2,4,7,0
2026,2026-06-04,R14,Regular,14.0,Adelaide Oval,Adelaide,Geelong,1,11,9,75,74,1,23,219,146,365,59,9,7,153,196,44,50,41,88,56,61,50,21,20,2.0,11,11,9,222,167,389,71,13,5,171,198,46,52,38,62,49,43,59,20,21,0.0,6,10,11,-3,-21,-24,-12,-4,2,-18,-2,-2,-2,3,26,7,18,-9,1,-1,2.0,5,1,-2,0
2026,2026-06-04,R14,Regular,14.0,Adelaide Oval,Geelong,Adelaide,0,10,14,74,75,-1,23,222,167,389,71,13,5,171,198,46,52,38,62,49,43,59,20,21,0.0,6,10,11,219,146,365,59,9,7,153,196,44,50,41,88,56,61,50,21,20,2.0,11,11,9,3,21,24,12,4,-2,18,2,2,2,-3,-26,-7,-18,9,-1,1,-2.0,-5,-1,2,0
2026,2026-06-05,R14,Regular,14.0,M.C.G.,Hawthorn,Western Bulldogs,1,9,17,71,77,-6,23,235,185,420,113,11,10,136,275,37,63,33,61,44,42,57,19,17,8.0,7,9,15,211,132,343,72,6,5,122,198,33,45,53,58,51,26,56,17,19,14.0,6,12,5,24,53,77,41,5,5,14,77,4,18,-20,3,-7,16,1,2,-2,-6.0,1,-3,10,0
2026,2026-06-05,R14,Regular,14.0,M.C.G.,Western Bulldogs,Hawthorn,0,12,5,77,71,6,23,211,132,343,72,6,5,122,198,33,45,53,58,51,26,56,17,19,14.0,6,12,5,235,185,420,113,11,10,136,275,37,63,33,61,44,42,57,19,17,8.0,7,9,15,-24,-53,-77,-41,-5,-5,-14,-77,-4,-18,20,-3,7,-16,-1,-2,2,6.0,-1,3,-10,0
2026,2026-06-06,R14,Regular,14.0,Carrara,Brisbane Lions,Gold Coast,0,15,16,106,75,31,23,229,114,343,98,12,16,123,201,31,65,30,50,39,20,57,23,18,6.0,14,15,13,196,149,345,93,13,10,111,218,21,43,50,35,32,37,58,18,23,13.0,10,11,8,33,-35,-2,5,-1,6,12,-17,10,22,-20,15,7,-17,-1,5,-5,-7.0,4,4,5,0
2026,2026-06-06,R14,Regular,14.0,Hands Oval,Fremantle,North Melbourne,0,24,11,155,31,124,23,214,169,383,118,8,22,109,275,37,57,28,43,36,36,48,22,13,25.0,17,24,8,193,132,325,101,7,3,96,221,29,32,33,43,31,22,53,14,22,3.0,1,4,5,21,37,58,17,1,19,13,54,8,25,-5,0,5,14,-5,8,-9,22.0,16,20,3,0
2026,2026-06-06,R14,Regular,14.0,Carrara,Gold Coast,Brisbane Lions,1,11,9,75,106,-31,23,196,149,345,93,13,10,111,218,21,43,50,35,32,37,58,18,23,13.0,10,11,8,229,114,343,98,12,16,123,201,31,65,30,50,39,20,57,23,18,6.0,14,15,13,-33,35,2,-5,1,-6,-12,17,-10,-22,20,-15,-7,17,1,-5,5,7.0,-4,-4,-5,0
2026,2026-06-06,R14,Regular,14.0,Hands Oval,North Melbourne,Fremantle,1,4,7,31,155,-124,23,193,132,325,101,7,3,96,221,29,32,33,43,31,22,53,14,22,3.0,1,4,5,214,169,383,118,8,22,109,275,37,57,28,43,36,36,48,22,13,25.0,17,24,8,-21,-37,-58,-17,-1,-19,-13,-54,-8,-25,5,0,-5,-14,5,-8,9,-22.0,-16,-20,-3,0
2026,2026-06-06,R14,Regular,14.0,Perth Stadium,Port Adelaide,West Coast,0,11,11,77,71,6,23,198,128,326,82,10,16,132,180,39,48,45,63,40,41,50,17,16,8.0,9,11,11,197,160,357,90,8,15,130,221,34,56,36,68,31,36,54,16,17,3.0,7,10,9,1,-32,-31,-8,2,1,2,-41,5,-8,9,-5,9,5,-4,1,-1,5.0,2,1,2,0
2026,2026-06-06,R14,Regular,14.0,Perth Stadium,West Coast,Port Adelaide,1,10,11,71,77,-6,23,197,160,357,90,8,15,130,221,34,56,36,68,31,36,54,16,17,3.0,7,10,9,198,128,326,82,10,16,132,180,39,48,45,63,40,41,50,17,16,8.0,9,11,11,-1,32,31,8,-2,-1,-2,41,-5,8,-9,5,-9,-5,4,-1,1,-5.0,-2,-1,-2,0
2026,2026-06-07,R14,Regular,14.0,M.C.G.,Carlton,Essendon,0,10,12,72,67,5,23,220,162,382,119,5,11,107,266,28,45,39,45,38,25,49,19,24,5.0,9,10,9,213,160,373,115,15,12,132,242,35,49,35,39,38,31,50,24,19,8.0,8,10,6,7,2,9,4,-10,-1,-25,24,-7,-4,4,6,0,-6,-1,-5,5,-3.0,1,0,3,0
2026,2026-06-07,R14,Regular,14.0,M.C.G.,Essendon,Carlton,1,10,7,67,72,-5,23,213,160,373,115,15,12,132,242,35,49,35,39,38,31,50,24,19,8.0,8,10,6,220,162,382,119,5,11,107,266,28,45,39,45,38,25,49,19,24,5.0,9,10,9,-7,-2,-9,-4,10,1,25,-24,7,4,-4,-6,0,6,1,5,-5,3.0,-1,0,-3,0
2026,2026-06-07,R14,Regular,14.0,S.C.G.,St Kilda,Sydney,0,15,12,102,104,-2,23,216,181,397,75,6,9,149,238,44,59,48,55,37,26,58,18,19,19.0,11,15,11,227,208,435,90,6,10,145,275,34,63,44,59,54,37,67,19,18,15.0,7,15,14,-11,-27,-38,-15,0,-1,4,-37,10,-4,4,-4,-17,-11,-9,-1,1,4.0,4,0,-3,0
2026,2026-06-07,R14,Regular,14.0,S.C.G.,Sydney,St Kilda,1,15,14,104,102,2,23,227,208,435,90,6,10,145,275,34,63,44,59,54,37,67,19,18,15.0,7,15,14,216,181,397,75,6,9,149,238,44,59,48,55,37,26,58,18,19,19.0,11,15,11,11,27,38,15,0,1,-4,37,-10,4,-4,4,17,11,9,1,-1,-4.0,-4,0,3,0
2026,2026-06-08,R14,Regular,14.0,M.C.G.,Collingwood,Melbourne,1,11,9,75,83,-8,23,208,188,396,82,11,13,137,244,39,57,48,70,39,23,66,16,14,7.0,9,11,9,208,163,371,89,13,13,130,230,35,60,45,62,49,52,57,14,16,9.0,11,12,9,0,25,25,-7,-2,0,7,14,4,-3,3,8,-10,-29,9,2,-2,-2.0,-2,-1,0,0
2026,2026-06-08,R14,Regular,14.0,M.C.G.,Melbourne,Collingwood,0,12,11,83,75,8,23,208,163,371,89,13,13,130,230,35,60,45,62,49,52,57,14,16,9.0,11,12,9,208,188,396,82,11,13,137,244,39,57,48,70,39,23,66,16,14,7.0,9,11,9,0,-25,-25,7,2,0,-7,-14,-4,3,-3,-8,10,29,-9,-2,2,2.0,2,1,0,0
2026,2026-06-11,R15,Regular,15.0,Docklands,Adelaide,Western Bulldogs,0,19,7,121,64,57,23,256,175,431,114,16,13,155,264,33,50,44,75,41,54,57,26,19,3.0,16,19,4,205,139,344,72,4,3,135,196,40,53,30,61,58,30,57,19,26,9.0,5,9,9,51,36,87,42,12,10,20,68,-7,-3,14,14,-17,24,0,7,-7,-6.0,11,10,-5,0
2026,2026-06-11,R15,Regular,15.0,Docklands,Western Bulldogs,Adelaide,1,9,10,64,121,-57,23,205,139,344,72,4,3,135,196,40,53,30,61,58,30,57,19,26,9.0,5,9,9,256,175,431,114,16,13,155,264,33,50,44,75,41,54,57,26,19,3.0,16,19,4,-51,-36,-87,-42,-12,-10,-20,-68,7,3,-14,-14,17,-24,0,-7,7,6.0,-11,-10,5,0
2026,2026-06-12,R15,Regular,15.0,Kardinia Park,Geelong,Gold Coast,1,15,15,105,60,45,23,189,148,337,69,10,10,133,192,40,62,38,62,40,39,51,24,20,9.0,11,15,12,200,189,389,95,5,14,117,265,29,47,45,64,44,49,64,20,24,16.0,6,8,10,-11,-41,-52,-26,5,-4,16,-73,11,15,-7,-2,-4,-10,-13,4,-4,-7.0,5,7,2,0
2026,2026-06-12,R15,Regular,15.0,Kardinia Park,Gold Coast,Geelong,0,8,12,60,105,-45,23,200,189,389,95,5,14,117,265,29,47,45,64,44,49,64,20,24,16.0,6,8,10,189,148,337,69,10,10,133,192,40,62,38,62,40,39,51,24,20,9.0,11,15,12,11,41,52,26,-5,4,-16,73,-11,-15,7,2,4,10,13,-4,4,7.0,-5,-7,-2,0
2026,2026-06-13,R15,Regular,15.0,M.C.G.,Essendon,Melbourne,0,6,14,50,95,-45,23,208,150,358,100,7,12,108,240,29,40,47,51,52,30,49,16,17,3.0,6,6,10,249,162,411,111,4,8,140,260,38,63,35,51,48,35,46,17,16,5.0,11,13,13,-41,-12,-53,-11,3,4,-32,-20,-9,-23,12,0,4,-5,3,-1,1,-2.0,-5,-7,-3,0
2026,2026-06-13,R15,Regular,15.0,M.C.G.,Melbourne,Essendon,1,13,17,95,50,45,23,249,162,411,111,4,8,140,260,38,63,35,51,48,35,46,17,16,5.0,11,13,13,208,150,358,100,7,12,108,240,29,40,47,51,52,30,49,16,17,3.0,6,6,10,41,12,53,11,-3,-4,32,20,9,23,-12,0,-4,5,-3,1,-1,2.0,5,7,3,0
2026,2026-06-13,R15,Regular,15.0,Perth Stadium,North Melbourne,West Coast,1,10,14,74,73,1,23,201,127,328,92,11,14,120,198,39,44,40,72,34,44,49,31,24,10.0,8,10,13,173,129,302,79,11,10,116,174,35,50,33,46,35,33,59,24,31,8.0,6,10,10,28,-2,26,13,0,4,4,24,4,-6,7,26,-1,11,-10,7,-7,2.0,2,0,3,0
2026,2026-06-13,R15,Regular,15.0,Adelaide Oval,Port Adelaide,Sydney,1,13,12,90,93,-3,23,221,119,340,83,6,13,132,197,40,56,33,55,47,40,59,22,22,4.0,13,13,8,186,170,356,72,12,8,136,209,30,47,42,62,51,27,70,22,22,11.0,10,14,5,35,-51,-16,11,-6,5,-4,-12,10,9,-9,-7,-4,13,-11,0,0,-7.0,3,-1,3,0
2026,2026-06-13,R15,Regular,15.0,Adelaide Oval,Sydney,Port Adelaide,0,14,9,93,90,3,23,186,170,356,72,12,8,136,209,30,47,42,62,51,27,70,22,22,11.0,10,14,5,221,119,340,83,6,13,132,197,40,56,33,55,47,40,59,22,22,4.0,13,13,8,-35,51,16,-11,6,-5,4,12,-10,-9,9,7,4,-13,11,0,0,7.0,-3,1,-3,0
2026,2026-06-13,R15,Regular,15.0,Perth Stadium,West Coast,North Melbourne,0,10,13,73,74,-1,23,173,129,302,79,11,10,116,174,35,50,33,46,35,33,59,24,31,8.0,6,10,10,201,127,328,92,11,14,120,198,39,44,40,72,34,44,49,31,24,10.0,8,10,13,-28,2,-26,-13,0,-4,-4,-24,-4,6,-7,-26,1,-11,10,-7,7,-2.0,-2,0,-3,0
2026,2026-06-14,R15,Regular,15.0,Bellerive Oval,Brisbane Lions,Richmond,0,17,13,115,80,35,23,240,141,381,111,15,11,131,242,42,58,41,52,39,44,54,9,14,3.0,12,17,12,204,149,353,85,8,16,118,217,33,53,41,56,32,40,46,14,9,5.0,10,12,7,36,-8,28,26,7,-5,13,25,9,5,0,-4,7,4,8,-5,5,-2.0,2,5,5,0
2026,2026-06-14,R15,Regular,15.0,Docklands,Greater Western Sydney,St Kilda,0,13,10,88,96,-8,23,207,179,386,95,10,12,128,252,46,55,33,45,41,44,50,16,18,6.0,13,13,8,207,151,358,87,9,16,128,221,36,47,41,71,46,29,51,18,16,14.0,10,14,11,0,28,28,8,1,-4,0,31,10,8,-8,-26,-5,15,-1,-2,2,-8.0,3,-1,-3,0
2026,2026-06-14,R15,Regular,15.0,Bellerive Oval,Richmond,Brisbane Lions,1,12,8,80,115,-35,23,204,149,353,85,8,16,118,217,33,53,41,56,32,40,46,14,9,5.0,10,12,7,240,141,381,111,15,11,131,242,42,58,41,52,39,44,54,9,14,3.0,12,17,12,-36,8,-28,-26,-7,5,-13,-25,-9,-5,0,4,-7,-4,-8,5,-5,2.0,-2,-5,-5,0
2026,2026-06-14,R15,Regular,15.0,Docklands,St Kilda,Greater Western Sydney,1,14,12,96,88,8,23,207,151,358,87,9,16,128,221,36,47,41,71,46,29,51,18,16,14.0,10,14,11,207,179,386,95,10,12,128,252,46,55,33,45,41,44,50,16,18,6.0,13,13,8,0,-28,-28,-8,-1,4,0,-31,-10,-8,8,26,5,-15,1,2,-2,8.0,-3,1,3,0
2026,2026-06-18,R16,Regular,16.0,Perth Stadium,Fremantle,Geelong,1,14,15,99,90,9,23,223,159,382,110,12,20,120,247,35,54,29,51,37,36,48,19,9,13.0,9,14,14,199,140,339,88,15,11,112,211,31,44,39,32,28,26,47,9,19,11.0,11,14,5,24,19,43,22,-3,9,8,36,4,10,-10,19,9,10,1,10,-10,2.0,-2,0,9,0
2026,2026-06-18,R16,Regular,16.0,Perth Stadium,Geelong,Fremantle,0,14,6,90,99,-9,23,199,140,339,88,15,11,112,211,31,44,39,32,28,26,47,9,19,11.0,11,14,5,223,159,382,110,12,20,120,247,35,54,29,51,37,36,48,19,9,13.0,9,14,14,-24,-19,-43,-22,3,-9,-8,-36,-4,-10,10,-19,-9,-10,-1,-10,10,-2.0,2,0,-9,0
2026,2026-06-19,R16,Regular,16.0,Carrara,Gold Coast,Hawthorn,1,14,13,97,113,-16,23,235,194,429,104,12,11,150,269,32,65,38,48,53,34,61,22,17,11.0,12,14,10,203,143,346,71,9,7,125,195,36,55,50,57,38,30,58,17,22,12.0,11,17,9,32,51,83,33,3,4,25,74,-4,10,-12,-9,15,4,3,5,-5,-1.0,1,-3,1,0
2026,2026-06-19,R16,Regular,16.0,Carrara,Hawthorn,Gold Coast,0,17,11,113,97,16,23,203,143,346,71,9,7,125,195,36,55,50,57,38,30,58,17,22,12.0,11,17,9,235,194,429,104,12,11,150,269,32,65,38,48,53,34,61,22,17,11.0,12,14,10,-32,-51,-83,-33,-3,-4,-25,-74,4,-10,12,9,-15,-4,-3,-5,5,1.0,-1,3,-1,0
2026,2026-06-20,R16,Regular,16.0,Adelaide Oval,Adelaide,Melbourne,1,11,13,79,62,17,23,254,156,410,138,16,11,134,269,31,55,47,67,53,37,52,22,19,4.0,11,11,9,192,163,355,62,3,6,146,198,42,58,44,49,58,35,75,19,22,13.0,7,9,7,62,-7,55,76,13,5,-12,71,-11,-3,3,18,-5,2,-23,3,-3,-9.0,4,2,2,0
2026,2026-06-20,R16,Regular,16.0,Sydney Showground,Carlton,Greater Western Sydney,0,12,16,88,65,23,23,231,177,408,105,11,13,136,253,35,61,36,45,34,22,54,21,21,4.0,7,12,14,198,170,368,84,7,9,124,227,31,46,47,50,56,41,64,21,21,14.0,7,9,11,33,7,40,21,4,4,12,26,4,15,-11,-5,-22,-19,-10,0,0,-10.0,0,3,3,0
2026,2026-06-20,R16,Regular,16.0,M.C.G.,Collingwood,Port Adelaide,1,11,12,78,52,26,23,214,182,396,106,13,17,110,260,31,46,46,40,40,13,59,8,14,6.0,5,11,9,239,122,361,117,6,13,114,228,31,54,35,44,42,37,60,14,8,7.0,4,6,12,-25,60,35,-11,7,4,-4,32,0,-8,11,-4,-2,-24,-1,-6,6,-1.0,1,5,-3,0
2026,2026-06-20,R16,Regular,16.0,Sydney Showground,Greater Western Sydney,Carlton,1,9,11,65,88,-23,23,198,170,368,84,7,9,124,227,31,46,47,50,56,41,64,21,21,14.0,7,9,11,231,177,408,105,11,13,136,253,35,61,36,45,34,22,54,21,21,4.0,7,12,14,-33,-7,-40,-21,-4,-4,-12,-26,-4,-15,11,5,22,19,10,0,0,10.0,0,-3,-3,0
2026,2026-06-20,R16,Regular,16.0,Adelaide Oval,Melbourne,Adelaide,0,9,8,62,79,-17,23,192,163,355,62,3,6,146,198,42,58,44,49,58,35,75,19,22,13.0,7,9,7,254,156,410,138,16,11,134,269,31,55,47,67,53,37,52,22,19,4.0,11,11,9,-62,7,-55,-76,-13,-5,12,-71,11,3,-3,-18,5,-2,23,-3,3,9.0,-4,-2,-2,0
2026,2026-06-20,R16,Regular,16.0,M.C.G.,Port Adelaide,Collingwood,0,6,16,52,78,-26,23,239,122,361,117,6,13,114,228,31,54,35,44,42,37,60,14,8,7.0,4,6,12,214,182,396,106,13,17,110,260,31,46,46,40,40,13,59,8,14,6.0,5,11,9,25,-60,-35,11,-7,-4,4,-32,0,8,-11,4,2,24,1,6,-6,1.0,-1,-5,3,0
2026,2026-06-21,R16,Regular,16.0,M.C.G.,North Melbourne,Richmond,0,10,13,73,48,25,23,235,155,390,134,12,17,115,261,25,46,41,56,37,30,40,19,15,7.0,8,10,10,187,145,332,90,9,9,109,215,23,48,35,38,47,26,54,15,19,6.0,2,6,6,48,10,58,44,3,8,6,46,2,-2,6,18,-10,4,-14,4,-4,1.0,6,4,4,0
2026,2026-06-21,R16,Regular,16.0,M.C.G.,Richmond,North Melbourne,1,6,12,48,73,-25,23,187,145,332,90,9,9,109,215,23,48,35,38,47,26,54,15,19,6.0,2,6,6,235,155,390,134,12,17,115,261,25,46,41,56,37,30,40,19,15,7.0,8,10,10,-48,-10,-58,-44,-3,-8,-6,-46,-2,2,-6,-18,10,-4,14,-4,4,-1.0,-6,-4,-4,0
2026,2026-06-21,R16,Regular,16.0,Docklands,St Kilda,Western Bulldogs,1,8,13,61,83,-22,23,234,205,439,100,13,10,151,274,40,61,33,58,42,41,64,13,21,15.0,4,8,10,233,163,396,96,5,13,132,248,41,45,53,56,57,31,51,21,13,11.0,11,12,10,1,42,43,4,8,-3,19,26,-1,16,-20,2,-15,10,13,-8,8,4.0,-7,-4,0,0
2026,2026-06-21,R16,Regular,16.0,Docklands,Western Bulldogs,St Kilda,0,12,11,83,61,22,23,233,163,396,96,5,13,132,248,41,45,53,56,57,31,51,21,13,11.0,11,12,10,234,205,439,100,13,10,151,274,40,61,33,58,42,41,64,13,21,15.0,4,8,10,-1,-42,-43,-4,-8,3,-19,-26,1,-16,20,-2,15,-10,-13,8,-8,-4.0,7,4,0,0
2026,2026-06-25,R17,Regular,17.0,Gabba,Brisbane Lions,Sydney,1,19,12,126,83,43,23,251,100,351,109,9,13,142,195,46,62,42,62,52,40,48,21,13,5.0,11,19,11,185,181,366,69,9,13,144,209,33,56,42,60,47,45,66,13,21,10.0,7,12,9,66,-81,-15,40,0,0,-2,-14,13,6,0,2,5,-5,-18,8,-8,-5.0,4,7,2,0
2026,2026-06-25,R17,Regular,17.0,Gabba,Sydney,Brisbane Lions,0,12,11,83,126,-43,23,185,181,366,69,9,13,144,209,33,56,42,60,47,45,66,13,21,10.0,7,12,9,251,100,351,109,9,13,142,195,46,62,42,62,52,40,48,21,13,5.0,11,19,11,-66,81,15,-40,0,0,2,14,-13,-6,0,-2,-5,5,18,-8,8,5.0,-4,-7,-2,0
2026,2026-06-26,R17,Regular,17.0,M.C.G.,Greater Western Sydney,Hawthorn,0,12,10,82,96,-14,23,198,185,383,74,10,12,146,228,30,40,49,84,64,27,54,15,22,3.0,9,12,9,219,154,373,79,4,11,140,219,54,63,26,69,44,65,53,22,15,3.0,9,14,9,-21,31,10,-5,6,1,6,9,-24,-23,23,15,20,-38,1,-7,7,0.0,0,-2,0,0
2026,2026-06-26,R17,Regular,17.0,M.C.G.,Hawthorn,Greater Western Sydney,1,14,12,96,82,14,23,219,154,373,79,4,11,140,219,54,63,26,69,44,65,53,22,15,3.0,9,14,9,198,185,383,74,10,12,146,228,30,40,49,84,64,27,54,15,22,3.0,9,12,9,21,-31,-10,5,-6,-1,-6,-9,24,23,-23,-15,-20,38,-1,7,-7,0.0,0,2,0,0
2026,2026-06-27,R17,Regular,17.0,Adelaide Oval,Adelaide,Port Adelaide,0,11,5,71,97,-26,23,198,135,333,79,13,9,129,182,22,45,38,63,41,31,59,23,20,3.0,8,11,4,220,86,306,100,16,17,135,164,42,52,34,63,27,47,55,20,23,2.0,8,13,16,-22,49,27,-21,-3,-8,-6,18,-20,-7,4,0,14,-16,4,3,-3,1.0,0,-2,-12,0
2026,2026-06-27,R17,Regular,17.0,Docklands,Carlton,West Coast,1,17,15,117,64,53,23,251,194,445,133,13,20,142,296,48,61,40,61,35,22,49,22,21,4.0,12,17,13,174,127,301,66,5,4,114,180,34,49,43,48,37,40,55,21,22,12.0,5,9,6,77,67,144,67,8,16,28,116,14,12,-3,13,-2,-18,-6,1,-1,-8.0,7,8,7,0
2026,2026-06-27,R17,Regular,17.0,M.C.G.,Collingwood,Richmond,1,15,16,106,72,34,23,216,171,387,122,8,20,103,283,30,56,39,61,39,25,50,17,16,9.0,12,15,13,199,181,380,94,4,13,117,253,31,51,41,37,39,33,59,16,17,12.0,9,11,5,17,-10,7,28,4,7,-14,30,-1,5,-2,24,0,-8,-9,1,-1,-3.0,3,4,8,0
2026,2026-06-27,R17,Regular,17.0,Adelaide Oval,Port Adelaide,Adelaide,1,13,19,97,71,26,23,220,86,306,100,16,17,135,164,42,52,34,63,27,47,55,20,23,2.0,8,13,16,198,135,333,79,13,9,129,182,22,45,38,63,41,31,59,23,20,3.0,8,11,4,22,-49,-27,21,3,8,6,-18,20,7,-4,0,-14,16,-4,-3,3,-1.0,0,2,12,0
2026,2026-06-27,R17,Regular,17.0,M.C.G.,Richmond,Collingwood,0,11,6,72,106,-34,23,199,181,380,94,4,13,117,253,31,51,41,37,39,33,59,16,17,12.0,9,11,5,216,171,387,122,8,20,103,283,30,56,39,61,39,25,50,17,16,9.0,12,15,13,-17,10,-7,-28,-4,-7,14,-30,1,-5,2,-24,0,8,9,-1,1,3.0,-3,-4,-8,0
2026,2026-06-27,R17,Regular,17.0,Docklands,West Coast,Carlton,0,9,10,64,117,-53,23,174,127,301,66,5,4,114,180,34,49,43,48,37,40,55,21,22,12.0,5,9,6,251,194,445,133,13,20,142,296,48,61,40,61,35,22,49,22,21,4.0,12,17,13,-77,-67,-144,-67,-8,-16,-28,-116,-14,-12,3,-13,2,18,6,-1,1,8.0,-7,-8,-7,0
2026,2026-06-28,R17,Regular,17.0,Docklands,Essendon,North Melbourne,0,9,11,65,79,-14,23,217,143,360,129,9,9,94,253,25,40,40,35,25,37,39,12,14,19.0,6,9,7,233,202,435,124,5,19,97,321,28,51,31,51,37,22,49,14,12,12.0,7,10,15,-16,-59,-75,5,4,-10,-3,-68,-3,-11,9,-16,-12,15,-10,-2,2,7.0,-1,-1,-8,0
2026,2026-06-28,R17,Regular,17.0,Perth Stadium,Fremantle,Gold Coast,1,11,14,80,29,51,23,198,195,393,91,8,17,115,269,24,54,35,67,43,36,55,18,21,13.0,10,11,9,188,141,329,75,2,4,129,190,36,40,43,45,47,42,57,21,18,5.0,3,3,9,10,54,64,16,6,13,-14,79,-12,14,-8,22,-4,-6,-2,-3,3,8.0,7,8,0,0
2026,2026-06-28,R17,Regular,17.0,Perth Stadium,Gold Coast,Fremantle,0,3,11,29,80,-51,23,188,141,329,75,2,4,129,190,36,40,43,45,47,42,57,21,18,5.0,3,3,9,198,195,393,91,8,17,115,269,24,54,35,67,43,36,55,18,21,13.0,10,11,9,-10,-54,-64,-16,-6,-13,14,-79,12,-14,8,-22,4,6,2,3,-3,-8.0,-7,-8,0,0
2026,2026-06-28,R17,Regular,17.0,Docklands,North Melbourne,Essendon,1,10,19,79,65,14,23,233,202,435,124,5,19,97,321,28,51,31,51,37,22,49,14,12,12.0,7,10,15,217,143,360,129,9,9,94,253,25,40,40,35,25,37,39,12,14,19.0,6,9,7,16,59,75,-5,-4,10,3,68,3,11,-9,16,12,-15,10,2,-2,-7.0,1,1,8,0
2026,2026-07-02,R18,Regular,18.0,Kardinia Park,Brisbane Lions,Geelong,0,19,9,123,101,22,23,266,118,384,102,8,13,143,208,40,52,53,55,65,48,62,9,16,4.0,12,19,6,200,165,365,66,8,14,154,196,42,69,33,57,52,40,48,16,9,4.0,10,14,13,66,-47,19,36,0,-1,-11,12,-2,-17,20,-2,13,8,14,-7,7,0.0,2,5,-7,0
2026,2026-07-02,R18,Regular,18.0,Kardinia Park,Geelong,Brisbane Lions,1,14,17,101,123,-22,23,200,165,365,66,8,14,154,196,42,69,33,57,52,40,48,16,9,4.0,10,14,13,266,118,384,102,8,13,143,208,40,52,53,55,65,48,62,9,16,4.0,12,19,6,-66,47,-19,-36,0,1,11,-12,2,17,-20,2,-13,-8,-14,7,-7,0.0,-2,-5,7,0
2026,2026-07-03,R18,Regular,18.0,Perth Stadium,Adelaide,West Coast,0,15,9,99,74,25,23,233,136,369,103,14,8,145,217,39,56,33,73,36,49,68,25,28,11.0,11,15,5,198,133,331,84,10,6,140,183,37,44,40,71,46,27,60,28,25,9.0,6,11,8,35,3,38,19,4,2,5,34,2,12,-7,2,-10,22,8,-3,3,2.0,5,4,-3,0
2026,2026-07-03,R18,Regular,18.0,S.C.G.,Sydney,Western Bulldogs,1,13,12,90,55,35,23,225,175,400,97,13,14,132,254,42,61,33,64,55,70,45,14,17,14.0,10,13,7,185,136,321,72,8,5,122,191,45,41,46,60,46,29,40,17,14,9.0,4,7,12,40,39,79,25,5,9,10,63,-3,20,-13,4,9,41,5,-3,3,5.0,6,6,-5,0
2026,2026-07-03,R18,Regular,18.0,Perth Stadium,West Coast,Adelaide,1,11,8,74,99,-25,23,198,133,331,84,10,6,140,183,37,44,40,71,46,27,60,28,25,9.0,6,11,8,233,136,369,103,14,8,145,217,39,56,33,73,36,49,68,25,28,11.0,11,15,5,-35,-3,-38,-19,-4,-2,-5,-34,-2,-12,7,-2,10,-22,-8,3,-3,-2.0,-5,-4,3,0
2026,2026-07-03,R18,Regular,18.0,S.C.G.,Western Bulldogs,Sydney,0,7,13,55,90,-35,23,185,136,321,72,8,5,122,191,45,41,46,60,46,29,40,17,14,9.0,4,7,12,225,175,400,97,13,14,132,254,42,61,33,64,55,70,45,14,17,14.0,10,13,7,-40,-39,-79,-25,-5,-9,-10,-63,3,-20,13,-4,-9,-41,-5,3,-3,-5.0,-6,-6,5,0
2026,2026-07-04,R18,Regular,18.0,M.C.G.,Carlton,Richmond,0,10,14,74,72,2,23,222,150,372,101,8,17,136,225,31,49,39,57,37,39,65,19,19,7.0,8,10,9,175,143,318,68,13,8,123,183,43,48,38,61,47,38,57,19,19,6.0,4,10,8,47,7,54,33,-5,9,13,42,-12,1,1,-4,-10,1,8,0,0,1.0,4,0,1,0
2026,2026-07-04,R18,Regular,18.0,Carrara,Collingwood,Gold Coast,0,15,14,104,98,6,23,195,159,354,73,7,15,121,217,43,56,38,75,46,33,51,14,16,8.0,13,15,9,229,180,409,120,8,5,133,262,40,53,41,43,36,54,53,16,14,6.0,12,15,6,-34,-21,-55,-47,-1,10,-12,-45,3,3,-3,32,10,-21,-2,-2,2,2.0,1,0,3,0
2026,2026-07-04,R18,Regular,18.0,Manuka Oval,Fremantle,Greater Western Sydney,0,13,10,88,109,-21,23,178,158,336,74,9,5,128,203,28,47,45,67,39,46,55,24,18,22.0,8,13,7,206,169,375,86,5,10,140,234,42,62,34,58,46,24,53,18,24,18.0,9,16,12,-28,-11,-39,-12,4,-5,-12,-31,-14,-15,11,9,-7,22,2,6,-6,4.0,-1,-3,-5,0
2026,2026-07-04,R18,Regular,18.0,Carrara,Gold Coast,Collingwood,1,15,8,98,104,-6,23,229,180,409,120,8,5,133,262,40,53,41,43,36,54,53,16,14,6.0,12,15,6,195,159,354,73,7,15,121,217,43,56,38,75,46,33,51,14,16,8.0,13,15,9,34,21,55,47,1,-10,12,45,-3,-3,3,-32,-10,21,2,2,-2,-2.0,-1,0,-3,0
2026,2026-07-04,R18,Regular,18.0,Manuka Oval,Greater Western Sydney,Fremantle,1,16,13,109,88,21,23,206,169,375,86,5,10,140,234,42,62,34,58,46,24,53,18,24,18.0,9,16,12,178,158,336,74,9,5,128,203,28,47,45,67,39,46,55,24,18,22.0,8,13,7,28,11,39,12,-4,5,12,31,14,15,-11,-9,7,-22,-2,-6,6,-4.0,1,3,5,0
2026,2026-07-04,R18,Regular,18.0,York Park,Hawthorn,Melbourne,1,14,6,90,125,-35,23,216,129,345,111,18,15,120,214,31,59,35,44,39,42,61,20,23,2.0,11,14,3,207,142,349,89,16,15,137,203,46,57,43,64,35,36,54,23,20,4.0,15,19,10,9,-13,-4,22,2,0,-17,11,-15,2,-8,-20,4,6,7,-3,3,-2.0,-4,-5,-7,0
2026,2026-07-04,R18,Regular,18.0,York Park,Melbourne,Hawthorn,0,19,11,125,90,35,23,207,142,349,89,16,15,137,203,46,57,43,64,35,36,54,23,20,4.0,15,19,10,216,129,345,111,18,15,120,214,31,59,35,44,39,42,61,20,23,2.0,11,14,3,-9,13,4,-22,-2,0,17,-11,15,-2,8,20,-4,-6,-7,3,-3,2.0,4,5,7,0
2026,2026-07-04,R18,Regular,18.0,M.C.G.,Richmond,Carlton,1,10,12,72,74,-2,23,175,143,318,68,13,8,123,183,43,48,38,61,47,38,57,19,19,6.0,4,10,8,222,150,372,101,8,17,136,225,31,49,39,57,37,39,65,19,19,7.0,8,10,9,-47,-7,-54,-33,5,-9,-13,-42,12,-1,-1,4,10,-1,-8,0,0,-1.0,-4,0,-1,0
2026,2026-07-05,R18,Regular,18.0,Docklands,Essendon,St Kilda,1,7,8,50,117,-67,23,184,148,332,82,6,7,109,210,33,37,38,46,31,49,54,17,24,6.0,6,7,7,244,203,447,127,8,18,115,317,34,55,30,65,36,28,44,24,17,13.0,12,17,12,-60,-55,-115,-45,-2,-11,-6,-107,-1,-18,8,-19,-5,21,10,-7,7,-7.0,-6,-10,-5,0
2026,2026-07-05,R18,Regular,18.0,Adelaide Oval,North Melbourne,Port Adelaide,0,7,10,52,73,-21,23,208,172,380,94,7,10,132,239,29,42,45,49,41,23,76,33,38,12.0,3,7,6,216,79,295,93,11,12,123,157,35,57,34,54,47,35,67,38,33,7.0,7,10,10,-8,93,85,1,-4,-2,9,82,-6,-15,11,-5,-6,-12,9,-5,5,5.0,-4,-3,-4,0
2026,2026-07-05,R18,Regular,18.0,Adelaide Oval,Port Adelaide,North Melbourne,1,10,13,73,52,21,23,216,79,295,93,11,12,123,157,35,57,34,54,47,35,67,38,33,7.0,7,10,10,208,172,380,94,7,10,132,239,29,42,45,49,41,23,76,33,38,12.0,3,7,6,8,-93,-85,-1,4,2,-9,-82,6,15,-11,5,6,12,-9,5,-5,-5.0,4,3,4,0
2026,2026-07-05,R18,Regular,18.0,Docklands,St Kilda,Essendon,0,17,15,117,50,67,23,244,203,447,127,8,18,115,317,34,55,30,65,36,28,44,24,17,13.0,12,17,12,184,148,332,82,6,7,109,210,33,37,38,46,31,49,54,17,24,6.0,6,7,7,60,55,115,45,2,11,6,107,1,18,-8,19,5,-21,-10,7,-7,7.0,6,10,5,0
2026,2026-07-09,R19,Regular,19.0,Perth Stadium,Fremantle,Sydney,1,15,21,111,73,38,23,195,186,381,77,12,14,146,239,39,65,36,50,52,36,46,21,22,14.0,10,15,17,196,143,339,71,5,11,121,202,31,47,49,70,53,31,49,22,21,16.0,8,10,8,-1,43,42,6,7,3,25,37,8,18,-13,-20,-1,5,-3,-1,1,-2.0,2,5,9,0
2026,2026-07-09,R19,Regular,19.0,Perth Stadium,Sydney,Fremantle,0,10,13,73,111,-38,23,196,143,339,71,5,11,121,202,31,47,49,70,53,31,49,22,21,16.0,8,10,8,195,186,381,77,12,14,146,239,39,65,36,50,52,36,46,21,22,14.0,10,15,17,1,-43,-42,-6,-7,-3,-25,-37,-8,-18,13,20,1,-5,3,1,-1,2.0,-2,-5,-9,0
2026,2026-07-10,R19,Regular,19.0,Docklands,Collingwood,North Melbourne,1,13,11,89,85,4,23,214,170,384,110,6,13,115,263,38,57,42,78,32,32,55,11,22,12.0,12,13,11,213,159,372,99,8,16,121,235,43,55,43,56,42,42,51,22,11,0.0,8,12,12,1,11,12,11,-2,-3,-6,28,-5,2,-1,22,-10,-10,4,-11,11,12.0,4,1,-1,0
2026,2026-07-10,R19,Regular,19.0,Docklands,North Melbourne,Collingwood,0,12,13,85,89,-4,23,213,159,372,99,8,16,121,235,43,55,43,56,42,42,51,22,11,0.0,8,12,12,214,170,384,110,6,13,115,263,38,57,42,78,32,32,55,11,22,12.0,12,13,11,-1,-11,-12,-11,2,3,6,-28,5,-2,1,-22,10,10,-4,11,-11,-12.0,-4,-1,1,0
2026,2026-07-11,R19,Regular,19.0,Adelaide Oval,Adelaide,Gold Coast,1,19,14,128,49,79,23,225,159,384,76,3,13,147,232,53,59,31,90,43,44,46,32,18,3.0,12,19,13,181,156,337,73,5,5,120,205,35,38,41,55,48,61,60,18,32,4.0,5,7,4,44,3,47,3,-2,8,27,27,18,21,-10,35,-5,-17,-14,14,-14,-1.0,7,12,9,0
2026,2026-07-11,R19,Regular,19.0,M.C.G.,Carlton,Hawthorn,1,6,3,39,103,-64,23,216,135,351,57,6,8,153,168,34,45,41,98,28,22,78,20,15,1.0,5,6,2,241,167,408,57,9,13,177,201,46,57,39,78,52,53,83,15,20,0.0,10,15,10,-25,-32,-57,0,-3,-5,-24,-33,-12,-12,2,20,-24,-31,-5,5,-5,1.0,-5,-9,-8,0
2026,2026-07-11,R19,Regular,19.0,Sydney Showground,Geelong,Greater Western Sydney,0,11,7,73,86,-13,23,209,150,359,76,6,8,145,208,41,60,40,69,48,45,70,16,13,13.0,6,11,6,220,187,407,79,8,11,165,236,49,53,48,72,48,59,61,13,16,11.0,10,12,8,-11,-37,-48,-3,-2,-3,-20,-28,-8,7,-8,-3,0,-14,9,3,-3,2.0,-4,-1,-2,0
2026,2026-07-11,R19,Regular,19.0,Adelaide Oval,Gold Coast,Adelaide,0,7,7,49,128,-79,23,181,156,337,73,5,5,120,205,35,38,41,55,48,61,60,18,32,4.0,5,7,4,225,159,384,76,3,13,147,232,53,59,31,90,43,44,46,32,18,3.0,12,19,13,-44,-3,-47,-3,2,-8,-27,-27,-18,-21,10,-35,5,17,14,-14,14,1.0,-7,-12,-9,0
2026,2026-07-11,R19,Regular,19.0,Sydney Showground,Greater Western Sydney,Geelong,1,12,14,86,73,13,23,220,187,407,79,8,11,165,236,49,53,48,72,48,59,61,13,16,11.0,10,12,8,209,150,359,76,6,8,145,208,41,60,40,69,48,45,70,16,13,13.0,6,11,6,11,37,48,3,2,3,20,28,8,-7,8,3,0,14,-9,-3,3,-2.0,4,1,2,0
2026,2026-07-11,R19,Regular,19.0,M.C.G.,Hawthorn,Carlton,0,15,13,103,39,64,23,241,167,408,57,9,13,177,201,46,57,39,78,52,53,83,15,20,0.0,10,15,10,216,135,351,57,6,8,153,168,34,45,41,98,28,22,78,20,15,1.0,5,6,2,25,32,57,0,3,5,24,33,12,12,-2,-20,24,31,5,-5,5,-1.0,5,9,8,0
2026,2026-07-11,R19,Regular,19.0,Docklands,Port Adelaide,St Kilda,0,10,13,73,87,-14,23,196,112,308,85,6,7,119,183,40,51,42,40,36,57,48,16,18,6.0,6,10,11,249,188,437,126,10,14,129,295,35,56,39,61,47,20,55,18,16,11.0,10,13,7,-53,-76,-129,-41,-4,-7,-10,-112,5,-5,3,-21,-11,37,-7,-2,2,-5.0,-4,-3,4,0
2026,2026-07-11,R19,Regular,19.0,Docklands,St Kilda,Port Adelaide,1,13,9,87,73,14,23,249,188,437,126,10,14,129,295,35,56,39,61,47,20,55,18,16,11.0,10,13,7,196,112,308,85,6,7,119,183,40,51,42,40,36,57,48,16,18,6.0,6,10,11,53,76,129,41,4,7,10,112,-5,5,-3,21,11,-37,7,2,-2,5.0,4,3,-4,0
2026,2026-07-12,R19,Regular,19.0,Gabba,Brisbane Lions,Essendon,1,22,17,149,59,90,23,258,166,424,132,10,20,123,286,44,69,30,37,30,40,48,22,19,8.0,18,22,13,170,123,293,65,5,11,106,175,30,39,47,53,37,36,56,19,22,8.0,6,8,8,88,43,131,67,5,9,17,111,14,30,-17,-16,-7,4,-8,3,-3,0.0,12,14,5,0
2026,2026-07-12,R19,Regular,19.0,Gabba,Essendon,Brisbane Lions,0,8,11,59,149,-90,23,170,123,293,65,5,11,106,175,30,39,47,53,37,36,56,19,22,8.0,6,8,8,258,166,424,132,10,20,123,286,44,69,30,37,30,40,48,22,19,8.0,18,22,13,-88,-43,-131,-67,-5,-9,-17,-111,-14,-30,17,16,7,-4,8,-3,3,0.0,-12,-14,-5,0
2026,2026-07-12,R19,Regular,19.0,M.C.G.,Melbourne,Richmond,1,16,15,111,65,46,23,221,186,407,103,17,22,146,250,36,62,36,62,41,37,60,17,21,8.0,15,16,12,185,140,325,55,7,5,139,170,42,46,45,42,52,36,55,21,17,7.0,5,9,9,36,46,82,48,10,17,7,80,-6,16,-9,20,-11,1,5,-4,4,1.0,10,7,3,0
2026,2026-07-12,R19,Regular,19.0,M.C.G.,Richmond,Melbourne,0,9,11,65,111,-46,23,185,140,325,55,7,5,139,170,42,46,45,42,52,36,55,21,17,7.0,5,9,9,221,186,407,103,17,22,146,250,36,62,36,62,41,37,60,17,21,8.0,15,16,12,-36,-46,-82,-48,-10,-17,-7,-80,6,-16,9,-20,11,-1,-5,4,-4,-1.0,-10,-7,-3,0
2026,2026-07-12,R19,Regular,19.0,Docklands,West Coast,Western Bulldogs,0,9,16,70,86,-16,23,214,116,330,101,9,11,132,200,33,48,32,68,33,45,57,18,19,12.0,5,9,12,206,125,331,79,5,16,124,189,39,45,38,62,48,36,55,19,18,6.0,8,13,6,8,-9,-1,22,4,-5,8,11,-6,3,-6,6,-15,9,2,-1,1,6.0,-3,-4,6,0
2026,2026-07-12,R19,Regular,19.0,Docklands,Western Bulldogs,West Coast,1,13,8,86,70,16,23,206,125,331,79,5,16,124,189,39,45,38,62,48,36,55,19,18,6.0,8,13,6,214,116,330,101,9,11,132,200,33,48,32,68,33,45,57,18,19,12.0,5,9,12,-8,9,1,-22,-4,5,-8,-11,6,-3,6,-6,15,-9,-2,1,-1,-6.0,3,4,-6,0
2026,2026-07-16,R20,Regular,20.0,Kardinia Park,Geelong,St Kilda,1,15,12,102,75,27,23,224,184,408,110,12,15,136,260,43,61,35,52,43,43,51,14,11,6.0,10,15,9,199,211,410,72,6,11,136,253,41,48,46,81,34,33,65,11,14,6.0,9,11,8,25,-27,-2,38,6,4,0,7,2,13,-11,-29,9,10,-14,3,-3,0.0,1,4,1,0
2026,2026-07-16,R20,Regular,20.0,Kardinia Park,St Kilda,Geelong,0,11,9,75,102,-27,23,199,211,410,72,6,11,136,253,41,48,46,81,34,33,65,11,14,6.0,9,11,8,224,184,408,110,12,15,136,260,43,61,35,52,43,43,51,14,11,6.0,10,15,9,-25,27,2,-38,-6,-4,0,-7,-2,-13,11,29,-9,-10,14,-3,3,0.0,-1,-4,-1,0
2026,2026-07-17,R20,Regular,20.0,S.C.G.,Adelaide,Sydney,0,13,9,87,71,16,23,258,151,409,85,15,10,166,226,51,56,48,72,61,34,55,19,14,0.0,8,13,7,201,152,353,53,7,4,149,178,38,59,43,60,74,53,58,14,19,12.0,8,10,8,57,-1,56,32,8,6,17,48,13,-3,5,12,-13,-19,-3,5,-5,-12.0,0,3,-1,0
2026,2026-07-17,R20,Regular,20.0,S.C.G.,Sydney,Adelaide,1,10,11,71,87,-16,23,201,152,353,53,7,4,149,178,38,59,43,60,74,53,58,14,19,12.0,8,10,8,258,151,409,85,15,10,166,226,51,56,48,72,61,34,55,19,14,0.0,8,13,7,-57,1,-56,-32,-8,-6,-17,-48,-13,3,-5,-12,13,19,3,-5,5,12.0,0,-3,1,0
2026,2026-07-18,R20,Regular,20.0,Perth Stadium,Brisbane Lions,West Coast,0,13,15,93,69,24,23,239,155,394,115,15,12,139,241,38,58,38,56,48,38,54,15,20,6.0,11,13,12,197,125,322,67,3,8,129,179,42,49,44,69,44,48,56,20,15,12.0,8,10,7,42,30,72,48,12,4,10,62,-4,9,-6,-13,4,-10,-2,-5,5,-6.0,3,3,5,0
2026,2026-07-18,R20,Regular,20.0,M.C.G.,Carlton,Collingwood,0,10,9,69,90,-21,23,224,159,383,111,1,12,115,259,41,53,37,48,43,18,59,15,22,5.0,5,10,9,207,161,368,87,9,13,128,226,39,51,42,72,44,49,54,22,15,4.0,10,14,6,17,-2,15,24,-8,-1,-13,33,2,2,-5,-24,-1,-31,5,-7,7,1.0,-5,-4,3,0
2026,2026-07-18,R20,Regular,20.0,M.C.G.,Collingwood,Carlton,1,14,6,90,69,21,23,207,161,368,87,9,13,128,226,39,51,42,72,44,49,54,22,15,4.0,10,14,6,224,159,383,111,1,12,115,259,41,53,37,48,43,18,59,15,22,5.0,5,10,9,-17,2,-15,-24,8,1,13,-33,-2,-2,5,24,1,31,-5,7,-7,-1.0,5,4,-3,0
2026,2026-07-18,R20,Regular,20.0,Adelaide Oval,Fremantle,Port Adelaide,0,15,13,103,75,28,23,194,185,379,86,17,16,133,242,36,55,36,67,38,35,63,21,25,12.0,13,15,10,220,121,341,100,4,8,122,212,36,47,40,58,38,37,55,25,21,12.0,5,11,7,-26,64,38,-14,13,8,11,30,0,8,-4,9,0,-2,8,-4,4,0.0,8,4,3,0
2026,2026-07-18,R20,Regular,20.0,Docklands,Melbourne,North Melbourne,0,13,14,92,76,16,23,205,168,373,103,11,15,113,255,36,50,43,39,43,31,31,14,10,22.0,10,13,12,223,173,396,107,13,16,109,269,34,55,37,48,37,23,47,10,14,8.0,6,11,9,-18,-5,-23,-4,-2,-1,4,-14,2,-5,6,-9,6,8,-16,4,-4,14.0,4,2,3,0
2026,2026-07-18,R20,Regular,20.0,Docklands,North Melbourne,Melbourne,1,11,10,76,92,-16,23,223,173,396,107,13,16,109,269,34,55,37,48,37,23,47,10,14,8.0,6,11,9,205,168,373,103,11,15,113,255,36,50,43,39,43,31,31,14,10,22.0,10,13,12,18,5,23,4,2,1,-4,14,-2,5,-6,9,-6,-8,16,-4,4,-14.0,-4,-2,-3,0
2026,2026-07-18,R20,Regular,20.0,Adelaide Oval,Port Adelaide,Fremantle,1,11,9,75,103,-28,23,220,121,341,100,4,8,122,212,36,47,40,58,38,37,55,25,21,12.0,5,11,7,194,185,379,86,17,16,133,242,36,55,36,67,38,35,63,21,25,12.0,13,15,10,26,-64,-38,14,-13,-8,-11,-30,0,-8,4,-9,0,2,-8,4,-4,0.0,-8,-4,-3,0
2026,2026-07-18,R20,Regular,20.0,Perth Stadium,West Coast,Brisbane Lions,1,10,9,69,93,-24,23,197,125,322,67,3,8,129,179,42,49,44,69,44,48,56,20,15,12.0,8,10,7,239,155,394,115,15,12,139,241,38,58,38,56,48,38,54,15,20,6.0,11,13,12,-42,-30,-72,-48,-12,-4,-10,-62,4,-9,6,13,-4,10,2,5,-5,6.0,-3,-3,-5,0
2026,2026-07-19,R20,Regular,20.0,Docklands,Essendon,Greater Western Sydney,1,10,7,67,64,3,23,196,171,367,72,6,8,133,218,45,49,38,71,37,41,48,27,15,13.0,6,10,6,183,185,368,85,3,16,120,244,28,46,37,78,41,37,61,15,27,5.0,6,8,15,13,-14,-1,-13,3,-8,13,-26,17,3,1,-7,-4,4,-13,12,-12,8.0,0,2,-9,0
2026,2026-07-19,R20,Regular,20.0,Carrara,Gold Coast,Western Bulldogs,1,9,14,68,77,-9,23,204,197,401,100,14,15,128,271,39,53,32,62,41,45,61,21,25,17.0,8,9,11,203,106,309,91,9,10,110,193,31,43,42,42,50,28,53,25,21,10.0,7,11,10,1,91,92,9,5,5,18,78,8,10,-10,20,-9,17,8,-4,4,7.0,1,-2,1,0
2026,2026-07-19,R20,Regular,20.0,Docklands,Greater Western Sydney,Essendon,0,8,16,64,67,-3,23,183,185,368,85,3,16,120,244,28,46,37,78,41,37,61,15,27,5.0,6,8,15,196,171,367,72,6,8,133,218,45,49,38,71,37,41,48,27,15,13.0,6,10,6,-13,14,1,13,-3,8,-13,26,-17,-3,-1,7,4,-4,13,-12,12,-8.0,0,-2,9,0
2026,2026-07-19,R20,Regular,20.0,M.C.G.,Hawthorn,Richmond,0,18,14,122,52,70,23,230,201,431,107,8,14,122,295,29,60,44,68,39,31,45,23,11,17.0,13,18,11,187,142,329,69,9,12,120,194,35,51,41,50,42,26,52,11,23,6.0,5,6,12,43,59,102,38,-1,2,2,101,-6,9,3,18,-3,5,-7,12,-12,11.0,8,12,-1,0
2026,2026-07-19,R20,Regular,20.0,M.C.G.,Richmond,Hawthorn,1,6,16,52,122,-70,23,187,142,329,69,9,12,120,194,35,51,41,50,42,26,52,11,23,6.0,5,6,12,230,201,431,107,8,14,122,295,29,60,44,68,39,31,45,23,11,17.0,13,18,11,-43,-59,-102,-38,1,-2,-2,-101,6,-9,-3,-18,3,-5,7,-12,12,-11.0,-8,-12,1,0
2026,2026-07-19,R20,Regular,20.0,Carrara,Western Bulldogs,Gold Coast,0,11,11,77,68,9,23,203,106,309,91,9,10,110,193,31,43,42,42,50,28,53,25,21,10.0,7,11,10,204,197,401,100,14,15,128,271,39,53,32,62,41,45,61,21,25,17.0,8,9,11,-1,-91,-92,-9,-5,-5,-18,-78,-8,-10,10,-20,9,-17,-8,4,-4,-7.0,-1,2,-1,0
2026,2026-07-23,R21,Regular,21.0,Adelaide Oval,Adelaide,Collingwood,1,11,8,74,108,-34,23,211,143,354,92,13,12,140,211,41,47,33,68,56,43,44,19,14,1.0,11,11,8,211,176,387,80,17,11,150,218,38,49,35,67,45,47,50,14,19,7.0,11,16,9,0,-33,-33,12,-4,1,-10,-7,3,-2,-2,1,11,-4,-6,5,-5,-6.0,0,-5,-1,0
2026,2026-07-23,R21,Regular,21.0,Adelaide Oval,Collingwood,Adelaide,0,16,12,108,74,34,23,211,176,387,80,17,11,150,218,38,49,35,67,45,47,50,14,19,7.0,11,16,9,211,143,354,92,13,12,140,211,41,47,33,68,56,43,44,19,14,1.0,11,11,8,0,33,33,-12,4,-1,10,7,-3,2,2,-1,-11,4,6,-5,5,6.0,0,5,1,0
2026,2026-07-24,R21,Regular,21.0,Perth Stadium,Fremantle,West Coast,1,16,16,112,42,70,23,195,175,370,87,12,14,127,239,37,52,28,57,36,50,49,27,13,14.0,11,16,12,206,169,375,116,8,7,105,263,30,35,35,46,37,27,64,13,27,15.0,4,6,6,-11,6,-5,-29,4,7,22,-24,7,17,-7,11,-1,23,-15,14,-14,-1.0,7,10,6,0
2026,2026-07-24,R21,Regular,21.0,M.C.G.,Geelong,Melbourne,0,18,9,117,97,20,23,227,148,375,113,8,16,128,243,35,62,36,46,40,22,47,11,19,14.0,16,18,9,204,159,363,78,9,17,131,220,35,51,44,49,40,49,59,19,11,17.0,10,14,12,23,-11,12,35,-1,-1,-3,23,0,11,-8,-3,0,-27,-12,-8,8,-3.0,6,4,-3,0
2026,2026-07-24,R21,Regular,21.0,M.C.G.,Melbourne,Geelong,1,14,13,97,117,-20,23,204,159,363,78,9,17,131,220,35,51,44,49,40,49,59,19,11,17.0,10,14,12,227,148,375,113,8,16,128,243,35,62,36,46,40,22,47,11,19,14.0,16,18,9,-23,11,-12,-35,1,1,3,-23,0,-11,8,3,0,27,12,8,-8,3.0,-6,-4,3,0
2026,2026-07-24,R21,Regular,21.0,Perth Stadium,West Coast,Fremantle,0,6,6,42,112,-70,23,206,169,375,116,8,7,105,263,30,35,35,46,37,27,64,13,27,15.0,4,6,6,195,175,370,87,12,14,127,239,37,52,28,57,36,50,49,27,13,14.0,11,16,12,11,-6,5,29,-4,-7,-22,24,-7,-17,7,-11,1,-23,15,-14,14,1.0,-7,-10,-6,0
2026,2026-07-25,R21,Regular,21.0,Docklands,Carlton,Gold Coast,1,16,14,110,97,13,23,256,182,438,133,11,13,140,295,39,57,37,52,35,22,58,25,14,5.0,11,16,12,172,149,321,77,5,15,111,205,28,52,41,34,34,37,59,14,25,8.0,10,15,6,84,33,117,56,6,-2,29,90,11,5,-4,18,1,-15,-1,11,-11,-3.0,1,1,6,0
2026,2026-07-25,R21,Regular,21.0,M.C.G.,Essendon,Hawthorn,0,5,9,39,132,-93,23,172,130,302,73,7,9,102,181,26,36,47,59,38,37,55,23,24,2.0,4,5,8,259,203,462,148,9,18,128,332,38,68,31,47,33,29,65,24,23,10.0,17,19,13,-87,-73,-160,-75,-2,-9,-26,-151,-12,-32,16,12,5,8,-10,-1,1,-8.0,-13,-14,-5,0
2026,2026-07-25,R21,Regular,21.0,Docklands,Gold Coast,Carlton,0,15,7,97,110,-13,23,172,149,321,77,5,15,111,205,28,52,41,34,34,37,59,14,25,8.0,10,15,6,256,182,438,133,11,13,140,295,39,57,37,52,35,22,58,25,14,5.0,11,16,12,-84,-33,-117,-56,-6,2,-29,-90,-11,-5,4,-18,-1,15,1,-11,11,3.0,-1,-1,-6,0
2026,2026-07-25,R21,Regular,21.0,Sydney Showground,Greater Western Sydney,Sydney,1,13,10,88,139,-51,23,209,164,373,111,7,14,114,249,25,51,36,40,34,25,59,16,23,14.0,11,13,7,183,169,352,62,7,16,126,219,46,57,36,46,38,38,51,23,16,10.0,14,21,13,26,-5,21,49,0,-2,-12,30,-21,-6,0,-6,-4,-13,8,-7,7,4.0,-3,-8,-6,0
2026,2026-07-25,R21,Regular,21.0,M.C.G.,Hawthorn,Essendon,1,19,18,132,39,93,23,259,203,462,148,9,18,128,332,38,68,31,47,33,29,65,24,23,10.0,17,19,13,172,130,302,73,7,9,102,181,26,36,47,59,38,37,55,23,24,2.0,4,5,8,87,73,160,75,2,9,26,151,12,32,-16,-12,-5,-8,10,1,-1,8.0,13,14,5,0
2026,2026-07-25,R21,Regular,21.0,Docklands,Richmond,Western Bulldogs,0,7,6,48,105,-57,23,228,144,372,122,7,5,111,251,35,39,43,55,31,40,50,17,19,2.0,7,7,4,251,153,404,127,14,20,127,270,37,61,31,55,49,36,50,19,17,13.0,14,15,13,-23,-9,-32,-5,-7,-15,-16,-19,-2,-22,12,0,-18,4,0,-2,2,-11.0,-7,-8,-9,0
2026,2026-07-25,R21,Regular,21.0,Sydney Showground,Sydney,Greater Western Sydney,0,21,13,139,88,51,23,183,169,352,62,7,16,126,219,46,57,36,46,38,38,51,23,16,10.0,14,21,13,209,164,373,111,7,14,114,249,25,51,36,40,34,25,59,16,23,14.0,11,13,7,-26,5,-21,-49,0,2,12,-30,21,6,0,6,4,13,-8,7,-7,-4.0,3,8,6,0
2026,2026-07-25,R21,Regular,21.0,Docklands,Western Bulldogs,Richmond,1,15,15,105,48,57,23,251,153,404,127,14,20,127,270,37,61,31,55,49,36,50,19,17,13.0,14,15,13,228,144,372,122,7,5,111,251,35,39,43,55,31,40,50,17,19,2.0,7,7,4,23,9,32,5,7,15,16,19,2,22,-12,0,18,-4,0,2,-2,11.0,7,8,9,0
2026,2026-07-26,R21,Regular,21.0,Gabba,Brisbane Lions,Port Adelaide,1,19,12,126,67,59,23,262,151,413,133,11,19,121,271,37,63,34,56,37,25,47,8,14,4.0,13,19,11,195,127,322,74,7,17,123,181,35,45,43,43,34,44,52,14,8,6.0,9,9,9,67,24,91,59,4,2,-2,90,2,18,-9,13,3,-19,-5,-6,6,-2.0,4,10,2,0
2026,2026-07-26,R21,Regular,21.0,Docklands,North Melbourne,St Kilda,1,8,14,62,93,-31,23,212,154,366,127,8,20,100,255,23,44,42,33,43,24,62,16,26,2.0,8,8,11,231,173,404,102,12,10,139,258,41,58,36,44,36,23,41,26,16,12.0,8,13,13,-19,-19,-38,25,-4,10,-39,-3,-18,-14,6,-11,7,1,21,-10,10,-10.0,0,-5,-2,0
2026,2026-07-26,R21,Regular,21.0,Gabba,Port Adelaide,Brisbane Lions,0,9,13,67,126,-59,23,195,127,322,74,7,17,123,181,35,45,43,43,34,44,52,14,8,6.0,9,9,9,262,151,413,133,11,19,121,271,37,63,34,56,37,25,47,8,14,4.0,13,19,11,-67,-24,-91,-59,-4,-2,2,-90,-2,-18,9,-13,-3,19,5,6,-6,2.0,-4,-10,-2,0
2026,2026-07-26,R21,Regular,21.0,Docklands,St Kilda,North Melbourne,0,13,15,93,62,31,23,231,173,404,102,12,10,139,258,41,58,36,44,36,23,41,26,16,12.0,8,13,13,212,154,366,127,8,20,100,255,23,44,42,33,43,24,62,16,26,2.0,8,8,11,19,19,38,-25,4,-10,39,3,18,14,-6,11,-7,-1,-21,10,-10,10.0,0,5,2,0
2026,2026-07-30,R22,Regular,22.0,M.C.G.,Collingwood,Geelong,1,10,12,72,97,-25,23,190,168,358,84,14,11,137,211,34,45,52,75,39,37,43,24,7,3.0,6,10,9,208,154,362,86,11,19,136,213,51,67,35,66,41,47,57,7,24,10.0,15,15,6,-18,14,-4,-2,3,-8,1,-2,-17,-22,17,9,-2,-10,-14,17,-17,-7.0,-9,-5,3,0
2026,2026-07-30,R22,Regular,22.0,M.C.G.,Geelong,Collingwood,0,15,7,97,72,25,23,208,154,362,86,11,19,136,213,51,67,35,66,41,47,57,7,24,10.0,15,15,6,190,168,358,84,14,11,137,211,34,45,52,75,39,37,43,24,7,3.0,6,10,9,18,-14,4,2,-3,8,-1,2,17,22,-17,-9,2,10,14,-17,17,7.0,9,5,-3,0
2026,2026-07-31,R22,Regular,22.0,Perth Stadium,Fremantle,Western Bulldogs,1,11,12,78,41,37,23,241,129,370,136,10,14,108,251,29,54,32,51,37,41,47,19,15,18.0,8,11,11,199,154,353,78,4,9,128,215,37,38,43,50,51,27,60,15,19,3.0,4,5,8,42,-25,17,58,6,5,-20,36,-8,16,-11,1,-14,14,-13,4,-4,15.0,4,6,3,0
2026,2026-07-31,R22,Regular,22.0,Perth Stadium,Western Bulldogs,Fremantle,0,5,11,41,78,-37,23,199,154,353,78,4,9,128,215,37,38,43,50,51,27,60,15,19,3.0,4,5,8,241,129,370,136,10,14,108,251,29,54,32,51,37,41,47,19,15,18.0,8,11,11,-42,25,-17,-58,-6,-5,20,-36,8,-16,11,-1,14,-14,13,-4,4,-15.0,-4,-6,-3,0
2026,2026-08-01,R22,Regular,22.0,Docklands,Brisbane Lions,Carlton,0,11,12,78,154,-76,23,201,137,338,92,11,8,114,224,33,49,37,39,29,47,60,20,22,7.0,9,11,9,243,165,408,125,13,20,124,276,43,62,38,38,30,24,49,22,20,1.0,20,24,7,-42,-28,-70,-33,-2,-12,-10,-52,-10,-13,-1,1,-1,23,11,-2,2,6.0,-11,-13,2,0
2026,2026-08-01,R22,Regular,22.0,Docklands,Carlton,Brisbane Lions,1,24,10,154,78,76,23,243,165,408,125,13,20,124,276,43,62,38,38,30,24,49,22,20,1.0,20,24,7,201,137,338,92,11,8,114,224,33,49,37,39,29,47,60,20,22,7.0,9,11,9,42,28,70,33,2,12,10,52,10,13,1,-1,1,-23,-11,2,-2,-6.0,11,13,-2,0
2026,2026-08-01,R22,Regular,22.0,Adelaide Oval,Greater Western Sydney,Port Adelaide,0,10,15,75,63,12,23,202,157,359,74,12,8,136,206,35,53,42,72,51,30,61,15,23,10.0,8,10,12,224,115,339,89,6,10,142,181,37,51,41,68,54,49,56,23,15,3.0,6,9,9,-22,42,20,-15,6,-2,-6,25,-2,2,1,4,-3,-19,5,-8,8,7.0,2,1,3,0
2026,2026-08-01,R22,Regular,22.0,York Park,Hawthorn,North Melbourne,1,14,15,99,83,16,23,217,154,371,106,8,16,110,250,33,61,27,50,31,36,40,16,15,11.0,10,14,15,200,177,377,98,7,14,110,253,35,40,46,59,35,34,47,15,16,4.0,10,12,6,17,-23,-6,8,1,2,0,-3,-2,21,-19,-9,-4,2,-7,1,-1,7.0,0,2,9,0
2026,2026-08-01,R22,Regular,22.0,York Park,North Melbourne,Hawthorn,0,12,11,83,99,-16,23,200,177,377,98,7,14,110,253,35,40,46,59,35,34,47,15,16,4.0,10,12,6,217,154,371,106,8,16,110,250,33,61,27,50,31,36,40,16,15,11.0,10,14,15,-17,23,6,-8,-1,-2,0,3,2,-21,19,9,4,-2,7,-1,1,-7.0,0,-2,-9,0
2026,2026-08-01,R22,Regular,22.0,Adelaide Oval,Port Adelaide,Greater Western Sydney,1,9,9,63,75,-12,23,224,115,339,89,6,10,142,181,37,51,41,68,54,49,56,23,15,3.0,6,9,9,202,157,359,74,12,8,136,206,35,53,42,72,51,30,61,15,23,10.0,8,10,12,22,-42,-20,15,-6,2,6,-25,2,-2,-1,-4,3,19,-5,8,-8,-7.0,-2,-1,-3,0
2026,2026-08-01,R22,Regular,22.0,Docklands,St Kilda,Sydney,1,13,10,88,107,-19,23,219,169,388,94,11,11,128,254,33,49,43,54,35,22,67,16,28,11.0,12,13,7,204,161,365,81,9,14,142,213,40,60,36,48,54,35,57,28,16,9.0,11,16,9,15,8,23,13,2,-3,-14,41,-7,-11,7,6,-19,-13,10,-12,12,2.0,1,-3,-2,0
2026,2026-08-01,R22,Regular,22.0,Docklands,Sydney,St Kilda,0,16,11,107,88,19,23,204,161,365,81,9,14,142,213,40,60,36,48,54,35,57,28,16,9.0,11,16,9,219,169,388,94,11,11,128,254,33,49,43,54,35,22,67,16,28,11.0,12,13,7,-15,-8,-23,-13,-2,3,14,-41,7,11,-7,-6,19,13,-10,12,-12,-2.0,-1,3,2,0
2026,2026-08-02,R22,Regular,22.0,Docklands,Adelaide,Essendon,0,23,7,145,73,72,23,215,134,349,104,17,23,124,225,39,58,37,57,38,47,53,19,24,4.0,21,23,7,194,156,350,84,3,6,118,229,33,49,35,55,44,29,44,24,19,5.0,7,11,7,21,-22,-1,20,14,17,6,-4,6,9,2,2,-6,18,9,-5,5,-1.0,14,12,0,0
2026,2026-08-02,R22,Regular,22.0,Docklands,Essendon,Adelaide,1,11,7,73,145,-72,23,194,156,350,84,3,6,118,229,33,49,35,55,44,29,44,24,19,5.0,7,11,7,215,134,349,104,17,23,124,225,39,58,37,57,38,47,53,19,24,4.0,21,23,7,-21,22,1,-20,-14,-17,-6,4,-6,-9,-2,-2,6,-18,-9,5,-5,1.0,-14,-12,0,0
2026,2026-08-02,R22,Regular,22.0,Carrara,Gold Coast,Melbourne,1,16,9,105,114,-9,23,190,126,316,76,12,13,130,179,38,58,37,57,47,42,48,23,15,13.0,9,16,6,209,155,364,105,15,16,133,227,33,55,40,67,40,39,56,15,23,5.0,18,18,5,-19,-29,-48,-29,-3,-3,-3,-48,5,3,-3,-10,7,3,-8,8,-8,8.0,-9,-2,1,0
2026,2026-08-02,R22,Regular,22.0,Carrara,Melbourne,Gold Coast,0,18,6,114,105,9,23,209,155,364,105,15,16,133,227,33,55,40,67,40,39,56,15,23,5.0,18,18,5,190,126,316,76,12,13,130,179,38,58,37,57,47,42,48,23,15,13.0,9,16,6,19,29,48,29,3,3,3,48,-5,-3,3,10,-7,-3,8,-8,8,-8.0,9,2,-1,0
2026,2026-08-02,R22,Regular,22.0,M.C.G.,Richmond,West Coast,1,12,12,84,73,11,23,188,156,344,63,10,10,138,194,30,45,43,71,41,47,67,22,25,3.0,8,12,11,194,133,327,59,10,14,133,175,38,52,33,73,31,37,57,25,22,12.0,6,9,16,-6,23,17,4,0,-4,5,19,-8,-7,10,-2,10,10,10,-3,3,-9.0,2,3,-5,0
2026,2026-08-02,R22,Regular,22.0,M.C.G.,West Coast,Richmond,0,9,19,73,84,-11,23,194,133,327,59,10,14,133,175,38,52,33,73,31,37,57,25,22,12.0,6,9,16,188,156,344,63,10,10,138,194,30,45,43,71,41,47,67,22,25,3.0,8,12,11,6,-23,-17,-4,0,4,-5,-19,8,7,-10,2,-10,-10,-10,3,-3,9.0,-2,-3,5,0
2026,2026-08-06,R23,Regular,23.0,Docklands,North Melbourne,Western Bulldogs,0,15,10,100,77,23,23,240,178,418,109,10,19,139,264,42,49,47,64,44,43,56,17,21,5.0,10,15,7,185,166,351,67,6,9,132,216,33,59,33,61,51,25,36,21,17,11.0,5,11,6,55,12,67,42,4,10,7,48,9,-10,14,3,-7,18,20,-4,4,-6.0,5,4,1,0
2026,2026-08-06,R23,Regular,23.0,Docklands,Western Bulldogs,North Melbourne,1,11,11,77,100,-23,23,185,166,351,67,6,9,132,216,33,59,33,61,51,25,36,21,17,11.0,5,11,6,240,178,418,109,10,19,139,264,42,49,47,64,44,43,56,17,21,5.0,10,15,7,-55,-12,-67,-42,-4,-10,-7,-48,-9,10,-14,-3,7,-18,-20,4,-4,6.0,-5,-4,-1,0
2026,2026-08-07,R23,Regular,23.0,Gabba,Brisbane Lions,Hawthorn,1,18,17,125,58,67,23,260,134,394,109,15,16,131,224,32,65,41,50,51,26,47,13,14,6.0,13,18,14,190,159,349,78,7,11,120,212,43,50,47,49,47,40,49,14,13,7.0,7,8,8,70,-25,45,31,8,5,11,12,-11,15,-6,1,4,-14,-2,-1,1,-1.0,6,10,6,0
2026,2026-08-07,R23,Regular,23.0,Gabba,Hawthorn,Brisbane Lions,0,8,10,58,125,-67,23,190,159,349,78,7,11,120,212,43,50,47,49,47,40,49,14,13,7.0,7,8,8,260,134,394,109,15,16,131,224,32,65,41,50,51,26,47,13,14,6.0,13,18,14,-70,25,-45,-31,-8,-5,-11,-12,11,-15,6,-1,-4,14,2,1,-1,1.0,-6,-10,-6,0
2026,2026-08-08,R23,Regular,23.0,Adelaide Oval,Adelaide,Richmond,1,9,9,63,54,9,23,210,148,358,68,8,6,148,186,38,50,44,66,45,42,53,26,17,4.0,6,9,6,191,126,317,61,8,10,136,165,39,51,40,58,60,39,57,17,26,5.0,6,7,9,19,22,41,7,0,-4,12,21,-1,-1,4,8,-15,3,-4,9,-9,-1.0,0,2,-3,0
2026,2026-08-08,R23,Regular,23.0,Kardinia Park,Essendon,Geelong,0,7,8,50,117,-67,23,177,126,303,51,1,10,126,161,36,44,38,72,40,53,47,21,19,0.0,3,7,5,213,146,359,77,11,21,140,198,48,55,34,70,35,35,59,19,21,8.0,14,17,10,-36,-20,-56,-26,-10,-11,-14,-37,-12,-11,4,2,5,18,-12,2,-2,-8.0,-11,-10,-5,0
2026,2026-08-08,R23,Regular,23.0,M.C.G.,Fremantle,Melbourne,0,17,7,109,113,-4,23,191,130,321,91,12,15,113,208,43,51,37,59,39,40,61,19,29,5.0,12,17,6,183,140,323,67,6,14,138,179,32,56,34,68,39,34,55,29,19,6.0,12,17,11,8,-10,-2,24,6,1,-25,29,11,-5,3,-9,0,6,6,-10,10,-1.0,0,0,-5,0
2026,2026-08-08,R23,Regular,23.0,Kardinia Park,Geelong,Essendon,1,17,15,117,50,67,23,213,146,359,77,11,21,140,198,48,55,34,70,35,35,59,19,21,8.0,14,17,10,177,126,303,51,1,10,126,161,36,44,38,72,40,53,47,21,19,0.0,3,7,5,36,20,56,26,10,11,14,37,12,11,-4,-2,-5,-18,12,-2,2,8.0,11,10,5,0
2026,2026-08-08,R23,Regular,23.0,M.C.G.,Melbourne,Fremantle,1,17,11,113,109,4,23,183,140,323,67,6,14,138,179,32,56,34,68,39,34,55,29,19,6.0,12,17,11,191,130,321,91,12,15,113,208,43,51,37,59,39,40,61,19,29,5.0,12,17,6,-8,10,2,-24,-6,-1,25,-29,-11,5,-3,9,0,-6,-6,10,-10,1.0,0,0,5,0
2026,2026-08-08,R23,Regular,23.0,S.C.G.,Port Adelaide,Sydney,0,10,10,70,167,-97,23,197,142,339,83,8,12,125,204,38,50,35,42,36,47,53,11,10,5.0,7,10,9,206,219,425,86,10,21,130,276,41,63,40,61,41,27,50,10,11,22.0,24,26,8,-9,-77,-86,-3,-2,-9,-5,-72,-3,-13,-5,-19,-5,20,3,1,-1,-17.0,-17,-16,1,0
2026,2026-08-08,R23,Regular,23.0,Adelaide Oval,Richmond,Adelaide,0,7,12,54,63,-9,23,191,126,317,61,8,10,136,165,39,51,40,58,60,39,57,17,26,5.0,6,7,9,210,148,358,68,8,6,148,186,38,50,44,66,45,42,53,26,17,4.0,6,9,6,-19,-22,-41,-7,0,4,-12,-21,1,1,-4,-8,15,-3,4,-9,9,1.0,0,-2,3,0
2026,2026-08-08,R23,Regular,23.0,S.C.G.,Sydney,Port Adelaide,1,26,11,167,70,97,23,206,219,425,86,10,21,130,276,41,63,40,61,41,27,50,10,11,22.0,24,26,8,197,142,339,83,8,12,125,204,38,50,35,42,36,47,53,11,10,5.0,7,10,9,9,77,86,3,2,9,5,72,3,13,5,19,5,-20,-3,-1,1,17.0,17,16,-1,0
2026,2026-08-09,R23,Regular,23.0,Docklands,Carlton,St Kilda,0,16,10,106,62,44,23,235,170,405,117,10,21,118,267,35,56,36,60,43,33,49,16,10,5.0,12,16,10,176,155,331,70,11,13,117,202,42,44,39,42,33,29,49,10,16,3.0,5,8,13,59,15,74,47,-1,8,1,65,-7,12,-3,18,10,4,0,6,-6,2.0,7,8,-3,0
2026,2026-08-09,R23,Regular,23.0,Perth Stadium,Collingwood,West Coast,0,17,15,117,98,19,23,192,178,370,60,6,12,157,206,47,64,35,74,44,36,62,22,17,4.0,11,17,14,199,177,376,85,10,10,143,225,36,52,45,68,50,45,67,17,22,7.0,13,15,7,-7,1,-6,-25,-4,2,14,-19,11,12,-10,6,-6,-9,-5,5,-5,-3.0,-2,2,7,0
2026,2026-08-09,R23,Regular,23.0,Manuka Oval,Gold Coast,Greater Western Sydney,0,11,13,79,77,2,23,214,139,353,60,5,8,167,165,53,48,47,90,56,63,67,20,20,2.0,4,11,8,200,121,321,36,2,5,171,130,45,58,36,85,62,42,73,20,20,2.0,6,11,7,14,18,32,24,3,3,-4,35,8,-10,11,5,-6,21,-6,0,0,0.0,-2,0,1,0
2026,2026-08-09,R23,Regular,23.0,Manuka Oval,Greater Western Sydney,Gold Coast,1,11,11,77,79,-2,23,200,121,321,36,2,5,171,130,45,58,36,85,62,42,73,20,20,2.0,6,11,7,214,139,353,60,5,8,167,165,53,48,47,90,56,63,67,20,20,2.0,4,11,8,-14,-18,-32,-24,-3,-3,4,-35,-8,10,-11,-5,6,-21,6,0,0,0.0,2,0,-1,0
2026,2026-08-09,R23,Regular,23.0,Docklands,St Kilda,Carlton,1,8,14,62,106,-44,23,176,155,331,70,11,13,117,202,42,44,39,42,33,29,49,10,16,3.0,5,8,13,235,170,405,117,10,21,118,267,35,56,36,60,43,33,49,16,10,5.0,12,16,10,-59,-15,-74,-47,1,-8,-1,-65,7,-12,3,-18,-10,-4,0,-6,6,-2.0,-7,-8,3,0
2026,2026-08-09,R23,Regular,23.0,Perth Stadium,West Coast,Collingwood,1,15,8,98,117,-19,23,199,177,376,85,10,10,143,225,36,52,45,68,50,45,67,17,22,7.0,13,15,7,192,178,370,60,6,12,157,206,47,64,35,74,44,36,62,22,17,4.0,11,17,14,7,-1,6,25,4,-2,-14,19,-11,-12,10,-6,6,9,5,-5,5,3.0,2,-2,-7,0
2026,2026-08-14,R24,Regular,24.0,Perth Stadium,Adelaide,Fremantle,0,13,10,88,112,-24,23,208,112,320,75,12,6,135,167,38,46,44,58,51,39,42,19,17,1.0,10,13,9,190,163,353,75,13,13,134,210,44,60,32,72,53,54,44,17,19,10.0,14,16,11,18,-51,-33,0,-1,-7,1,-43,-6,-14,12,-14,-2,-15,-2,2,-2,-9.0,-4,-3,-2,0
2026,2026-08-14,R24,Regular,24.0,Perth Stadium,Fremantle,Adelaide,1,16,16,112,88,24,23,190,163,353,75,13,13,134,210,44,60,32,72,53,54,44,17,19,10.0,14,16,11,208,112,320,75,12,6,135,167,38,46,44,58,51,39,42,19,17,1.0,10,13,9,-18,51,33,0,1,7,-1,43,6,14,-12,14,2,15,2,-2,2,9.0,4,3,2,0
2026,2026-08-15,R24,Regular,24.0,Gabba,Brisbane Lions,Gold Coast,1,14,11,95,53,42,23,226,128,354,98,7,13,112,220,30,45,45,69,42,31,55,24,15,8.0,9,14,9,182,156,338,77,8,12,122,207,35,52,30,57,36,42,62,15,24,10.0,4,6,14,44,-28,16,21,-1,1,-10,13,-5,-7,15,12,6,-11,-7,9,-9,-2.0,5,8,-5,0
2026,2026-08-15,R24,Regular,24.0,M.C.G.,Collingwood,Hawthorn,0,13,14,92,92,0,23,195,189,384,70,5,10,129,234,41,60,32,92,39,30,60,16,18,4.0,12,13,12,221,138,359,99,6,16,126,219,29,47,47,55,42,48,55,18,16,4.0,8,13,13,-26,51,25,-29,-1,-6,3,15,12,13,-15,37,-3,-18,5,-2,2,0.0,4,0,-1,0
2026,2026-08-15,R24,Regular,24.0,Docklands,Geelong,North Melbourne,0,19,11,125,110,15,23,207,137,344,86,5,17,124,207,37,65,27,74,44,40,49,22,22,5.0,12,19,10,182,178,360,55,12,14,133,211,50,45,45,71,32,45,58,22,22,10.0,13,17,5,25,-41,-16,31,-7,3,-9,-4,-13,20,-18,3,12,-5,-9,0,0,-5.0,-1,2,5,0
2026,2026-08-15,R24,Regular,24.0,Gabba,Gold Coast,Brisbane Lions,0,6,17,53,95,-42,23,182,156,338,77,8,12,122,207,35,52,30,57,36,42,62,15,24,10.0,4,6,14,226,128,354,98,7,13,112,220,30,45,45,69,42,31,55,24,15,8.0,9,14,9,-44,28,-16,-21,1,-1,10,-13,5,7,-15,-12,-6,11,7,-9,9,2.0,-5,-8,5,0
2026,2026-08-15,R24,Regular,24.0,M.C.G.,Hawthorn,Collingwood,1,13,14,92,92,0,23,221,138,359,99,6,16,126,219,29,47,47,55,42,48,55,18,16,4.0,8,13,13,195,189,384,70,5,10,129,234,41,60,32,92,39,30,60,16,18,4.0,12,13,12,26,-51,-25,29,1,6,-3,-15,-12,-13,15,-37,3,18,-5,2,-2,0.0,-4,0,1,0
2026,2026-08-15,R24,Regular,24.0,Adelaide Oval,Melbourne,Port Adelaide,0,20,12,132,56,76,23,216,188,404,68,5,12,146,240,30,62,40,73,43,25,48,24,12,2.0,17,20,11,214,124,338,98,8,12,122,205,44,49,40,53,44,32,67,12,24,4.0,8,8,6,2,64,66,-30,-3,0,24,35,-14,13,0,20,-1,-7,-19,12,-12,-2.0,9,12,5,0
2026,2026-08-15,R24,Regular,24.0,Docklands,North Melbourne,Geelong,1,17,8,110,125,-15,23,182,178,360,55,12,14,133,211,50,45,45,71,32,45,58,22,22,10.0,13,17,5,207,137,344,86,5,17,124,207,37,65,27,74,44,40,49,22,22,5.0,12,19,10,-25,41,16,-31,7,-3,9,4,13,-20,18,-3,-12,5,9,0,0,5.0,1,-2,-5,0
2026,2026-08-15,R24,Regular,24.0,Adelaide Oval,Port Adelaide,Melbourne,1,8,8,56,132,-76,23,214,124,338,98,8,12,122,205,44,49,40,53,44,32,67,12,24,4.0,8,8,6,216,188,404,68,5,12,146,240,30,62,40,73,43,25,48,24,12,2.0,17,20,11,-2,-64,-66,30,3,0,-24,-35,14,-13,0,-20,1,7,19,-12,12,2.0,-9,-12,-5,0
2026,2026-08-15,R24,Regular,24.0,M.C.G.,Richmond,St Kilda,1,6,9,45,94,-49,23,179,156,335,89,4,11,111,215,31,47,44,60,45,42,56,11,21,5.0,4,6,4,264,188,452,121,10,11,155,290,45,60,41,88,41,43,55,21,11,12.0,11,14,7,-85,-32,-117,-32,-6,0,-44,-75,-14,-13,3,-28,4,-1,1,-10,10,-7.0,-7,-8,-3,0
2026,2026-08-15,R24,Regular,24.0,M.C.G.,St Kilda,Richmond,0,14,10,94,45,49,23,264,188,452,121,10,11,155,290,45,60,41,88,41,43,55,21,11,12.0,11,14,7,179,156,335,89,4,11,111,215,31,47,44,60,45,42,56,11,21,5.0,4,6,4,85,32,117,32,6,0,44,75,14,13,-3,28,-4,1,-1,10,-10,7.0,7,8,3,0
2026,2026-08-16,R24,Regular,24.0,Docklands,Carlton,Western Bulldogs,0,12,10,82,82,0,23,268,188,456,146,9,10,138,310,39,48,43,62,37,37,58,23,15,3.0,8,12,6,191,153,344,76,10,10,129,206,36,58,36,55,54,22,64,15,23,11.0,8,12,10,77,35,112,70,-1,0,9,104,3,-10,7,7,-17,15,-6,8,-8,-8.0,0,0,-4,0
2026,2026-08-16,R24,Regular,24.0,M.C.G.,Essendon,Sydney,1,11,10,76,112,-36,23,223,157,380,96,3,11,134,231,33,50,35,76,32,31,50,24,14,5.0,10,11,9,199,200,399,73,9,17,141,243,40,54,39,61,51,33,67,14,24,18.0,14,17,7,24,-43,-19,23,-6,-6,-7,-12,-7,-4,-4,15,-19,-2,-17,10,-10,-13.0,-4,-6,2,0
2026,2026-08-16,R24,Regular,24.0,Sydney Showground,Greater Western Sydney,West Coast,1,16,15,111,57,54,23,229,150,379,111,10,19,124,249,35,53,46,60,46,41,54,14,21,4.0,14,16,15,197,124,321,82,6,13,120,189,38,53,37,55,33,44,36,21,14,12.0,6,7,12,32,26,58,29,4,6,4,60,-3,0,9,5,13,-3,18,-7,7,-8.0,8,9,3,0
2026,2026-08-16,R24,Regular,24.0,M.C.G.,Sydney,Essendon,0,17,10,112,76,36,23,199,200,399,73,9,17,141,243,40,54,39,61,51,33,67,14,24,18.0,14,17,7,223,157,380,96,3,11,134,231,33,50,35,76,32,31,50,24,14,5.0,10,11,9,-24,43,19,-23,6,6,7,12,7,4,4,-15,19,2,17,-10,10,13.0,4,6,-2,0
2026,2026-08-16,R24,Regular,24.0,Sydney Showground,West Coast,Greater Western Sydney,0,7,15,57,111,-54,23,197,124,321,82,6,13,120,189,38,53,37,55,33,44,36,21,14,12.0,6,7,12,229,150,379,111,10,19,124,249,35,53,46,60,46,41,54,14,21,4.0,14,16,15,-32,-26,-58,-29,-4,-6,-4,-60,3,0,-9,-5,-13,3,-18,7,-7,8.0,-8,-9,-3,0
2026,2026-08-16,R24,Regular,24.0,Docklands,Western Bulldogs,Carlton,1,12,10,82,82,0,23,191,153,344,76,10,10,129,206,36,58,36,55,54,22,64,15,23,11.0,8,12,10,268,188,456,146,9,10,138,310,39,48,43,62,37,37,58,23,15,3.0,8,12,6,-77,-35,-112,-70,1,0,-9,-104,-3,10,-7,-7,17,-15,6,-8,8,8.0,0,0,4,0
2026,2026-08-20,R25,Regular,25.0,Docklands,Gold Coast,St Kilda,0,14,19,103,80,23,23,208,181,389,98,6,17,126,256,40,50,37,60,43,45,48,19,16,8.0,10,14,14,189,195,384,72,5,9,121,247,32,51,34,68,39,28,61,16,19,15.0,8,12,6,19,-14,5,26,1,8,5,9,8,-1,3,-8,4,17,-13,3,-3,-7.0,2,2,8,0
2026,2026-08-20,R25,Regular,25.0,Docklands,St Kilda,Gold Coast,1,12,8,80,103,-23,23,189,195,384,72,5,9,121,247,32,51,34,68,39,28,61,16,19,15.0,8,12,6,208,181,389,98,6,17,126,256,40,50,37,60,43,45,48,19,16,8.0,10,14,14,-19,14,-5,-26,-1,-8,-5,-9,-8,1,-3,8,-4,-17,13,-3,3,7.0,-2,-2,-8,0
2026,2026-08-21,R25,Regular,25.0,M.C.G.,Brisbane Lions,Collingwood,0,25,9,159,96,63,23,234,132,366,107,12,21,131,220,51,59,33,39,46,49,50,14,14,5.0,18,25,9,173,182,355,79,7,15,117,228,35,48,33,65,32,36,51,14,14,6.0,11,15,5,61,-50,11,28,5,6,14,-8,16,11,0,-26,14,13,-1,0,0,-1.0,7,10,4,0
2026,2026-08-21,R25,Regular,25.0,M.C.G.,Collingwood,Brisbane Lions,1,15,6,96,159,-63,23,173,182,355,79,7,15,117,228,35,48,33,65,32,36,51,14,14,6.0,11,15,5,234,132,366,107,12,21,131,220,51,59,33,39,46,49,50,14,14,5.0,18,25,9,-61,50,-11,-28,-5,-6,-14,8,-16,-11,0,26,-14,-13,1,0,0,1.0,-7,-10,-4,0
2026,2026-08-22,R25,Regular,25.0,Adelaide Oval,Adelaide,Greater Western Sydney,1,24,13,157,101,56,23,226,174,400,89,13,16,150,237,41,64,41,45,30,42,46,21,20,2.0,15,24,9,175,155,330,64,5,13,106,209,30,56,37,54,45,36,58,20,21,5.0,9,15,10,51,19,70,25,8,3,44,28,11,8,4,-9,-15,6,-12,1,-1,-3.0,6,9,-1,0
2026,2026-08-22,R25,Regular,25.0,Docklands,Carlton,Fremantle,1,18,11,119,82,37,23,245,168,413,127,11,22,126,278,43,52,28,40,27,22,47,14,16,9.0,15,18,9,157,143,300,71,6,15,104,188,30,42,34,52,38,39,44,16,14,3.0,10,12,8,88,25,113,56,5,7,22,90,13,10,-6,-12,-11,-17,3,-2,2,6.0,5,6,1,0
2026,2026-08-22,R25,Regular,25.0,Docklands,Fremantle,Carlton,0,12,10,82,119,-37,23,157,143,300,71,6,15,104,188,30,42,34,52,38,39,44,16,14,3.0,10,12,8,245,168,413,127,11,22,126,278,43,52,28,40,27,22,47,14,16,9.0,15,18,9,-88,-25,-113,-56,-5,-7,-22,-90,-13,-10,6,12,11,17,-3,2,-2,-6.0,-5,-6,-1,0
2026,2026-08-22,R25,Regular,25.0,Kardinia Park,Geelong,Richmond,1,20,13,133,76,57,23,218,218,436,106,15,17,133,299,33,66,36,58,33,33,55,10,20,5.0,16,20,8,186,145,331,71,10,14,129,184,44,48,46,48,33,44,50,20,10,5.0,10,11,9,32,73,105,35,5,3,4,115,-11,18,-10,10,0,-11,5,-10,10,0.0,6,9,-1,0
2026,2026-08-22,R25,Regular,25.0,Adelaide Oval,Greater Western Sydney,Adelaide,0,15,11,101,157,-56,23,175,155,330,64,5,13,106,209,30,56,37,54,45,36,58,20,21,5.0,9,15,10,226,174,400,89,13,16,150,237,41,64,41,45,30,42,46,21,20,2.0,15,24,9,-51,-19,-70,-25,-8,-3,-44,-28,-11,-8,-4,9,15,-6,12,-1,1,3.0,-6,-9,1,0
2026,2026-08-22,R25,Regular,25.0,M.C.G.,Melbourne,Western Bulldogs,1,12,15,87,108,-21,23,202,129,331,73,22,14,136,179,46,59,34,72,43,66,42,17,14,13.0,9,12,11,215,160,375,83,20,17,139,219,37,50,45,55,54,24,48,14,17,5.0,10,16,10,-13,-31,-44,-10,2,-3,-3,-40,9,9,-11,17,-11,42,-6,3,-3,8.0,-1,-4,1,0
2026,2026-08-22,R25,Regular,25.0,Kardinia Park,Richmond,Geelong,0,11,10,76,133,-57,23,186,145,331,71,10,14,129,184,44,48,46,48,33,44,50,20,10,5.0,10,11,9,218,218,436,106,15,17,133,299,33,66,36,58,33,33,55,10,20,5.0,16,20,8,-32,-73,-105,-35,-5,-3,-4,-115,11,-18,10,-10,0,11,-5,10,-10,0.0,-6,-9,1,0
2026,2026-08-22,R25,Regular,25.0,M.C.G.,Western Bulldogs,Melbourne,0,16,12,108,87,21,23,215,160,375,83,20,17,139,219,37,50,45,55,54,24,48,14,17,5.0,10,16,10,202,129,331,73,22,14,136,179,46,59,34,72,43,66,42,17,14,13.0,9,12,11,13,31,44,10,-2,3,3,40,-9,-9,11,-17,11,-42,6,-3,3,-8.0,1,4,-1,0
2026,2026-08-23,R25,Regular,25.0,Docklands,Essendon,Port Adelaide,1,14,11,95,105,-10,23,210,174,384,101,11,17,134,252,37,56,31,75,36,39,52,13,18,1.0,8,14,10,209,142,351,80,5,16,128,204,37,49,41,49,41,37,51,18,13,5.0,15,16,6,1,32,33,21,6,1,6,48,0,7,-10,26,-5,2,1,-5,5,-4.0,-7,-2,4,0
2026,2026-08-23,R25,Regular,25.0,Perth Stadium,Hawthorn,West Coast,0,16,11,107,45,62,23,236,132,368,87,10,17,143,205,40,66,38,72,53,36,66,20,21,3.0,13,16,10,196,166,362,62,3,6,139,210,32,46,49,56,49,48,67,21,20,6.0,3,6,7,40,-34,6,25,7,11,4,-5,8,20,-11,16,4,-12,-1,-1,1,-3.0,10,10,3,0
2026,2026-08-23,R25,Regular,25.0,S.C.G.,North Melbourne,Sydney,0,10,10,70,123,-53,23,213,159,372,106,10,14,119,237,31,39,51,64,49,28,50,12,17,6.0,9,10,6,214,176,390,77,6,12,146,238,48,70,29,69,49,42,56,17,12,14.0,16,17,19,-1,-17,-18,29,4,2,-27,-1,-17,-31,22,-5,0,-14,-6,-5,5,-8.0,-7,-7,-13,0
2026,2026-08-23,R25,Regular,25.0,Docklands,Port Adelaide,Essendon,0,16,9,105,95,10,23,209,142,351,80,5,16,128,204,37,49,41,49,41,37,51,18,13,5.0,15,16,6,210,174,384,101,11,17,134,252,37,56,31,75,36,39,52,13,18,1.0,8,14,10,-1,-32,-33,-21,-6,-1,-6,-48,0,-7,10,-26,5,-2,-1,5,-5,4.0,7,2,-4,0
2026,2026-08-23,R25,Regular,25.0,S.C.G.,Sydney,North Melbourne,1,17,21,123,70,53,23,214,176,390,77,6,12,146,238,48,70,29,69,49,42,56,17,12,14.0,16,17,19,213,159,372,106,10,14,119,237,31,39,51,64,49,28,50,12,17,6.0,9,10,6,1,17,18,-29,-4,-2,27,1,17,31,-22,5,0,14,6,5,-5,8.0,7,7,13,0
2026,2026-08-23,R25,Regular,25.0,Perth Stadium,West Coast,Hawthorn,1,6,9,45,107,-62,23,196,166,362,62,3,6,139,210,32,46,49,56,49,48,67,21,20,6.0,3,6,7,236,132,368,87,10,17,143,205,40,66,38,72,53,36,66,20,21,3.0,13,16,10,-40,34,-6,-25,-7,-11,-4,5,-8,-20,11,-16,-4,12,1,1,-1,3.0,-10,-10,-3,0
2026,2026-08-28,WF,Regular,,M.C.G.,Collingwood,Western Bulldogs,0,14,9,93,96,-3,23,197,164,361,75,13,13,134,206,35,45,48,86,46,48,67,10,16,10.0,11,14,6,226,162,388,89,8,17,145,239,54,64,29,59,52,43,53,16,10,5.0,12,14,10,-29,2,-27,-14,5,-4,-11,-33,-19,-19,19,27,-6,5,14,-6,6,5.0,-1,0,-4,0
2026,2026-08-28,WF,Regular,,M.C.G.,Western Bulldogs,Collingwood,1,14,12,96,93,3,23,226,162,388,89,8,17,145,239,54,64,29,59,52,43,53,16,10,5.0,12,14,10,197,164,361,75,13,13,134,206,35,45,48,86,46,48,67,10,16,10.0,11,14,6,29,-2,27,14,-5,4,11,33,19,19,-19,-27,6,-5,-14,6,-6,-5.0,1,0,4,0
2026,2026-08-29,WF,Regular,,M.C.G.,Carlton,Melbourne,0,10,14,74,55,19,23,239,178,417,117,15,19,145,255,29,48,38,50,52,20,47,25,13,8.0,8,10,14,182,137,319,61,9,9,121,187,32,45,37,59,47,33,49,13,25,7.0,7,7,10,57,41,98,56,6,10,24,68,-3,3,1,-9,5,-13,-2,12,-12,1.0,1,3,4,0
2026,2026-08-29,WF,Regular,,M.C.G.,Melbourne,Carlton,1,7,13,55,74,-19,23,182,137,319,61,9,9,121,187,32,45,37,59,47,33,49,13,25,7.0,7,7,10,239,178,417,117,15,19,145,255,29,48,38,50,52,20,47,25,13,8.0,8,10,14,-57,-41,-98,-56,-6,-10,-24,-68,3,-3,-1,9,-5,13,2,-12,12,-1.0,-1,-3,-4,0
2026,2026-09-03,QF,Finals,26.0,Perth Stadium,Fremantle,Hawthorn,1,5,10,40,72,-32,23,217,186,403,106,14,9,140,253,31,57,41,48,43,31,59,13,13,16.0,5,5,9,205,123,328,77,12,11,140,182,32,51,49,57,54,30,42,13,13,2.0,9,10,10,12,63,75,29,2,-2,0,71,-1,6,-8,-9,-11,1,17,0,0,14.0,-4,-5,-1,1
2026,2026-09-03,QF,Finals,26.0,Perth Stadium,Hawthorn,Fremantle,0,10,12,72,40,32,23,205,123,328,77,12,11,140,182,32,51,49,57,54,30,42,13,13,2.0,9,10,10,217,186,403,106,14,9,140,253,31,57,41,48,43,31,59,13,13,16.0,5,5,9,-12,-63,-75,-29,-2,2,0,-71,1,-6,8,9,11,-1,-17,0,0,-14.0,4,5,1,1
2026,2026-09-04,EF,Finals,26.0,M.C.G.,Carlton,Geelong,0,11,8,74,107,-33,23,199,157,356,69,5,10,122,205,43,45,43,65,57,37,65,14,18,8.0,8,11,7,213,144,357,78,7,17,134,213,38,57,34,55,45,47,47,18,14,0.0,12,14,15,-14,13,-1,-9,-2,-7,-12,-8,5,-12,9,10,12,-10,18,-4,4,8.0,-4,-3,-8,1
2026,2026-09-04,EF,Finals,26.0,M.C.G.,Geelong,Carlton,1,14,23,107,74,33,23,213,144,357,78,7,17,134,213,38,57,34,55,45,47,47,18,14,0.0,12,14,15,199,157,356,69,5,10,122,205,43,45,43,65,57,37,65,14,18,8.0,8,11,7,14,-13,1,9,2,7,12,8,-5,12,-9,-10,-12,10,-18,4,-4,-8.0,4,3,8,1
2026,2026-09-05,EF,Finals,26.0,Adelaide Oval,Adelaide,Western Bulldogs,1,14,6,90,68,22,23,258,146,404,114,14,13,142,239,34,49,51,57,54,47,62,21,13,4.0,9,14,6,187,130,317,62,9,9,146,174,41,61,34,56,64,23,65,13,21,4.0,8,9,9,71,16,87,52,5,4,-4,65,-7,-12,17,1,-10,24,-3,8,-8,0.0,1,5,-3,1
2026,2026-09-05,QF,Finals,26.0,S.C.G.,Brisbane Lions,Sydney,0,13,10,88,141,-53,23,214,115,329,86,10,6,120,189,35,52,47,42,39,36,64,21,25,9.0,9,13,8,209,130,339,71,10,14,139,181,44,69,38,57,37,40,51,25,21,10.0,12,21,13,5,-15,-10,15,0,-8,-19,8,-9,-17,9,-15,2,-4,13,-4,4,-1.0,-3,-8,-5,1
2026,2026-09-05,QF,Finals,26.0,S.C.G.,Sydney,Brisbane Lions,1,21,15,141,88,53,23,209,130,339,71,10,14,139,181,44,69,38,57,37,40,51,25,21,10.0,12,21,13,214,115,329,86,10,6,120,189,35,52,47,42,39,36,64,21,25,9.0,9,13,8,-5,15,10,-15,0,8,19,-8,9,17,-9,15,-2,4,-13,4,-4,1.0,3,8,5,1
2026,2026-09-05,EF,Finals,26.0,Adelaide Oval,Western Bulldogs,Adelaide,0,9,14,68,90,-22,23,187,130,317,62,9,9,146,174,41,61,34,56,64,23,65,13,21,4.0,8,9,9,258,146,404,114,14,13,142,239,34,49,51,57,54,47,62,21,13,4.0,9,14,6,-71,-16,-87,-52,-5,-4,4,-65,7,12,-17,-1,10,-24,3,-8,8,0.0,-1,-5,3,1
2026,2026-09-11,SF,Finals,27.0,Perth Stadium,Fremantle,Geelong,1,18,12,120,106,14,23,188,176,364,74,11,16,141,215,44,60,30,68,44,46,62,16,15,14.0,14,18,6,189,138,327,75,6,11,133,189,31,47,42,55,38,27,50,15,16,7.0,13,16,9,-1,38,37,-1,5,5,8,26,13,13,-12,13,6,19,12,1,-1,7.0,1,2,-3,1
2026,2026-09-11,SF,Finals,27.0,Perth Stadium,Geelong,Fremantle,0,16,10,106,120,-14,23,189,138,327,75,6,11,133,189,31,47,42,55,38,27,50,15,16,7.0,13,16,9,188,176,364,74,11,16,141,215,44,60,30,68,44,46,62,16,15,14.0,14,18,6,1,-38,-37,1,-5,-5,-8,-26,-13,-13,12,-13,-6,-19,-12,-1,1,-7.0,-1,-2,3,1
2026,2026-09-12,SF,Finals,27.0,Gabba,Adelaide,Brisbane Lions,0,13,13,91,144,-53,23,206,156,362,80,7,15,119,220,33,52,47,51,42,39,45,14,10,5.0,12,13,11,255,121,376,121,8,16,126,240,37,69,37,46,54,34,49,10,14,8.0,18,21,18,-49,35,-14,-41,-1,-1,-7,-20,-4,-17,10,5,-12,5,-4,4,-4,-3.0,-6,-8,-7,1
2026,2026-09-12,SF,Finals,27.0,Gabba,Brisbane Lions,Adelaide,1,21,18,144,91,53,23,255,121,376,121,8,16,126,240,37,69,37,46,54,34,49,10,14,8.0,18,21,18,206,156,362,80,7,15,119,220,33,52,47,51,42,39,45,14,10,5.0,12,13,11,49,-35,14,41,1,1,7,20,4,17,-10,-5,12,-5,4,-4,4,3.0,6,8,7,1
2026,2026-09-18,PF,Finals,28.0,S.C.G.,Fremantle,Sydney,0,12,11,83,71,12,23,211,158,369,70,17,8,163,199,44,67,39,64,42,48,58,20,24,8.0,8,12,8,176,139,315,44,8,6,133,155,30,49,54,80,57,36,60,24,20,13.0,6,10,11,35,19,54,26,9,2,30,44,14,18,-15,-16,-15,12,-2,-4,4,-5.0,2,2,-3,1
2026,2026-09-18,PF,Finals,28.0,S.C.G.,Sydney,Fremantle,1,10,11,71,83,-12,23,176,139,315,44,8,6,133,155,30,49,54,80,57,36,60,24,20,13.0,6,10,11,211,158,369,70,17,8,163,199,44,67,39,64,42,48,58,20,24,8.0,8,12,8,-35,-19,-54,-26,-9,-2,-30,-44,-14,-18,15,16,15,-12,2,4,-4,5.0,-2,-2,3,1
2026,2026-09-19,PF,Finals,28.0,M.C.G.,Brisbane Lions,Hawthorn,0,20,11,131,122,9,23,235,92,327,104,9,19,115,201,41,62,35,48,53,45,50,20,15,11.0,14,20,10,190,92,282,83,14,13,108,167,40,55,41,52,38,44,51,15,20,5.0,13,19,7,45,0,45,21,-5,6,7,34,1,7,-6,-4,15,1,-1,5,-5,6.0,1,1,3,1
2026,2026-09-19,PF,Finals,28.0,M.C.G.,Hawthorn,Brisbane Lions,1,19,8,122,131,-9,23,190,92,282,83,14,13,108,167,40,55,41,52,38,44,51,15,20,5.0,13,19,7,235,92,327,104,9,19,115,201,41,62,35,48,53,45,50,20,15,11.0,14,20,10,-45,0,-45,-21,5,-6,-7,-34,-1,-7,6,4,-15,-1,1,-5,5,-6.0,-1,-1,-3,1
2026,2026-09-26,GF,Finals,29.0,M.C.G.,Brisbane Lions,Fremantle,0,14,12,96,89,7,23,245,113,358,84,7,10,130,197,31,48,50,69,60,33,45,7,12,11.0,10,14,11,203,105,308,77,17,13,139,155,45,62,34,70,42,51,35,12,7,12.0,10,12,13,42,8,50,7,-10,-3,-9,42,-14,-14,16,-1,18,-18,10,-5,5,-1.0,0,2,-2,1
2026,2026-09-26,GF,Finals,29.0,M.C.G.,Fremantle,Brisbane Lions,1,12,17,89,96,-7,23,203,105,308,77,17,13,139,155,45,62,34,70,42,51,35,12,7,12.0,10,12,13,245,113,358,84,7,10,130,197,31,48,50,69,60,33,45,7,12,11.0,10,14,11,-42,-8,-50,-7,10,3,9,-42,14,14,-16,1,-18,18,-10,5,-5,1.0,0,-2,2,1
