Season,name,games,team,age,Contested.Possessions,Uncontested.Possessions,Marks,Contested.Marks,Marks.Inside.50,Inside.50s,Rebounds,One.Percenters,Tackles,Clearances,Goal.Assists,Hit.Outs,Goals,Bounces,kick_share,role
2019,Aaron Francis,17,Essendon,22.071,6.01,10.355,5.793,1.159,0.29,1.593,2.534,5.431,2.172,0.217,0.579,0.0,0.217,0.0,0.573,Key defender
2019,Aaron Naughton,23,Western Bulldogs,19.769,6.623,6.215,6.724,2.7,2.343,2.445,0.255,2.649,2.14,0.153,0.56,1.019,1.63,0.204,0.68,Key forward
2019,Adam Cerra,20,Fremantle,19.882,5.997,12.879,4.672,0.442,0.189,2.652,2.778,3.346,2.778,0.947,0.316,0.0,0.126,0.126,0.605,Outside midfielder
2019,Adam Kennedy,23,Greater Western Sydney,27.214,4.66,15.68,6.14,0.164,0.11,2.467,2.851,1.645,2.357,0.877,0.329,0.0,0.219,1.206,0.645,Outside midfielder
2019,Adam Saad,22,Essendon,25.12,6.925,11.778,3.381,0.109,0.0,2.236,5.671,4.089,4.089,1.036,0.273,0.0,0.164,2.781,0.616,Rebounding defender
2019,Adam Tomlinson,25,Greater Western Sydney,26.134,7.173,13.08,7.267,0.422,0.281,2.954,1.828,2.485,3.0,2.438,0.375,2.719,0.188,0.047,0.645,Outside midfielder
2019,Adam Treloar,24,Collingwood,26.537,16.466,23.65,4.982,0.105,0.262,4.982,1.206,0.839,6.135,7.499,0.944,0.0,0.524,1.311,0.425,Inside midfielder
2019,Aidan Corr,8,Greater Western Sydney,25.367,3.443,8.689,4.426,0.328,0.0,0.492,4.918,6.23,2.131,0.492,0.0,0.0,0.0,0.0,0.755,Key defender
2019,Alex Keath,18,Adelaide,27.594,8.191,11.075,7.339,1.311,0.0,1.311,3.735,6.16,1.966,0.328,0.0,0.262,0.066,0.0,0.639,Key defender
2019,Alex Neal-Bullen,14,Melbourne,23.621,6.291,11.455,3.38,0.094,0.751,3.756,0.376,0.939,5.54,1.408,0.751,0.0,0.657,0.0,0.587,Pressure / role player
2019,Alex Pearce,11,Fremantle,23.977,6.474,5.876,3.586,0.896,0.0,0.498,2.49,4.582,2.39,0.1,0.0,0.0,0.0,0.0,0.471,Key defender
2019,Alex Sexton,22,Gold Coast,25.723,4.926,8.312,3.694,0.257,1.077,3.54,0.308,0.77,2.155,0.513,0.359,0.0,2.001,0.205,0.742,Small forward
2019,Alex Witherden,23,Brisbane Lions,21.011,5.101,14.294,7.119,0.448,0.112,2.13,6.222,2.635,2.13,0.841,0.0,0.0,0.112,0.168,0.789,Rebounding defender
2019,Aliir Aliir,22,Sydney,24.966,7.495,10.22,5.451,0.996,0.157,2.044,3.407,6.237,2.306,1.73,0.262,4.874,0.052,0.0,0.642,Key defender
2019,Allen Christensen,13,Brisbane Lions,28.323,7.553,11.17,5.106,0.426,1.064,2.766,0.532,1.383,4.681,1.17,0.957,0.0,1.702,0.106,0.623,Small forward
2019,Andrew Brayshaw,22,Fremantle,19.794,11.58,12.732,2.943,0.256,0.256,3.711,1.408,1.727,7.23,3.071,0.384,0.0,0.448,0.128,0.449,Pressure / role player
2019,Andrew Gaff,22,West Coast,27.244,10.392,25.379,7.363,0.157,0.209,4.856,2.924,0.731,2.715,4.856,0.679,0.0,0.157,0.783,0.623,Outside midfielder
2019,Andrew McGrath,23,Essendon,21.26,8.499,17.991,4.36,0.166,0.055,2.98,2.649,1.545,3.311,2.042,0.552,0.0,0.497,0.938,0.512,Outside midfielder
2019,Angus Brayshaw,22,Melbourne,23.621,12.134,16.94,5.1,0.41,0.293,4.807,2.345,1.465,5.627,4.22,0.352,0.0,0.528,0.0,0.57,Inside midfielder
2019,Anthony McDonald-Tipungwuti,23,Essendon,26.372,7.587,7.587,3.628,0.605,1.045,3.573,0.385,1.759,5.443,1.264,0.99,0.0,1.759,1.154,0.631,Small forward
2019,Anthony Miles,17,Gold Coast,27.446,14.01,15.539,5.233,0.322,0.564,4.589,2.657,1.288,5.314,6.763,0.564,0.0,0.483,0.0,0.654,Inside midfielder
2019,Bachar Houli,22,Richmond,31.381,6.86,22.347,7.556,0.214,0.107,3.483,5.949,3.108,3.108,0.589,0.268,0.0,0.054,2.144,0.592,Rebounding defender
2019,Bailey Dale,10,Western Bulldogs,23.129,5.368,10.487,4.869,0.375,2.372,2.372,0.125,0.749,2.372,0.375,0.375,0.0,2.622,0.0,0.606,Key forward
2019,Bailey Smith,23,Western Bulldogs,18.75,9.628,15.121,3.426,0.0,0.118,3.78,1.181,0.945,5.493,3.367,0.886,0.0,0.65,0.177,0.453,Inside midfielder
2019,Bailey Williams,9,Western Bulldogs,21.758,4.809,14.569,5.799,0.424,0.0,1.839,3.395,2.405,2.829,0.566,0.283,0.0,0.0,0.141,0.717,Rebounding defender
2019,Bayley Fritsch,22,Melbourne,22.715,6.478,12.687,7.066,0.857,1.392,2.837,2.355,2.784,2.088,0.749,0.482,0.0,1.071,0.054,0.676,Outside midfielder
2019,Ben Ainsworth,12,Gold Coast,21.534,8.467,14.76,5.606,0.458,1.03,3.776,0.801,0.801,2.174,2.403,0.801,0.0,0.915,0.114,0.55,Small forward
2019,Ben Brown,22,North Melbourne,26.758,6.744,4.884,5.023,1.628,2.884,1.674,0.0,1.628,1.163,0.465,0.186,2.698,2.977,0.0,0.766,Key forward
2019,Ben Cunnington,22,North Melbourne,28.151,19.861,14.592,3.069,0.695,0.347,2.49,1.332,1.39,4.517,9.265,0.347,0.0,0.347,0.0,0.323,Inside midfielder
2019,Ben King,14,Gold Coast,19.131,4.579,4.67,4.396,1.19,2.198,2.106,0.0,1.923,0.916,0.0,0.549,0.0,1.557,0.0,0.657,Key forward
2019,Ben Long,16,St Kilda,22.008,5.511,7.588,4.712,0.399,0.879,2.955,0.319,2.476,3.594,0.719,0.559,0.0,1.118,0.24,0.664,Small forward
2019,Ben McEvoy,19,Hawthorn,30.12,9.682,6.693,5.913,2.534,0.845,1.04,0.845,4.808,2.989,2.989,0.325,34.958,0.52,0.0,0.428,Ruck
2019,Ben Paton,13,St Kilda,20.827,5.826,11.461,4.776,0.382,0.0,1.146,3.152,1.815,3.343,0.573,0.096,0.0,0.096,0.573,0.571,Outside midfielder
2019,Ben Reid,8,Collingwood,30.397,8.18,5.509,4.508,2.337,2.337,1.002,0.334,1.503,1.503,0.835,0.835,4.841,1.836,0.0,0.584,Key forward
2019,Ben Ronke,13,Sydney,21.682,5.128,9.188,3.846,0.107,0.962,3.953,0.107,0.321,2.991,0.321,0.534,0.0,0.962,0.427,0.637,Small forward
2019,Ben Stratton,19,Hawthorn,30.482,3.263,6.583,3.663,0.458,0.0,0.286,1.145,4.808,1.66,0.057,0.0,0.0,0.0,0.0,0.549,Key defender
2019,Billy Gowers,10,Western Bulldogs,22.977,5.792,6.178,3.861,1.158,2.317,1.544,0.0,1.544,1.673,0.386,0.386,0.0,1.673,0.515,0.629,Key forward
2019,Billy Stretch,9,Melbourne,22.958,7.018,16.082,5.263,0.0,0.292,2.924,1.901,1.608,3.947,1.901,0.146,0.0,0.292,0.585,0.583,Outside midfielder
2019,Blake Acres,19,St Kilda,23.879,8.715,14.234,5.084,0.581,0.654,3.704,1.38,1.888,5.229,2.905,0.944,0.654,0.436,0.871,0.5,Outside midfielder
2019,Blake Hardwick,22,Hawthorn,22.548,5.71,12.38,5.283,0.587,0.107,2.028,5.336,4.482,3.682,0.48,0.213,0.0,0.107,0.107,0.675,Rebounding defender
2019,Bobby Hill,8,Greater Western Sydney,19.613,5.849,10.189,3.396,0.189,0.943,2.264,0.566,1.132,4.151,0.943,0.755,0.0,1.321,0.189,0.628,Small forward
2019,Brad Crouch,22,Adelaide,25.611,14.054,22.499,3.759,0.174,0.405,4.974,2.371,0.81,6.42,6.767,0.347,0.058,0.636,0.231,0.508,Inside midfielder
2019,Brad Ebert,11,Port Adelaide,29.282,7.167,12.514,6.03,1.138,1.479,4.096,0.455,2.844,5.688,1.365,0.455,0.0,1.479,0.341,0.634,Small forward
2019,Brad Sheppard,24,West Coast,28.309,4.093,16.689,8.549,0.364,0.045,1.273,4.82,4.457,1.683,0.318,0.091,0.0,0.0,0.136,0.7,Rebounding defender
2019,Bradley Hill,22,Fremantle,26.129,6.024,21.949,4.243,0.105,0.471,4.924,3.143,0.943,2.619,2.148,0.786,0.0,0.314,1.205,0.71,Outside midfielder
2019,Brandan Parfitt,20,Geelong,21.4,13.7,12.17,2.712,0.348,0.417,4.312,1.043,1.53,7.302,3.964,0.765,0.0,0.278,0.139,0.522,Inside midfielder
2019,Brandon Ellis,23,Richmond,26.153,6.891,16.764,5.67,0.244,0.342,2.737,2.981,1.662,2.786,1.662,0.44,0.0,0.44,0.88,0.555,Outside midfielder
2019,Brandon Matera,20,Fremantle,27.457,6.756,10.569,4.816,0.401,1.806,3.077,0.669,1.003,2.609,0.401,0.468,0.0,2.007,0.201,0.693,Small forward
2019,Brayden Fiorini,21,Gold Coast,22.005,10.809,20.531,5.314,0.06,0.302,4.831,3.2,1.147,6.039,4.65,0.664,0.0,0.302,0.423,0.635,Inside midfielder
2019,Brayden Maynard,24,Collingwood,23.003,6.104,14.354,4.959,0.334,0.0,2.766,4.626,3.195,4.387,0.525,0.191,0.0,0.048,0.095,0.683,Rebounding defender
2019,Brennan Cox,8,Fremantle,20.879,5.734,5.874,4.056,1.399,1.399,1.538,0.14,2.657,2.797,0.28,0.699,2.238,0.699,0.0,0.408,Key forward
2019,Brent Daniels,26,Greater Western Sydney,20.556,7.506,11.825,4.113,0.257,0.668,4.113,0.308,0.977,4.165,1.337,1.285,0.0,0.566,0.411,0.526,Small forward
2019,Brett Deledio,14,Greater Western Sydney,32.389,8.856,14.022,6.55,0.83,0.923,4.151,0.923,1.384,3.321,2.306,0.923,0.0,0.554,0.0,0.529,Small forward
2019,Brodie Grundy,24,Collingwood,25.435,15.381,9.444,4.909,1.356,0.187,2.338,1.309,2.992,4.862,6.826,0.187,47.779,0.327,0.187,0.464,Ruck
2019,Brodie Smith,22,Adelaide,27.611,8.52,16.876,5.953,0.382,0.218,4.642,5.025,2.458,3.004,1.475,0.546,0.0,0.546,0.928,0.647,Outside midfielder
2019,Brody Mihocek,24,Collingwood,26.627,6.554,8.534,6.648,1.65,2.027,3.63,0.236,1.839,2.31,0.283,0.66,0.0,1.697,0.141,0.676,Key forward
2019,Bryce Gibbs,12,Adelaide,30.446,7.293,18.453,5.304,0.221,0.11,3.204,2.32,0.773,5.193,3.094,0.221,0.0,0.221,0.0,0.65,Outside midfielder
2019,Cale Hooker,18,Essendon,30.895,7.5,11.312,8.438,2.0,0.438,0.562,4.812,7.375,0.938,0.25,0.062,0.125,0.25,0.125,0.569,Key defender
2019,Caleb Daniel,17,Western Bulldogs,23.077,7.682,18.506,4.679,0.209,0.0,2.514,7.053,2.933,3.701,1.187,0.14,0.0,0.07,0.908,0.652,Rebounding defender
2019,Caleb Marchbank,13,Carlton,22.58,5.459,9.445,5.633,0.78,0.087,0.953,3.12,4.853,2.34,0.26,0.0,0.0,0.0,0.0,0.692,Key defender
2019,Callum Brown,22,Collingwood,21.402,6.778,12.961,3.448,0.059,0.535,3.746,0.476,1.249,5.291,0.773,0.595,0.0,0.654,0.773,0.497,Pressure / role player
2019,Callum Mills,22,Sydney,22.394,5.388,14.739,7.184,0.845,0.053,1.109,4.226,4.173,3.064,0.475,0.158,0.0,0.053,0.0,0.57,Key defender
2019,Callum Sinclair,14,Sydney,29.764,8.867,7.038,3.565,0.823,0.548,2.651,1.005,4.753,4.022,3.748,0.274,31.993,0.457,0.091,0.631,Ruck
2019,Callum Wilkie,22,St Kilda,23.457,5.266,9.663,5.777,1.074,0.0,0.971,3.783,4.243,2.147,0.204,0.051,0.051,0.0,0.102,0.682,Key defender
2019,Cam Ellis-Yolmen,10,Adelaide,26.372,15.974,14.935,3.766,0.13,0.26,2.987,1.688,2.987,7.143,6.364,0.909,0.0,0.26,0.13,0.426,Inside midfielder
2019,Cam McCarthy,12,Fremantle,24.4,4.878,7.505,4.597,0.75,1.876,2.439,0.094,0.657,1.407,0.281,0.375,0.0,1.782,0.0,0.691,Key forward
2019,Cam Rayner,24,Brisbane Lions,19.898,5.949,6.699,3.162,0.482,0.857,2.358,0.589,0.911,2.733,0.804,0.429,0.0,1.072,0.054,0.607,Pressure / role player
2019,Cameron Guthrie,20,Geelong,27.088,10.993,14.468,4.965,0.284,0.284,2.482,1.986,1.702,6.95,5.745,0.567,0.0,0.709,0.355,0.519,Inside midfielder
2019,Cameron Zurhaar,19,North Melbourne,21.257,6.152,9.751,5.105,0.589,1.702,4.058,0.196,1.702,4.058,0.916,0.982,0.262,1.702,0.393,0.585,Small forward
2019,Chad Wingard,14,Hawthorn,26.071,8.91,15.355,4.265,0.284,1.137,6.066,0.284,0.758,5.687,3.886,0.948,0.0,1.137,0.664,0.568,Inside midfielder
2019,Charlie Ballard,21,Gold Coast,20.088,4.938,9.018,5.958,1.181,0.0,0.805,3.757,5.582,1.235,0.054,0.107,0.0,0.0,0.054,0.77,Key defender
2019,Charlie Cameron,24,Brisbane Lions,25.194,5.786,8.1,3.905,0.386,1.929,2.797,0.241,0.868,2.363,0.771,0.723,0.0,2.748,0.53,0.736,Small forward
2019,Charlie Curnow,11,Carlton,22.402,8.649,6.872,5.806,2.014,1.777,3.199,0.237,1.303,2.014,0.237,0.474,0.0,2.133,0.118,0.852,Key forward
2019,Charlie Dixon,9,Port Adelaide,28.92,8.397,4.962,3.69,1.781,1.781,1.654,0.254,2.799,2.417,0.891,0.509,2.926,1.654,0.127,0.604,Key forward
2019,Charlie Spargo,8,Melbourne,19.745,4.944,9.41,4.306,0.0,0.478,2.073,0.638,1.116,2.711,0.638,0.797,0.0,0.319,0.159,0.622,Pressure / role player
2019,Chayce Jones,8,Adelaide,19.611,8.073,8.257,2.936,0.55,1.101,3.67,0.734,1.468,3.303,2.202,0.55,0.0,0.55,0.183,0.539,Pressure / role player
2019,Chris Burgess,14,Gold Coast,23.742,4.387,5.037,3.087,0.569,0.487,0.731,1.462,5.443,1.787,0.406,0.162,0.569,0.325,0.0,0.478,Key defender
2019,Chris Masten,17,West Coast,30.367,4.616,14.868,6.314,0.204,0.068,1.765,2.919,1.561,2.037,0.679,0.272,0.0,0.204,0.0,0.596,Outside midfielder
2019,Chris Mayne,21,Collingwood,30.884,6.905,15.623,6.788,0.293,0.41,1.17,2.165,2.458,3.277,1.755,0.293,0.0,0.234,0.117,0.545,Outside midfielder
2019,Christian Petracca,22,Melbourne,23.635,10.749,11.111,4.599,0.775,1.189,4.134,0.258,1.189,3.359,2.636,0.827,0.258,1.137,0.0,0.516,Small forward
2019,Christian Salem,20,Melbourne,24.11,8.514,15.972,5.461,0.235,0.0,1.938,5.872,2.525,3.523,1.292,0.235,0.0,0.0,0.528,0.693,Rebounding defender
2019,Clayton Oliver,22,Melbourne,22.09,19.714,16.96,4.515,0.165,0.275,5.341,2.037,1.542,7.654,8.425,0.496,0.0,0.22,0.11,0.375,Inside midfielder
2019,Colin ORiordan,12,Sydney,23.791,6.118,13.571,5.784,0.667,0.222,1.669,3.226,4.672,3.003,0.334,0.334,0.0,0.111,0.0,0.509,Key defender
2019,Connor Blakely,14,Fremantle,23.482,6.633,17.007,6.122,0.34,0.0,2.806,3.146,2.381,2.721,1.446,0.34,0.0,0.0,0.0,0.563,Outside midfielder
2019,Connor Rozee,22,Port Adelaide,19.589,8.315,11.031,4.213,0.388,1.275,3.326,0.277,1.94,4.878,0.831,0.554,0.0,1.608,0.166,0.5,Small forward
2019,Conor McKenna,22,Essendon,23.441,5.316,13.421,3.053,0.211,0.053,2.737,5.632,2.158,1.789,1.053,0.368,0.0,0.105,4.158,0.685,Rebounding defender
2019,Conor Nash,14,Hawthorn,21.074,5.815,5.551,2.291,0.441,0.617,1.145,0.088,3.436,3.348,0.352,0.793,0.0,0.793,0.0,0.427,Pressure / role player
2019,Corey Wagner,11,Melbourne,22.422,6.489,8.111,3.129,0.116,0.579,2.086,0.695,1.622,5.214,0.695,0.348,0.0,0.695,0.463,0.59,Pressure / role player
2019,Dale Thomas,20,Carlton,32.175,6.306,14.268,6.688,0.255,0.191,2.994,5.732,3.439,3.885,0.573,0.382,0.0,0.191,0.701,0.699,Rebounding defender
2019,Dan Houston,21,Port Adelaide,22.287,9.745,14.965,5.22,0.87,0.348,3.712,4.06,4.176,3.77,2.958,0.174,0.0,0.348,0.0,0.602,Outside midfielder
2019,Dane Rampe,21,Sydney,29.227,6.566,12.381,6.165,0.752,0.0,1.554,7.018,5.313,3.008,0.201,0.201,0.0,0.0,1.404,0.631,Rebounding defender
2019,Daniel Howe,12,Hawthorn,23.72,9.677,11.655,5.515,0.52,0.104,2.081,1.665,3.226,4.579,2.601,0.104,0.0,0.104,0.0,0.572,Pressure / role player
2019,Daniel Lloyd,18,Greater Western Sydney,27.608,6.207,9.517,3.586,0.345,0.759,3.241,0.759,1.448,3.034,2.069,0.483,0.0,1.103,0.0,0.57,Pressure / role player
2019,Daniel McKenzie,15,St Kilda,23.214,5.459,8.519,4.053,0.579,0.083,0.827,1.737,3.805,2.812,0.165,0.165,0.0,0.0,0.0,0.515,Key defender
2019,Daniel McStay,24,Brisbane Lions,24.225,6.25,5.9,5.0,2.1,1.6,1.8,0.1,2.0,2.45,0.4,0.45,0.65,1.05,0.0,0.496,Key forward
2019,Daniel Rich,24,Brisbane Lions,29.271,6.67,15.547,6.719,0.441,0.098,3.825,7.602,2.894,2.354,1.569,0.294,0.0,0.196,0.147,0.8,Rebounding defender
2019,Daniel Rioli,22,Richmond,22.452,4.859,9.884,3.424,0.276,0.828,2.871,0.497,1.436,3.368,0.497,0.883,0.0,0.939,0.773,0.527,Small forward
2019,Daniel Talia,22,Adelaide,27.895,4.928,8.522,6.16,0.975,0.0,0.359,3.439,8.265,2.464,0.103,0.0,0.0,0.0,0.0,0.638,Key defender
2019,Darcy Byrne-Jones,22,Port Adelaide,23.928,8.279,17.749,6.061,0.162,0.054,3.788,3.03,2.76,3.571,1.461,0.379,0.0,0.0,0.216,0.675,Outside midfielder
2019,Darcy Gardiner,24,Brisbane Lions,23.977,5.893,9.477,5.281,0.471,0.047,1.179,3.725,5.611,2.499,0.33,0.189,0.0,0.047,0.0,0.733,Key defender
2019,Darcy Lang,8,Carlton,23.736,4.013,7.023,4.013,0.167,0.836,1.505,0.167,1.003,4.013,0.669,0.669,0.0,0.836,0.167,0.698,Small forward
2019,Darcy Macpherson,22,Gold Coast,21.819,9.354,13.92,5.067,0.39,0.724,3.341,1.503,1.336,7.461,2.394,0.724,0.0,0.668,0.056,0.637,Pressure / role player
2019,Darcy Moore,17,Collingwood,23.654,7.765,7.475,5.733,2.104,0.073,1.306,6.241,8.999,1.887,0.0,0.073,0.0,0.0,0.29,0.631,Key defender
2019,Darcy Parish,21,Essendon,22.115,11.719,16.667,3.971,0.065,0.651,4.492,1.562,0.977,5.208,4.297,0.716,0.0,0.781,0.326,0.515,Inside midfielder
2019,Darcy Tucker,22,Fremantle,22.586,8.915,15.446,4.145,0.057,0.454,3.634,1.42,1.363,4.6,2.839,0.511,0.0,0.568,0.057,0.474,Pressure / role player
2019,David Astbury,22,Richmond,28.586,4.47,9.823,6.483,0.737,0.049,0.491,3.733,6.139,0.589,0.0,0.0,0.098,0.049,0.0,0.699,Key defender
2019,David Cuningham,9,Carlton,22.402,9.091,13.05,4.106,0.0,0.293,4.399,0.88,0.733,4.692,2.199,0.88,0.0,1.026,0.44,0.451,Pressure / role player
2019,David Mackay,18,Adelaide,31.085,5.843,15.447,3.828,0.0,0.0,3.224,3.962,2.082,3.358,1.209,0.403,0.0,0.201,0.47,0.597,Outside midfielder
2019,David Mundy,22,Fremantle,34.099,15.64,16.486,3.623,0.121,0.543,4.891,1.812,3.08,5.133,7.246,0.966,0.06,0.483,0.0,0.458,Inside midfielder
2019,David Swallow,22,Gold Coast,26.761,14.704,14.302,4.997,0.287,0.632,4.652,2.24,1.551,4.825,6.835,0.46,0.0,0.747,0.057,0.554,Inside midfielder
2019,David Zaharakis,20,Essendon,29.485,7.88,16.555,6.048,0.061,0.122,3.604,2.321,1.283,3.421,1.894,0.428,0.0,0.367,0.305,0.586,Outside midfielder
2019,Dawson Simpson,9,Greater Western Sydney,30.498,6.438,3.863,1.717,0.143,0.0,0.858,2.861,4.292,3.433,3.147,0.286,43.491,0.143,0.0,0.329,Ruck
2019,Dayne Beams,9,Collingwood,29.298,10.282,21.268,5.352,0.282,0.282,4.93,2.254,0.141,2.676,5.775,0.845,0.0,0.704,0.0,0.549,Inside midfielder
2019,Dayne Zorko,24,Brisbane Lions,30.594,12.1,14.8,4.7,0.05,0.6,8.1,1.4,1.8,8.0,4.9,1.1,0.0,1.15,0.65,0.754,Inside midfielder
2019,Dean Kent,13,St Kilda,25.323,6.25,10.081,5.948,0.302,2.319,3.629,0.605,1.411,2.419,0.302,1.31,0.0,1.21,0.302,0.747,Small forward
2019,Dion Prestia,25,Richmond,26.961,14.243,19.517,4.239,0.049,0.296,6.013,2.859,1.331,6.062,7.196,0.789,0.0,0.345,0.148,0.563,Inside midfielder
2019,Dom Sheed,24,West Coast,24.427,13.837,19.239,6.584,0.154,0.566,5.813,1.955,0.977,2.006,6.121,0.412,0.0,0.823,0.566,0.542,Inside midfielder
2019,Dougal Howard,15,Port Adelaide,23.339,5.994,7.729,5.284,1.498,0.868,1.341,2.287,8.675,1.735,0.631,0.158,0.868,0.789,0.0,0.655,Key defender
2019,Dustin Martin,23,Richmond,28.257,12.715,17.718,5.003,0.938,1.094,6.722,0.573,1.407,2.918,5.107,1.199,0.0,1.668,1.094,0.628,Inside midfielder
2019,Dylan Clarke,11,Essendon,20.961,7.898,11.123,2.447,0.111,0.222,3.115,0.779,1.112,7.786,3.003,0.222,0.0,0.0,0.0,0.4,Pressure / role player
2019,Dylan Grimes,24,Richmond,28.203,5.735,7.885,5.78,1.299,0.0,0.672,3.047,6.81,2.33,0.224,0.09,0.0,0.0,0.762,0.555,Key defender
2019,Dylan Shiel,22,Essendon,26.493,14.112,18.623,3.933,0.116,0.116,6.304,2.198,1.33,6.246,6.709,0.578,0.0,0.521,1.33,0.54,Inside midfielder
2019,Dyson Heppell,18,Essendon,27.312,14.532,18.871,6.749,0.689,0.413,4.614,1.86,1.584,3.581,4.683,0.551,0.0,0.275,0.207,0.486,Inside midfielder
2019,Easton Wood,23,Western Bulldogs,30.008,5.099,8.822,5.099,0.663,0.0,0.969,2.805,7.088,1.581,0.255,0.102,0.0,0.0,0.204,0.655,Key defender
2019,Ed Curnow,22,Carlton,29.794,12.391,14.185,4.565,0.109,0.38,3.696,1.685,1.304,6.087,5.543,0.761,0.0,0.489,0.163,0.538,Inside midfielder
2019,Ed Langdon,22,Fremantle,23.561,8.25,20.095,6.928,0.423,0.423,4.178,3.49,0.529,2.221,1.798,0.37,0.0,0.476,0.529,0.582,Outside midfielder
2019,Ed Richards,20,Western Bulldogs,20.181,5.73,9.727,3.731,0.133,0.4,3.131,0.933,1.932,3.131,0.6,0.666,0.0,0.6,0.266,0.592,Pressure / role player
2019,Eddie Betts,21,Adelaide,32.745,7.766,5.853,2.757,0.844,1.632,1.632,0.169,0.619,2.926,1.294,1.013,0.0,2.082,0.056,0.618,Small forward
2019,Elliot Yeo,23,West Coast,25.95,16.165,13.588,4.511,0.859,0.107,6.767,1.772,3.437,9.023,7.734,0.752,0.0,0.591,0.644,0.592,Inside midfielder
2019,Eric Hipwood,23,Brisbane Lions,22.003,4.415,7.392,5.493,1.437,2.413,2.515,0.257,1.745,2.156,0.051,0.462,0.051,1.797,0.154,0.781,Key forward
2019,Esava Ratugolea,20,Geelong,21.159,8.636,3.975,3.633,2.33,1.371,2.056,0.274,1.851,3.153,1.714,0.274,8.636,1.028,0.0,0.589,Key forward
2019,Ethan Hughes,21,Fremantle,24.715,8.372,11.768,5.855,0.878,0.117,1.405,2.342,5.328,1.581,0.82,0.059,0.0,0.117,0.0,0.525,Key defender
2019,Gary Ablett,24,Geelong,35.353,9.431,13.886,4.218,0.474,1.137,5.403,0.995,0.806,5.118,2.322,0.948,0.0,1.611,0.284,0.608,Small forward
2019,Gary Rohan,19,Geelong,28.249,5.529,5.802,4.437,1.365,1.843,2.867,0.137,1.775,2.321,0.273,1.024,0.068,1.706,0.0,0.772,Key forward
2019,George Hewett,22,Sydney,23.652,13.274,13.772,3.097,0.166,0.0,2.157,1.493,1.162,5.42,4.867,0.332,0.0,0.055,0.055,0.395,Pressure / role player
2019,Griffin Logue,10,Fremantle,21.367,5.662,7.692,4.808,1.175,0.0,0.641,2.991,7.265,2.03,0.0,0.0,0.0,0.0,0.214,0.55,Key defender
2019,Gryan Miers,25,Geelong,20.476,5.996,11.945,4.627,0.142,1.228,3.116,0.85,0.519,2.266,0.708,0.85,0.0,1.322,0.236,0.595,Small forward
2019,Hamish Hartlett,11,Port Adelaide,29.03,7.205,14.847,5.24,0.328,0.0,3.712,3.821,2.729,3.821,0.873,0.109,0.0,0.0,0.109,0.623,Outside midfielder
2019,Harris Andrews,21,Brisbane Lions,22.758,6.144,7.393,5.794,1.648,0.0,1.049,2.597,11.239,1.648,0.05,0.1,0.0,0.0,0.1,0.606,Key defender
2019,Harry Cunningham,9,Sydney,25.6,4.683,19.559,7.163,0.275,0.0,3.306,5.51,1.928,3.444,0.826,0.138,0.0,0.0,1.928,0.658,Rebounding defender
2019,Harry Himmelberg,25,Greater Western Sydney,23.392,6.357,7.665,4.734,1.172,1.803,2.299,0.09,3.562,2.164,0.586,1.217,0.18,1.713,0.225,0.569,Small forward
2019,Harry McKay,20,Carlton,21.665,6.177,6.41,7.284,2.622,2.622,2.273,0.058,2.04,1.865,0.233,0.117,1.166,1.515,0.291,0.778,Key forward
2019,Harry Morrison,9,Hawthorn,20.605,5.401,11.825,3.942,0.292,0.146,2.92,0.584,1.022,4.234,1.314,0.146,0.0,0.0,0.146,0.552,Pressure / role player
2019,Harry Perryman,19,Greater Western Sydney,20.775,8.362,15.704,6.798,0.34,0.408,2.583,2.787,2.039,4.011,1.224,0.272,0.0,0.136,0.0,0.613,Outside midfielder
2019,Harry Petty,10,Melbourne,19.742,4.4,8.0,5.733,1.2,0.8,1.2,1.733,4.0,2.8,0.267,0.533,0.133,0.8,0.0,0.591,Key forward
2019,Harry Taylor,24,Geelong,33.274,7.021,8.634,5.408,0.996,0.19,1.328,3.036,5.74,1.898,0.38,0.19,0.095,0.142,0.095,0.562,Key defender
2019,Hayden Crozier,22,Western Bulldogs,25.704,5.577,13.778,7.436,0.875,0.109,2.242,4.265,4.757,2.406,0.273,0.055,0.0,0.0,0.219,0.704,Rebounding defender
2019,Heath Shaw,26,Greater Western Sydney,33.835,5.419,13.714,7.378,0.584,0.042,1.125,7.003,3.293,2.501,0.333,0.042,0.0,0.0,2.084,0.803,Rebounding defender
2019,Hugh Greenwood,14,Adelaide,27.471,15.665,8.768,3.35,0.985,0.788,1.97,1.379,1.773,8.276,5.714,0.0,0.0,1.084,0.0,0.498,Inside midfielder
2019,Hugh McCluggage,23,Brisbane Lions,21.534,10.437,17.678,4.792,0.0,0.586,5.165,2.13,1.225,4.473,4.1,0.586,0.0,1.225,0.373,0.614,Inside midfielder
2019,Hunter Clark,14,St Kilda,20.413,8.503,18.299,5.915,0.277,0.185,2.495,3.235,1.294,3.974,2.033,0.37,0.0,0.185,0.092,0.533,Outside midfielder
2019,Isaac Heeney,22,Sydney,23.304,10.903,13.987,6.938,1.377,1.597,3.579,1.156,1.652,4.681,2.863,0.441,0.055,1.432,0.055,0.537,Small forward
2019,Isaac Smith,19,Hawthorn,30.649,5.773,19.739,6.207,0.186,0.435,5.773,3.228,1.241,2.545,1.986,0.745,0.0,0.559,1.055,0.639,Outside midfielder
2019,Ivan Soldo,14,Richmond,23.457,7.892,5.081,3.568,0.757,0.324,1.73,1.514,4.541,5.946,4.216,0.108,38.811,0.649,0.108,0.531,Ruck
2019,Jack Billings,22,St Kilda,24.016,8.209,20.472,6.773,0.667,0.718,4.156,3.027,1.796,3.335,2.36,0.513,0.0,0.667,0.205,0.558,Outside midfielder
2019,Jack Bowes,15,Gold Coast,21.575,11.23,14.171,4.724,0.535,0.535,3.654,1.693,2.05,4.902,3.476,0.535,0.0,0.535,0.089,0.504,Inside midfielder
2019,Jack Crisp,24,Collingwood,25.969,9.366,18.826,6.897,0.28,0.047,3.402,2.889,2.656,3.868,2.33,0.28,0.0,0.093,0.652,0.562,Outside midfielder
2019,Jack Darling,24,West Coast,27.252,7.769,5.104,5.059,1.987,2.304,1.852,0.0,2.8,2.891,0.678,0.723,0.768,2.665,0.0,0.707,Key forward
2019,Jack Graham,16,Richmond,21.567,8.03,14.156,2.98,0.083,0.166,4.884,1.159,1.159,9.354,3.146,0.745,0.0,0.662,0.0,0.562,Inside midfielder
2019,Jack Gunston,20,Hawthorn,27.854,5.499,11.791,6.293,0.964,1.814,3.345,0.964,2.438,2.608,0.17,0.964,0.17,1.474,0.113,0.713,Small forward
2019,Jack Henry,23,Geelong,21.06,5.048,7.841,5.209,1.128,0.107,1.826,2.685,6.767,1.826,0.322,0.215,0.0,0.0,0.107,0.726,Key defender
2019,Jack Higgins,13,Richmond,20.235,7.729,12.253,3.676,0.471,0.848,3.299,0.943,1.791,3.676,1.32,0.754,0.0,0.848,0.0,0.553,Pressure / role player
2019,Jack Hombsch,18,Gold Coast,26.392,3.952,6.148,4.141,0.439,0.0,0.314,2.572,8.156,1.694,0.188,0.0,0.0,0.0,0.0,0.656,Key defender
2019,Jack Lonie,13,St Kilda,23.03,6.605,12.074,5.16,0.103,1.342,2.683,0.826,1.445,3.509,0.826,0.31,0.0,1.342,0.0,0.722,Small forward
2019,Jack Lukosius,21,Gold Coast,19.041,4.351,8.888,5.594,0.684,0.249,2.237,2.797,3.108,2.735,0.435,0.373,0.0,0.186,0.186,0.772,Key defender
2019,Jack Macrae,23,Western Bulldogs,25.096,15.698,23.547,5.148,0.153,0.102,4.893,1.733,1.58,6.116,6.014,1.121,0.102,0.255,0.408,0.446,Inside midfielder
2019,Jack Martin,16,Gold Coast,24.512,10.868,12.119,5.16,0.704,0.625,3.44,1.486,0.938,6.959,4.222,0.313,0.0,0.625,0.078,0.638,Inside midfielder
2019,Jack Newnes,20,St Kilda,26.496,6.833,13.26,5.153,0.116,0.463,3.59,2.432,1.39,3.069,1.969,0.753,0.0,0.29,0.405,0.63,Outside midfielder
2019,Jack Petruccelle,20,West Coast,20.422,4.442,9.21,4.572,0.327,0.653,3.201,0.718,1.241,2.482,0.784,0.784,0.0,1.372,0.653,0.704,Small forward
2019,Jack Redden,23,West Coast,28.761,11.583,16.631,5.898,0.159,0.159,2.71,1.488,2.869,6.854,4.888,0.425,0.0,0.0,0.053,0.475,Inside midfielder
2019,Jack Riewoldt,13,Richmond,30.909,6.507,5.736,4.709,1.541,2.74,2.911,0.171,2.312,1.884,0.514,1.027,0.086,2.055,0.086,0.816,Key forward
2019,Jack Scrimshaw,10,Hawthorn,20.969,9.469,13.486,5.882,1.578,0.0,1.865,3.013,3.156,2.582,0.143,0.143,0.0,0.0,0.143,0.538,Key defender
2019,Jack Silvagni,17,Carlton,21.684,7.042,10.378,5.411,0.89,1.038,3.188,0.667,1.483,4.596,1.186,0.89,0.0,0.964,0.074,0.621,Small forward
2019,Jack Sinclair,22,St Kilda,24.528,9.849,11.472,3.47,0.224,0.336,3.581,2.126,2.182,4.309,3.078,0.672,0.0,0.224,0.895,0.553,Pressure / role player
2019,Jack Steele,20,St Kilda,23.695,11.322,15.175,4.742,0.178,0.356,3.32,2.015,2.134,9.721,4.979,0.593,0.0,0.178,0.059,0.445,Inside midfielder
2019,Jack Viney,21,Melbourne,25.364,12.459,16.353,4.413,0.195,0.324,4.997,0.973,1.428,7.138,5.84,0.519,0.0,0.26,0.065,0.473,Inside midfielder
2019,Jack Ziebell,22,North Melbourne,28.485,10.722,14.116,4.526,0.431,1.185,5.226,1.347,1.401,5.657,3.825,0.647,0.0,1.293,0.054,0.627,Inside midfielder
2019,Jackson Nelson,13,West Coast,23.498,4.766,9.802,4.227,0.27,0.0,0.629,2.248,2.698,2.068,0.719,0.0,0.0,0.0,0.09,0.678,Key defender
2019,Jackson Thurlow,9,Sydney,25.2,6.161,14.376,5.845,0.0,0.0,1.896,6.161,5.213,3.318,0.474,0.632,0.0,0.0,0.0,0.679,Rebounding defender
2019,Jackson Trengove,16,Western Bulldogs,28.791,5.544,7.666,4.244,0.616,0.068,1.095,2.122,5.955,2.669,1.3,0.137,6.571,0.068,0.0,0.602,Key defender
2019,Jacob Hopper,23,Greater Western Sydney,22.641,18.001,16.07,4.145,0.057,0.227,5.111,1.647,1.59,5.395,7.95,0.568,0.0,0.568,0.114,0.506,Inside midfielder
2019,Jacob Weitering,20,Carlton,21.75,5.67,8.108,6.094,1.537,0.0,0.901,3.922,7.366,1.537,0.212,0.0,0.0,0.0,0.0,0.754,Key defender
2019,Jade Gresham,19,St Kilda,21.942,12.242,15.206,4.575,0.064,0.773,5.863,0.644,0.515,3.544,5.606,0.966,0.0,0.966,1.224,0.598,Inside midfielder
2019,Jaeger OMeara,21,Hawthorn,25.498,13.472,16.798,4.284,0.056,0.395,4.284,2.424,1.409,6.933,7.328,0.451,0.0,0.451,0.056,0.604,Inside midfielder
2019,Jaidyn Stephenson,14,Collingwood,20.682,6.091,12.267,7.868,0.931,3.046,2.369,1.1,1.438,2.453,0.254,1.269,0.0,2.03,0.169,0.721,Key forward
2019,Jake Carlisle,10,St Kilda,27.895,4.581,7.486,6.369,1.117,0.112,0.223,2.346,7.374,0.782,0.112,0.0,2.011,0.112,0.335,0.724,Key defender
2019,Jake Kelly,22,Adelaide,24.591,5.97,12.793,6.077,0.746,0.0,1.013,2.772,5.65,3.198,0.373,0.16,0.0,0.0,0.0,0.601,Key defender
2019,Jake Kolodjashnij,23,Geelong,24.115,5.168,8.311,5.807,1.279,0.0,1.598,2.77,4.635,1.758,0.16,0.053,0.0,0.0,0.0,0.66,Key defender
2019,Jake Lever,8,Melbourne,23.471,6.61,9.845,7.736,1.125,0.0,1.125,4.219,7.736,0.422,0.141,0.141,0.0,0.0,0.281,0.658,Key defender
2019,Jake Lloyd,22,Sydney,25.925,5.405,22.285,6.986,0.153,0.204,1.989,8.057,2.091,1.887,0.714,0.255,0.0,0.153,0.51,0.637,Rebounding defender
2019,Jake Melksham,12,Melbourne,27.986,7.317,11.89,6.707,0.508,2.033,4.675,0.61,1.728,2.541,3.15,1.423,0.0,1.524,0.508,0.726,Small forward
2019,Jake Stringer,19,Essendon,25.364,9.018,7.348,3.808,1.069,2.071,3.741,0.668,0.868,4.208,2.605,0.601,0.0,2.204,0.134,0.764,Small forward
2019,Jake Waterman,13,West Coast,21.356,3.568,11.397,7.433,0.595,1.883,2.279,0.793,1.09,1.586,0.297,0.396,0.0,1.487,0.0,0.713,Key forward
2019,James Aish,14,Collingwood,23.868,5.85,15.174,5.576,0.823,0.091,2.559,3.656,2.651,3.199,1.005,0.183,0.0,0.0,0.274,0.576,Rebounding defender
2019,James Cousins,12,Hawthorn,21.392,7.719,17.026,5.789,0.114,0.341,4.881,0.795,0.568,3.746,2.951,0.227,0.0,0.908,0.341,0.589,Outside midfielder
2019,James Frawley,18,Hawthorn,30.925,4.04,9.028,4.861,0.505,0.0,0.631,3.283,5.366,1.705,0.063,0.0,0.0,0.0,0.063,0.72,Key defender
2019,James Harmes,22,Melbourne,23.884,12.875,17.021,4.474,0.382,0.655,5.346,1.746,2.182,6.165,5.183,0.327,0.0,0.655,0.273,0.509,Inside midfielder
2019,James Rowbottom,12,Sydney,18.928,8.458,11.816,3.98,0.124,0.498,3.358,0.871,0.498,7.338,2.363,0.622,0.0,0.498,0.0,0.549,Pressure / role player
2019,James Sicily,22,Hawthorn,24.63,7.051,14.697,7.845,1.49,0.099,1.39,6.802,5.065,1.589,0.149,0.149,0.0,0.149,0.149,0.759,Rebounding defender
2019,James Worpel,22,Hawthorn,20.58,15.134,17.533,4.112,0.171,0.171,5.54,1.999,1.599,6.111,7.938,0.628,0.0,0.514,0.343,0.529,Inside midfielder
2019,Jamie Cripps,19,West Coast,27.392,7.5,9.737,3.882,0.066,0.724,4.079,0.921,1.316,4.276,1.447,1.053,0.0,1.974,0.987,0.562,Small forward
2019,Jamie Elliott,16,Collingwood,27.085,5.072,10.306,7.166,0.966,2.576,2.738,0.0,1.208,2.979,0.483,1.208,0.0,2.093,0.644,0.754,Key forward
2019,Jamie Macmillan,18,North Melbourne,27.917,6.25,16.356,5.851,0.532,0.0,2.128,6.516,3.59,2.593,0.465,0.199,0.0,0.0,0.399,0.59,Rebounding defender
2019,Jared Polec,22,North Melbourne,26.865,6.779,19.215,5.148,0.306,0.408,4.383,2.497,1.478,2.701,2.141,0.408,0.0,0.815,0.51,0.664,Outside midfielder
2019,Jarman Impey,17,Hawthorn,24.033,7.045,14.394,6.288,0.758,0.227,2.803,3.258,1.97,3.561,0.379,0.303,0.0,0.53,0.682,0.655,Outside midfielder
2019,Jarrod Berry,20,Brisbane Lions,21.605,10.516,15.548,5.742,0.194,0.581,4.645,1.548,1.742,4.903,3.742,0.839,0.0,0.516,0.194,0.538,Inside midfielder
2019,Jarrod Harbrow,21,Gold Coast,31.101,6.487,13.744,5.553,0.66,0.0,1.759,4.398,3.079,1.869,0.825,0.055,0.0,0.0,0.44,0.736,Rebounding defender
2019,Jarrod Witts,22,Gold Coast,26.945,11.262,6.42,3.482,0.598,0.163,2.394,1.469,2.612,3.645,5.985,0.163,54.788,0.163,0.109,0.588,Ruck
2019,Jarryd Lyons,24,Brisbane Lions,27.148,14.875,14.248,3.758,0.209,0.157,5.532,1.409,1.305,7.463,7.255,0.992,0.0,0.731,0.157,0.591,Inside midfielder
2019,Jarryd Roughead,8,Hawthorn,32.567,8.15,7.837,4.389,1.411,2.508,2.194,0.157,2.508,2.978,1.254,0.784,2.978,2.351,0.157,0.606,Key forward
2019,Jason Castagna,24,Richmond,23.214,4.958,12.097,4.908,0.248,1.834,3.421,0.347,0.744,3.718,0.694,0.595,0.0,1.339,0.892,0.567,Small forward
2019,Jason Johannisen,20,Western Bulldogs,26.83,5.592,17.498,4.991,0.301,0.421,4.33,4.45,1.022,2.646,0.601,0.962,0.0,0.361,1.684,0.652,Outside midfielder
2019,Jasper Pittard,22,North Melbourne,28.397,5.03,16.031,7.242,0.829,0.0,1.493,3.98,7.463,2.045,0.221,0.221,0.0,0.055,0.608,0.591,Rebounding defender
2019,Jay Lockhart,12,Melbourne,23.46,5.952,10.714,5.628,0.216,0.649,3.463,0.758,1.515,2.489,0.974,0.433,0.0,0.974,0.0,0.596,Pressure / role player
2019,Jayden Hunt,21,Melbourne,24.392,5.486,8.857,4.4,0.4,1.657,2.8,0.686,1.086,2.629,0.8,1.029,0.0,1.2,0.343,0.623,Small forward
2019,Jayden Laverde,10,Essendon,23.4,6.257,7.3,4.519,0.927,1.622,2.086,0.0,1.506,2.433,0.579,0.811,0.0,1.275,0.116,0.579,Small forward
2019,Jayden Short,15,Richmond,23.676,3.898,17.77,5.984,0.091,0.181,2.629,6.165,2.267,2.357,0.544,0.181,0.0,0.272,2.267,0.743,Rebounding defender
2019,Jed Anderson,17,North Melbourne,25.537,14.065,16.295,3.774,0.343,0.257,4.288,1.201,2.23,7.976,5.403,0.429,0.0,0.515,0.086,0.417,Inside midfielder
2019,Jed Bews,12,Geelong,25.767,5.677,7.271,3.287,0.0,0.299,1.992,1.992,2.49,2.988,0.697,0.199,0.0,0.299,0.0,0.729,Pressure / role player
2019,Jeremy Cameron,24,Greater Western Sydney,26.493,6.441,11.754,7.381,1.457,3.526,3.761,0.235,1.646,1.551,0.517,0.564,0.0,3.573,0.0,0.727,Key forward
2019,Jeremy Finlayson,23,Greater Western Sydney,23.632,5.87,9.149,6.24,1.163,2.062,3.067,0.687,2.591,1.851,0.687,1.269,0.582,2.327,0.846,0.759,Small forward
2019,Jeremy Howe,21,Collingwood,29.23,5.721,11.276,7.811,1.265,0.0,1.1,6.271,6.601,1.65,0.055,0.0,0.0,0.055,0.055,0.736,Key defender
2019,Jeremy McGovern,23,West Coast,27.413,8.084,9.423,8.445,2.369,0.154,1.133,4.583,7.775,1.854,0.206,0.154,0.618,0.051,0.206,0.706,Key defender
2019,Jesse Hogan,12,Fremantle,24.356,7.317,10.146,7.024,1.073,1.951,1.854,0.195,1.854,0.976,0.488,0.39,0.293,1.268,0.098,0.525,Key forward
2019,Jesse Joyce,16,Gold Coast,21.945,6.201,12.402,5.181,0.392,0.157,1.491,3.689,4.553,2.59,0.706,0.0,0.0,0.078,0.314,0.615,Key defender
2019,Jimmy Webster,8,St Kilda,25.868,6.24,13.851,3.196,0.304,0.0,2.131,4.414,3.653,2.283,0.457,0.152,0.0,0.0,0.0,0.625,Key defender
2019,Joel Hamling,22,Fremantle,26.378,4.588,6.979,5.417,1.318,0.0,0.634,3.465,9.078,1.22,0.0,0.049,0.0,0.0,0.049,0.585,Key defender
2019,Joel Selwood,23,Geelong,31.32,11.645,15.784,4.36,0.055,0.276,3.642,2.152,3.422,5.188,5.298,0.828,0.0,0.331,0.11,0.562,Inside midfielder
2019,Jonathon Ceglar,15,Hawthorn,28.523,9.738,6.874,5.646,2.291,0.818,2.537,1.718,4.419,2.782,3.11,0.164,24.959,0.409,0.0,0.425,Ruck
2019,Jordan Clark,18,Geelong,18.797,4.745,13.031,5.382,0.496,0.708,3.47,2.337,2.266,3.399,0.85,0.354,0.0,0.779,1.062,0.687,Outside midfielder
2019,Jordan Dawson,20,Sydney,22.375,7.287,14.758,6.675,0.98,0.429,2.756,3.797,1.715,3.674,0.796,0.49,0.061,0.919,0.245,0.662,Outside midfielder
2019,Jordan Gallucci,10,Adelaide,21.172,5.062,11.628,4.925,0.274,0.821,4.241,0.684,1.642,2.052,1.368,1.094,0.0,0.41,0.274,0.738,Small forward
2019,Jordan Lewis,12,Melbourne,33.334,4.95,12.475,4.059,0.099,0.297,2.376,0.99,1.881,2.277,1.782,0.495,0.0,0.594,0.0,0.601,Pressure / role player
2019,Jordan Murdoch,14,Gold Coast,27.422,6.73,8.197,3.969,0.431,0.0,1.639,3.624,2.243,2.761,0.777,0.086,0.0,0.086,0.259,0.694,Key defender
2019,Jordan Roughead,24,Collingwood,28.882,4.455,8.389,5.877,0.806,0.19,0.758,3.033,7.773,2.038,0.284,0.0,0.806,0.047,0.0,0.59,Key defender
2019,Jordan de Goey,17,Collingwood,23.479,9.538,11.506,6.056,0.757,2.271,4.618,0.227,0.984,2.65,2.498,0.984,0.0,2.574,0.53,0.716,Small forward
2019,Josh Battle,19,St Kilda,20.977,4.421,12.659,7.703,0.871,0.134,0.804,4.019,3.55,3.483,0.067,0.134,0.0,0.201,0.603,0.729,Rebounding defender
2019,Josh Begley,8,Essendon,21.14,6.509,7.988,4.142,0.592,0.888,1.775,0.592,1.331,2.219,0.296,0.296,0.0,0.888,0.0,0.656,Pressure / role player
2019,Josh Bruce,22,St Kilda,27.211,8.273,5.636,4.964,2.223,2.068,1.706,0.259,1.758,2.068,0.982,0.517,1.706,1.861,0.052,0.581,Key forward
2019,Josh Caddy,18,Richmond,26.977,7.992,10.721,4.159,0.195,0.65,3.834,1.105,2.144,3.899,2.144,0.78,0.0,1.105,0.455,0.605,Small forward
2019,Josh Corbett,9,Gold Coast,23.222,5.179,5.71,5.312,1.726,1.594,1.461,0.133,0.664,1.859,0.398,0.266,0.0,0.398,0.0,0.617,Key forward
2019,Josh Dunkley,23,Western Bulldogs,22.66,16.152,17.284,4.887,0.412,0.772,4.372,1.492,2.726,7.253,6.224,0.566,0.566,0.566,0.051,0.472,Inside midfielder
2019,Josh Jenkins,11,Adelaide,30.463,6.042,8.021,5.833,1.458,2.083,2.188,0.625,1.458,1.875,0.833,0.312,7.083,2.292,0.208,0.735,Key forward
2019,Josh Kelly,18,Greater Western Sydney,24.624,13.493,21.37,4.726,0.205,0.479,5.137,1.781,1.301,6.644,5.89,0.685,0.0,0.959,0.274,0.566,Inside midfielder
2019,Josh Kennedy,41,West Coast,32.052,10.467,10.497,4.328,0.952,2.056,2.701,0.706,1.289,5.064,3.714,0.706,0.092,1.719,0.0,0.531,Small forward
2019,Josh Schache,14,Western Bulldogs,22.047,5.882,6.618,3.401,0.46,1.563,2.665,0.184,1.563,2.298,1.103,0.368,1.746,2.206,0.0,0.61,Key forward
2019,Josh Thomas,22,Collingwood,27.972,6.824,12.471,3.824,0.118,0.941,3.059,0.647,1.059,3.059,0.941,0.588,0.0,1.294,0.235,0.497,Pressure / role player
2019,Josh Wagner,12,Melbourne,25.09,7.143,11.531,3.367,0.306,0.0,2.041,2.041,3.061,2.653,0.612,0.102,0.0,0.0,0.714,0.56,Outside midfielder
2019,Josh Walker,11,Brisbane Lions,26.704,5.864,8.128,6.996,1.749,0.0,1.029,1.235,4.835,1.543,0.0,0.206,0.206,0.0,0.0,0.664,Key defender
2019,Justin Westhoff,20,Port Adelaide,32.898,7.553,12.763,6.85,0.995,1.347,2.283,2.049,4.859,3.279,0.703,0.703,0.41,0.703,0.0,0.624,Key forward
2019,Jy Simpkin,21,North Melbourne,21.471,11.187,13.176,3.045,0.124,0.684,4.413,1.305,1.429,4.661,4.723,0.684,0.0,0.373,0.124,0.513,Inside midfielder
2019,Kade Simpson,18,Carlton,35.304,6.486,14.932,5.743,0.135,0.068,2.027,6.824,2.027,3.108,0.946,0.203,0.0,0.203,1.149,0.724,Rebounding defender
2019,Kamdyn McIntosh,16,Richmond,25.279,7.231,10.538,4.923,0.769,0.231,3.923,1.538,2.615,3.538,1.154,0.385,0.154,0.538,0.769,0.673,Outside midfielder
2019,Kane Lambert,21,Richmond,27.838,8.486,16.694,5.38,0.166,0.943,4.104,1.387,1.22,3.882,2.718,0.721,0.0,0.998,0.222,0.486,Outside midfielder
2019,Karl Amon,17,Port Adelaide,24.016,8.61,17.069,4.758,0.227,0.529,4.532,2.039,1.36,3.927,2.946,0.982,0.0,0.68,0.151,0.563,Outside midfielder
2019,Kayne Turner,21,North Melbourne,23.646,6.609,8.928,3.246,0.348,0.58,2.435,0.638,1.043,4.232,0.348,0.87,0.0,0.696,0.29,0.511,Pressure / role player
2019,Kieren Jack,8,Sydney,32.156,5.272,8.084,2.988,0.176,0.703,2.988,1.054,2.109,4.394,1.406,0.527,0.0,0.703,0.0,0.7,Pressure / role player
2019,Kyle Hartigan,19,Adelaide,27.775,3.232,8.438,4.728,0.419,0.0,0.539,2.394,5.206,1.077,0.239,0.0,0.0,0.0,0.0,0.61,Key defender
2019,Kyle Langford,18,Essendon,22.761,8.94,13.771,4.614,0.577,0.937,3.533,1.298,1.514,4.037,2.884,0.36,0.0,1.081,0.649,0.516,Outside midfielder
2019,Lachie Hunter,23,Western Bulldogs,24.734,6.847,22.276,7.232,0.193,0.434,4.966,2.025,2.073,2.555,2.363,0.434,0.0,0.241,1.543,0.543,Outside midfielder
2019,Lachie Neale,24,Brisbane Lions,26.309,17.768,16.971,4.594,0.094,0.234,3.938,1.875,0.844,4.219,8.861,0.563,0.0,0.563,0.609,0.406,Inside midfielder
2019,Lachie Plowman,21,Carlton,24.95,5.077,8.872,4.923,0.359,0.051,1.077,3.897,5.333,2.462,0.513,0.103,0.0,0.0,0.154,0.721,Key defender
2019,Lachie Weller,17,Gold Coast,23.498,7.415,15.578,5.51,0.272,0.0,3.129,6.395,2.041,3.197,2.517,0.272,0.0,0.136,1.633,0.605,Rebounding defender
2019,Lachie Whitfield,19,Greater Western Sydney,25.197,8.531,22.167,9.091,0.062,0.623,4.234,4.047,1.183,3.3,3.985,0.498,0.0,0.685,0.56,0.628,Outside midfielder
2019,Lachlan Keeffe,10,Greater Western Sydney,29.438,3.704,5.208,4.167,0.694,0.694,0.463,0.81,6.597,1.968,0.116,0.0,1.736,0.694,0.0,0.654,Key defender
2019,Lachlan Murphy,21,Adelaide,20.701,6.741,7.545,3.587,0.309,0.866,3.092,0.247,1.175,4.205,0.371,0.804,0.0,1.175,0.186,0.591,Small forward
2019,Lance Franklin,10,Sydney,32.564,6.15,7.517,6.264,2.164,3.872,3.189,0.114,0.911,1.822,0.342,0.683,0.0,3.075,0.114,0.821,Key forward
2019,Levi Casboult,20,Carlton,29.444,6.344,6.69,6.574,2.249,1.269,1.672,1.153,6.171,2.537,1.384,0.173,9.4,0.865,0.0,0.713,Key forward
2019,Levi Greenwood,17,Collingwood,30.545,4.929,14.264,5.751,0.747,0.0,1.494,2.465,3.286,3.211,0.373,0.0,0.0,0.0,0.224,0.637,Key defender
2019,Lewis Jetta,22,West Coast,30.361,3.844,14.042,4.378,0.0,0.0,3.203,4.431,1.975,1.762,0.641,0.374,0.0,0.0,0.908,0.753,Rebounding defender
2019,Lewis Melican,17,Sydney,22.802,4.18,7.299,3.716,0.531,0.0,0.464,2.455,6.901,2.389,0.133,0.0,0.0,0.0,0.0,0.623,Key defender
2019,Liam Baker,19,Richmond,21.668,8.184,13.755,4.333,0.138,0.688,3.301,1.513,1.444,4.195,1.1,0.481,0.0,0.55,0.138,0.517,Pressure / role player
2019,Liam Duggan,15,West Coast,22.701,5.423,13.477,6.778,0.399,0.0,1.754,2.871,3.748,2.073,0.478,0.399,0.0,0.0,0.558,0.728,Rebounding defender
2019,Liam Jones,13,Carlton,28.46,6.03,4.355,5.193,2.094,0.0,0.586,3.015,9.045,2.345,0.503,0.0,0.0,0.0,0.0,0.75,Key defender
2019,Liam Ryan,24,West Coast,22.947,7.716,7.351,3.754,0.991,1.408,3.545,0.209,1.251,2.659,0.938,1.043,0.0,1.564,0.574,0.751,Small forward
2019,Liam Shiels,19,Hawthorn,28.32,10.426,17.049,4.262,0.525,0.328,4.393,1.508,1.77,8.262,5.049,0.59,0.0,0.656,0.197,0.565,Inside midfielder
2019,Lincoln McCarthy,24,Brisbane Lions,25.895,8.574,8.995,3.682,0.736,1.105,3.314,0.263,1.473,4.945,1.683,0.736,0.0,1.052,0.631,0.57,Small forward
2019,Lochie OBrien,17,Carlton,19.931,3.938,12.124,6.178,0.154,0.463,2.934,1.467,0.618,1.467,0.849,0.463,0.0,0.541,0.386,0.754,Outside midfielder
2019,Luke Breust,22,Hawthorn,28.783,9.205,8.061,3.322,0.817,1.253,3.486,0.327,1.634,4.63,1.307,0.98,0.0,1.852,0.327,0.546,Small forward
2019,Luke Brown,15,Adelaide,26.923,5.359,9.85,4.492,0.158,0.0,0.867,4.649,2.364,1.891,0.158,0.079,0.0,0.079,0.63,0.674,Rebounding defender
2019,Luke Dahlhaus,24,Geelong,27.082,9.362,13.117,3.652,0.206,1.08,2.469,0.463,1.44,5.916,1.44,0.772,0.0,0.72,0.103,0.395,Pressure / role player
2019,Luke Davies-Uniacke,14,North Melbourne,20.151,10.243,12.777,4.118,0.106,0.739,4.224,0.528,1.162,3.168,3.485,1.056,0.0,0.422,0.634,0.49,Small forward
2019,Luke Dunstan,18,St Kilda,24.567,15.448,13.955,4.403,0.0,0.299,5.448,1.194,1.343,6.493,8.284,0.522,0.075,0.299,0.373,0.517,Inside midfielder
2019,Luke Hodge,22,Brisbane Lions,35.249,4.683,12.56,6.812,0.373,0.0,1.809,4.79,3.353,2.076,0.479,0.106,0.0,0.0,0.106,0.747,Rebounding defender
2019,Luke McDonald,13,North Melbourne,24.422,5.053,12.057,4.521,0.355,0.177,1.418,3.014,3.457,2.926,0.266,0.089,0.0,0.089,0.0,0.521,Key defender
2019,Luke Parker,22,Sydney,26.83,14.034,15.048,4.856,0.8,0.64,3.895,1.601,1.814,6.083,6.35,0.747,0.0,0.694,0.0,0.541,Inside midfielder
2019,Luke Ryan,18,Fremantle,23.471,7.642,13.083,6.088,0.648,0.065,1.749,5.894,5.181,3.044,0.324,0.13,0.0,0.065,0.259,0.715,Rebounding defender
2019,Luke Shuey,24,West Coast,29.282,13.627,19.654,4.245,0.0,0.105,6.709,2.778,2.935,6.761,8.176,0.681,0.0,0.419,0.472,0.632,Inside midfielder
2019,Mabior Chol,9,Richmond,22.55,7.749,5.904,4.059,0.923,1.292,3.137,1.107,5.72,5.166,1.845,0.554,13.284,1.661,0.0,0.681,Ruck
2019,Marc Murphy,19,Carlton,32.099,10.371,19.59,5.634,0.064,0.256,4.609,2.881,0.832,4.161,4.097,0.704,0.0,0.768,0.384,0.578,Inside midfielder
2019,Marcus Adams,10,Brisbane Lions,26.208,5.492,6.522,5.835,1.602,0.114,0.915,3.432,4.462,1.373,0.0,0.0,0.0,0.0,0.0,0.705,Key defender
2019,Marcus Bontempelli,23,Western Bulldogs,23.786,14.855,17.495,4.865,1.035,0.983,6.366,2.433,2.433,6.004,7.195,1.087,0.362,0.776,0.155,0.573,Inside midfielder
2019,Mark Baguley,10,Essendon,32.222,4.494,6.854,3.258,0.449,0.787,1.798,0.0,1.236,3.146,0.337,0.562,0.0,1.348,0.0,0.535,Pressure / role player
2019,Mark Blicavs,25,Geelong,28.482,6.549,8.527,5.451,0.791,0.132,1.055,2.418,7.341,3.956,0.879,0.132,4.0,0.0,0.132,0.542,Key defender
2019,Mark Hutchings,18,West Coast,28.304,6.369,9.663,3.807,0.073,0.146,1.977,1.684,1.684,3.001,1.757,0.366,0.0,0.073,0.146,0.605,Pressure / role player
2019,Mark OConnor,23,Geelong,22.674,5.505,10.758,5.253,0.354,0.051,1.162,2.828,3.081,3.081,0.556,0.101,0.0,0.051,0.152,0.606,Key defender
2019,Marley Williams,17,North Melbourne,26.09,6.471,13.676,2.794,0.515,0.0,2.132,4.412,2.279,2.206,0.441,0.147,0.0,0.074,0.294,0.55,Outside midfielder
2019,Martin Gleeson,9,Essendon,24.994,7.143,12.434,5.291,0.926,0.0,1.72,3.042,5.952,1.323,0.265,0.265,0.0,0.0,0.0,0.617,Key defender
2019,Marty Hore,14,Melbourne,23.471,7.035,11.932,6.144,0.801,0.0,1.87,5.254,5.432,1.87,0.445,0.0,0.0,0.089,0.0,0.665,Key defender
2019,Mason Cox,14,Collingwood,28.392,6.593,4.227,5.072,2.367,1.944,0.592,0.592,2.874,0.93,1.183,0.085,4.734,1.606,0.085,0.614,Key forward
2019,Mason Redman,20,Essendon,22.027,6.166,13.98,5.433,0.611,0.0,1.77,3.175,3.663,3.724,0.672,0.244,0.0,0.0,0.549,0.679,Rebounding defender
2019,Mason Wood,18,North Melbourne,25.945,7.42,10.333,4.785,1.04,2.358,3.675,0.277,1.595,2.427,0.624,0.971,0.0,1.456,0.0,0.595,Key forward
2019,Matt Buntine,9,Greater Western Sydney,25.734,5.145,9.235,4.749,0.396,0.264,1.715,1.055,2.77,2.507,0.528,0.132,0.0,0.264,0.0,0.642,Pressure / role player
2019,Matt Crouch,19,Adelaide,24.345,15.084,27.793,5.377,0.14,0.209,4.26,3.073,0.908,4.539,6.494,0.628,0.0,0.489,0.279,0.435,Inside midfielder
2019,Matt Guelfi,17,Essendon,21.969,7.725,11.671,4.618,0.504,0.336,2.351,2.519,3.107,4.198,1.427,0.336,0.0,0.252,0.168,0.584,Outside midfielder
2019,Matt Suckling,19,Western Bulldogs,31.12,5.687,16.655,7.041,0.203,0.542,3.656,4.875,1.828,2.573,0.406,0.474,0.0,0.677,0.948,0.746,Rebounding defender
2019,Matt de Boer,19,Greater Western Sydney,29.553,9.264,11.168,2.919,0.063,0.19,1.777,0.508,1.332,6.345,4.188,0.508,0.063,0.254,0.063,0.384,Pressure / role player
2019,Matthew Broadbent,10,Port Adelaide,29.066,6.28,16.546,7.005,0.362,0.0,2.536,3.261,2.899,0.966,1.208,0.121,0.0,0.0,0.121,0.729,Rebounding defender
2019,Matthew Kennedy,10,Carlton,22.383,6.968,7.355,3.484,0.258,0.903,1.548,0.0,0.387,2.065,1.032,0.645,0.0,1.419,0.258,0.579,Small forward
2019,Matthew Kreuzer,15,Carlton,30.282,11.075,5.335,2.425,0.647,0.323,3.557,1.374,4.77,2.749,6.791,0.404,37.753,0.404,0.0,0.648,Ruck
2019,Matthew Parker,17,St Kilda,23.52,5.708,8.991,3.909,0.469,1.329,3.127,0.469,2.033,3.987,0.391,0.547,0.0,1.251,0.156,0.661,Small forward
2019,Matthew Taberner,9,Fremantle,25.917,8.128,10.222,8.867,2.956,2.586,2.709,0.493,1.724,2.217,0.862,0.246,1.97,1.601,0.0,0.705,Key forward
2019,Max Gawn,21,Melbourne,27.649,12.202,8.43,5.657,2.329,0.555,3.827,2.219,4.271,2.829,5.768,0.166,45.979,0.388,0.0,0.68,Ruck
2019,Michael Gibbons,21,Carlton,24.257,6.077,12.032,4.236,0.061,0.675,4.113,0.491,1.044,3.499,2.149,0.614,0.0,0.982,0.184,0.636,Small forward
2019,Michael Hibberd,19,Melbourne,29.638,6.568,13.78,4.829,0.386,0.0,2.576,5.28,3.735,1.867,0.515,0.193,0.0,0.0,0.129,0.608,Rebounding defender
2019,Michael Hurley,19,Essendon,29.263,5.335,13.634,9.01,1.186,0.0,0.474,7.587,5.098,0.533,0.296,0.0,0.0,0.0,0.119,0.74,Rebounding defender
2019,Michael Walters,22,Fremantle,28.63,10.955,14.174,4.309,0.519,1.246,4.465,1.246,1.713,4.05,4.258,0.519,0.0,2.077,0.779,0.633,Small forward
2019,Mitch Brown,16,Essendon,29.022,4.2,10.333,6.4,0.533,1.133,2.267,0.533,1.333,1.067,0.2,0.333,0.2,1.4,0.067,0.664,Key forward
2019,Mitch Duncan,23,Geelong,28.241,8.377,21.022,9.062,0.316,0.79,3.319,3.109,2.107,3.583,2.74,0.632,0.0,1.054,0.421,0.585,Outside midfielder
2019,Mitch Lewis,12,Hawthorn,20.819,8.861,7.135,6.444,3.107,3.452,2.186,0.23,3.567,2.186,0.46,0.806,2.186,2.301,0.0,0.667,Key forward
2019,Mitch McGovern,16,Carlton,24.868,4.495,7.04,5.089,0.594,1.612,3.053,0.594,1.442,2.036,0.085,0.594,0.0,1.866,0.085,0.706,Small forward
2019,Mitch Robinson,23,Brisbane Lions,30.252,9.684,16.854,6.474,0.535,0.589,5.939,2.782,2.836,5.297,3.157,0.428,0.0,0.91,0.054,0.701,Outside midfielder
2019,Mitch Wallis,10,Western Bulldogs,26.583,11.294,17.64,4.569,0.381,1.142,5.076,1.015,1.523,3.426,5.584,0.254,0.0,1.015,0.0,0.454,Inside midfielder
2019,Nat Fyfe,20,Fremantle,27.934,20.312,14.641,5.556,1.852,1.042,5.44,1.157,2.488,4.572,8.738,0.752,0.0,0.926,0.058,0.479,Inside midfielder
2019,Nathan Broad,24,Richmond,26.454,4.114,9.433,4.315,0.201,0.1,0.903,2.459,6.021,2.208,0.05,0.05,0.151,0.05,0.602,0.609,Key defender
2019,Nathan Brown,16,St Kilda,30.684,3.74,5.716,2.964,0.353,0.0,0.353,2.047,11.15,1.835,0.353,0.0,0.141,0.0,0.0,0.492,Key defender
2019,Nathan Jones,22,Melbourne,31.591,8.141,16.777,4.565,0.0,0.22,4.235,2.42,1.375,2.915,2.53,0.385,0.0,0.44,0.275,0.534,Outside midfielder
2019,Nathan Vardy,11,West Coast,27.956,4.965,3.811,1.963,0.577,0.0,1.848,0.462,4.619,3.464,1.732,0.231,26.328,0.0,0.0,0.417,Ruck
2019,Nathan Wilson,18,Fremantle,26.553,5.369,13.154,4.43,0.067,0.0,2.483,7.047,3.49,1.477,0.134,0.134,0.0,0.0,0.872,0.795,Rebounding defender
2019,Nic Newman,20,Carlton,26.605,6.079,15.733,8.045,0.536,0.06,2.205,7.807,3.337,3.933,0.656,0.298,0.0,0.358,0.715,0.766,Rebounding defender
2019,Nick Blakey,21,Sydney,19.487,6.035,6.759,3.018,0.785,1.026,2.716,1.026,1.448,2.897,0.121,0.724,0.0,1.147,0.845,0.692,Small forward
2019,Nick Coffield,8,St Kilda,19.799,5.537,13.192,7.492,0.814,0.0,1.14,3.746,2.443,1.466,0.163,0.0,0.0,0.0,0.0,0.672,Key defender
2019,Nick Haynes,23,Greater Western Sydney,27.364,6.073,15.435,9.16,1.619,0.152,1.872,5.364,4.909,1.771,0.405,0.101,0.0,0.051,0.709,0.736,Rebounding defender
2019,Nick Hind,11,St Kilda,25.014,5.495,9.402,2.686,0.0,0.733,3.541,0.122,0.611,2.564,0.488,0.611,0.0,1.343,1.832,0.717,Small forward
2019,Nick Holman,12,Gold Coast,24.047,8.929,7.639,2.48,0.397,0.694,2.48,1.19,0.893,6.151,1.885,0.595,0.0,0.694,0.0,0.434,Pressure / role player
2019,Nick Larkey,17,North Melbourne,21.216,6.069,5.434,4.446,1.623,1.623,1.623,0.282,2.329,1.905,0.494,0.423,3.74,1.835,0.0,0.548,Key forward
2019,Nick Vlastuin,24,Richmond,25.444,7.648,13.214,7.551,0.92,0.048,1.5,5.663,5.034,3.34,0.968,0.097,0.0,0.048,0.194,0.595,Rebounding defender
2019,Noah Answerth,19,Brisbane Lions,20.107,5.59,9.884,4.772,0.409,0.0,1.909,2.318,3.545,3.749,1.022,0.136,0.0,0.136,0.0,0.696,Key defender
2019,Noah Balta,13,Richmond,19.838,8.525,5.683,3.279,0.984,0.546,4.153,1.421,2.842,3.169,2.842,0.656,9.945,0.656,1.202,0.719,Small forward
2019,Oliver Florent,21,Sydney,21.09,7.644,14.889,4.45,0.171,0.342,4.278,2.51,0.913,2.453,3.309,0.171,0.0,0.342,0.513,0.614,Outside midfielder
2019,Oliver Hanrahan,9,Hawthorn,20.991,6.607,11.411,4.054,0.15,0.901,3.153,0.751,0.45,1.351,0.601,0.45,0.0,1.051,0.15,0.576,Small forward
2019,Ollie Wines,12,Port Adelaide,24.882,13.478,18.587,4.457,0.109,0.761,5.761,0.543,1.304,6.413,6.957,0.543,0.0,0.761,0.0,0.446,Inside midfielder
2019,Orazio Fantasia,15,Essendon,23.975,5.202,9.331,3.799,0.165,0.826,2.147,0.661,1.404,2.642,0.908,0.495,0.0,1.652,0.578,0.584,Small forward
2019,Oscar Allen,21,West Coast,20.433,6.856,6.733,4.632,1.112,1.297,2.779,0.741,4.385,3.582,1.112,0.926,3.644,1.235,0.247,0.629,Small forward
2019,Oscar McDonald,12,Melbourne,23.397,3.061,6.401,2.876,0.093,0.0,0.464,3.154,7.514,2.505,0.093,0.0,0.186,0.093,0.0,0.71,Key defender
2019,Oscar McInerney,21,Brisbane Lions,25.181,8.131,3.393,3.521,2.305,1.088,1.088,0.768,4.609,3.585,2.177,0.256,21.511,0.64,0.0,0.439,Ruck
2019,Oskar Baker,9,Melbourne,21.211,5.354,14.646,6.299,0.315,0.63,4.252,1.417,1.417,2.362,1.89,0.472,0.0,0.315,0.472,0.637,Outside midfielder
2019,Paddy Dow,19,Carlton,19.854,8.995,10.049,2.811,0.281,0.703,3.514,0.562,0.843,3.514,3.443,0.703,0.0,0.492,0.492,0.509,Pressure / role player
2019,Paddy Ryder,17,Port Adelaide,31.449,8.61,4.234,3.387,1.482,1.553,3.176,0.212,5.081,2.823,2.541,0.635,26.888,1.059,0.071,0.633,Ruck
2019,Patrick Ambrose,20,Essendon,28.011,4.589,6.827,4.533,0.951,0.168,0.616,2.238,6.267,2.686,0.112,0.056,0.0,0.056,0.0,0.583,Key defender
2019,Patrick Cripps,20,Carlton,24.435,18.91,12.514,3.448,0.945,0.278,3.448,1.279,1.613,6.841,9.455,0.334,0.0,0.723,0.501,0.379,Inside midfielder
2019,Patrick Dangerfield,24,Geelong,29.46,17.511,15.454,5.971,1.505,0.953,7.075,1.104,1.907,5.218,6.974,0.853,0.05,1.355,0.652,0.542,Inside midfielder
2019,Patrick Lipinski,14,Western Bulldogs,21.142,8.131,20.748,6.075,0.0,0.841,3.645,1.215,1.589,4.673,3.178,1.308,0.0,1.028,0.093,0.446,Inside midfielder
2019,Paul Puopolo,22,Hawthorn,31.726,7.47,6.761,2.236,0.273,0.6,2.399,0.218,1.145,5.398,0.872,0.654,0.0,0.545,0.164,0.439,Pressure / role player
2019,Paul Seedsman,13,Adelaide,27.589,5.066,18.105,5.066,0.375,0.281,4.409,1.876,0.844,2.627,1.782,0.375,0.0,0.563,2.439,0.56,Outside midfielder
2019,Pearce Hanley,16,Gold Coast,30.772,6.626,15.794,5.855,0.231,0.0,3.082,6.086,1.387,2.851,1.541,0.231,0.0,0.077,1.464,0.671,Rebounding defender
2019,Peter Wright,17,Gold Coast,22.903,5.563,8.379,5.838,1.236,1.442,2.335,0.481,4.67,1.854,0.962,0.343,7.898,1.442,0.0,0.706,Key forward
2019,Phil Davis,23,Greater Western Sydney,29.079,5.868,9.697,8.056,1.293,0.0,1.044,3.332,8.155,2.089,0.05,0.099,0.0,0.05,0.099,0.62,Key defender
2019,Reece Conca,22,Fremantle,27.036,9.091,15.533,4.094,0.0,0.06,3.492,3.552,2.348,4.696,4.034,0.361,0.0,0.12,0.361,0.631,Outside midfielder
2019,Reilly OBrien,18,Adelaide,23.991,12.252,6.623,3.974,1.589,0.265,2.583,1.523,3.245,5.099,5.099,0.132,39.536,0.132,0.0,0.457,Ruck
2019,Rhys Mathieson,9,Brisbane Lions,22.446,9.863,11.533,3.49,0.303,0.303,3.338,1.214,1.821,4.249,3.49,0.152,0.0,0.607,0.0,0.504,Pressure / role player
2019,Rhys Stanley,18,Geelong,28.802,8.628,8.424,3.601,0.951,0.747,3.804,1.155,6.386,3.125,3.94,0.408,34.035,0.476,0.068,0.554,Ruck
2019,Richard Douglas,9,Adelaide,32.548,5.858,12.534,3.678,0.409,0.545,3.134,1.09,1.226,2.997,1.499,0.817,0.0,0.272,0.0,0.618,Pressure / role player
2019,Ricky Henderson,22,Hawthorn,30.95,7.49,22.359,8.888,0.447,0.559,5.198,2.627,2.068,2.571,2.404,0.894,0.0,0.671,0.559,0.616,Outside midfielder
2019,Riley Bonner,19,Port Adelaide,22.468,5.395,15.478,5.267,0.193,0.064,4.367,3.468,2.569,1.734,0.963,0.257,0.0,0.321,0.385,0.726,Outside midfielder
2019,Riley Knight,15,Adelaide,24.413,6.14,13.204,6.14,0.084,0.757,2.523,0.841,1.43,4.962,1.43,0.421,0.0,0.757,0.084,0.485,Pressure / role player
2019,Robbie Fox,11,Sydney,26.356,5.79,10.012,3.016,0.241,0.121,1.809,1.448,2.051,5.669,1.206,0.241,0.121,0.362,0.362,0.508,Pressure / role player
2019,Robbie Gray,19,Port Adelaide,31.405,12.936,14.014,4.502,0.571,1.522,4.185,0.698,1.458,2.663,4.946,0.824,0.0,1.522,0.444,0.449,Inside midfielder
2019,Robbie Tarrant,22,North Melbourne,30.331,5.528,11.307,6.884,0.905,0.0,1.307,4.925,7.739,1.859,0.151,0.151,0.0,0.05,0.0,0.666,Key defender
2019,Rory Atkins,20,Adelaide,25.082,6.139,19.303,6.789,0.059,0.118,4.545,2.893,1.24,1.83,1.712,0.472,0.0,0.354,0.885,0.687,Outside midfielder
2019,Rory Laird,22,Adelaide,25.654,8.338,22.444,6.555,0.262,0.0,2.465,5.821,1.573,2.465,0.891,0.367,0.0,0.0,0.262,0.517,Rebounding defender
2019,Rory Lobb,15,Fremantle,26.463,9.158,5.861,4.469,2.344,1.099,2.344,1.099,5.275,1.758,2.857,0.44,23.37,0.952,0.0,0.604,Ruck
2019,Rory Sloane,22,Adelaide,29.441,16.657,15.153,5.61,0.463,0.868,4.858,2.082,3.239,7.461,7.577,0.289,0.0,0.636,0.116,0.492,Inside midfielder
2019,Rowan Marshall,20,St Kilda,23.747,13.175,8.299,4.817,1.219,0.522,3.831,1.393,2.844,4.005,6.384,0.348,33.024,0.464,0.0,0.558,Ruck
2019,Rupert Wills,9,Collingwood,26.339,10.769,13.846,3.932,0.171,0.0,1.88,0.342,2.222,11.453,4.274,0.0,0.171,0.0,0.0,0.34,Inside midfielder
2019,Ryan Burton,16,Port Adelaide,22.564,8.018,15.683,5.374,0.264,0.176,2.819,5.815,2.996,2.907,1.057,0.176,0.0,0.352,0.176,0.698,Rebounding defender
2019,Ryan Clarke,14,Sydney,22.164,6.37,14.223,3.578,0.175,0.087,3.141,1.134,0.611,3.839,1.832,0.349,0.0,0.087,0.0,0.508,Pressure / role player
2019,Ryan Lester,9,Brisbane Lions,26.882,5.026,8.598,4.233,0.529,0.0,1.72,2.513,5.026,3.968,0.794,0.132,0.0,0.0,0.0,0.75,Key defender
2019,Sam Collins,9,Gold Coast,24.925,6.782,5.632,4.943,1.724,0.0,0.46,3.448,6.437,1.379,0.0,0.0,0.0,0.0,0.0,0.596,Key defender
2019,Sam Day,10,Gold Coast,26.964,7.552,6.821,6.09,2.192,1.949,1.462,0.244,2.558,2.558,0.853,0.609,5.359,1.34,0.0,0.526,Key forward
2019,Sam Durdin,10,North Melbourne,23.216,3.63,6.909,3.513,0.351,0.0,0.703,2.342,8.197,1.991,0.0,0.0,0.0,0.0,0.117,0.625,Key defender
2019,Sam Frost,22,Melbourne,25.988,6.406,8.802,4.948,0.729,0.052,0.99,3.698,6.042,1.823,0.104,0.156,0.0,0.0,0.26,0.635,Key defender
2019,Sam Gray,20,Port Adelaide,27.561,7.195,13.785,4.595,0.302,1.391,3.204,0.363,0.907,4.232,1.33,0.544,0.0,1.209,0.242,0.48,Small forward
2019,Sam Lloyd,23,Western Bulldogs,29.515,6.497,12.615,6.443,0.866,2.166,3.303,0.866,0.975,2.924,0.812,0.758,0.0,2.057,0.108,0.706,Key forward
2019,Sam Menegola,12,Geelong,27.539,10.184,15.493,6.284,0.65,0.108,3.9,2.925,1.842,4.117,2.167,0.867,0.0,0.325,0.0,0.557,Outside midfielder
2019,Sam Petrevski-Seton,22,Carlton,21.509,10.115,14.138,5.0,0.23,0.287,2.241,2.356,1.839,5.517,2.644,0.172,0.0,0.23,0.057,0.583,Outside midfielder
2019,Sam Powell-Pepper,19,Port Adelaide,21.605,10.345,13.988,3.253,0.39,0.586,5.53,0.911,2.017,5.986,3.643,0.065,0.0,0.651,0.846,0.522,Inside midfielder
2019,Sam Reid,48,Greater Western Sydney,29.89,6.581,8.965,5.603,1.025,1.025,1.812,1.288,2.909,3.028,0.882,0.167,3.004,0.739,0.024,0.573,Key forward
2019,Sam Switkowski,18,Fremantle,22.761,8.634,8.085,3.532,0.549,0.706,3.14,0.314,2.904,6.907,1.491,0.863,0.0,0.471,0.078,0.434,Pressure / role player
2019,Sam Taylor,22,Greater Western Sydney,20.4,5.354,7.752,4.685,0.892,0.0,0.837,3.012,7.975,2.008,0.167,0.0,0.0,0.056,0.112,0.485,Key defender
2019,Sam Walsh,22,Carlton,19.145,11.478,18.841,6.118,0.162,0.162,3.628,2.491,0.866,3.736,3.844,0.596,0.0,0.325,0.704,0.536,Outside midfielder
2019,Sam Weideman,11,Melbourne,22.03,6.156,6.048,4.968,1.728,1.728,1.08,0.216,1.62,1.728,0.432,0.432,1.512,1.188,0.0,0.531,Key forward
2019,Scott Lycett,18,Port Adelaide,26.912,12.252,8.556,3.833,0.821,0.274,3.559,1.643,5.339,3.628,4.723,0.274,31.622,0.411,0.068,0.475,Ruck
2019,Scott Pendlebury,24,Collingwood,31.704,11.94,21.259,5.29,0.252,0.101,6.045,1.562,2.166,5.642,5.239,0.655,0.0,0.605,0.151,0.527,Inside midfielder
2019,Scott Thompson,19,North Melbourne,33.293,5.424,9.141,5.424,1.28,0.0,1.036,5.728,4.631,2.133,0.061,0.183,0.0,0.0,0.122,0.675,Key defender
2019,Sean Darcy,11,Fremantle,21.181,8.593,5.263,2.148,0.537,0.859,1.719,1.074,3.974,3.222,3.33,0.322,32.223,0.43,0.0,0.361,Ruck
2019,Sean Lemmens,8,Gold Coast,24.808,9.124,6.934,2.737,0.0,0.547,3.65,0.547,0.912,6.569,3.467,0.365,0.0,0.73,0.0,0.655,Pressure / role player
2019,Sebastian Ross,22,St Kilda,26.298,9.825,20.659,4.461,0.053,0.106,5.204,2.443,1.859,4.78,4.939,0.637,0.0,0.319,1.221,0.565,Inside midfielder
2019,Shai Bolton,19,Richmond,20.805,6.847,11.06,3.818,0.395,0.658,4.213,0.329,1.843,4.279,1.975,1.251,0.0,0.987,0.922,0.538,Small forward
2019,Shane Edwards,24,Richmond,30.925,11.945,14.191,4.033,0.408,0.102,3.318,3.063,2.348,3.828,4.441,0.562,0.0,0.357,0.204,0.454,Inside midfielder
2019,Shane Mumford,20,Greater Western Sydney,33.233,8.424,4.152,1.564,0.542,0.12,1.685,0.602,3.791,5.054,4.212,0.542,37.184,0.0,0.0,0.305,Ruck
2019,Shane Savage,22,St Kilda,28.632,5.018,15.416,6.053,0.466,0.052,2.638,5.07,3.363,2.794,0.673,0.155,0.0,0.103,0.776,0.667,Rebounding defender
2019,Shannon Hurn,21,West Coast,32.025,6.328,15.621,8.78,0.912,0.0,1.653,7.697,3.877,1.767,0.342,0.171,0.0,0.0,0.399,0.788,Rebounding defender
2019,Shaun Atley,21,North Melbourne,26.945,6.209,17.32,3.867,0.218,0.0,2.56,2.669,1.961,2.07,0.599,0.381,0.0,0.0,1.797,0.525,Outside midfielder
2019,Shaun Burgoyne,18,Hawthorn,36.841,7.383,12.573,5.629,0.731,0.365,3.143,3.509,4.02,4.751,1.535,0.439,0.0,0.512,0.219,0.599,Outside midfielder
2019,Shaun Higgins,17,North Melbourne,31.474,10.753,24.726,4.682,0.0,0.366,5.999,1.683,0.512,3.584,5.121,1.097,0.0,0.732,0.219,0.46,Inside midfielder
2019,Shaun McKernan,16,Essendon,29.011,8.882,5.774,5.996,2.813,1.925,2.591,0.518,2.443,2.221,1.776,0.148,8.586,1.258,0.0,0.701,Key forward
2019,Steele Sidebottom,23,Collingwood,28.717,9.068,20.927,7.025,0.149,0.299,4.235,2.441,2.043,4.185,2.79,0.199,0.0,0.498,0.847,0.573,Outside midfielder
2019,Stefan Martin,24,Brisbane Lions,32.824,13.026,6.718,3.077,0.872,0.41,2.821,1.282,3.026,3.026,6.051,0.564,33.077,0.256,0.0,0.574,Ruck
2019,Stephen Coniglio,15,Greater Western Sydney,25.578,12.124,20.736,5.268,0.334,0.836,4.933,1.756,0.836,4.933,6.187,0.836,0.0,1.254,0.585,0.624,Inside midfielder
2019,Steven May,8,Melbourne,27.58,4.918,9.24,4.471,0.596,0.149,0.894,5.812,9.091,1.341,0.298,0.0,0.149,0.149,0.149,0.86,Key defender
2019,Steven Motlop,14,Port Adelaide,28.356,5.775,14.574,4.491,0.092,0.275,3.025,0.55,1.558,3.575,0.367,0.733,0.0,0.642,0.642,0.576,Outside midfielder
2019,Sydney Stack,17,Richmond,19.287,8.194,14.036,6.297,0.607,0.379,2.883,1.517,2.352,3.869,0.455,0.607,0.0,0.759,0.455,0.452,Outside midfielder
2019,Tarryn Thomas,20,North Melbourne,19.416,8.499,8.636,3.221,0.617,0.96,1.851,0.411,1.371,4.592,1.645,0.48,0.0,1.097,0.0,0.475,Pressure / role player
2019,Taylin Duman,14,Fremantle,21.353,4.58,12.129,6.531,0.509,0.085,1.272,3.393,5.004,2.799,0.594,0.0,0.0,0.085,0.0,0.721,Key defender
2019,Taylor Adams,12,Collingwood,26.003,13.111,19.667,5.222,0.0,0.556,5.556,2.333,1.556,6.778,7.444,1.444,0.0,0.556,1.0,0.594,Inside midfielder
2019,Taylor Duryea,14,Western Bulldogs,28.372,6.528,17.124,7.758,0.851,0.0,3.217,5.393,4.257,2.649,0.568,0.662,0.0,0.189,0.189,0.728,Rebounding defender
2019,Taylor Garner,9,North Melbourne,25.624,8.145,10.407,4.827,0.905,1.508,3.318,0.151,3.017,3.771,1.056,0.603,0.0,0.754,0.302,0.546,Small forward
2019,Taylor Walker,22,Adelaide,29.334,6.848,7.371,5.855,1.62,2.196,3.45,0.105,1.986,1.673,0.105,0.784,0.0,2.248,0.052,0.663,Key forward
2019,Tim English,20,Western Bulldogs,22.077,7.045,9.194,4.836,1.254,0.776,2.627,0.657,5.91,4.06,2.507,0.119,22.866,0.478,0.179,0.511,Ruck
2019,Tim Kelly,25,Geelong,25.153,13.806,16.596,4.208,0.047,0.378,5.248,1.986,0.851,5.012,6.95,0.804,0.0,1.135,0.804,0.6,Inside midfielder
2019,Tim Membrey,22,St Kilda,25.246,6.357,8.63,6.408,1.55,2.636,2.222,0.0,2.584,1.912,0.207,0.465,0.0,2.274,0.052,0.633,Key forward
2019,Tim OBrien,16,Hawthorn,25.408,7.143,7.799,5.175,1.385,1.166,1.239,1.749,4.81,1.603,0.364,0.292,1.239,0.875,0.0,0.691,Key forward
2019,Tim Taranto,26,Greater Western Sydney,21.665,13.708,20.086,5.759,0.143,0.333,5.093,2.761,1.713,7.806,6.473,0.619,0.0,0.524,0.048,0.598,Inside midfielder
2019,Toby Greene,19,Greater Western Sydney,26.008,12.348,15.739,6.654,0.64,1.216,5.63,1.28,0.704,4.095,4.415,0.832,0.0,1.727,0.384,0.637,Inside midfielder
2019,Toby McLean,19,Western Bulldogs,23.6,7.671,13.934,5.067,0.281,1.126,3.237,0.352,2.041,4.363,1.267,0.704,0.0,0.985,0.211,0.477,Small forward
2019,Toby Nankervis,12,Richmond,25.129,9.253,9.015,3.321,0.356,0.237,2.491,0.593,4.152,5.101,3.677,0.237,30.961,0.474,0.0,0.49,Ruck
2019,Todd Goldstein,22,North Melbourne,31.148,10.368,9.331,3.214,1.037,0.311,2.903,0.881,4.303,1.97,4.199,0.467,38.206,0.259,0.0,0.377,Ruck
2019,Todd Marshall,10,Port Adelaide,20.879,5.787,6.729,4.711,1.211,1.884,2.557,0.135,1.75,3.096,0.0,0.942,0.135,1.346,0.0,0.723,Key forward
2019,Tom Atkins,23,Geelong,24.005,8.302,7.325,1.953,0.271,0.271,2.333,0.651,1.574,5.969,1.682,0.434,0.0,0.271,0.163,0.43,Pressure / role player
2019,Tom Barrass,14,West Coast,23.931,4.281,9.418,7.363,1.37,0.0,0.514,3.596,10.959,0.942,0.342,0.0,1.113,0.0,0.0,0.814,Key defender
2019,Tom Bellchambers,16,Essendon,30.159,9.19,5.763,4.05,1.168,0.701,1.713,1.791,4.206,2.336,4.673,0.389,31.698,0.467,0.0,0.583,Ruck
2019,Tom Clurey,21,Port Adelaide,25.402,4.645,8.525,5.972,1.276,0.0,0.817,3.675,7.912,1.838,0.0,0.102,0.0,0.0,0.357,0.753,Key defender
2019,Tom Cole,14,West Coast,22.148,5.085,8.644,5.678,0.169,0.0,0.932,2.712,3.814,3.983,0.678,0.169,0.0,0.0,0.0,0.669,Key defender
2019,Tom Hawkins,24,Geelong,31.148,6.652,7.685,5.663,1.708,3.146,1.708,0.0,1.663,1.663,0.854,1.079,1.258,2.517,0.045,0.657,Key forward
2019,Tom Hickey,20,West Coast,28.523,11.662,6.425,4.05,1.466,0.628,3.073,0.978,3.492,3.561,5.726,0.14,27.095,0.628,0.0,0.482,Ruck
2019,Tom Jonas,18,Port Adelaide,28.624,5.216,10.018,5.631,0.711,0.0,1.008,4.92,8.358,2.134,0.237,0.0,0.0,0.0,0.0,0.696,Key defender
2019,Tom Langdon,9,Collingwood,24.939,7.939,14.067,6.267,0.836,0.0,1.114,2.786,5.153,2.507,0.279,0.0,0.0,0.0,0.0,0.435,Key defender
2019,Tom Liberatore,15,Western Bulldogs,27.219,13.616,14.058,3.625,0.177,0.177,4.332,0.973,1.768,5.217,6.985,0.354,0.0,0.531,0.177,0.443,Inside midfielder
2019,Tom Lynch,41,Richmond,28.942,7.406,9.21,6.614,1.94,2.46,2.815,0.164,1.831,1.804,0.437,0.765,0.055,2.186,0.082,0.69,Key forward
2019,Tom McCartin,19,Sydney,19.649,6.03,6.344,4.962,1.633,1.005,1.696,1.131,3.141,1.759,0.251,0.251,0.0,0.691,0.126,0.665,Key forward
2019,Tom McDonald,15,Melbourne,26.799,7.527,8.449,4.992,1.613,1.997,2.688,1.152,3.456,1.767,0.538,0.691,1.767,1.382,0.0,0.624,Key forward
2019,Tom Papley,22,Sydney,23.115,6.478,11.724,5.675,0.375,1.713,3.533,0.642,1.445,3.319,1.713,1.071,0.0,1.981,1.178,0.709,Small forward
2019,Tom Phillips,24,Collingwood,23.375,8.486,18.706,6.001,0.234,0.375,3.657,3.188,0.375,2.485,1.828,0.375,0.0,0.563,0.375,0.65,Outside midfielder
2019,Tom Rockliff,18,Port Adelaide,29.504,14.953,20.848,4.745,0.0,0.216,4.529,1.797,0.575,5.967,7.836,0.575,0.0,0.144,0.0,0.532,Inside midfielder
2019,Tom Scully,21,Hawthorn,28.277,6.229,15.968,3.794,0.057,0.396,4.134,1.302,0.793,2.775,1.416,0.283,0.0,0.68,0.68,0.503,Outside midfielder
2019,Tom Stewart,25,Geelong,26.517,5.577,15.406,8.743,0.473,0.095,1.796,9.499,3.922,1.985,0.425,0.236,0.0,0.0,0.236,0.816,Rebounding defender
2019,Tory Dickson,17,Western Bulldogs,31.893,5.712,8.835,4.57,0.533,1.676,1.752,0.609,1.219,3.123,0.381,0.533,0.0,1.828,0.305,0.562,Small forward
2019,Touk Miller,18,Gold Coast,23.501,13.094,14.79,5.495,0.136,0.068,3.256,2.103,1.493,6.988,5.156,0.407,0.0,0.271,0.068,0.455,Inside midfielder
2019,Travis Boak,21,Port Adelaide,31.066,18.377,19.272,4.177,0.119,0.418,5.788,1.432,1.074,6.086,8.711,0.835,0.06,0.597,0.0,0.48,Inside midfielder
2019,Travis Colyer,10,Fremantle,27.884,8.908,12.5,4.598,0.0,0.431,2.874,1.006,0.718,3.305,1.868,0.287,0.0,0.718,0.144,0.628,Pressure / role player
2019,Travis Varcoe,16,Collingwood,31.37,6.116,10.661,4.876,0.165,1.157,2.231,0.331,1.57,3.471,0.331,0.744,0.0,0.744,0.083,0.472,Pressure / role player
2019,Trent Cotchin,14,Richmond,29.476,13.28,13.984,3.722,0.101,0.402,5.634,1.61,1.509,4.427,6.237,0.402,0.0,0.302,0.402,0.574,Inside midfielder
2019,Trent Dumont,21,North Melbourne,24.151,8.428,18.597,4.948,0.109,0.272,3.861,1.958,1.958,4.187,2.338,0.653,0.0,0.163,0.109,0.547,Outside midfielder
2019,Wayne Milera,17,Adelaide,21.945,6.007,16.19,6.813,0.806,0.513,2.491,3.004,2.711,3.81,1.758,0.293,0.0,0.44,0.44,0.595,Outside midfielder
2019,Wil Powell,13,Gold Coast,19.86,6.04,10.198,4.554,0.198,0.099,2.277,1.683,2.376,3.465,1.188,0.099,0.0,0.693,0.099,0.557,Pressure / role player
2019,Will Brodie,8,Gold Coast,20.906,12.752,16.611,5.705,0.168,0.336,3.356,1.678,1.007,7.383,6.04,0.168,0.0,0.336,0.0,0.443,Inside midfielder
2019,Will Hayes,9,Western Bulldogs,24.257,6.494,13.564,5.195,0.144,0.577,3.319,1.587,1.154,4.329,1.154,0.577,0.0,0.577,0.289,0.55,Outside midfielder
2019,Will Hayward,13,Sydney,20.731,6.634,7.525,4.257,0.693,1.881,2.574,0.396,1.485,3.465,0.99,0.594,0.0,1.188,0.0,0.605,Small forward
2019,Will Hoskin-Elliott,19,Collingwood,26.052,4.969,12.671,7.95,0.683,1.553,3.292,0.683,1.925,2.05,0.124,0.807,0.0,1.18,0.248,0.693,Small forward
2019,Will Schofield,14,West Coast,30.635,3.277,6.075,3.837,0.16,0.0,0.56,2.318,7.114,1.759,0.16,0.0,0.4,0.0,0.0,0.684,Key defender
2019,Will Setterfield,18,Carlton,21.548,6.86,14.71,4.102,0.141,0.495,3.748,1.485,1.485,3.96,1.909,0.495,0.0,0.424,0.212,0.616,Outside midfielder
2019,Willem Drew,10,Port Adelaide,20.898,8.416,12.624,2.723,0.124,0.0,2.351,0.619,1.733,6.931,2.847,0.495,0.0,0.248,0.0,0.453,Pressure / role player
2019,Willie Rioli,14,West Coast,24.255,5.845,10.791,4.227,0.0,0.899,3.058,0.36,2.338,3.777,1.259,1.259,0.0,1.619,0.719,0.651,Small forward
2019,Xavier Duursma,20,Port Adelaide,19.134,7.812,15.385,6.851,0.24,0.962,2.825,1.502,1.202,2.464,2.163,0.421,0.0,0.661,0.3,0.52,Outside midfielder
2019,Zac Bailey,15,Brisbane Lions,19.975,6.629,10.985,3.598,0.189,0.189,3.314,2.178,2.083,2.746,1.231,0.284,0.0,0.473,0.095,0.589,Pressure / role player
2019,Zac Clarke,9,Essendon,29.389,6.409,5.741,3.071,0.801,0.801,1.469,0.267,4.673,3.071,3.338,0.0,25.1,0.0,0.0,0.367,Ruck
2019,Zac Fisher,21,Carlton,21.192,8.926,13.752,2.955,0.0,0.181,3.498,1.327,1.025,3.498,3.86,0.603,0.0,0.543,0.965,0.516,Pressure / role player
2019,Zac Williams,24,Greater Western Sydney,25.022,11.794,18.431,6.747,0.384,0.11,3.895,5.595,2.414,4.114,3.675,0.384,0.0,0.274,0.987,0.732,Rebounding defender
2019,Zach Merrett,23,Essendon,23.923,13.873,23.33,5.096,0.227,0.113,6.229,2.492,2.322,7.022,6.059,0.793,0.0,0.453,0.453,0.519,Inside midfielder
2019,Zach Tuohy,18,Geelong,29.778,6.02,12.991,4.943,0.38,0.317,2.345,4.753,1.141,1.077,0.127,0.063,0.0,0.19,0.634,0.72,Rebounding defender
2019,Zaine Cordy,23,Western Bulldogs,22.862,3.945,6.514,3.303,0.275,0.046,0.505,2.064,7.431,1.835,0.367,0.046,0.917,0.0,0.229,0.576,Key defender
2019,Zak Butters,19,Port Adelaide,18.939,7.288,10.862,3.574,0.07,0.701,2.453,0.561,1.191,3.364,0.841,0.981,0.0,0.841,0.561,0.509,Small forward
2019,Zak Jones,17,Sydney,24.405,8.629,19.507,4.931,0.145,0.145,4.786,2.901,1.378,4.859,3.336,0.653,0.0,0.218,0.29,0.571,Outside midfielder
2020,Aaron Francis,8,Essendon,23.033,3.902,8.455,4.39,0.325,0.0,0.976,2.927,6.829,2.276,0.163,0.0,0.0,0.0,0.325,0.557,Key defender
2020,Aaron Hall,15,North Melbourne,29.857,6.343,11.944,3.871,0.412,0.824,4.036,0.741,0.329,2.965,1.73,0.659,0.0,0.824,0.329,0.612,Small forward
2020,Aaron Naughton,12,Western Bulldogs,20.843,5.652,3.804,4.565,2.174,2.065,0.761,0.109,1.63,0.978,0.0,0.652,0.0,1.63,0.0,0.548,Key forward
2020,Aaron Vandenberg,12,Melbourne,28.548,6.69,10.727,3.922,0.231,0.346,2.884,1.845,1.961,3.46,2.884,0.461,0.0,0.115,0.0,0.514,Pressure / role player
2020,Adam Cerra,17,Fremantle,20.956,8.99,13.265,3.758,0.221,0.074,2.579,1.4,1.842,4.716,2.579,0.368,0.0,0.147,0.074,0.485,Inside midfielder
2020,Adam Saad,17,Essendon,26.159,6.007,14.77,3.463,0.141,0.0,3.534,5.371,4.382,2.403,0.777,0.212,0.0,0.141,1.131,0.628,Rebounding defender
2020,Adam Tomlinson,13,Melbourne,27.11,3.46,10.9,4.844,0.26,0.087,1.903,2.163,2.249,1.903,0.519,0.087,0.087,0.0,0.0,0.654,Outside midfielder
2020,Adam Treloar,10,Collingwood,27.589,16.931,18.386,2.646,0.132,0.132,5.291,2.116,0.926,3.836,6.878,0.397,0.0,0.132,0.132,0.454,Inside midfielder
2020,Aidan Corr,15,Greater Western Sydney,26.312,3.397,7.374,4.888,0.58,0.0,0.829,5.634,6.214,1.823,0.166,0.0,0.0,0.0,0.166,0.794,Key defender
2020,Alex Keath,18,Western Bulldogs,28.704,3.842,6.752,4.075,0.757,0.058,0.466,2.095,4.889,0.873,0.175,0.0,0.0,0.058,0.116,0.631,Key defender
2020,Alex Sexton,14,Gold Coast,26.799,4.103,7.094,3.761,0.171,1.197,2.308,0.171,1.111,1.88,0.342,0.598,0.0,1.624,0.171,0.786,Small forward
2020,Aliir Aliir,14,Sydney,26.041,5.324,6.744,3.993,0.621,0.266,1.331,2.13,3.638,1.952,1.686,0.0,5.856,0.266,0.621,0.578,Key defender
2020,Andrew Brayshaw,17,Fremantle,20.868,10.695,16.003,3.747,0.078,0.156,2.966,1.952,2.264,6.479,4.059,0.39,0.0,0.0,0.546,0.437,Inside midfielder
2020,Andrew Gaff,18,West Coast,28.298,7.397,17.647,4.718,0.175,0.582,3.378,1.689,1.34,2.446,2.388,0.524,0.0,0.291,0.408,0.574,Outside midfielder
2020,Andrew McGrath,14,Essendon,22.249,11.47,15.86,1.971,0.0,0.0,3.136,2.509,1.523,6.004,6.183,0.269,0.0,0.0,0.538,0.481,Inside midfielder
2020,Andrew McPherson,9,Adelaide,21.249,7.012,10.518,3.811,0.762,0.0,1.22,2.591,2.439,2.287,0.305,0.152,0.0,0.0,0.0,0.491,Key defender
2020,Angus Brayshaw,14,Melbourne,24.652,8.604,14.34,3.824,0.096,0.478,3.537,1.434,1.816,3.92,2.772,0.191,0.0,0.478,0.0,0.498,Outside midfielder
2020,Anthony McDonald-Tipungwuti,17,Essendon,27.411,5.583,5.088,2.473,0.353,0.919,1.979,0.141,1.484,4.028,0.848,0.353,0.0,1.343,0.848,0.585,Small forward
2020,Bachar Houli,13,Richmond,32.452,5.096,16.442,4.615,0.192,0.096,2.5,4.519,1.731,2.885,0.962,0.192,0.0,0.0,0.673,0.541,Rebounding defender
2020,Bailey Dale,9,Western Bulldogs,24.068,4.755,6.713,2.797,0.699,1.119,2.098,0.28,1.538,1.818,0.559,0.699,0.0,0.979,0.14,0.578,Small forward
2020,Bailey Scott,13,North Melbourne,20.192,5.833,7.526,3.669,0.376,0.753,1.599,0.847,0.282,2.728,1.411,0.282,0.0,0.753,0.564,0.587,Small forward
2020,Bailey Smith,18,Western Bulldogs,19.824,9.483,18.103,2.155,0.072,0.144,4.598,1.509,0.575,3.161,4.382,0.359,0.0,0.431,0.503,0.497,Inside midfielder
2020,Bailey Williams,21,Western Bulldogs,22.983,4.983,12.051,5.041,0.521,0.058,2.549,5.214,2.433,1.68,0.579,0.174,1.39,0.232,0.406,0.665,Rebounding defender
2020,Bayley Fritsch,16,Melbourne,23.789,4.431,9.167,6.188,1.07,2.827,2.368,0.306,1.375,1.222,0.0,0.917,0.0,1.681,0.0,0.727,Key forward
2020,Ben Ainsworth,16,Gold Coast,22.611,6.084,11.559,5.323,0.38,0.989,4.487,0.837,0.76,2.053,0.76,0.456,0.0,0.913,0.304,0.648,Small forward
2020,Ben Brown,9,North Melbourne,27.709,3.89,4.391,3.89,0.753,1.506,1.38,0.125,2.008,0.753,0.0,0.125,0.502,1.004,0.0,0.803,Key forward
2020,Ben Keays,16,Adelaide,23.572,7.899,11.232,3.406,0.072,0.072,2.899,1.812,1.014,3.841,3.406,0.217,0.0,0.217,0.0,0.555,Pressure / role player
2020,Ben King,17,Gold Coast,20.205,4.198,3.435,3.053,0.954,1.908,0.954,0.064,1.463,0.445,0.064,0.064,0.0,1.59,0.127,0.727,Key forward
2020,Ben Long,15,St Kilda,23.118,7.842,8.488,3.961,0.647,0.0,1.293,1.94,3.557,2.425,0.889,0.0,0.0,0.0,0.566,0.489,Key defender
2020,Ben McEvoy,16,Hawthorn,31.194,6.15,5.239,3.872,1.519,0.228,0.683,0.532,6.074,2.354,0.987,0.228,12.225,0.304,0.0,0.493,Ruck
2020,Ben McKay,11,North Melbourne,22.734,3.511,6.419,3.611,0.502,0.0,0.702,1.103,7.723,1.705,0.1,0.0,0.201,0.0,0.0,0.422,Key defender
2020,Ben Paton,19,St Kilda,21.975,4.901,11.164,5.582,0.34,0.0,1.225,3.472,1.634,1.361,0.204,0.0,0.0,0.0,0.477,0.612,Rebounding defender
2020,Ben Stratton,14,Hawthorn,31.556,3.276,6.24,3.198,0.546,0.078,0.468,1.248,3.744,1.326,0.0,0.0,0.0,0.078,0.0,0.545,Key defender
2020,Blake Hardwick,16,Hawthorn,23.624,4.532,9.063,3.399,0.151,0.076,1.36,4.456,3.625,1.586,0.453,0.151,0.0,0.076,0.0,0.676,Key defender
2020,Brad Close,8,Geelong,22.118,4.575,6.699,2.124,0.0,0.49,1.144,0.163,1.144,3.922,0.0,0.98,0.0,0.327,0.0,0.414,Pressure / role player
2020,Brad Crouch,12,Adelaide,26.682,13.55,15.23,2.24,0.0,0.112,4.031,1.68,0.56,4.927,6.607,0.224,0.0,0.224,0.0,0.517,Inside midfielder
2020,Brad Ebert,14,Port Adelaide,30.539,7.504,10.733,4.538,0.524,0.873,3.839,0.611,2.094,4.799,1.134,0.698,0.0,0.96,0.087,0.631,Small forward
2020,Brad Sheppard,18,West Coast,29.364,3.686,12.405,6.554,0.059,0.0,0.702,3.628,4.33,1.931,0.293,0.117,0.0,0.117,0.117,0.678,Rebounding defender
2020,Bradley Hill,19,St Kilda,27.252,2.809,14.544,3.995,0.0,0.25,2.996,2.185,0.749,1.685,0.874,0.25,0.0,0.125,1.311,0.688,Outside midfielder
2020,Brandan Parfitt,18,Geelong,22.493,10.28,11.994,2.414,0.156,0.389,3.505,1.09,1.246,8.255,3.972,0.389,0.0,0.623,0.0,0.53,Inside midfielder
2020,Brandon Ellis,16,Gold Coast,27.131,6.006,14.182,4.92,0.217,0.072,3.111,2.098,1.158,2.967,1.52,0.145,0.0,0.362,0.651,0.662,Outside midfielder
2020,Brandon Starcevich,18,Brisbane Lions,21.233,4.762,7.178,4.051,0.64,0.071,1.777,2.416,1.777,2.061,0.569,0.213,0.0,0.071,0.0,0.744,Key defender
2020,Brandon Zerk-Thatcher,10,Essendon,22.068,2.838,6.356,3.405,0.227,0.114,0.114,1.249,4.2,0.908,0.0,0.0,0.0,0.0,0.114,0.561,Key defender
2020,Brayden Ainsworth,9,West Coast,21.851,4.255,7.518,3.688,0.142,0.426,0.709,0.567,2.128,1.702,0.426,0.142,0.0,0.426,0.0,0.571,Pressure / role player
2020,Brayden Ham,10,Essendon,21.402,3.015,9.422,3.518,0.126,0.251,4.146,1.131,0.503,1.633,0.377,0.251,0.0,0.126,0.251,0.677,Outside midfielder
2020,Brayden Maynard,19,Collingwood,24.055,6.671,12.668,4.774,0.673,0.0,2.326,4.345,3.305,2.938,0.673,0.184,0.0,0.0,0.0,0.728,Rebounding defender
2020,Brendon Ah Chee,16,West Coast,26.786,6.844,6.683,2.899,0.725,0.483,1.449,0.725,1.61,2.093,0.886,0.564,0.0,0.483,0.081,0.497,Pressure / role player
2020,Brennan Cox,13,Fremantle,22.104,5.272,7.993,4.337,1.19,0.0,0.85,2.296,7.568,0.935,0.0,0.0,0.0,0.0,0.085,0.561,Key defender
2020,Brent Daniels,16,Greater Western Sydney,21.528,6.138,8.625,2.409,0.0,0.155,3.341,0.233,1.243,3.263,1.476,0.699,0.0,0.389,0.699,0.515,Small forward
2020,Brett Bewley,12,Fremantle,25.375,5.268,11.928,3.976,0.0,0.0,2.485,1.392,0.696,2.087,1.193,0.298,0.0,0.497,0.298,0.575,Outside midfielder
2020,Brodie Grundy,19,Collingwood,26.487,10.405,6.978,3.551,1.246,0.312,2.305,0.872,2.617,4.299,3.738,0.374,37.259,0.187,0.125,0.385,Ruck
2020,Brodie Smith,16,Adelaide,28.682,5.35,13.926,4.563,0.157,0.157,3.777,4.721,1.731,2.99,1.259,0.236,0.0,0.393,0.236,0.738,Rebounding defender
2020,Brody Mihocek,18,Collingwood,27.682,5.53,5.01,4.424,1.171,1.627,2.537,0.0,1.496,2.147,0.13,0.195,0.0,1.627,0.0,0.696,Key forward
2020,Cale Hooker,8,Essendon,31.901,4.841,6.362,5.118,0.692,0.553,0.0,2.213,5.533,0.83,0.0,0.0,0.0,0.415,0.138,0.483,Key defender
2020,Caleb Daniel,18,Western Bulldogs,24.241,7.246,13.373,3.887,0.0,0.0,1.91,4.48,2.635,2.767,1.318,0.132,0.0,0.198,0.461,0.62,Rebounding defender
2020,Caleb Serong,14,Fremantle,19.613,10.794,14.053,3.259,0.204,0.305,4.684,1.222,1.222,6.11,4.888,0.407,0.0,0.204,0.102,0.538,Inside midfielder
2020,Callum Ah Chee,18,Brisbane Lions,23.022,5.506,8.634,4.283,0.408,0.272,2.379,2.175,1.7,3.535,0.68,0.068,0.0,0.204,0.136,0.667,Outside midfielder
2020,Callum Brown,14,Collingwood,22.383,7.512,9.859,2.254,0.094,0.469,1.972,0.469,0.751,2.817,0.751,0.563,0.0,0.563,0.0,0.388,Pressure / role player
2020,Callum Mills,15,Sydney,23.468,6.94,12.164,5.746,0.299,0.0,1.567,3.433,4.104,3.582,1.269,0.0,0.0,0.0,0.149,0.605,Rebounding defender
2020,Callum Sinclair,13,Sydney,30.994,6.534,4.735,3.03,0.758,0.379,1.515,1.42,2.746,3.03,2.841,0.095,27.557,0.284,0.0,0.538,Ruck
2020,Callum Wilkie,19,St Kilda,24.583,4.532,7.156,3.637,0.716,0.0,0.537,4.234,3.936,1.312,0.239,0.0,0.0,0.0,0.0,0.742,Key defender
2020,Cam Ellis-Yolmen,9,Brisbane Lions,27.72,9.228,7.047,3.02,0.336,0.503,2.349,1.678,1.51,3.859,4.195,0.0,0.0,0.503,0.0,0.51,Pressure / role player
2020,Cam Rayner,17,Brisbane Lions,20.991,5.169,7.566,3.82,0.449,1.124,2.697,0.375,1.498,4.045,1.573,0.674,0.0,1.273,0.15,0.509,Small forward
2020,Cameron Guthrie,21,Geelong,28.181,10.939,17.152,6.084,0.259,0.388,3.301,2.201,1.294,5.566,5.307,0.453,0.0,0.453,0.324,0.503,Inside midfielder
2020,Cameron Zurhaar,16,North Melbourne,22.323,5.977,5.904,3.353,1.093,1.02,2.478,0.0,0.729,2.843,0.656,0.292,0.073,1.312,0.51,0.658,Small forward
2020,Chad Wingard,17,Hawthorn,27.145,6.392,10.172,3.368,0.344,1.031,3.711,0.344,1.649,4.192,1.1,0.55,0.0,1.237,0.481,0.578,Small forward
2020,Charlie Ballard,16,Gold Coast,21.162,3.922,6.356,4.598,1.352,0.0,0.541,2.84,5.274,0.879,0.338,0.0,0.0,0.0,0.0,0.722,Key defender
2020,Charlie Cameron,19,Brisbane Lions,26.285,4.269,6.434,3.848,0.601,1.684,2.345,0.12,0.902,2.465,0.361,0.301,0.0,1.864,0.541,0.787,Key forward
2020,Charlie Dixon,18,Port Adelaide,30.063,7.362,3.18,4.064,2.709,2.002,1.119,0.118,2.179,1.767,0.648,0.353,2.768,2.002,0.0,0.647,Key forward
2020,Charlie Spargo,8,Melbourne,20.819,4.456,7.487,3.209,0.178,0.891,1.961,0.178,0.891,1.961,0.0,0.535,0.0,1.426,0.0,0.585,Small forward
2020,Chayce Jones,15,Adelaide,20.682,5.657,5.324,1.83,0.166,0.25,1.747,0.832,0.832,2.246,1.498,0.166,0.0,0.499,0.0,0.528,Pressure / role player
2020,Chris Mayne,14,Collingwood,31.939,5.674,11.879,4.433,0.266,0.177,0.798,0.887,2.482,3.369,1.064,0.089,0.0,0.0,0.089,0.434,Pressure / role player
2020,Christian Petracca,17,Melbourne,24.709,14.061,13.015,3.793,0.458,0.981,4.513,1.243,0.981,3.532,4.317,0.85,0.0,0.981,0.131,0.505,Inside midfielder
2020,Christian Salem,16,Melbourne,25.181,5.065,14.761,4.631,0.362,0.072,2.315,4.269,1.447,3.039,0.651,0.217,0.0,0.145,0.289,0.664,Rebounding defender
2020,Clayton Oliver,17,Melbourne,23.162,16.068,14.306,4.017,0.211,0.07,4.51,1.973,0.987,6.413,7.752,0.634,0.0,0.211,0.07,0.458,Inside midfielder
2020,Colin ORiordan,8,Sydney,24.862,4.676,8.813,3.597,0.0,0.0,0.54,1.619,4.317,2.518,0.54,0.0,0.0,0.0,0.0,0.513,Key defender
2020,Connor Budarick,15,Gold Coast,19.427,3.84,7.44,2.72,0.16,0.0,1.12,2.4,1.84,2.0,0.24,0.08,0.0,0.08,0.0,0.667,Key defender
2020,Connor Rozee,16,Port Adelaide,20.734,6.311,9.692,3.005,0.075,0.601,3.156,0.225,2.179,3.982,1.653,0.376,0.0,0.676,0.075,0.515,Pressure / role player
2020,Curtis Taylor,9,North Melbourne,20.32,5.496,7.239,4.29,0.938,0.938,2.011,0.402,0.536,1.877,0.67,0.402,0.0,0.67,0.0,0.554,Key forward
2020,Dan Butler,19,St Kilda,24.35,4.167,7.548,2.234,0.121,0.845,3.2,0.483,0.604,4.469,0.302,0.604,0.0,1.751,0.725,0.761,Small forward
2020,Dan Hannebery,8,St Kilda,29.624,8.364,17.091,3.455,0.0,0.182,4.545,1.455,1.091,2.182,4.0,0.182,0.0,0.182,0.0,0.475,Inside midfielder
2020,Dan Houston,17,Port Adelaide,23.43,7.158,11.765,5.032,0.567,0.142,3.118,3.969,2.339,3.544,1.559,0.213,0.0,0.071,0.0,0.718,Rebounding defender
2020,Dane Rampe,11,Sydney,30.197,4.913,9.538,4.046,0.482,0.0,0.482,5.78,6.358,1.445,0.289,0.0,0.0,0.0,0.289,0.656,Key defender
2020,Daniel Lloyd,12,Greater Western Sydney,28.583,5.351,8.696,4.236,0.223,0.669,1.672,0.557,1.338,3.122,1.115,0.446,0.0,0.78,0.0,0.602,Small forward
2020,Daniel McStay,17,Brisbane Lions,25.315,4.545,3.953,3.557,1.581,0.856,1.515,0.198,1.581,1.779,0.198,0.329,0.461,0.725,0.0,0.645,Key forward
2020,Daniel Rich,15,Brisbane Lions,30.361,4.401,12.795,6.031,0.326,0.0,3.178,5.868,2.2,1.548,0.489,0.081,0.0,0.326,0.0,0.848,Rebounding defender
2020,Daniel Rioli,18,Richmond,23.523,4.87,9.122,3.224,0.0,0.48,2.538,0.274,0.96,3.909,0.754,0.206,0.0,0.823,0.343,0.52,Pressure / role player
2020,Daniel Talia,14,Adelaide,28.966,4.013,5.429,3.698,0.551,0.0,0.787,2.754,6.609,1.18,0.315,0.0,0.0,0.0,0.0,0.675,Key defender
2020,Darcy Byrne-Jones,19,Port Adelaide,25.071,7.867,12.272,4.028,0.189,0.126,2.203,2.454,2.266,2.203,2.832,0.189,0.0,0.0,0.441,0.638,Outside midfielder
2020,Darcy Cameron,10,Collingwood,25.23,6.846,3.758,4.832,2.416,0.805,1.477,0.134,1.611,1.879,0.671,0.0,7.651,0.537,0.0,0.605,Key forward
2020,Darcy Fogarty,10,Adelaide,20.986,5.765,2.706,2.235,0.824,0.588,1.529,0.235,1.529,2.588,0.353,0.353,0.235,0.941,0.118,0.554,Small forward
2020,Darcy Gardiner,18,Brisbane Lions,25.027,4.909,6.721,4.15,0.643,0.0,1.286,2.046,5.085,1.461,0.175,0.117,0.0,0.0,0.0,0.698,Key defender
2020,Darcy Macpherson,12,Gold Coast,22.879,5.763,9.072,2.775,0.0,0.107,2.988,0.213,0.854,3.522,1.174,0.32,0.0,0.427,0.0,0.58,Pressure / role player
2020,Darcy Moore,18,Collingwood,24.709,4.894,7.915,5.257,0.846,0.06,1.269,3.988,7.855,0.846,0.242,0.06,0.0,0.0,0.423,0.613,Key defender
2020,Darcy Parish,17,Essendon,23.153,11.68,13.037,2.035,0.075,0.301,4.22,0.904,0.829,3.919,5.426,0.452,0.0,0.528,0.0,0.449,Inside midfielder
2020,Darcy Tucker,8,Fremantle,23.509,7.513,13.417,3.757,0.0,0.537,3.399,1.61,0.358,4.651,3.399,0.358,0.0,0.716,0.0,0.607,Inside midfielder
2020,David Astbury,9,Richmond,29.66,5.641,7.821,5.0,0.897,0.0,0.897,2.949,4.103,2.179,0.513,0.128,0.385,0.0,0.0,0.658,Key defender
2020,David Cuningham,12,Carlton,23.474,6.12,8.743,3.497,0.437,0.437,3.388,0.328,0.656,3.497,0.984,0.437,0.0,0.656,1.202,0.522,Small forward
2020,David Mackay,10,Adelaide,32.153,5.432,12.593,3.086,0.247,0.37,2.469,2.716,2.222,1.975,0.617,0.0,0.0,0.247,0.494,0.471,Outside midfielder
2020,David Mundy,16,Fremantle,35.17,12.412,14.173,2.905,0.0,0.264,3.521,1.673,1.673,5.106,6.338,0.264,0.0,0.352,0.088,0.452,Inside midfielder
2020,David Swallow,15,Gold Coast,27.838,11.594,11.594,4.604,0.341,0.512,3.836,1.79,1.023,5.03,5.712,0.171,0.0,0.341,0.0,0.57,Inside midfielder
2020,David Zaharakis,10,Essendon,30.474,4.884,12.21,2.93,0.0,0.366,2.076,0.366,0.611,2.442,0.733,0.244,0.0,1.099,0.366,0.444,Pressure / role player
2020,Dayne Zorko,17,Brisbane Lions,31.687,7.839,12.161,4.762,0.073,0.659,4.396,2.711,1.905,5.495,4.029,0.513,0.0,0.659,0.22,0.776,Inside midfielder
2020,Dean Kent,15,St Kilda,26.624,4.778,7.646,4.17,0.261,0.695,3.301,0.348,0.956,2.52,0.434,0.521,0.0,0.869,0.348,0.676,Small forward
2020,Devon Smith,16,Essendon,27.334,7.443,12.528,2.948,0.074,0.074,2.874,1.769,0.811,4.495,1.842,0.221,0.0,0.516,0.147,0.545,Pressure / role player
2020,Dion Prestia,9,Richmond,28.033,9.873,15.092,1.693,0.0,0.0,4.231,1.551,1.41,5.078,4.513,0.423,0.0,0.564,0.0,0.483,Inside midfielder
2020,Dom Sheed,17,West Coast,25.482,12.088,13.7,4.029,0.147,0.22,3.443,2.198,1.538,2.857,6.154,0.147,0.0,0.586,0.293,0.513,Inside midfielder
2020,Dougal Howard,19,St Kilda,24.542,3.196,6.507,4.338,0.457,0.0,0.571,3.767,7.991,1.313,0.114,0.057,0.171,0.057,0.0,0.808,Key defender
2020,Dustin Martin,20,Richmond,29.329,11.491,10.93,2.915,0.897,0.729,6.054,0.112,1.906,2.578,4.26,0.729,0.056,1.233,0.729,0.608,Inside midfielder
2020,Dylan Clarke,8,Essendon,22.036,6.633,7.794,2.819,0.166,0.332,1.327,0.995,1.824,3.317,1.327,0.0,0.0,0.663,0.0,0.378,Pressure / role player
2020,Dylan Grimes,20,Richmond,29.274,3.704,6.209,4.248,0.817,0.0,0.545,1.471,5.556,1.906,0.054,0.0,0.0,0.0,0.218,0.64,Key defender
2020,Dylan Shiel,15,Essendon,27.531,12.03,15.873,3.175,0.0,0.167,4.845,1.671,1.587,4.344,6.266,0.668,0.0,0.334,0.835,0.543,Inside midfielder
2020,Dylan Stephens,8,Sydney,19.701,5.754,11.198,4.199,0.0,0.467,1.866,1.089,1.555,4.199,0.622,0.156,0.0,0.311,0.467,0.68,Outside midfielder
2020,Easton Wood,13,Western Bulldogs,31.079,4.837,7.108,4.936,0.79,0.0,0.691,2.863,4.837,1.876,0.197,0.0,0.0,0.0,0.395,0.637,Key defender
2020,Ed Curnow,17,Carlton,30.868,10.343,10.477,2.821,0.201,0.067,4.298,1.88,1.679,5.977,4.768,0.403,0.0,0.269,0.067,0.662,Inside midfielder
2020,Ed Langdon,17,Melbourne,24.632,6.113,15.766,5.663,0.257,0.257,3.411,2.252,0.901,1.416,1.544,0.129,0.0,0.129,0.515,0.632,Outside midfielder
2020,Ed Richards,17,Western Bulldogs,21.252,6.054,7.698,1.794,0.075,0.224,3.139,0.673,1.868,2.541,0.747,0.523,0.0,0.448,1.271,0.508,Small forward
2020,Eddie Betts,15,Carlton,33.816,5.45,4.66,1.896,0.237,0.711,2.528,0.079,0.632,3.239,0.553,0.948,0.0,1.027,0.0,0.669,Small forward
2020,Elliot Yeo,10,West Coast,26.857,13.682,9.95,2.736,0.373,0.0,4.104,0.622,1.99,6.965,7.711,0.249,0.0,0.0,0.124,0.557,Inside midfielder
2020,Elliott Himmelberg,11,Adelaide,22.293,6.826,5.092,3.575,1.842,1.408,1.3,0.433,2.384,2.275,0.975,0.108,3.9,0.975,0.108,0.547,Key forward
2020,Eric Hipwood,19,Brisbane Lions,23.093,4.577,6.007,4.519,1.201,1.773,2.288,0.0,2.002,0.973,0.057,0.458,0.0,1.373,0.114,0.786,Key forward
2020,Esava Ratugolea,12,Geelong,22.159,7.619,3.915,3.386,1.799,1.164,1.799,0.106,1.905,3.175,1.376,0.212,7.619,0.529,0.0,0.577,Key forward
2020,Ethan Hughes,17,Fremantle,25.789,4.958,9.916,5.517,0.559,0.07,1.047,2.374,3.422,1.397,0.279,0.0,0.0,0.0,0.14,0.645,Key defender
2020,Fischer McAsey,10,Adelaide,19.441,3.158,4.444,2.456,0.585,0.234,1.287,0.936,2.573,1.404,0.117,0.0,0.0,0.0,0.117,0.547,Key defender
2020,Gary Ablett,12,Geelong,36.446,7.988,10.212,2.427,0.101,0.708,4.55,0.809,0.506,2.831,1.719,1.213,0.0,0.91,0.0,0.542,Small forward
2020,Gary Rohan,19,Geelong,29.381,5.886,5.0,3.861,0.949,1.329,2.468,0.127,1.962,2.278,0.063,0.696,0.0,1.392,0.253,0.75,Small forward
2020,Grant Birchall,16,Brisbane Lions,32.72,3.282,12.781,5.959,0.173,0.0,2.332,3.541,1.727,1.382,0.864,0.086,0.0,0.0,0.259,0.739,Rebounding defender
2020,Gryan Miers,21,Geelong,21.569,4.011,11.707,5.041,0.054,0.596,2.71,0.705,0.65,1.789,0.759,0.379,0.0,1.03,0.054,0.66,Outside midfielder
2020,Hamish Hartlett,19,Port Adelaide,30.172,5.548,11.671,4.401,0.064,0.0,2.36,2.87,2.232,3.38,1.148,0.191,0.0,0.128,0.0,0.619,Outside midfielder
2020,Harris Andrews,16,Brisbane Lions,23.851,5.177,6.094,4.587,1.114,0.0,0.524,2.687,9.764,1.114,0.131,0.066,0.0,0.0,0.0,0.661,Key defender
2020,Harry Cunningham,17,Sydney,26.791,4.937,11.544,4.103,0.139,0.0,1.947,3.894,1.391,2.643,0.626,0.139,0.0,0.0,0.07,0.621,Rebounding defender
2020,Harry Himmelberg,16,Greater Western Sydney,24.348,5.669,5.451,3.125,0.799,0.872,2.18,0.654,2.616,1.962,0.581,0.581,1.017,1.09,0.073,0.63,Small forward
2020,Harry McKay,13,Carlton,22.739,4.82,3.944,4.996,1.928,2.805,1.227,0.088,1.49,1.753,0.0,0.088,0.0,1.84,0.175,0.784,Key forward
2020,Harry Morrison,11,Hawthorn,21.857,5.663,12.344,4.304,0.0,0.113,2.378,2.265,1.812,2.152,1.472,0.227,0.0,0.0,0.0,0.59,Outside midfielder
2020,Harry Perryman,16,Greater Western Sydney,21.75,8.055,14.666,4.635,0.456,0.38,3.267,2.812,1.976,2.432,1.52,0.152,0.0,0.836,0.0,0.578,Outside midfielder
2020,Harry Schoenberg,8,Adelaide,19.578,7.553,8.703,1.806,0.0,0.164,2.463,0.657,0.657,2.463,2.135,0.164,0.0,0.493,0.0,0.426,Pressure / role player
2020,Harry Taylor,19,Geelong,34.367,4.603,6.874,3.646,0.418,0.06,0.777,1.195,5.918,1.554,0.12,0.12,0.06,0.06,0.0,0.608,Key defender
2020,Hayden Crozier,15,Western Bulldogs,26.778,4.211,13.212,4.872,0.248,0.165,2.147,3.138,4.129,3.386,0.495,0.248,0.0,0.165,0.248,0.736,Rebounding defender
2020,Heath Shaw,17,Greater Western Sydney,34.81,3.88,9.498,5.217,0.268,0.134,1.003,3.411,3.813,2.542,0.401,0.0,0.067,0.201,0.268,0.775,Rebounding defender
2020,Hugh Greenwood,17,Gold Coast,28.542,16.107,7.481,2.061,0.305,0.076,2.672,2.061,2.061,8.702,7.099,0.458,0.229,0.229,0.0,0.571,Inside midfielder
2020,Hugh McCluggage,19,Brisbane Lions,22.624,9.26,13.424,4.351,0.062,0.559,3.915,2.113,1.429,3.232,2.61,0.87,0.0,0.497,0.0,0.617,Inside midfielder
2020,Hunter Clark,18,St Kilda,21.539,7.614,13.596,4.351,0.136,0.068,1.903,2.787,1.292,3.127,2.243,0.136,0.0,0.068,0.0,0.608,Outside midfielder
2020,Isaac Quaynor,11,Collingwood,20.736,5.257,10.626,3.691,0.336,0.112,1.902,2.796,2.461,2.796,0.447,0.112,0.0,0.0,0.0,0.5,Outside midfielder
2020,Isaac Smith,10,Hawthorn,31.613,5.474,15.207,4.258,0.122,0.365,3.893,2.311,1.217,2.555,1.217,0.0,0.0,0.608,0.243,0.578,Outside midfielder
2020,Ivan Soldo,14,Richmond,24.411,7.407,3.81,2.434,0.529,0.317,0.635,0.847,4.444,4.021,2.963,0.212,31.111,0.212,0.0,0.481,Ruck
2020,Izak Rankine,12,Gold Coast,20.411,7.576,6.364,2.626,0.404,0.808,3.333,0.202,1.313,2.222,1.212,0.606,0.0,1.212,0.505,0.652,Small forward
2020,Jack Billings,19,St Kilda,25.142,7.278,14.495,4.709,0.183,0.367,2.997,1.59,1.651,2.875,2.202,0.367,0.0,0.673,0.061,0.582,Outside midfielder
2020,Jack Bowes,17,Gold Coast,22.652,6.975,11.601,4.911,0.427,0.142,1.779,4.342,2.278,2.135,1.139,0.214,0.0,0.071,0.071,0.672,Rebounding defender
2020,Jack Crisp,19,Collingwood,27.022,6.28,16.063,5.495,0.423,0.0,3.321,2.959,3.019,3.502,1.268,0.362,0.0,0.121,0.423,0.606,Outside midfielder
2020,Jack Darling,18,West Coast,28.307,6.409,3.811,3.695,2.021,1.443,1.732,0.058,2.309,2.021,0.173,0.866,0.462,1.732,0.0,0.663,Key forward
2020,Jack Graham,16,Richmond,22.663,8.082,11.252,2.456,0.079,0.0,3.566,1.109,0.951,5.705,2.298,0.634,0.0,0.158,0.079,0.458,Inside midfielder
2020,Jack Gunston,16,Hawthorn,28.931,5.152,7.198,4.799,0.847,2.188,2.188,0.635,1.341,1.694,0.212,0.635,0.0,2.188,0.0,0.739,Key forward
2020,Jack Henry,21,Geelong,22.153,4.504,7.583,4.675,0.456,0.114,1.083,2.68,5.359,2.052,0.342,0.114,0.0,0.057,0.114,0.766,Key defender
2020,Jack Higgins,10,Richmond,21.457,7.29,10.936,4.374,0.122,1.215,3.402,0.729,0.851,2.066,1.215,0.486,0.0,0.608,0.0,0.616,Small forward
2020,Jack Lonie,13,St Kilda,24.156,4.249,7.932,4.155,0.094,1.133,2.172,0.378,1.133,2.644,0.472,0.472,0.0,1.133,0.094,0.725,Small forward
2020,Jack Lukosius,17,Gold Coast,20.115,4.972,10.582,4.403,0.639,0.071,2.557,5.895,2.202,1.918,0.497,0.142,0.0,0.213,0.284,0.789,Rebounding defender
2020,Jack Macrae,18,Western Bulldogs,26.167,11.888,19.53,3.266,0.196,0.0,4.964,2.025,1.502,4.703,4.703,0.327,0.392,0.196,0.261,0.433,Inside midfielder
2020,Jack Madgen,13,Collingwood,27.46,4.58,10.496,4.389,0.191,0.0,0.668,2.767,4.008,2.195,0.382,0.0,0.0,0.0,0.286,0.548,Key defender
2020,Jack Mahony,10,North Melbourne,18.783,5.898,5.898,1.609,0.134,0.536,0.938,0.268,0.402,3.485,0.134,0.268,0.0,0.402,0.0,0.337,Pressure / role player
2020,Jack Martin,15,Carlton,25.641,7.746,10.563,5.634,0.528,1.585,2.905,1.144,1.585,4.225,1.849,0.616,0.0,1.056,0.264,0.569,Small forward
2020,Jack Newnes,17,Carlton,27.569,5.062,10.565,3.888,0.0,0.44,2.861,1.541,0.587,3.228,0.514,0.44,0.0,0.954,0.0,0.626,Small forward
2020,Jack Redden,13,West Coast,29.819,7.143,12.5,4.323,0.094,0.094,2.256,1.41,1.598,2.914,2.632,0.094,0.0,0.094,0.0,0.48,Outside midfielder
2020,Jack Riewoldt,21,Richmond,31.983,4.395,4.395,3.878,1.396,2.327,2.017,0.103,1.603,1.396,0.259,0.517,0.103,1.706,0.0,0.786,Key forward
2020,Jack Scrimshaw,13,Hawthorn,22.044,5.668,13.158,5.162,0.709,0.0,1.923,4.049,3.036,2.328,0.506,0.101,0.0,0.0,0.101,0.598,Rebounding defender
2020,Jack Sinclair,12,St Kilda,25.657,7.774,10.543,3.088,0.106,0.319,3.834,1.704,1.491,3.301,2.769,0.958,0.0,0.0,0.532,0.573,Outside midfielder
2020,Jack Steele,19,St Kilda,24.824,12.931,12.869,4.433,0.493,0.554,3.818,1.539,1.724,6.404,5.911,0.677,0.0,0.677,0.123,0.489,Inside midfielder
2020,Jack Steven,9,Geelong,30.482,6.667,16.748,5.366,0.0,0.163,3.415,1.138,0.813,5.528,3.902,0.163,0.0,0.163,0.325,0.571,Outside midfielder
2020,Jack Viney,16,Melbourne,26.435,13.562,11.847,3.118,0.312,0.156,5.3,1.091,1.871,5.3,6.391,0.779,0.0,0.39,0.0,0.527,Inside midfielder
2020,Jack Ziebell,8,North Melbourne,29.553,5.861,6.039,4.44,0.888,1.599,2.131,0.355,0.888,2.842,0.71,0.355,0.0,0.178,0.0,0.603,Key forward
2020,Jackson Nelson,15,West Coast,24.553,4.08,10.64,4.88,0.08,0.08,1.12,3.12,2.16,2.56,0.8,0.16,0.0,0.0,0.0,0.735,Rebounding defender
2020,Jackson Thurlow,8,Sydney,26.482,5.323,11.935,4.355,0.323,0.161,1.613,3.226,3.548,2.742,1.129,0.161,0.0,0.484,0.0,0.607,Outside midfielder
2020,Jacob Hopper,17,Greater Western Sydney,23.616,12.84,12.607,3.113,0.078,0.233,3.191,2.257,0.389,5.603,4.903,0.311,0.0,0.078,0.078,0.488,Inside midfielder
2020,Jacob Townsend,12,Essendon,27.23,4.926,3.436,2.52,1.26,1.489,1.375,0.229,1.489,3.666,0.115,0.344,0.0,1.031,0.0,0.707,Key forward
2020,Jacob Weitering,17,Carlton,22.824,5.295,5.904,4.504,0.913,0.0,1.096,3.774,7.791,1.035,0.304,0.061,0.0,0.0,0.061,0.777,Key defender
2020,Jade Gresham,11,St Kilda,22.964,11.981,9.846,2.966,0.237,0.593,4.27,0.593,1.068,2.491,6.05,0.593,0.0,0.83,1.068,0.572,Inside midfielder
2020,Jaeger OMeara,12,Hawthorn,26.575,10.76,14.61,3.455,0.099,0.395,4.245,1.283,1.382,5.133,5.528,0.395,0.0,0.395,0.099,0.56,Inside midfielder
2020,Jaidyn Stephenson,14,Collingwood,21.736,3.201,8.509,3.96,0.168,1.601,1.938,0.421,0.842,2.106,0.0,0.505,0.0,1.179,0.253,0.644,Small forward
2020,Jake Aarts,14,Richmond,25.819,5.022,7.534,2.78,0.09,0.897,2.063,0.269,0.897,2.96,0.628,0.359,0.0,1.256,0.269,0.529,Small forward
2020,Jake Carlisle,13,St Kilda,29.005,4.263,8.014,6.223,1.023,0.0,0.512,2.643,4.859,1.449,0.085,0.085,0.767,0.0,0.0,0.733,Key defender
2020,Jake Kelly,15,Adelaide,25.663,3.498,5.627,3.346,0.532,0.0,0.684,2.129,4.259,2.814,0.076,0.0,0.0,0.0,0.0,0.685,Key defender
2020,Jake Kolodjashnij,17,Geelong,25.208,2.785,9.019,5.106,0.398,0.066,1.26,1.459,4.377,1.658,0.199,0.199,0.0,0.0,0.0,0.706,Key defender
2020,Jake Lever,17,Melbourne,24.542,4.898,6.324,4.65,0.682,0.0,0.744,2.542,6.696,1.612,0.062,0.0,0.0,0.0,0.0,0.68,Key defender
2020,Jake Lloyd,17,Sydney,26.983,6.812,15.939,5.357,0.198,0.0,1.521,6.415,2.447,2.513,0.794,0.265,0.0,0.066,0.066,0.647,Rebounding defender
2020,Jake Melksham,17,Melbourne,29.057,4.539,7.193,3.422,0.209,0.978,2.584,0.209,1.536,1.606,0.768,0.698,0.0,1.047,0.0,0.688,Small forward
2020,Jake Stringer,10,Essendon,26.402,4.54,4.54,2.209,0.245,1.472,2.086,0.123,1.104,2.331,0.736,0.123,0.0,1.84,0.0,0.781,Key forward
2020,Jake Waterman,10,West Coast,22.411,3.627,9.326,6.606,0.648,0.777,1.684,0.907,0.648,1.036,0.259,0.389,0.0,1.166,0.0,0.757,Key forward
2020,James Aish,16,Fremantle,24.868,5.045,14.383,4.744,0.075,0.226,2.937,1.883,0.828,1.883,1.13,0.527,0.0,0.0,0.075,0.611,Outside midfielder
2020,James Bell,8,Sydney,21.611,6.81,5.376,2.151,0.179,0.358,1.613,0.179,0.896,5.018,1.254,0.0,0.0,0.538,0.0,0.544,Pressure / role player
2020,James Frawley,14,Hawthorn,31.964,3.656,6.255,3.331,0.162,0.0,0.487,2.112,5.93,0.812,0.0,0.081,0.0,0.0,0.0,0.631,Key defender
2020,James Harmes,13,Melbourne,24.914,8.157,11.682,3.021,0.101,0.302,2.316,1.208,1.108,2.719,1.712,0.0,0.0,0.201,0.101,0.453,Pressure / role player
2020,James Rowbottom,16,Sydney,20.003,10.407,9.512,1.789,0.163,0.081,3.171,2.033,1.301,4.715,4.146,0.407,0.0,0.325,0.0,0.557,Inside midfielder
2020,James Sicily,11,Hawthorn,25.611,6.139,11.485,6.139,1.584,0.198,2.079,5.842,4.752,0.891,0.297,0.099,0.0,0.198,0.198,0.746,Rebounding defender
2020,James Stewart,10,Essendon,26.545,4.326,5.216,4.198,1.654,1.781,1.272,0.763,1.399,1.272,0.382,0.254,1.272,1.399,0.0,0.667,Key forward
2020,James Worpel,15,Hawthorn,21.619,10.28,12.664,3.207,0.0,0.329,3.372,0.74,1.316,6.579,3.865,0.247,0.0,0.164,0.0,0.582,Inside midfielder
2020,Jamie Cripps,14,West Coast,28.446,6.053,8.313,2.906,0.161,0.646,3.067,0.161,1.049,3.632,1.049,0.888,0.0,0.726,0.242,0.563,Small forward
2020,Jamie Elliott,18,Collingwood,28.137,6.701,9.647,3.756,0.442,1.031,3.903,0.147,1.694,4.197,3.093,0.442,0.0,0.736,0.663,0.621,Small forward
2020,Jamie Macmillan,10,North Melbourne,28.879,5.433,10.479,3.493,0.259,0.129,1.294,3.622,3.364,2.975,0.776,0.0,0.0,0.129,0.517,0.536,Rebounding defender
2020,Jared Polec,13,North Melbourne,27.934,8.084,14.06,3.691,0.176,0.264,3.427,2.285,0.615,2.9,2.9,0.527,0.0,0.264,0.351,0.648,Outside midfielder
2020,Jarrod Berry,17,Brisbane Lions,22.698,9.036,11.997,5.315,0.152,0.607,3.265,1.291,2.506,4.86,2.885,0.683,0.0,0.532,0.076,0.572,Inside midfielder
2020,Jarrod Brander,8,West Coast,21.58,3.571,10.559,5.59,0.776,0.311,2.484,2.019,1.863,1.863,0.466,0.466,0.0,0.0,0.0,0.753,Outside midfielder
2020,Jarrod Harbrow,13,Gold Coast,32.175,3.407,10.866,3.683,0.184,0.0,1.289,2.578,2.118,1.197,0.276,0.092,0.0,0.0,0.184,0.733,Rebounding defender
2020,Jarrod Witts,17,Gold Coast,28.019,6.996,4.801,2.538,0.617,0.274,2.195,0.617,3.704,1.92,3.635,0.206,32.647,0.0,0.0,0.576,Ruck
2020,Jarryd Lyons,19,Brisbane Lions,28.238,12.602,11.846,4.033,0.252,0.252,4.789,1.134,1.386,4.852,6.175,0.63,0.0,0.252,0.0,0.62,Inside midfielder
2020,Jarryn Geary,16,St Kilda,32.296,5.214,8.016,3.735,0.545,0.467,1.012,1.245,2.724,2.179,1.089,0.311,0.0,0.389,0.078,0.5,Pressure / role player
2020,Jason Castagna,21,Richmond,24.285,3.837,9.424,4.007,0.226,1.467,2.652,0.621,0.734,2.596,0.169,0.339,0.0,0.959,0.056,0.597,Small forward
2020,Jason Johannisen,17,Western Bulldogs,27.903,4.379,14.286,4.666,0.144,0.359,2.513,2.656,2.154,2.082,0.431,0.646,0.0,0.431,0.431,0.618,Outside midfielder
2020,Jasper Pittard,11,North Melbourne,29.356,4.162,10.094,3.434,0.0,0.104,2.081,3.642,3.746,1.769,0.0,0.312,0.0,0.416,0.312,0.677,Rebounding defender
2020,Jay Lockhart,10,Melbourne,24.55,4.925,7.114,3.83,0.274,0.0,0.821,2.462,3.01,2.599,0.137,0.0,0.0,0.0,0.0,0.625,Key defender
2020,Jayden Short,21,Richmond,24.75,5.769,14.844,6.791,0.3,0.12,3.305,5.709,1.923,1.683,0.661,0.18,0.0,0.0,1.683,0.742,Rebounding defender
2020,Jed Anderson,15,North Melbourne,26.624,13.757,15.465,3.89,0.095,0.285,5.123,1.803,1.708,7.211,6.167,0.949,0.0,0.285,0.0,0.562,Inside midfielder
2020,Jed Bews,20,Geelong,26.862,4.596,7.97,3.781,0.175,0.116,1.513,1.92,1.745,2.036,1.047,0.175,0.0,0.175,0.0,0.67,Outside midfielder
2020,Jeremy Cameron,17,Greater Western Sydney,27.465,5.556,6.275,4.379,1.242,1.373,2.418,0.261,2.157,1.569,0.327,0.588,0.131,1.569,0.065,0.688,Key forward
2020,Jeremy Finlayson,15,Greater Western Sydney,24.608,3.794,6.071,3.204,0.759,1.349,2.024,0.843,1.771,3.035,1.433,0.337,3.626,1.602,0.084,0.829,Key forward
2020,Jeremy McGovern,12,West Coast,28.468,7.226,9.989,7.651,2.125,0.0,0.744,3.401,6.908,1.488,0.106,0.0,0.0,0.0,0.0,0.726,Key defender
2020,Joel Selwood,15,Geelong,32.413,11.364,12.455,3.364,0.0,0.091,3.273,1.182,2.727,5.727,5.636,0.273,0.0,0.364,0.0,0.535,Inside midfielder
2020,John Noble,17,Collingwood,23.545,4.411,15.401,3.977,0.0,0.0,1.518,2.965,1.085,2.097,0.434,0.072,0.0,0.145,0.289,0.581,Outside midfielder
2020,Jonathon Ceglar,13,Hawthorn,29.6,8.75,5.833,3.021,1.458,0.312,1.25,1.458,2.5,3.333,4.062,0.312,28.542,0.104,0.0,0.401,Ruck
2020,Jordan Dawson,16,Sydney,23.449,5.357,12.5,4.39,1.042,0.298,2.604,3.497,3.423,2.827,1.042,0.744,0.0,0.446,0.074,0.704,Outside midfielder
2020,Jordan Ridley,17,Essendon,21.917,4.272,13.204,7.12,1.165,0.0,1.036,4.595,5.437,1.359,0.453,0.259,0.0,0.0,0.129,0.694,Rebounding defender
2020,Jordan Roughead,17,Collingwood,29.936,3.034,7.269,4.046,0.442,0.0,0.316,1.833,4.994,1.138,0.126,0.063,0.0,0.0,0.063,0.573,Key defender
2020,Jordan de Goey,10,Collingwood,24.572,7.356,8.276,2.989,0.46,1.149,3.218,0.575,1.264,1.379,1.954,0.46,0.0,1.609,0.23,0.637,Small forward
2020,Josh Battle,14,St Kilda,22.104,5.685,8.832,5.279,0.812,1.32,1.929,2.132,1.827,2.64,0.711,0.305,0.508,1.218,0.203,0.761,Key forward
2020,Josh Bruce,17,Western Bulldogs,28.32,4.956,4.22,3.148,1.206,1.34,1.072,0.134,1.875,1.875,0.67,0.134,1.206,0.938,0.0,0.404,Key forward
2020,Josh Caddy,8,Richmond,27.977,4.942,11.038,5.272,0.988,0.824,3.46,1.318,0.329,2.636,1.153,0.494,0.0,0.329,0.0,0.554,Outside midfielder
2020,Josh Daicos,18,Collingwood,21.873,6.763,13.92,4.465,0.197,0.263,2.561,1.641,0.722,2.758,2.101,0.197,0.0,0.657,0.066,0.542,Outside midfielder
2020,Josh Dunkley,12,Western Bulldogs,23.734,11.826,11.618,2.905,0.415,0.415,2.801,0.934,1.66,7.365,3.423,0.519,1.245,0.622,0.0,0.385,Inside midfielder
2020,Josh Kelly,14,Greater Western Sydney,25.6,10.359,15.372,3.509,0.084,0.418,4.511,2.256,1.086,4.845,4.595,0.668,0.0,0.418,0.251,0.573,Inside midfielder
2020,Josh Kennedy,29,West Coast,33.107,7.13,8.486,4.506,0.919,2.056,1.969,0.656,1.225,3.412,2.493,0.131,0.0,1.619,0.044,0.613,Key forward
2020,Josh Rotham,10,West Coast,22.561,1.843,11.302,6.388,0.246,0.0,1.229,3.563,5.283,1.474,0.123,0.0,0.0,0.0,0.0,0.841,Key defender
2020,Josh Thomas,14,Collingwood,29.025,6.349,8.03,2.428,0.0,0.467,1.774,0.0,1.214,2.614,1.12,0.467,0.0,0.373,0.093,0.473,Pressure / role player
2020,Josh Walker,17,North Melbourne,27.849,5.659,6.556,4.486,1.863,0.552,0.759,1.449,3.589,1.242,0.069,0.138,0.138,0.207,0.069,0.588,Key defender
2020,Justin McInerney,9,Sydney,20.09,6.386,11.141,3.533,0.408,0.272,2.582,0.815,1.902,1.766,0.679,0.543,0.0,0.679,0.0,0.48,Pressure / role player
2020,Justin Westhoff,12,Port Adelaide,33.912,5.226,7.538,4.523,1.106,1.206,1.508,0.302,4.623,2.613,0.905,0.302,4.121,1.005,0.0,0.634,Key forward
2020,Jy Simpkin,17,North Melbourne,22.537,12.386,13.982,2.812,0.152,0.304,3.191,1.52,1.292,4.787,5.623,0.228,0.0,0.456,0.304,0.497,Inside midfielder
2020,Jye Caldwell,9,Greater Western Sydney,19.947,8.469,10.749,4.397,0.326,0.651,3.257,0.489,0.651,5.375,1.954,0.326,0.0,0.163,0.0,0.491,Pressure / role player
2020,Kade Simpson,17,Carlton,36.375,4.993,10.984,4.708,0.143,0.0,1.498,4.422,1.997,1.355,0.713,0.071,0.0,0.071,0.428,0.761,Rebounding defender
2020,Kamdyn McIntosh,18,Richmond,26.559,5.687,11.104,4.604,0.406,0.203,3.995,1.625,2.64,2.031,0.812,0.406,0.0,0.406,0.609,0.676,Outside midfielder
2020,Kane Farrell,11,Port Adelaide,21.49,3.855,7.37,2.381,0.34,0.34,2.268,0.567,1.587,3.401,0.567,0.113,0.0,0.68,0.567,0.549,Pressure / role player
2020,Kane Lambert,20,Richmond,28.912,7.113,11.656,3.646,0.0,0.359,2.869,0.538,1.494,4.065,2.032,0.777,0.0,0.598,0.0,0.441,Pressure / role player
2020,Karl Amon,19,Port Adelaide,25.159,5.328,13.941,3.594,0.186,0.31,3.098,2.169,1.301,3.408,1.797,0.372,0.0,0.31,0.248,0.65,Outside midfielder
2020,Kyle Hartigan,12,Adelaide,28.868,4.089,5.855,3.439,0.465,0.0,0.372,3.16,5.019,1.673,0.093,0.0,0.0,0.0,0.0,0.613,Key defender
2020,Kyle Langford,16,Essendon,23.802,7.808,13.664,4.88,0.601,1.126,2.628,0.826,0.826,2.252,1.877,0.375,0.0,0.826,0.45,0.505,Outside midfielder
2020,Kyron Hayden,8,North Melbourne,21.151,5.695,8.543,3.685,0.168,0.0,1.005,1.843,1.34,2.178,0.838,0.0,0.0,0.0,0.168,0.481,Pressure / role player
2020,Kysaiah Pickett,14,Melbourne,19.298,6.232,4.155,1.605,0.094,0.472,2.077,0.094,1.133,3.305,0.661,0.567,0.0,0.661,0.283,0.569,Small forward
2020,Lachie Ash,12,Greater Western Sydney,19.216,5.458,9.475,3.193,0.103,0.0,1.751,1.648,2.472,2.266,0.721,0.103,0.0,0.103,0.412,0.581,Outside midfielder
2020,Lachie Henderson,14,Geelong,30.862,3.438,9.626,6.875,0.84,0.076,0.993,2.979,3.743,1.299,0.229,0.0,0.0,0.076,0.0,0.749,Key defender
2020,Lachie Hunter,10,Western Bulldogs,25.808,6.422,21.445,6.193,0.115,0.917,3.784,1.835,1.72,2.523,2.408,0.459,0.0,0.459,0.917,0.539,Outside midfielder
2020,Lachie Neale,19,Brisbane Lions,27.4,13.52,15.231,4.507,0.228,0.456,4.678,1.597,0.913,3.366,5.876,0.114,0.0,0.799,0.228,0.487,Inside midfielder
2020,Lachie Plowman,16,Carlton,26.022,3.786,6.897,3.651,0.473,0.0,0.879,2.502,4.057,2.096,0.27,0.0,0.0,0.0,0.0,0.712,Key defender
2020,Lachie Schultz,17,Fremantle,22.808,4.651,7.849,4.433,0.291,1.235,2.035,0.363,0.581,3.052,0.363,0.363,0.0,0.872,0.0,0.645,Small forward
2020,Lachie Weller,17,Gold Coast,24.575,7.544,12.028,2.776,0.0,0.071,3.701,2.562,0.996,3.416,3.63,0.142,0.0,0.854,1.139,0.563,Outside midfielder
2020,Lachie Whitfield,17,Greater Western Sydney,26.17,6.156,19.22,7.592,0.342,0.205,2.668,4.583,1.642,2.326,1.778,0.479,0.0,0.068,0.137,0.574,Rebounding defender
2020,Lachlan Keeffe,13,Greater Western Sydney,30.43,3.801,6.25,3.97,0.845,0.0,0.845,1.52,9.713,0.929,0.0,0.084,0.0,0.0,0.084,0.573,Key defender
2020,Lachlan Murphy,12,Adelaide,21.764,5.131,6.702,1.78,0.105,0.524,2.094,0.314,1.361,3.979,0.314,0.733,0.0,0.733,0.0,0.514,Pressure / role player
2020,Lachlan Sholl,8,Adelaide,20.537,4.505,11.862,3.754,0.0,0.15,1.952,2.252,1.502,1.051,1.502,0.15,0.0,0.3,0.0,0.686,Outside midfielder
2020,Laitham Vandermeer,12,Western Bulldogs,21.567,3.461,11.217,3.699,0.358,1.671,3.819,0.477,0.835,2.983,0.716,0.239,0.0,1.074,0.0,0.615,Small forward
2020,Levi Casboult,17,Carlton,30.515,5.393,4.794,5.326,1.997,1.664,1.465,0.399,1.198,2.064,0.866,0.133,5.726,1.065,0.0,0.737,Key forward
2020,Lewis Melican,9,Sydney,23.879,4.856,6.168,2.756,1.05,0.0,0.394,3.15,6.299,1.837,0.394,0.0,0.0,0.0,0.0,0.589,Key defender
2020,Lewis Taylor,9,Sydney,25.572,4.419,8.674,3.601,0.0,0.655,2.946,0.818,0.491,3.437,0.655,0.0,0.0,0.982,0.164,0.654,Small forward
2020,Liam Baker,20,Richmond,22.742,7.303,11.723,4.676,0.064,0.0,1.73,3.459,2.562,2.498,0.641,0.256,0.0,0.064,0.192,0.559,Outside midfielder
2020,Liam Duggan,17,West Coast,23.813,4.672,14.353,6.635,0.068,0.0,2.234,3.25,3.047,2.031,0.948,0.135,0.0,0.0,0.203,0.754,Rebounding defender
2020,Liam Jones,17,Carlton,29.569,4.146,4.022,4.455,1.361,0.124,1.052,1.795,10.458,1.485,0.0,0.0,0.0,0.0,0.0,0.822,Key defender
2020,Liam Ryan,18,West Coast,24.003,5.921,6.506,4.294,1.171,1.952,2.472,0.195,1.496,2.082,0.455,0.651,0.0,1.692,0.195,0.722,Key forward
2020,Liam Shiels,16,Hawthorn,29.394,8.07,14.082,3.639,0.158,0.396,3.244,1.661,1.345,4.351,3.402,0.158,0.0,0.475,0.079,0.566,Outside midfielder
2020,Lincoln McCarthy,17,Brisbane Lions,26.988,6.74,5.568,2.93,0.659,1.172,2.198,0.44,0.806,3.883,1.538,0.44,0.0,1.099,0.073,0.539,Small forward
2020,Luke Breust,13,Hawthorn,29.86,7.619,6.952,2.286,0.476,1.048,2.667,0.381,1.619,4.857,2.19,1.048,0.0,1.524,0.381,0.542,Small forward
2020,Luke Brown,17,Adelaide,27.994,4.236,6.667,3.194,0.139,0.0,1.042,4.653,2.569,2.431,0.486,0.139,0.0,0.0,0.069,0.716,Rebounding defender
2020,Luke Dahlhaus,16,Geelong,28.175,6.214,11.599,3.645,0.249,0.414,2.486,0.663,0.746,3.065,0.829,0.497,0.0,0.58,0.0,0.416,Pressure / role player
2020,Luke Davies-Uniacke,9,North Melbourne,21.277,10.945,13.043,2.849,0.0,0.0,4.348,2.399,1.049,3.148,3.298,0.45,0.0,0.3,1.049,0.468,Inside midfielder
2020,Luke McDonald,17,North Melbourne,25.605,5.627,13.131,4.269,0.388,0.065,1.811,5.498,2.587,2.846,0.776,0.0,0.0,0.0,0.0,0.608,Rebounding defender
2020,Luke Parker,17,Sydney,27.906,13.224,11.656,3.613,0.273,0.477,3.545,1.568,2.113,5.59,5.59,0.409,0.0,0.409,0.0,0.504,Inside midfielder
2020,Luke Ryan,17,Fremantle,24.621,4.554,10.071,5.645,0.321,0.0,0.77,7.248,5.067,1.283,0.321,0.064,0.0,0.0,0.449,0.795,Rebounding defender
2020,Luke Shuey,13,West Coast,30.337,12.514,15.172,3.654,0.0,0.0,5.205,2.879,3.322,5.094,6.977,0.664,0.0,0.111,1.107,0.588,Inside midfielder
2020,Mabior Chol,11,Richmond,23.676,6.065,3.949,2.116,0.564,1.128,1.41,0.846,2.962,2.398,1.551,0.564,9.309,1.128,0.0,0.591,Key forward
2020,Marc Murphy,17,Carlton,33.17,7.642,14.348,4.542,0.0,0.505,3.677,1.009,0.793,2.668,2.956,0.505,0.0,0.288,0.288,0.569,Outside midfielder
2020,Marc Pittonet,13,Carlton,24.296,7.191,2.624,2.235,1.361,0.194,1.749,0.486,3.013,2.332,3.887,0.0,27.988,0.0,0.0,0.541,Ruck
2020,Marcus Bontempelli,18,Western Bulldogs,24.86,11.34,13.66,3.802,0.773,0.709,4.961,1.482,3.608,5.735,5.992,0.709,0.064,0.709,0.0,0.563,Inside midfielder
2020,Mark Blicavs,21,Geelong,29.575,8.101,7.061,3.831,0.985,0.055,1.368,1.642,4.707,3.229,2.463,0.164,9.852,0.164,0.0,0.5,Ruck
2020,Mark OConnor,21,Geelong,23.769,3.879,8.728,4.688,0.0,0.054,1.185,1.886,3.341,1.616,0.431,0.108,0.0,0.108,0.162,0.667,Key defender
2020,Marley Williams,8,North Melbourne,27.123,5.645,10.161,3.548,0.484,0.0,1.613,3.871,2.097,2.097,0.484,0.161,0.0,0.0,0.0,0.704,Rebounding defender
2020,Marlion Pickett,19,Richmond,28.799,6.949,9.265,2.846,0.265,0.331,2.912,1.257,2.515,4.434,1.257,0.397,0.0,0.265,0.397,0.513,Pressure / role player
2020,Martin Gleeson,13,Essendon,26.068,3.925,8.785,3.738,0.28,0.0,0.935,2.804,3.178,1.589,0.187,0.093,0.0,0.0,0.561,0.536,Rebounding defender
2020,Mason Cox,11,Collingwood,29.575,5.252,1.929,3.751,2.465,1.286,0.965,0.107,2.572,0.643,0.0,0.322,3.644,1.501,0.107,0.551,Key forward
2020,Mason Redman,13,Essendon,23.066,4.537,9.942,3.958,0.676,0.097,0.965,2.992,1.834,2.124,0.193,0.0,0.0,0.097,0.483,0.599,Rebounding defender
2020,Mason Wood,8,North Melbourne,26.999,4.128,6.881,3.364,0.306,0.917,2.599,0.0,0.917,1.529,0.306,0.153,0.0,0.459,0.0,0.543,Pressure / role player
2020,Matt Crouch,16,Adelaide,25.413,12.571,21.249,3.569,0.0,0.081,2.839,2.352,0.892,6.002,5.515,0.081,0.0,0.162,0.081,0.389,Inside midfielder
2020,Matt Guelfi,11,Essendon,23.099,5.656,9.729,4.186,0.792,0.113,1.357,2.262,3.054,2.036,0.792,0.226,0.0,0.0,0.0,0.518,Key defender
2020,Matt de Boer,13,Greater Western Sydney,30.509,7.519,7.613,1.88,0.0,0.0,1.41,0.846,0.94,4.323,2.162,0.188,0.0,0.188,0.0,0.379,Pressure / role player
2020,Matthew Taberner,16,Fremantle,27.238,5.293,5.676,5.867,2.423,2.296,1.849,0.255,1.339,0.51,0.191,0.319,0.51,1.849,0.0,0.777,Key forward
2020,Max Gawn,14,Melbourne,28.723,9.877,6.944,4.861,2.006,0.231,2.469,1.929,4.784,2.701,3.704,0.231,35.108,0.077,0.0,0.64,Ruck
2020,Max King,18,St Kilda,20.257,5.813,3.592,3.723,1.96,1.96,1.176,0.065,1.437,1.437,0.065,0.327,1.11,1.437,0.0,0.613,Key forward
2020,Michael Frederick,10,Fremantle,20.345,3.226,6.989,2.419,0.134,0.538,1.882,0.0,0.672,1.075,0.269,0.0,0.0,0.538,0.0,0.512,Pressure / role player
2020,Michael Gibbons,15,Carlton,25.348,5.629,11.755,4.222,0.083,0.993,4.056,0.579,1.325,3.477,1.904,0.828,0.0,0.911,0.331,0.696,Small forward
2020,Michael Hibberd,14,Melbourne,30.712,4.908,12.708,5.434,0.526,0.088,1.928,3.593,2.717,1.227,0.351,0.088,0.0,0.088,0.0,0.631,Rebounding defender
2020,Michael Hurley,14,Essendon,30.301,3.538,11.385,6.615,0.615,0.0,0.538,4.923,4.769,0.385,0.308,0.077,0.0,0.0,0.0,0.7,Key defender
2020,Michael Walters,14,Fremantle,29.682,9.357,10.822,3.58,0.488,0.732,2.929,1.465,1.627,3.255,3.499,0.57,0.0,1.221,0.244,0.587,Small forward
2020,Mitch Crowden,10,Fremantle,21.397,4.762,6.564,1.931,0.129,0.386,2.188,0.257,1.158,5.92,0.772,0.515,0.0,0.772,0.0,0.595,Pressure / role player
2020,Mitch Duncan,20,Geelong,29.372,6.688,18.854,7.834,0.318,0.764,3.567,2.548,1.146,4.331,2.42,1.019,0.0,0.828,0.764,0.645,Outside midfielder
2020,Mitch Hannan,9,Melbourne,26.474,6.221,5.288,3.266,0.933,0.311,3.421,0.0,1.4,2.333,0.311,0.622,0.0,1.089,0.0,0.569,Small forward
2020,Mitch Lewis,8,Hawthorn,21.936,3.827,4.659,2.496,0.499,0.832,1.331,0.0,1.331,0.832,0.166,0.333,2.662,0.832,0.0,0.609,Key forward
2020,Mitch McGovern,12,Carlton,25.942,4.253,6.107,4.253,0.763,1.091,2.617,0.327,1.854,2.29,0.109,0.872,0.327,0.981,0.0,0.795,Small forward
2020,Mitch Robinson,19,Brisbane Lions,31.361,6.437,10.75,4.38,0.265,0.398,3.583,2.322,1.593,2.92,2.123,0.597,0.0,0.332,0.066,0.697,Outside midfielder
2020,Mitch Wallis,18,Western Bulldogs,27.945,6.059,5.514,2.859,0.817,1.702,1.498,0.068,0.817,2.11,0.272,0.681,0.0,1.702,0.0,0.503,Key forward
2020,Nat Fyfe,14,Fremantle,29.005,15.144,11.053,3.742,1.393,0.957,2.785,1.393,3.046,3.568,5.57,0.609,0.0,0.87,0.087,0.433,Inside midfielder
2020,Nathan Broad,16,Richmond,27.526,3.049,8.672,4.404,0.271,0.0,1.084,2.981,3.117,1.897,0.203,0.0,0.068,0.0,0.542,0.731,Rebounding defender
2020,Nathan Jones,8,Melbourne,32.621,6.379,11.552,3.966,0.0,0.517,2.759,1.379,0.0,2.241,0.517,0.517,0.0,0.172,0.172,0.481,Outside midfielder
2020,Nathan Wilson,15,Fremantle,27.704,3.902,10.976,4.065,0.0,0.0,1.789,5.203,3.252,1.138,0.488,0.0,0.0,0.081,0.894,0.746,Rebounding defender
2020,Ned McHenry,8,Adelaide,20.079,5.14,7.165,2.648,0.0,0.312,1.402,0.467,0.312,3.583,0.935,0.0,0.0,0.0,0.0,0.425,Pressure / role player
2020,Nic Naitanui,17,West Coast,30.416,13.548,3.472,1.101,0.677,0.0,5.08,0.677,4.826,3.472,8.129,0.593,41.744,0.423,0.0,0.57,Ruck
2020,Nick Blakey,16,Sydney,20.564,5.839,7.401,2.961,0.411,0.74,3.454,0.74,1.151,2.961,1.974,0.411,0.0,0.658,0.576,0.778,Small forward
2020,Nick Coffield,18,St Kilda,20.964,4.837,13.007,7.712,0.523,0.0,1.046,3.464,2.222,1.111,0.523,0.0,0.0,0.0,0.065,0.659,Rebounding defender
2020,Nick Haynes,17,Greater Western Sydney,28.337,5.093,13.161,8.003,0.992,0.132,1.19,4.696,5.423,1.521,0.529,0.132,0.0,0.0,0.397,0.765,Rebounding defender
2020,Nick Hind,10,St Kilda,26.06,6.84,6.703,2.326,0.137,0.547,2.736,0.684,2.189,3.83,1.505,0.547,0.0,0.821,1.094,0.571,Small forward
2020,Nick Holman,12,Gold Coast,25.296,5.853,6.559,2.725,0.0,0.303,1.715,0.706,1.312,4.339,1.009,0.303,0.0,0.202,0.0,0.397,Pressure / role player
2020,Nick Larkey,10,North Melbourne,22.282,3.687,3.802,2.65,1.267,1.152,1.613,0.0,1.728,1.152,0.0,0.23,0.0,1.613,0.0,0.661,Key forward
2020,Nick Vlastuin,20,Richmond,26.515,5.667,9.15,5.608,0.885,0.0,1.063,4.427,3.424,2.538,0.059,0.177,0.0,0.059,0.649,0.656,Rebounding defender
2020,Noah Anderson,17,Gold Coast,19.591,9.435,12.297,3.712,0.155,0.387,4.022,1.315,1.624,2.475,2.939,0.387,0.0,0.309,0.232,0.566,Outside midfielder
2020,Noah Answerth,9,Brisbane Lions,21.104,5.013,7.52,3.298,0.264,0.0,1.055,2.507,2.507,2.243,0.396,0.132,0.0,0.0,0.0,0.747,Key defender
2020,Noah Balta,17,Richmond,21.003,4.356,6.721,4.045,1.058,0.062,0.871,3.298,5.227,0.996,0.062,0.062,0.187,0.062,0.062,0.717,Key defender
2020,Oliver Florent,17,Sydney,22.164,7.859,12.401,2.884,0.144,0.216,5.191,1.37,1.37,3.028,3.389,0.288,0.0,0.288,0.577,0.647,Outside midfielder
2020,Ollie Wines,17,Port Adelaide,26.025,14.599,15.085,2.433,0.0,0.243,5.272,1.298,1.541,5.191,6.569,0.487,0.0,0.649,0.0,0.477,Inside midfielder
2020,Oscar Allen,15,West Coast,21.542,6.404,5.877,3.86,1.316,1.053,1.316,0.614,3.333,3.596,1.316,0.351,5.702,1.579,0.0,0.652,Key forward
2020,Oscar McInerney,19,Brisbane Lions,26.271,7.753,3.711,2.187,1.127,0.663,2.054,1.392,3.38,3.777,3.579,0.199,24.254,0.398,0.0,0.548,Ruck
2020,Paddy Ryder,14,St Kilda,32.556,6.883,3.933,2.852,0.983,0.787,2.458,0.492,3.933,3.441,2.753,0.393,28.81,0.983,0.0,0.699,Ruck
2020,Patrick Cripps,17,Carlton,25.507,13.853,9.442,2.757,0.758,0.689,3.653,0.689,1.654,5.582,6.961,0.069,0.0,0.482,0.207,0.455,Inside midfielder
2020,Patrick Dangerfield,21,Geelong,30.553,13.039,11.304,4.365,1.119,1.007,5.82,1.399,1.735,3.022,5.26,1.287,0.0,0.951,0.448,0.641,Inside midfielder
2020,Patrick Lipinski,13,Western Bulldogs,22.214,6.673,13.537,3.051,0.095,0.286,2.288,1.335,1.621,2.955,1.43,0.477,0.0,0.477,0.095,0.427,Pressure / role player
2020,Paul Seedsman,9,Adelaide,28.567,4.987,13.171,3.069,0.256,0.128,2.813,2.174,0.895,3.581,1.535,0.0,0.0,0.512,1.279,0.549,Outside midfielder
2020,Pearce Hanley,8,Gold Coast,31.715,5.008,10.351,5.008,0.501,0.167,2.671,3.005,0.835,2.003,0.668,0.167,0.0,0.0,0.835,0.72,Rebounding defender
2020,Peter Ladhams,10,Port Adelaide,22.756,9.39,6.829,2.561,1.098,0.488,1.829,0.732,1.707,2.317,2.561,0.122,15.0,0.732,0.0,0.455,Ruck
2020,Phil Davis,10,Greater Western Sydney,29.939,3.713,6.467,4.431,0.838,0.24,0.359,1.557,6.108,1.317,0.0,0.12,0.0,0.0,0.0,0.5,Key defender
2020,Reece Conca,14,Fremantle,28.107,4.322,12.203,4.068,0.169,0.085,0.424,3.729,2.458,3.22,0.678,0.254,0.0,0.0,0.254,0.704,Rebounding defender
2020,Reilly OBrien,17,Adelaide,25.082,8.478,6.809,4.272,2.203,0.067,1.869,1.202,2.603,4.539,1.869,0.2,30.841,0.0,0.0,0.461,Ruck
2020,Rhys Stanley,11,Geelong,29.898,8.447,7.078,3.653,1.027,1.027,2.854,0.913,3.995,1.598,3.653,0.228,23.516,1.142,0.0,0.514,Ruck
2020,Riley Bonner,9,Port Adelaide,23.542,3.792,12.64,4.635,0.281,0.0,1.826,3.511,2.809,0.983,0.843,0.0,0.0,0.0,0.0,0.795,Rebounding defender
2020,Robbie Fox,14,Sydney,27.43,3.71,8.226,2.419,0.081,0.0,0.887,3.387,5.806,2.984,0.403,0.081,0.0,0.0,0.081,0.597,Key defender
2020,Robbie Gray,19,Port Adelaide,32.548,8.414,10.896,2.421,0.242,0.605,2.421,0.182,1.634,3.39,2.663,0.847,0.0,0.908,0.242,0.403,Small forward
2020,Robbie Tarrant,16,North Melbourne,31.397,4.244,9.377,4.654,0.479,0.0,1.027,6.229,5.476,1.437,0.137,0.0,0.0,0.0,0.0,0.712,Key defender
2020,Rory Laird,17,Adelaide,26.726,10.974,17.951,3.343,0.073,0.073,3.416,3.924,1.235,5.087,3.779,0.291,0.0,0.218,0.073,0.478,Inside midfielder
2020,Rory Lobb,17,Fremantle,27.613,6.292,4.9,3.811,2.238,0.968,2.42,0.665,2.057,1.452,0.907,0.302,9.377,0.605,0.0,0.671,Key forward
2020,Rory Sloane,12,Adelaide,30.509,10.846,9.219,1.627,0.108,0.108,3.796,1.085,2.603,5.315,4.555,0.542,0.0,0.542,0.217,0.487,Inside midfielder
2020,Rowan Marshall,19,St Kilda,24.876,9.852,6.712,5.111,1.847,0.985,3.571,0.554,1.847,2.463,3.14,0.369,17.488,0.8,0.0,0.723,Ruck
2020,Rupert Wills,8,Collingwood,27.238,10.707,14.747,2.02,0.0,0.0,2.424,1.212,1.818,7.273,4.242,0.404,0.0,0.0,0.0,0.347,Inside midfielder
2020,Ryan Burton,8,Port Adelaide,23.709,5.284,13.112,5.871,0.587,0.0,1.566,3.718,3.131,1.566,0.783,0.196,0.0,0.0,0.391,0.733,Rebounding defender
2020,Ryan Clarke,10,Sydney,23.26,7.055,11.198,2.688,0.0,0.112,3.135,1.68,1.12,2.8,1.904,0.0,0.0,0.224,0.112,0.524,Pressure / role player
2020,Ryan Gardner,10,Western Bulldogs,23.339,2.206,5.567,2.836,0.105,0.0,0.315,0.945,7.878,1.471,0.105,0.0,0.0,0.0,0.0,0.539,Key defender
2020,Ryan Lester,15,Brisbane Lions,28.142,4.766,7.943,4.69,0.832,0.0,0.605,2.118,4.009,2.648,0.303,0.0,0.0,0.0,0.0,0.605,Key defender
2020,Sam Collins,17,Gold Coast,26.266,5.06,5.241,4.458,1.084,0.0,0.542,2.711,6.145,1.627,0.181,0.06,0.0,0.0,0.0,0.611,Key defender
2020,Sam Day,17,Gold Coast,28.038,5.152,5.758,3.561,1.061,1.136,1.97,0.0,2.652,1.591,0.303,0.758,3.939,0.909,0.0,0.463,Key forward
2020,Sam Docherty,16,Carlton,26.909,6.293,13.874,6.293,0.152,0.0,2.274,6.217,2.199,1.44,0.607,0.076,0.0,0.0,0.379,0.724,Rebounding defender
2020,Sam Draper,8,Essendon,21.977,5.728,4.334,2.322,0.774,0.31,2.477,1.238,2.941,2.322,2.322,0.0,22.755,0.155,0.0,0.697,Ruck
2020,Sam Frost,16,Hawthorn,27.063,4.932,6.719,3.931,0.929,0.0,0.715,3.217,4.36,1.43,0.0,0.0,0.0,0.0,0.214,0.585,Key defender
2020,Sam Lloyd,9,Western Bulldogs,30.512,4.29,7.544,3.846,0.444,1.036,2.367,0.296,0.592,2.959,0.74,0.444,0.0,1.036,0.0,0.61,Small forward
2020,Sam Menegola,21,Geelong,28.632,8.555,16.941,6.686,0.453,0.737,3.683,2.266,1.473,1.87,3.003,0.68,0.0,0.907,0.057,0.588,Outside midfielder
2020,Sam Petrevski-Seton,16,Carlton,22.583,7.484,9.634,3.901,0.08,0.0,1.115,3.025,1.194,2.866,1.194,0.159,0.0,0.0,0.0,0.714,Outside midfielder
2020,Sam Powell-Pepper,19,Port Adelaide,22.772,9.199,11.096,2.528,0.211,0.492,4.213,0.492,1.475,5.407,3.722,0.421,0.0,0.492,0.421,0.441,Inside midfielder
2020,Sam Reid,13,Sydney,30.865,4.693,5.364,4.023,1.341,1.245,1.437,0.0,1.724,2.107,0.192,0.575,2.49,0.479,0.0,0.495,Key forward
2020,Sam Simpson,9,Geelong,22.361,9.281,9.132,3.443,0.15,0.449,1.347,0.749,1.198,4.042,2.395,0.299,0.0,0.449,0.15,0.476,Pressure / role player
2020,Sam Walsh,17,Carlton,20.216,9.958,14.833,5.084,0.139,0.07,4.596,1.811,0.905,3.273,3.134,0.348,0.0,0.557,0.279,0.553,Inside midfielder
2020,Sam Weideman,13,Melbourne,23.233,4.069,4.502,3.55,1.472,2.165,1.472,0.0,1.732,0.519,0.0,0.433,0.0,1.645,0.0,0.596,Key forward
2020,Scott Lycett,15,Port Adelaide,28.055,8.612,5.602,1.589,0.167,0.251,2.341,1.087,4.264,3.261,4.264,0.167,29.181,0.167,0.334,0.461,Ruck
2020,Scott Pendlebury,15,Collingwood,32.758,11.732,16.919,3.033,0.0,0.0,4.948,1.038,3.352,3.671,5.188,0.798,0.08,0.08,0.08,0.496,Inside midfielder
2020,Sean Darcy,15,Fremantle,22.274,7.983,4.292,2.06,1.03,0.343,1.03,0.258,3.605,2.146,2.575,0.343,28.326,0.429,0.0,0.313,Ruck
2020,Sebastian Ross,16,St Kilda,27.424,8.379,13.654,2.25,0.0,0.0,2.87,1.707,1.241,3.413,3.801,0.388,0.0,0.155,0.233,0.509,Inside midfielder
2020,Shai Bolton,19,Richmond,21.879,8.333,11.387,3.69,0.064,0.636,5.153,1.018,1.145,3.435,4.008,0.763,0.0,0.954,1.081,0.601,Inside midfielder
2020,Shane Edwards,10,Richmond,31.999,9.637,11.264,1.252,0.125,0.0,3.63,0.626,2.003,3.379,6.008,1.001,0.0,0.626,0.626,0.453,Inside midfielder
2020,Shane McAdam,13,Adelaide,25.312,5.994,6.194,4.595,1.399,1.598,2.198,0.4,0.899,3.796,0.1,0.4,0.0,1.199,0.1,0.653,Key forward
2020,Shane Mumford,10,Greater Western Sydney,34.205,7.091,3.125,1.322,0.361,0.24,1.202,0.481,5.048,4.087,3.846,0.12,24.519,0.12,0.0,0.175,Ruck
2020,Shannon Hurn,17,West Coast,33.079,4.503,10.022,6.318,0.581,0.0,0.944,5.664,3.268,1.888,0.145,0.073,0.0,0.0,0.363,0.756,Rebounding defender
2020,Shaun Atley,17,North Melbourne,28.011,5.217,12.843,3.813,0.0,0.067,1.94,2.542,1.472,1.672,0.803,0.401,0.0,0.067,0.736,0.493,Outside midfielder
2020,Shaun Burgoyne,13,Hawthorn,37.917,6.201,7.087,2.559,0.197,0.689,3.051,1.28,2.854,3.15,0.787,0.886,0.0,1.083,0.098,0.554,Small forward
2020,Shaun Higgins,17,North Melbourne,32.539,6.667,18.056,4.375,0.069,0.139,3.194,2.778,1.042,3.472,2.292,0.278,0.0,0.278,0.278,0.512,Outside midfielder
2020,Shaun McKernan,9,Essendon,29.958,6.125,4.843,4.416,1.14,1.709,1.567,0.57,1.852,1.567,1.14,0.855,5.698,0.712,0.285,0.658,Key forward
2020,Steele Sidebottom,9,Collingwood,29.643,8.987,17.089,4.177,0.127,0.127,3.418,1.646,2.785,4.81,3.038,0.759,0.0,0.633,0.0,0.526,Inside midfielder
2020,Stefan Martin,8,Brisbane Lions,33.917,8.506,3.112,1.66,0.83,0.415,1.867,0.83,1.867,3.942,4.149,0.415,28.631,0.207,0.0,0.638,Ruck
2020,Stephen Coniglio,16,Greater Western Sydney,26.761,9.943,14.02,3.147,0.072,0.429,2.718,1.288,0.858,4.435,4.936,0.501,0.0,0.358,0.358,0.582,Inside midfielder
2020,Stephen Hill,12,Fremantle,30.389,5.036,11.408,4.111,0.411,0.103,1.747,3.083,2.261,2.158,0.411,0.0,0.0,0.0,0.103,0.611,Rebounding defender
2020,Steven May,17,Melbourne,28.693,3.794,7.649,4.726,0.746,0.062,0.684,5.659,7.027,0.933,0.0,0.062,0.0,0.062,0.062,0.772,Key defender
2020,Steven Motlop,14,Port Adelaide,29.597,6.195,8.555,3.245,0.295,0.688,2.95,0.885,0.787,2.36,0.688,0.983,0.0,1.278,0.0,0.564,Small forward
2020,Sydney Stack,9,Richmond,20.318,6.656,9.35,2.377,0.0,0.634,1.743,0.634,1.109,3.962,0.951,0.158,0.0,0.317,0.0,0.326,Pressure / role player
2020,Taylin Duman,15,Fremantle,22.424,5.804,8.292,3.814,0.166,0.0,1.327,3.068,4.809,2.405,0.663,0.083,0.0,0.0,0.166,0.667,Key defender
2020,Taylor Adams,19,Collingwood,27.055,13.465,15.248,4.158,0.264,0.264,4.158,1.254,1.716,6.865,6.535,0.33,0.0,0.594,0.198,0.568,Inside midfielder
2020,Taylor Walker,14,Adelaide,30.402,4.809,4.229,2.985,1.078,0.829,2.156,0.0,2.653,1.161,0.415,0.498,0.415,1.244,0.0,0.705,Key forward
2020,Tim English,18,Western Bulldogs,23.148,7.736,8.18,4.883,1.458,0.824,1.966,0.888,3.044,2.473,2.536,0.127,18.199,0.507,0.063,0.533,Ruck
2020,Tim Kelly,18,West Coast,26.189,10.544,13.793,3.05,0.066,0.133,4.841,2.255,0.729,5.04,4.841,1.194,0.0,0.332,0.133,0.575,Inside midfielder
2020,Tim Membrey,18,St Kilda,26.372,4.662,6.833,5.3,1.213,1.533,2.554,0.064,1.66,1.66,0.0,0.383,0.192,1.277,0.064,0.701,Key forward
2020,Tim OBrien,16,Hawthorn,26.482,4.345,4.726,3.506,0.991,0.61,2.134,0.305,2.439,2.058,0.457,0.381,2.591,0.915,0.0,0.707,Key forward
2020,Tim Taranto,11,Greater Western Sydney,22.641,10.098,12.052,3.257,0.217,0.326,3.8,1.52,0.977,4.886,4.56,0.326,0.0,0.434,0.0,0.623,Inside midfielder
2020,Toby Greene,13,Greater Western Sydney,26.983,7.967,10.531,4.762,1.099,1.648,3.022,0.549,1.099,1.74,1.374,0.916,0.0,1.557,0.0,0.592,Key forward
2020,Toby McLean,12,Western Bulldogs,24.619,6.848,10.978,1.739,0.217,0.435,2.826,0.435,0.543,4.891,1.957,0.543,0.0,0.652,0.0,0.345,Pressure / role player
2020,Toby Nankervis,11,Richmond,26.2,9.832,5.433,3.364,1.294,0.129,2.199,1.294,4.398,5.821,3.622,0.0,23.803,0.388,0.0,0.492,Ruck
2020,Todd Goldstein,17,North Melbourne,32.214,10.351,6.39,2.109,0.703,0.256,1.725,1.086,3.131,2.3,5.623,0.383,30.288,0.383,0.0,0.415,Ruck
2020,Todd Marshall,14,Port Adelaide,22.022,4.883,5.54,3.85,0.751,1.408,2.629,0.469,2.817,3.286,0.094,0.563,0.282,1.033,0.0,0.757,Key forward
2020,Tom Atkins,12,Geelong,25.036,6.927,6.927,1.229,0.0,0.223,1.006,0.67,1.229,4.246,1.788,0.335,0.0,0.447,0.0,0.368,Pressure / role player
2020,Tom Barrass,18,West Coast,24.988,4.017,7.417,5.81,1.298,0.0,0.618,2.905,10.26,0.247,0.062,0.185,0.0,0.0,0.062,0.796,Key defender
2020,Tom Clurey,18,Port Adelaide,26.567,3.858,6.783,4.854,0.747,0.0,0.996,2.489,5.663,1.12,0.062,0.0,0.0,0.0,0.124,0.771,Key defender
2020,Tom Cole,15,West Coast,23.35,4.839,8.468,3.952,0.403,0.161,1.048,2.016,2.097,2.419,0.565,0.0,0.0,0.242,0.242,0.605,Outside midfielder
2020,Tom Cutler,8,Essendon,25.58,5.147,10.441,3.676,0.0,0.441,2.206,1.176,1.029,1.471,0.735,0.441,0.0,0.294,0.882,0.6,Outside midfielder
2020,Tom Doedee,9,Adelaide,23.446,5.851,9.84,6.25,1.463,0.133,0.665,4.122,4.388,2.128,0.399,0.0,0.0,0.0,0.266,0.586,Key defender
2020,Tom Hawkins,21,Geelong,32.26,6.677,6.328,5.63,1.545,3.737,1.345,0.1,1.146,1.993,1.096,1.146,2.242,2.441,0.1,0.664,Key forward
2020,Tom Jonas,19,Port Adelaide,29.769,4.958,6.648,4.282,0.563,0.0,0.901,3.042,7.775,1.69,0.282,0.0,0.0,0.0,0.0,0.672,Key defender
2020,Tom Liberatore,16,Western Bulldogs,28.383,14.252,12.608,2.428,0.157,0.313,3.211,1.566,1.566,4.464,5.795,0.392,0.0,0.392,0.0,0.452,Inside midfielder
2020,Tom Lynch,32,Richmond,30.011,5.682,8.541,4.343,1.122,1.665,2.099,0.615,1.194,1.303,0.724,0.434,0.072,1.375,0.036,0.673,Key forward
2020,Tom McCartin,14,Sydney,20.726,5.489,4.545,4.374,2.058,0.772,1.372,0.943,2.83,1.029,0.172,0.257,0.257,0.772,0.0,0.588,Key forward
2020,Tom McDonald,9,Melbourne,27.928,4.366,6.761,4.085,0.845,0.986,1.127,0.282,2.676,2.113,0.141,0.282,2.254,0.986,0.0,0.649,Key forward
2020,Tom Mitchell,17,Hawthorn,27.307,11.659,16.989,3.464,0.067,0.067,3.131,1.865,0.866,4.997,4.863,0.2,0.0,0.133,0.2,0.401,Inside midfielder
2020,Tom Papley,17,Sydney,24.189,6.03,7.952,3.777,0.199,1.458,3.181,0.199,1.127,1.922,1.392,0.596,0.0,1.723,0.596,0.741,Small forward
2020,Tom Phillips,15,Collingwood,24.329,6.547,12.237,3.585,0.078,0.39,2.806,1.559,0.312,2.728,0.857,0.156,0.0,0.39,0.0,0.576,Outside midfielder
2020,Tom Rockliff,16,Port Adelaide,30.649,11.639,16.31,2.85,0.0,0.079,3.167,1.504,1.584,7.918,5.146,0.079,0.0,0.317,0.0,0.523,Inside midfielder
2020,Tom Scully,14,Hawthorn,29.312,4.475,11.391,2.766,0.081,0.407,2.766,0.895,1.058,1.302,0.651,0.895,0.0,0.325,0.0,0.547,Small forward
2020,Tom Stewart,18,Geelong,27.611,5.548,14.677,8.778,0.702,0.07,2.458,7.163,3.933,1.615,0.772,0.14,0.0,0.0,0.0,0.765,Rebounding defender
2020,Tom Williamson,15,Carlton,21.772,4.973,9.147,4.352,0.178,0.0,1.332,2.487,1.776,2.487,0.888,0.355,0.0,0.089,0.266,0.652,Outside midfielder
2020,Touk Miller,17,Gold Coast,24.578,11.278,14.133,3.569,0.071,0.143,2.855,2.07,2.07,6.281,4.711,0.5,0.0,0.214,0.0,0.521,Inside midfielder
2020,Travis Boak,19,Port Adelaide,32.208,12.976,16.78,3.465,0.136,0.408,5.367,1.019,1.087,4.891,6.522,0.815,0.0,0.543,0.068,0.499,Inside midfielder
2020,Travis Colyer,9,Fremantle,29.074,5.116,7.442,2.481,0.0,0.775,2.326,0.465,0.62,1.55,0.775,0.775,0.0,0.465,0.465,0.675,Small forward
2020,Travis Varcoe,9,Collingwood,32.449,2.833,10.765,2.975,0.142,0.0,1.983,1.7,1.7,2.125,0.425,0.425,0.0,0.142,0.0,0.562,Pressure / role player
2020,Trent Cotchin,17,Richmond,30.548,13.927,11.498,3.158,0.081,0.081,5.182,3.077,2.024,4.453,5.911,0.486,0.0,0.081,0.081,0.566,Inside midfielder
2020,Trent Dumont,17,North Melbourne,25.216,9.5,15.071,3.714,0.143,0.286,3.714,2.0,1.357,5.5,4.0,0.357,0.0,0.214,0.0,0.515,Inside midfielder
2020,Trent McKenzie,17,Port Adelaide,28.537,4.063,7.077,4.915,0.917,0.0,0.983,4.063,4.063,1.18,0.131,0.0,0.0,0.0,0.0,0.857,Key defender
2020,Trent Rivers,9,Melbourne,19.14,6.048,10.267,3.938,0.703,0.0,1.547,2.954,1.406,1.969,0.703,0.141,0.0,0.281,0.141,0.61,Outside midfielder
2020,Tyler Brown,9,Collingwood,20.786,6.88,10.72,2.24,0.16,0.16,1.76,0.96,2.24,2.08,2.08,0.48,0.0,0.32,0.0,0.425,Pressure / role player
2020,Tyson Stengle,12,Adelaide,21.92,5.585,6.744,2.107,0.105,0.632,2.107,0.211,1.159,2.634,0.948,0.948,0.0,0.843,0.0,0.564,Small forward
2020,Wil Powell,15,Gold Coast,21.068,5.995,11.468,4.257,0.348,0.087,1.564,3.562,2.606,2.172,0.521,0.348,0.0,0.174,0.0,0.518,Outside midfielder
2020,Will Day,11,Hawthorn,19.293,4.945,12.637,5.275,0.44,0.22,1.868,3.077,2.857,1.648,0.549,0.0,0.0,0.11,0.0,0.584,Rebounding defender
2020,Will Hamill,8,Adelaide,19.717,4.573,9.742,2.982,0.0,0.0,0.596,2.584,1.59,2.783,0.199,0.398,0.0,0.0,0.0,0.485,Pressure / role player
2020,Will Hayward,16,Sydney,21.903,5.337,6.375,4.003,1.112,0.741,1.26,0.297,1.853,2.743,0.519,0.222,0.0,0.741,0.0,0.54,Key forward
2020,Will Hoskin-Elliott,18,Collingwood,27.104,4.135,9.235,5.858,0.551,0.62,2.205,0.276,1.516,1.172,0.482,0.551,0.0,0.758,0.0,0.631,Small forward
2020,Will Setterfield,16,Carlton,22.605,9.199,9.992,2.3,0.079,0.079,3.569,1.427,1.11,6.661,4.044,0.555,0.0,0.317,0.0,0.602,Inside midfielder
2020,Will Snelling,17,Essendon,23.12,7.187,8.155,2.004,0.069,0.207,1.589,0.829,0.829,5.39,1.935,0.415,0.0,0.346,0.0,0.317,Pressure / role player
2020,Xavier Duursma,15,Port Adelaide,20.277,6.87,10.348,4.411,0.254,0.509,2.969,1.272,1.103,3.053,1.442,0.254,0.0,0.594,0.17,0.581,Outside midfielder
2020,Zac Bailey,19,Brisbane Lions,21.066,6.204,11.328,5.125,0.135,0.405,3.709,1.551,1.146,3.169,0.944,0.337,0.0,0.877,0.0,0.651,Outside midfielder
2020,Zac Fisher,8,Carlton,22.246,7.616,9.768,2.152,0.0,0.166,3.974,0.0,1.159,3.311,1.325,0.497,0.0,0.993,1.159,0.533,Small forward
2020,Zac Williams,11,Greater Western Sydney,25.997,6.553,14.927,4.612,0.364,0.121,2.063,3.277,1.942,3.034,1.456,0.121,0.0,0.243,0.607,0.73,Rebounding defender
2020,Zach Merrett,16,Essendon,24.964,9.401,22.365,5.231,0.152,0.076,5.914,2.274,1.516,4.17,4.321,0.531,0.0,0.152,0.303,0.526,Inside midfielder
2020,Zach Tuohy,19,Geelong,30.873,5.419,12.854,4.663,0.189,0.315,3.151,3.34,1.197,1.071,1.323,0.189,0.0,0.504,0.063,0.741,Outside midfielder
2020,Zaine Cordy,14,Western Bulldogs,23.936,2.951,6.459,3.19,0.159,0.08,0.797,2.472,5.662,1.595,0.159,0.08,0.319,0.0,0.08,0.729,Key defender
2020,Zak Butters,17,Port Adelaide,20.104,7.535,10.0,3.873,0.282,0.704,2.535,0.282,0.986,3.31,1.62,1.056,0.0,0.775,0.423,0.52,Small forward
2020,Zak Jones,16,St Kilda,25.569,11.572,12.769,3.751,0.0,0.319,3.671,1.516,0.878,4.549,4.948,0.559,0.0,0.399,0.638,0.516,Inside midfielder
2021,Aaron Francis,15,Essendon,24.052,4.75,9.018,5.636,0.725,0.242,1.208,2.818,5.072,1.369,0.161,0.403,0.081,0.161,0.0,0.586,Key defender
2021,Aaron Hall,20,North Melbourne,30.783,5.216,25.048,9.659,0.258,0.193,3.67,9.466,1.739,2.898,0.644,0.515,0.0,0.129,1.095,0.758,Rebounding defender
2021,Aaron Naughton,25,Western Bulldogs,21.819,7.398,6.81,7.496,3.185,3.92,2.205,0.0,1.666,1.911,0.147,0.539,0.098,2.303,0.098,0.664,Key forward
2021,Adam Cerra,18,Fremantle,21.854,10.519,20.161,6.793,0.073,0.511,6.574,2.118,1.753,3.433,4.675,1.096,0.0,0.365,0.146,0.602,Inside midfielder
2021,Adam Kennedy,9,Greater Western Sydney,29.11,6.065,11.995,4.717,0.539,0.27,2.426,2.022,2.291,2.83,1.617,0.135,0.0,0.135,0.135,0.55,Pressure / role player
2021,Adam Saad,22,Carlton,27.079,6.577,14.109,4.047,0.281,0.056,4.216,5.396,3.541,2.192,0.899,0.506,0.0,0.112,3.541,0.733,Rebounding defender
2021,Adam Treloar,17,Western Bulldogs,28.548,12.031,18.594,3.906,0.078,0.234,5.0,1.328,1.172,5.703,4.297,0.938,0.0,1.016,1.25,0.471,Inside midfielder
2021,Aiden Bonar,10,North Melbourne,22.457,4.683,9.642,4.959,0.689,0.0,0.551,3.444,5.785,2.204,0.275,0.0,0.0,0.0,0.138,0.673,Key defender
2021,Alec Waterman,14,Essendon,25.027,6.285,6.66,4.034,0.938,1.876,2.533,0.188,1.126,2.627,0.375,0.375,0.0,1.595,0.0,0.577,Key forward
2021,Alex Keath,23,Western Bulldogs,29.679,5.752,7.731,5.062,1.012,0.0,0.69,2.255,5.752,1.979,0.368,0.0,0.598,0.0,0.046,0.579,Key defender
2021,Alex Neal-Bullen,25,Melbourne,25.709,9.043,13.009,4.231,0.106,0.74,5.235,0.952,1.692,5.87,2.433,0.846,0.0,0.793,0.212,0.625,Small forward
2021,Alex Pearce,10,Fremantle,26.203,5.725,5.968,3.289,0.487,0.0,0.853,3.045,6.821,1.218,0.487,0.244,0.122,0.0,0.0,0.583,Key defender
2021,Alex Sexton,21,Gold Coast,27.715,4.611,10.951,6.268,0.144,0.793,4.323,0.36,0.937,1.657,0.288,0.504,0.0,1.513,0.793,0.77,Small forward
2021,Alex Witherden,9,West Coast,22.945,4.447,15.364,7.951,0.135,0.0,1.617,7.682,1.887,2.426,0.404,0.0,0.0,0.135,0.674,0.83,Rebounding defender
2021,Aliir Aliir,24,Port Adelaide,27.016,6.739,8.38,6.739,2.203,0.13,0.864,4.06,6.479,1.598,0.259,0.0,0.216,0.0,0.086,0.728,Key defender
2021,Andrew Brayshaw,20,Fremantle,21.786,11.421,25.063,6.409,0.0,0.19,5.076,3.046,2.411,5.901,4.632,0.381,0.0,0.508,0.635,0.467,Inside midfielder
2021,Andrew Gaff,21,West Coast,29.181,8.333,22.781,7.576,0.271,0.162,4.167,2.056,1.245,1.894,3.355,0.649,0.0,0.162,0.379,0.594,Outside midfielder
2021,Andrew McGrath,15,Essendon,23.241,12.178,18.133,3.822,0.0,0.0,3.467,2.133,2.4,5.867,5.156,0.533,0.0,0.178,0.178,0.506,Inside midfielder
2021,Andrew McPherson,18,Adelaide,22.172,4.42,11.918,4.262,0.316,0.0,1.579,4.341,2.21,2.289,0.474,0.395,0.0,0.0,0.079,0.639,Rebounding defender
2021,Angus Brayshaw,25,Melbourne,25.709,8.394,14.071,5.095,0.34,0.388,3.299,1.65,2.183,2.96,1.747,0.437,0.0,0.146,0.194,0.596,Outside midfielder
2021,Anthony McDonald-Tipungwuti,20,Essendon,28.296,5.375,7.25,3.062,0.188,1.188,2.188,0.125,1.438,3.5,0.75,1.25,0.0,2.125,1.125,0.642,Small forward
2021,Anthony Scott,21,Western Bulldogs,26.534,6.681,7.93,2.423,0.367,0.441,2.203,0.587,1.836,2.57,0.881,0.441,0.0,0.734,0.147,0.481,Pressure / role player
2021,Archie Perkins,21,Essendon,19.427,5.972,10.764,4.028,0.347,0.625,3.75,0.139,0.556,2.917,0.764,0.625,0.0,0.625,0.347,0.487,Pressure / role player
2021,Atu Bosenavulagi,8,North Melbourne,20.928,6.004,10.145,5.797,0.414,0.0,2.692,1.863,1.656,2.692,0.414,0.414,0.0,0.207,0.207,0.568,Outside midfielder
2021,Bachar Houli,12,Richmond,33.137,5.697,19.227,7.833,0.203,0.102,2.645,5.799,1.933,4.069,1.017,0.305,0.0,0.102,2.848,0.578,Rebounding defender
2021,Bailey Dale,26,Western Bulldogs,25.178,6.197,16.901,4.695,0.376,0.094,3.146,6.948,2.77,1.221,1.127,0.469,0.0,0.423,2.066,0.717,Rebounding defender
2021,Bailey Scott,17,North Melbourne,21.12,5.276,12.283,4.094,0.157,0.63,2.047,1.102,0.63,2.52,1.024,0.787,0.0,0.63,0.236,0.512,Pressure / role player
2021,Bailey Smith,26,Western Bulldogs,20.799,9.044,19.681,4.545,0.141,0.328,4.733,2.062,1.078,4.077,3.608,0.515,0.0,0.797,0.609,0.577,Outside midfielder
2021,Bailey Williams,29,Western Bulldogs,23.958,5.762,12.81,5.275,0.798,0.177,2.083,3.723,4.078,2.704,0.399,0.266,2.216,0.177,0.443,0.646,Rebounding defender
2021,Bayley Fritsch,24,Melbourne,24.802,4.1,7.906,5.661,0.683,2.928,2.44,0.0,0.83,2.294,0.098,0.342,0.0,2.879,0.146,0.779,Key forward
2021,Beau McCreery,13,Collingwood,20.342,3.539,7.471,3.145,0.131,0.917,2.752,0.0,1.704,5.636,0.262,0.262,0.0,1.442,0.262,0.634,Pressure / role player
2021,Ben Ainsworth,17,Gold Coast,23.526,6.093,13.861,6.855,0.305,1.295,3.808,0.685,0.685,2.666,0.838,1.066,0.0,0.914,0.076,0.716,Small forward
2021,Ben Brown,13,Melbourne,28.846,6.268,6.461,6.654,1.832,3.086,2.893,0.0,2.797,1.929,0.096,0.386,1.254,2.411,0.0,0.81,Key forward
2021,Ben Cunnington,15,North Melbourne,30.066,18.917,14.066,5.012,0.485,0.566,4.365,1.778,1.293,5.982,9.216,0.566,0.0,0.728,0.0,0.505,Inside midfielder
2021,Ben Keays,22,Adelaide,24.493,12.929,18.455,4.399,0.107,0.376,6.384,2.361,1.556,7.135,6.545,0.59,0.0,0.644,0.215,0.565,Inside midfielder
2021,Ben King,22,Gold Coast,21.123,4.523,4.824,4.523,1.206,2.412,1.558,0.05,1.357,0.854,0.101,0.352,0.201,2.362,0.0,0.7,Key forward
2021,Ben Long,15,St Kilda,24.003,5.141,9.117,5.044,0.291,0.485,1.843,1.649,3.492,3.395,0.679,0.291,0.0,0.194,0.388,0.657,Outside midfielder
2021,Ben McEvoy,22,Hawthorn,32.112,8.108,7.832,6.122,1.931,1.048,1.489,0.993,5.35,4.302,2.427,0.441,20.408,0.662,0.055,0.491,Ruck
2021,Ben McKay,22,North Melbourne,23.66,3.377,6.561,4.583,0.917,0.0,0.434,1.737,7.429,1.495,0.145,0.048,0.0,0.0,0.145,0.471,Key defender
2021,Billy Frampton,10,Adelaide,24.753,4.629,7.186,6.09,1.827,1.462,0.853,2.071,3.045,0.974,0.244,0.122,2.923,0.244,0.0,0.66,Key forward
2021,Blake Acres,18,Fremantle,25.873,7.541,15.152,4.722,0.141,0.282,4.017,2.396,1.832,3.171,2.044,0.352,0.705,0.141,0.493,0.571,Outside midfielder
2021,Blake Hardwick,20,Hawthorn,24.539,5.934,15.922,6.345,0.353,0.0,1.586,7.051,4.407,2.409,0.705,0.118,0.0,0.0,0.059,0.746,Rebounding defender
2021,Bobby Hill,17,Greater Western Sydney,21.564,3.84,8.333,2.696,0.163,0.98,3.268,0.572,1.471,3.922,0.408,1.389,0.0,1.144,0.572,0.734,Small forward
2021,Brad Close,22,Geelong,23.115,6.528,10.355,3.433,0.281,0.788,2.476,0.394,1.407,4.052,1.013,0.563,0.0,0.844,0.056,0.454,Pressure / role player
2021,Brad Crouch,20,St Kilda,27.602,14.396,18.38,3.599,0.0,0.257,4.049,1.992,1.478,7.005,6.298,0.386,0.0,0.45,0.064,0.471,Inside midfielder
2021,Brad Sheppard,20,West Coast,30.23,4.829,14.599,7.243,0.561,0.0,1.123,2.751,3.313,1.797,0.281,0.112,0.0,0.0,0.056,0.634,Key defender
2021,Bradley Hill,22,St Kilda,28.12,4.034,18.451,4.626,0.054,0.054,3.389,3.228,1.883,2.743,0.968,0.484,0.0,0.161,0.753,0.643,Outside midfielder
2021,Braeden Campbell,8,Sydney,19.542,5.188,13.775,4.651,0.0,0.358,1.61,4.472,1.431,1.968,0.179,0.537,0.0,0.179,0.179,0.634,Outside midfielder
2021,Brandan Parfitt,23,Geelong,23.353,11.194,15.796,1.99,0.0,0.435,4.478,0.995,1.43,7.96,4.602,0.684,0.0,0.498,0.187,0.521,Inside midfielder
2021,Brandon Ellis,18,Gold Coast,28.011,7.48,21.361,8.76,0.135,0.202,3.235,3.167,1.752,3.167,2.089,0.472,0.0,0.337,1.011,0.645,Outside midfielder
2021,Brandon Starcevich,24,Brisbane Lions,22.115,4.998,9.358,4.41,0.49,0.0,1.715,3.332,2.842,2.009,0.539,0.147,0.0,0.0,0.147,0.725,Key defender
2021,Brandon Walker,10,Fremantle,18.846,3.694,10.807,4.925,0.41,0.274,2.462,1.505,3.01,2.326,0.137,0.274,0.0,0.0,1.094,0.692,Outside midfielder
2021,Brayden Fiorini,10,Gold Coast,23.997,13.636,22.727,7.879,0.0,0.152,4.545,3.636,3.182,7.121,6.212,0.455,0.0,0.303,0.0,0.568,Inside midfielder
2021,Brayden Ham,19,Essendon,22.268,4.805,13.681,4.56,0.407,0.326,3.583,0.489,1.14,2.443,0.489,0.57,0.0,0.407,0.081,0.52,Pressure / role player
2021,Brayden Maynard,22,Collingwood,24.92,5.898,15.798,6.372,0.685,0.0,2.159,5.582,5.213,3.002,0.527,0.105,0.0,0.053,0.158,0.727,Rebounding defender
2021,Brennan Cox,12,Fremantle,22.813,5.161,8.295,5.161,1.475,0.0,0.645,3.041,10.323,1.014,0.092,0.092,0.092,0.0,0.092,0.613,Key defender
2021,Brent Daniels,13,Greater Western Sydney,22.411,7.983,10.787,2.373,0.108,0.324,4.315,0.647,1.834,3.776,2.05,1.294,0.0,0.216,0.863,0.514,Small forward
2021,Brodie Grundy,20,Collingwood,27.353,13.465,10.747,4.447,1.235,0.556,3.027,1.729,2.594,5.188,4.941,0.309,39.963,0.741,0.185,0.484,Ruck
2021,Brodie Smith,21,Adelaide,29.602,5.393,16.178,6.272,0.352,0.117,4.338,8.089,2.696,2.227,1.29,0.234,0.0,0.117,0.293,0.767,Rebounding defender
2021,Brody Mihocek,21,Collingwood,28.523,5.072,7.001,6.781,1.599,2.536,3.142,0.055,1.047,1.929,0.165,0.386,0.0,1.874,0.0,0.781,Key forward
2021,Cale Hooker,18,Essendon,32.78,7.213,6.492,4.262,0.918,2.426,1.246,0.0,2.361,1.77,0.393,0.525,0.656,2.164,0.0,0.515,Key forward
2021,Caleb Daniel,25,Western Bulldogs,25.219,9.177,19.147,4.96,0.248,0.099,2.232,6.101,1.885,2.877,2.579,0.446,0.0,0.347,1.29,0.577,Rebounding defender
2021,Caleb Graham,12,Gold Coast,20.862,3.309,5.895,4.343,0.31,0.0,0.414,1.034,7.342,0.827,1.138,0.0,8.48,0.0,0.0,0.612,Key defender
2021,Caleb Poulter,11,Collingwood,18.778,5.682,13.295,6.25,0.114,0.227,2.614,1.591,0.682,2.5,0.795,0.227,0.0,0.227,0.0,0.648,Outside midfielder
2021,Caleb Serong,22,Fremantle,20.531,12.508,18.394,3.924,0.123,0.49,5.579,1.717,0.797,4.414,6.499,0.552,0.0,0.49,0.0,0.555,Inside midfielder
2021,Callan Ward,24,Greater Western Sydney,31.4,11.947,17.684,4.737,0.368,0.316,3.842,2.053,1.684,3.737,5.421,0.474,0.263,0.789,0.158,0.51,Inside midfielder
2021,Callum Ah Chee,21,Brisbane Lions,23.865,6.262,6.581,2.236,0.319,0.319,2.173,0.703,1.917,3.706,0.767,0.511,0.0,0.447,0.064,0.518,Pressure / role player
2021,Callum Brown,17,Collingwood,23.225,6.141,11.873,4.401,0.307,0.409,2.149,0.512,0.205,4.606,1.331,0.512,0.0,0.512,0.716,0.391,Pressure / role player
2021,Callum Coleman-Jones,8,Richmond,22.189,8.231,7.356,5.254,1.926,1.751,1.051,0.701,2.802,2.277,0.876,0.175,10.683,1.926,0.0,0.452,Key forward
2021,Callum Mills,18,Sydney,24.386,12.799,21.013,7.324,0.137,0.205,5.133,3.285,2.464,6.502,5.886,0.616,0.0,0.411,0.068,0.517,Inside midfielder
2021,Callum Wilkie,22,St Kilda,25.452,4.325,10.719,5.924,0.705,0.0,0.658,4.184,5.454,1.834,0.188,0.094,0.0,0.0,0.141,0.745,Key defender
2021,Cameron Guthrie,23,Geelong,29.06,13.247,25.606,7.629,0.177,0.237,4.967,2.07,1.478,5.441,6.801,0.71,0.0,0.237,0.355,0.513,Inside midfielder
2021,Cameron Zurhaar,20,North Melbourne,23.252,5.978,9.552,4.873,0.91,2.209,3.054,0.39,1.105,3.769,1.105,0.455,0.0,2.014,0.13,0.694,Key forward
2021,Chad Warner,13,Sydney,20.277,9.146,13.415,3.15,0.203,0.203,5.386,1.423,0.508,4.878,3.252,0.711,0.0,0.813,0.102,0.625,Inside midfielder
2021,Chad Wingard,16,Hawthorn,28.063,10.977,18.16,4.681,0.323,0.726,6.134,0.969,1.776,4.923,4.197,1.533,0.0,0.969,0.404,0.556,Inside midfielder
2021,Changkuoth Jiath,16,Hawthorn,22.074,7.506,18.765,7.271,0.469,0.0,2.815,3.987,5.473,2.033,1.095,0.235,0.0,0.0,0.86,0.531,Rebounding defender
2021,Charlie Ballard,21,Gold Coast,22.079,5.085,9.656,7.191,1.027,0.0,0.668,2.568,5.958,1.284,0.205,0.0,0.0,0.0,0.051,0.788,Key defender
2021,Charlie Cameron,24,Brisbane Lions,27.167,5.091,7.493,4.563,0.432,2.594,2.017,0.24,1.057,2.546,0.672,0.72,0.0,2.642,0.624,0.762,Small forward
2021,Charlie Dixon,24,Port Adelaide,30.966,8.919,4.613,4.262,2.592,1.933,1.801,0.132,2.944,2.197,1.011,0.527,4.569,2.109,0.044,0.603,Key forward
2021,Charlie Lazzaro,12,North Melbourne,19.315,3.863,11.293,3.863,0.149,0.594,2.823,1.189,1.189,3.12,0.743,0.446,0.0,0.446,0.892,0.573,Pressure / role player
2021,Charlie Spargo,25,Melbourne,21.832,5.604,10.174,4.57,0.381,0.925,2.938,0.49,0.707,3.21,0.544,0.871,0.0,0.979,0.054,0.679,Small forward
2021,Chayce Jones,15,Adelaide,21.602,4.801,10.417,3.895,0.453,0.0,1.63,3.714,2.717,1.721,0.181,0.091,0.0,0.091,0.181,0.688,Key defender
2021,Chris Burgess,19,Gold Coast,25.734,7.228,4.775,4.443,1.658,1.26,2.056,0.464,3.183,2.785,2.188,0.265,11.737,0.663,0.0,0.644,Ruck
2021,Chris Mayne,17,Collingwood,32.802,5.833,20.59,8.995,0.422,0.0,0.843,3.162,3.303,3.092,0.562,0.07,0.0,0.0,0.211,0.557,Rebounding defender
2021,Christian Petracca,25,Melbourne,25.723,15.601,17.032,5.633,0.358,1.028,7.644,1.43,0.894,4.604,7.063,0.849,0.0,1.296,0.134,0.56,Inside midfielder
2021,Christian Salem,24,Melbourne,26.197,6.602,20.145,6.988,0.193,0.048,2.892,6.602,1.494,2.795,1.157,0.386,0.0,0.145,0.578,0.666,Rebounding defender
2021,Clayton Oliver,25,Melbourne,24.178,19.629,16.282,4.025,0.226,0.271,5.88,2.126,1.312,6.151,8.412,0.814,0.0,0.498,0.181,0.454,Inside midfielder
2021,Cody Weightman,16,Western Bulldogs,20.693,6.421,7.106,4.11,0.942,2.14,2.911,0.342,1.455,2.568,0.257,1.027,0.0,2.226,0.0,0.75,Key forward
2021,Connor Blakely,13,Fremantle,25.454,9.636,16.06,6.424,0.0,0.857,3.212,1.285,1.285,2.355,2.784,0.857,0.0,0.214,0.0,0.431,Outside midfielder
2021,Connor Idun,23,Greater Western Sydney,21.099,4.098,10.861,6.352,0.154,0.051,0.973,2.715,4.867,2.1,0.359,0.051,0.0,0.0,0.051,0.605,Key defender
2021,Connor Rozee,21,Port Adelaide,21.635,7.489,11.068,3.91,0.275,0.551,3.249,0.606,1.597,3.304,1.322,0.716,0.0,1.156,0.551,0.525,Small forward
2021,Conor Nash,8,Hawthorn,23.066,7.623,11.978,4.719,0.181,0.363,3.448,0.907,1.815,4.356,4.356,0.181,0.0,0.363,0.181,0.464,Pressure / role player
2021,Curtis Taylor,19,North Melbourne,21.378,5.465,13.442,5.835,0.443,0.96,2.585,1.182,0.812,2.954,0.739,0.591,0.0,0.517,0.074,0.616,Outside midfielder
2021,Dan Butler,22,St Kilda,25.219,4.538,7.668,2.243,0.0,0.574,3.13,0.261,1.304,4.278,0.417,0.522,0.0,0.939,0.887,0.685,Small forward
2021,Dan Houston,23,Port Adelaide,24.334,8.524,18.364,6.293,0.515,0.172,3.947,3.661,1.773,3.204,1.659,0.858,0.0,0.4,0.4,0.651,Outside midfielder
2021,Dane Rampe,20,Sydney,31.238,4.25,13.746,6.453,0.525,0.0,1.679,4.827,4.197,1.784,0.21,0.052,0.0,0.0,0.157,0.687,Rebounding defender
2021,Daniel Howe,20,Hawthorn,25.712,7.324,17.71,7.257,0.399,0.333,2.73,2.53,2.264,2.663,1.598,0.333,0.0,0.533,0.2,0.668,Outside midfielder
2021,Daniel Lloyd,16,Greater Western Sydney,29.539,5.023,10.35,5.175,0.304,1.065,3.729,0.685,1.446,3.425,0.533,0.457,0.0,1.522,0.076,0.69,Small forward
2021,Daniel McKenzie,12,St Kilda,25.266,6.375,14.758,6.612,0.236,0.236,3.07,0.945,2.007,2.361,1.889,0.59,0.0,0.59,0.472,0.583,Outside midfielder
2021,Daniel McStay,19,Brisbane Lions,26.178,6.076,6.787,5.688,2.456,2.004,2.586,0.0,2.198,3.749,0.452,0.711,0.517,1.81,0.065,0.628,Key forward
2021,Daniel Rich,24,Brisbane Lions,31.244,6.523,18.063,6.874,0.401,0.0,3.462,9.584,2.76,2.107,1.204,0.201,0.0,0.151,0.0,0.824,Rebounding defender
2021,Daniel Rioli,19,Richmond,24.348,6.297,12.594,4.048,0.225,0.6,1.949,0.9,1.649,3.448,0.675,0.3,0.0,0.675,0.45,0.486,Pressure / role player
2021,Darcy Byrne-Jones,24,Port Adelaide,25.975,6.957,16.978,5.4,0.26,0.0,3.063,3.531,2.804,3.427,1.402,0.415,0.0,0.0,0.363,0.627,Outside midfielder
2021,Darcy Cameron,18,Collingwood,26.096,8.758,6.585,6.721,2.716,1.697,1.901,0.543,1.833,2.172,1.969,0.339,8.215,1.494,0.0,0.671,Key forward
2021,Darcy Fogarty,17,Adelaide,21.906,5.757,5.599,4.18,1.183,2.208,2.681,0.0,1.498,1.656,0.394,0.473,0.079,1.893,0.0,0.693,Key forward
2021,Darcy Gardiner,9,Brisbane Lions,25.95,6.476,8.434,5.12,1.205,0.0,0.301,2.56,4.066,0.602,0.0,0.151,0.0,0.0,0.0,0.616,Key defender
2021,Darcy Macpherson,11,Gold Coast,23.81,8.133,12.267,6.4,0.533,0.4,3.2,0.667,1.867,5.733,1.733,0.267,0.0,0.133,0.267,0.62,Outside midfielder
2021,Darcy Moore,13,Collingwood,25.383,6.111,10.157,8.836,2.064,0.495,1.073,4.377,6.111,0.991,0.083,0.33,0.0,0.33,0.248,0.692,Key defender
2021,Darcy Parish,23,Essendon,24.096,16.349,21.429,5.079,0.053,0.37,7.249,1.587,1.376,4.762,9.259,1.111,0.0,0.529,0.106,0.486,Inside midfielder
2021,Darcy Tucker,16,Fremantle,24.578,4.709,16.218,4.783,0.075,0.0,2.167,1.719,1.57,2.167,0.972,0.299,0.0,0.0,0.0,0.559,Outside midfielder
2021,David Astbury,17,Richmond,30.482,4.501,10.307,6.067,0.718,0.0,0.718,2.74,4.305,1.5,0.457,0.13,0.978,0.0,0.065,0.584,Key defender
2021,David Mackay,18,Adelaide,33.077,5.943,12.678,3.249,0.158,0.396,2.853,1.902,1.109,3.17,1.268,0.475,0.0,0.475,0.634,0.612,Pressure / role player
2021,David Mundy,22,Fremantle,36.09,14.558,19.57,4.057,0.179,0.119,5.788,1.611,2.446,5.191,6.981,0.656,0.0,0.895,0.06,0.448,Inside midfielder
2021,David Swallow,21,Gold Coast,28.753,11.214,17.844,6.568,0.558,0.372,3.532,2.478,2.045,6.134,3.47,0.31,0.0,0.372,0.124,0.561,Inside midfielder
2021,David Zaharakis,9,Essendon,31.422,6.136,12.727,4.773,0.0,0.0,3.636,1.591,0.0,3.636,2.045,0.227,0.0,0.455,0.682,0.63,Outside midfielder
2021,Dayne Zorko,23,Brisbane Lions,32.567,11.526,16.526,6.421,0.053,0.579,7.789,2.211,2.105,7.368,5.474,1.211,0.0,0.895,0.158,0.695,Inside midfielder
2021,Deven Robertson,16,Brisbane Lions,20.181,8.385,10.794,4.728,0.357,0.535,2.409,0.803,2.052,5.977,1.606,0.446,0.0,0.357,0.0,0.524,Pressure / role player
2021,Devon Smith,20,Essendon,28.277,6.098,11.761,4.231,0.249,1.182,3.236,0.311,1.369,4.854,1.307,0.809,0.0,0.996,0.747,0.548,Small forward
2021,Dion Prestia,9,Richmond,28.835,12.913,19.37,4.567,0.0,0.157,4.252,2.677,1.26,5.827,5.984,0.157,0.0,0.157,0.157,0.465,Inside midfielder
2021,Dom Sheed,22,West Coast,26.364,12.609,19.269,5.895,0.055,0.273,4.531,2.293,1.31,2.784,6.332,0.437,0.0,0.491,0.382,0.553,Inside midfielder
2021,Dougal Howard,21,St Kilda,25.411,4.085,7.867,5.144,0.908,0.0,0.555,5.497,9.531,1.261,0.303,0.0,0.05,0.0,0.05,0.79,Key defender
2021,Dustin Martin,16,Richmond,30.055,11.144,15.498,3.395,0.664,1.107,6.199,0.221,1.919,2.657,4.207,1.181,0.0,1.402,0.886,0.554,Small forward
2021,Dylan Grimes,21,Richmond,30.099,6.62,8.736,6.403,1.194,0.0,0.814,2.55,6.565,2.55,0.326,0.109,0.0,0.0,0.0,0.556,Key defender
2021,Dylan Moore,20,Hawthorn,22.011,6.964,12.359,4.768,0.314,1.129,2.76,0.439,1.129,3.639,0.627,0.816,0.0,1.694,0.125,0.521,Small forward
2021,Dylan Shiel,8,Essendon,28.474,8.889,15.897,2.735,0.171,0.171,3.248,0.684,1.88,4.103,6.154,0.171,0.0,0.513,0.513,0.477,Pressure / role player
2021,Dyson Heppell,19,Essendon,29.293,7.283,20.257,8.078,0.428,0.122,2.693,4.468,2.999,2.876,0.796,0.367,0.0,0.122,0.122,0.587,Rebounding defender
2021,Easton Wood,15,Western Bulldogs,32.057,4.924,9.593,5.942,0.509,0.085,1.528,1.868,4.754,1.868,0.085,0.17,0.0,0.17,0.255,0.631,Key defender
2021,Ed Curnow,22,Carlton,31.786,9.15,17.266,5.773,0.109,0.327,5.174,1.58,1.144,4.357,3.704,0.871,0.0,0.545,0.163,0.641,Inside midfielder
2021,Ed Langdon,24,Melbourne,25.646,6.184,16.784,5.742,0.221,0.53,2.959,2.208,0.839,1.988,1.148,0.265,0.0,0.574,0.795,0.601,Outside midfielder
2021,Eddie Betts,19,Carlton,34.734,5.781,6.113,2.791,0.399,1.13,1.661,0.332,1.462,2.06,0.664,0.864,0.0,1.794,0.199,0.672,Small forward
2021,Elliot Yeo,12,West Coast,27.887,17.41,12.405,2.938,0.218,0.0,6.855,0.871,2.285,6.855,9.032,0.326,0.0,0.326,0.435,0.568,Inside midfielder
2021,Elliott Himmelberg,8,Adelaide,23.197,8.401,4.362,4.039,2.262,1.454,2.423,0.162,2.746,1.292,0.162,0.323,2.262,1.292,0.0,0.592,Key forward
2021,Eric Hipwood,16,Brisbane Lions,23.821,4.84,7.967,5.882,1.34,2.457,2.457,0.0,2.606,1.489,0.074,0.372,0.0,1.936,0.0,0.698,Key forward
2021,Errol Gulden,18,Sydney,19.112,7.093,12.517,5.702,0.278,0.904,4.868,0.974,1.182,3.616,1.391,1.182,0.0,0.974,0.278,0.691,Small forward
2021,Esava Ratugolea,15,Geelong,23.131,7.592,2.967,2.792,1.571,1.658,1.832,0.087,2.269,2.618,1.309,0.611,8.115,0.96,0.0,0.548,Key forward
2021,Ethan Hughes,8,Fremantle,26.602,7.512,15.649,4.538,0.0,0.156,1.721,2.817,3.912,1.878,1.095,0.156,0.0,0.0,0.156,0.54,Outside midfielder
2021,Finlay Macrae,9,Collingwood,19.422,7.312,15.02,5.138,0.0,0.395,3.36,0.395,0.0,1.779,2.174,0.395,0.0,0.198,0.0,0.395,Pressure / role player
2021,Gary Rohan,21,Geelong,30.26,5.429,7.005,4.378,1.284,1.693,2.277,0.467,1.868,2.393,0.234,0.467,0.0,1.868,0.292,0.687,Key forward
2021,George Hewett,21,Sydney,25.663,8.843,14.294,4.482,0.242,0.121,1.938,1.817,1.333,4.3,3.15,0.303,0.0,0.0,0.0,0.426,Pressure / role player
2021,Grant Birchall,23,Brisbane Lions,33.6,4.087,16.894,8.665,0.163,0.0,2.452,4.741,2.125,1.253,0.708,0.163,0.0,0.109,0.109,0.722,Rebounding defender
2021,Griffin Logue,16,Fremantle,23.359,4.853,7.792,5.195,0.957,0.0,0.478,2.597,6.357,1.504,0.0,0.0,0.0,0.0,0.137,0.614,Key defender
2021,Gryan Miers,15,Geelong,22.449,5.56,13.699,4.674,0.081,0.645,2.901,0.403,0.886,1.853,0.806,0.564,0.0,0.967,0.081,0.56,Small forward
2021,Hamish Hartlett,10,Port Adelaide,30.846,6.276,14.365,4.603,0.279,0.139,2.51,3.347,3.766,3.068,0.697,0.418,0.0,0.279,0.0,0.563,Outside midfielder
2021,Harris Andrews,23,Brisbane Lions,24.731,7.014,9.083,8.138,2.068,0.045,0.629,3.372,9.892,1.304,0.09,0.045,0.0,0.045,0.045,0.624,Key defender
2021,Harry Cunningham,21,Sydney,27.726,4.682,13.712,6.02,0.111,0.056,1.616,3.4,2.954,3.066,0.223,0.111,0.0,0.0,0.223,0.67,Rebounding defender
2021,Harry Edwards,10,West Coast,20.887,4.312,7.809,6.177,1.049,0.0,0.699,2.914,8.392,2.331,0.0,0.0,0.0,0.0,0.0,0.728,Key defender
2021,Harry Himmelberg,24,Greater Western Sydney,25.323,6.758,7.58,4.932,1.279,1.598,2.329,0.228,2.603,2.1,0.228,1.187,0.228,1.644,0.274,0.645,Small forward
2021,Harry Jones,16,Essendon,20.367,4.421,5.225,4.582,1.367,1.929,1.688,0.0,1.688,1.688,0.08,0.563,0.322,1.608,0.0,0.658,Key forward
2021,Harry McKay,19,Carlton,23.619,6.414,5.315,6.903,3.054,4.215,1.588,0.061,1.588,1.649,0.061,0.367,0.367,3.543,0.0,0.832,Key forward
2021,Harry Morrison,15,Hawthorn,22.772,5.893,15.285,6.169,0.276,0.276,2.302,2.026,1.013,3.131,1.842,0.46,0.0,0.645,0.0,0.537,Outside midfielder
2021,Harry Perryman,18,Greater Western Sydney,22.706,8.443,17.716,6.367,0.692,0.277,2.768,6.09,2.491,2.699,1.799,0.277,0.0,0.277,0.0,0.67,Rebounding defender
2021,Harry Petty,19,Melbourne,21.868,4.697,5.232,4.043,0.832,0.0,0.357,2.259,6.243,1.843,0.119,0.059,0.0,0.0,0.0,0.665,Key defender
2021,Harry Schoenberg,22,Adelaide,20.498,10.194,15.447,3.877,0.063,0.5,4.878,1.626,1.188,4.941,4.19,0.563,0.0,0.625,0.25,0.568,Inside midfielder
2021,Hayden Crozier,10,Western Bulldogs,27.561,5.797,14.888,7.773,0.527,0.0,1.581,3.953,5.007,1.845,0.132,0.264,0.0,0.0,0.132,0.698,Rebounding defender
2021,Hayden McLean,12,Sydney,22.602,5.612,5.408,5.306,2.143,2.041,1.429,0.204,3.98,2.347,0.408,0.51,3.061,1.122,0.0,0.657,Key forward
2021,Hayden Young,8,Fremantle,20.364,5.687,13.902,7.109,0.79,0.0,2.054,4.423,3.002,3.002,0.79,0.158,0.0,0.0,0.474,0.669,Rebounding defender
2021,Hugh Greenwood,15,Gold Coast,29.348,16.59,7.149,2.291,0.55,0.458,3.758,1.833,2.2,11.916,8.616,0.917,0.733,0.55,0.0,0.582,Inside midfielder
2021,Hugh McCluggage,24,Brisbane Lions,23.507,10.741,19.415,6.203,0.151,1.059,5.396,2.774,0.656,4.488,4.135,1.563,0.0,0.756,0.353,0.678,Inside midfielder
2021,Hunter Clark,13,St Kilda,22.345,9.052,17.565,5.711,0.108,0.0,2.371,2.694,1.293,4.31,2.263,0.431,0.0,0.216,0.108,0.618,Outside midfielder
2021,Isaac Cumming,24,Greater Western Sydney,23.063,6.906,14.538,6.802,1.038,0.0,2.077,7.217,3.479,2.856,0.831,0.104,0.0,0.052,0.467,0.709,Rebounding defender
2021,Isaac Heeney,21,Sydney,25.315,7.819,11.993,6.996,1.176,2.116,3.88,0.47,1.529,2.41,0.941,1.117,0.059,2.116,0.176,0.667,Small forward
2021,Isaac Quaynor,20,Collingwood,21.561,6.768,14.294,5.543,0.7,0.0,1.809,4.609,3.967,2.625,0.583,0.117,0.0,0.058,0.175,0.612,Rebounding defender
2021,Isaac Smith,24,Geelong,32.695,4.622,20.477,8.25,0.249,0.447,4.871,4.523,1.342,1.889,1.243,0.547,0.0,0.746,1.292,0.696,Rebounding defender
2021,Izak Rankine,18,Gold Coast,21.252,7.806,7.268,3.432,0.135,0.404,3.028,0.673,1.884,3.096,1.75,0.673,0.0,1.077,0.471,0.566,Small forward
2021,Jack Billings,18,St Kilda,25.947,6.522,17.391,7.444,0.264,1.186,3.821,2.042,1.186,2.306,1.252,0.593,0.0,0.922,0.066,0.604,Outside midfielder
2021,Jack Bowes,19,Gold Coast,23.55,6.394,15.689,6.394,0.396,0.132,2.637,5.933,3.56,2.505,0.989,0.132,0.0,0.066,0.923,0.76,Rebounding defender
2021,Jack Buckley,15,Greater Western Sydney,23.542,5.714,8.735,5.551,0.735,0.082,0.98,2.857,6.204,2.776,0.245,0.082,0.082,0.0,0.0,0.663,Key defender
2021,Jack Bytel,13,St Kilda,21.441,9.645,11.489,2.553,0.0,0.142,3.404,1.277,0.709,7.801,5.39,0.142,0.0,0.284,0.142,0.47,Inside midfielder
2021,Jack Crisp,22,Collingwood,27.887,10.329,20.606,7.605,0.822,0.051,4.676,4.317,3.237,4.111,3.135,0.668,0.0,0.103,0.462,0.574,Outside midfielder
2021,Jack Darling,22,West Coast,29.189,6.764,6.341,5.777,2.02,2.302,2.536,0.094,1.644,2.489,0.235,0.517,0.752,1.973,0.047,0.659,Key forward
2021,Jack Graham,22,Richmond,23.485,7.372,16.77,3.151,0.0,0.338,4.84,1.182,0.844,6.866,2.195,0.844,0.0,0.619,0.281,0.526,Inside midfielder
2021,Jack Henry,24,Geelong,23.033,5.573,9.039,6.582,1.316,0.219,1.36,2.282,5.748,1.887,0.263,0.176,0.439,0.307,0.088,0.646,Key defender
2021,Jack Higgins,19,St Kilda,22.427,7.535,10.92,5.045,0.639,1.852,3.321,0.128,0.83,2.682,0.511,0.511,0.0,1.724,0.128,0.551,Small forward
2021,Jack Lonie,11,St Kilda,24.83,3.919,10.811,3.108,0.135,0.135,2.432,0.946,0.676,2.973,0.405,0.405,0.0,0.541,0.0,0.63,Pressure / role player
2021,Jack Lukosius,22,Gold Coast,21.033,4.341,16.077,9.218,0.643,0.429,4.716,6.86,2.358,1.715,0.375,0.482,0.0,0.161,0.536,0.864,Rebounding defender
2021,Jack Macrae,26,Western Bulldogs,27.145,16.156,25.348,4.735,0.139,0.186,6.267,2.414,1.346,5.942,8.217,1.253,0.046,0.279,0.093,0.494,Inside midfielder
2021,Jack Madgen,19,Collingwood,28.326,6.383,13.564,5.851,0.532,0.066,0.864,3.324,4.189,1.263,0.532,0.066,0.0,0.066,0.066,0.523,Key defender
2021,Jack Mahony,19,North Melbourne,19.734,6.374,9.184,3.633,0.069,0.96,1.988,0.48,1.234,4.181,0.891,0.822,0.0,0.617,0.069,0.527,Pressure / role player
2021,Jack Martin,11,Carlton,26.52,5.575,10.801,7.085,0.929,1.742,3.02,0.697,1.394,3.02,1.045,1.161,0.0,0.929,0.0,0.671,Small forward
2021,Jack Newnes,19,Carlton,28.487,6.81,14.732,6.463,0.208,0.486,2.849,1.946,1.876,2.363,1.807,0.139,0.0,0.278,0.695,0.603,Outside midfielder
2021,Jack Payne,10,Brisbane Lions,21.887,5.0,9.5,6.125,1.0,0.0,0.625,2.125,6.0,2.0,0.0,0.125,0.0,0.0,0.0,0.613,Key defender
2021,Jack Petruccelle,17,West Coast,22.359,6.632,9.044,5.082,0.689,0.947,3.618,0.345,0.775,2.326,0.603,0.517,0.0,1.378,0.172,0.61,Small forward
2021,Jack Redden,18,West Coast,30.682,11.729,18.767,6.971,0.469,0.0,3.284,1.34,2.279,4.759,4.826,0.201,0.0,0.201,0.134,0.47,Inside midfielder
2021,Jack Riewoldt,22,Richmond,32.805,5.017,6.332,5.212,1.315,3.312,2.484,0.049,1.656,1.851,0.244,0.828,0.0,2.484,0.097,0.779,Key forward
2021,Jack Ross,15,Richmond,20.964,5.898,16.049,5.898,0.137,0.274,3.018,1.783,1.783,3.018,1.646,0.274,0.0,0.274,0.549,0.484,Outside midfielder
2021,Jack Scrimshaw,20,Hawthorn,22.961,6.676,19.426,8.478,0.935,0.0,2.27,4.673,2.804,1.936,1.135,0.534,0.0,0.267,0.734,0.604,Rebounding defender
2021,Jack Silvagni,15,Carlton,23.638,5.507,11.801,6.119,0.612,1.049,4.108,0.437,1.486,3.322,1.049,0.787,1.486,0.787,0.35,0.65,Small forward
2021,Jack Sinclair,21,St Kilda,26.523,8.114,17.513,5.954,0.234,0.058,3.094,4.553,2.744,2.802,1.693,0.642,0.0,0.175,0.759,0.634,Outside midfielder
2021,Jack Steele,22,St Kilda,25.69,16.31,17.807,5.508,0.321,0.535,5.615,2.032,2.246,9.947,7.38,0.642,0.0,0.695,0.321,0.484,Inside midfielder
2021,Jack Viney,15,Melbourne,27.452,14.088,14.434,3.198,0.0,0.346,5.099,1.21,1.815,9.162,6.914,0.432,0.0,0.346,0.0,0.484,Inside midfielder
2021,Jack Ziebell,21,North Melbourne,30.457,6.025,15.822,8.727,0.845,0.0,1.07,8.559,3.829,2.252,0.45,0.056,0.0,0.113,0.282,0.804,Rebounding defender
2021,Jackson Nelson,19,West Coast,25.435,5.125,10.676,5.409,0.071,0.0,1.352,3.274,3.06,1.851,0.996,0.0,0.0,0.0,0.142,0.755,Key defender
2021,Jacob Hopper,23,Greater Western Sydney,24.572,14.976,18.231,3.907,0.054,0.217,5.372,2.279,1.085,4.775,7.868,0.543,0.0,0.543,0.488,0.513,Inside midfielder
2021,Jacob Koschitzke,20,Hawthorn,21.112,4.561,5.029,4.503,1.345,2.456,1.111,0.058,2.982,2.164,0.0,0.351,0.058,1.579,0.117,0.601,Key forward
2021,Jacob Weitering,22,Carlton,23.742,6.588,9.1,7.915,1.754,0.0,0.758,6.588,9.479,1.374,0.237,0.047,0.095,0.0,0.237,0.834,Key defender
2021,Jaeger OMeara,18,Hawthorn,27.49,14.411,17.98,4.983,0.202,0.269,5.32,2.559,1.953,6.128,7.475,0.404,0.0,0.337,0.202,0.49,Inside midfielder
2021,Jaidyn Stephenson,19,North Melbourne,22.6,6.258,17.032,7.032,0.258,1.226,4.774,1.419,1.097,3.097,1.871,0.516,0.0,1.097,0.452,0.677,Outside midfielder
2021,Jake Aarts,21,Richmond,26.701,6.675,8.05,3.469,0.327,0.589,2.618,0.393,1.113,3.469,0.72,0.851,0.0,1.178,0.589,0.55,Small forward
2021,Jake Kelly,20,Adelaide,26.564,5.117,11.068,5.673,0.612,0.0,1.112,3.56,4.116,2.336,0.222,0.0,0.0,0.0,0.0,0.693,Key defender
2021,Jake Kolodjashnij,22,Geelong,26.088,4.104,10.961,6.479,0.918,0.054,1.404,1.998,5.4,1.458,0.054,0.054,0.0,0.054,0.162,0.613,Key defender
2021,Jake Lever,25,Melbourne,25.559,6.998,8.252,5.502,1.78,0.0,1.214,4.167,6.756,1.78,0.04,0.081,0.0,0.0,0.04,0.622,Key defender
2021,Jake Lloyd,22,Sydney,27.936,4.696,21.078,6.617,0.16,0.053,2.134,7.684,2.615,2.134,0.587,0.267,0.0,0.053,1.387,0.658,Rebounding defender
2021,Jake Melksham,12,Melbourne,29.961,6.55,9.607,3.639,0.146,1.164,3.202,0.291,1.601,2.62,0.873,1.164,0.0,1.164,0.0,0.542,Small forward
2021,Jake Riccardi,9,Greater Western Sydney,21.764,3.905,9.677,4.075,0.34,0.509,1.188,0.509,0.849,0.509,0.34,0.34,0.34,0.34,0.0,0.543,Pressure / role player
2021,Jake Stringer,19,Essendon,27.345,10.616,10.026,3.604,0.524,1.769,5.898,0.459,1.573,4.98,5.505,0.852,0.0,2.687,0.459,0.673,Small forward
2021,Jake Waterman,14,West Coast,23.293,4.12,12.547,8.333,0.562,1.873,2.434,1.03,1.498,2.528,0.468,0.562,0.0,1.217,0.094,0.746,Key forward
2021,Jamaine Jones,15,West Coast,22.893,5.707,7.015,2.497,0.0,0.595,2.973,1.189,0.832,5.589,0.713,0.595,0.0,1.308,0.238,0.634,Pressure / role player
2021,James Aish,22,Fremantle,25.786,6.144,16.237,5.047,0.274,0.165,3.566,3.017,2.414,2.688,1.975,0.274,0.0,0.055,0.11,0.57,Outside midfielder
2021,James Bell,12,Sydney,22.545,4.437,7.607,3.803,0.475,0.792,1.902,0.158,1.268,3.962,0.634,0.317,0.0,0.317,0.0,0.507,Pressure / role player
2021,James Cousins,10,Hawthorn,23.348,10.0,17.391,3.913,0.435,0.435,5.797,1.159,0.87,5.362,2.754,1.014,0.0,0.29,1.159,0.54,Inside midfielder
2021,James Harmes,18,Melbourne,25.972,12.053,16.289,3.798,0.292,0.511,4.383,1.68,1.68,6.866,4.164,0.365,0.0,0.511,0.292,0.406,Inside midfielder
2021,James Jordon,25,Melbourne,20.764,8.578,17.798,4.575,0.071,0.214,3.217,1.858,1.215,6.934,2.144,0.286,0.0,0.429,0.071,0.49,Pressure / role player
2021,James Madden,9,Brisbane Lions,21.709,7.496,6.648,3.536,0.424,0.0,1.556,2.263,3.112,2.263,1.556,0.0,0.0,0.141,0.0,0.495,Pressure / role player
2021,James Rowbottom,17,Sydney,20.939,10.664,13.564,3.274,0.0,0.281,4.303,2.058,1.31,9.822,4.022,0.468,0.0,0.561,0.094,0.58,Inside midfielder
2021,James Rowe,19,Adelaide,21.928,6.341,10.801,2.857,0.139,0.557,2.369,0.279,0.488,2.439,0.627,0.488,0.0,1.045,0.07,0.51,Pressure / role player
2021,James Stewart,17,Essendon,27.487,5.393,8.722,5.925,1.398,0.0,0.932,3.395,3.329,1.265,0.067,0.133,0.0,0.0,0.133,0.638,Key defender
2021,James Worpel,20,Hawthorn,22.572,10.742,15.921,3.453,0.064,0.064,4.859,1.343,1.79,5.179,5.243,0.512,0.0,0.639,0.256,0.546,Inside midfielder
2021,Jamie Cripps,22,West Coast,29.329,6.362,11.041,4.311,0.158,0.999,3.733,0.21,1.735,4.522,1.262,0.736,0.0,1.367,0.421,0.653,Small forward
2021,Jamie Elliott,13,Collingwood,29.003,8.147,11.251,5.917,0.679,2.522,3.977,0.485,2.037,3.104,1.455,0.679,0.0,2.425,0.485,0.635,Small forward
2021,Jarman Impey,13,Hawthorn,25.947,6.132,20.849,6.604,0.66,0.094,2.547,4.434,3.019,3.113,1.038,0.189,0.0,0.189,1.981,0.628,Rebounding defender
2021,Jarrod Berry,11,Brisbane Lions,23.578,6.755,13.51,3.524,0.0,0.441,3.377,1.175,1.175,4.993,2.496,0.587,0.0,0.734,0.0,0.543,Pressure / role player
2021,Jarrod Brander,11,West Coast,22.523,5.114,14.432,6.023,0.455,0.455,3.864,1.136,1.136,1.25,0.909,0.455,0.0,0.568,0.455,0.643,Outside midfielder
2021,Jarryd Lyons,24,Brisbane Lions,29.12,16.952,17.315,6.169,0.415,0.674,5.702,1.659,1.296,7.983,7.724,0.933,0.0,0.518,0.052,0.586,Inside midfielder
2021,Jason Castagna,21,Richmond,25.11,4.172,10.52,5.139,0.06,1.028,1.935,0.242,0.786,2.479,0.423,0.423,0.0,1.028,0.181,0.488,Pressure / role player
2021,Jason Johannisen,25,Western Bulldogs,28.879,4.195,10.123,3.747,0.168,0.559,3.579,0.503,1.678,2.293,0.503,0.839,0.0,0.839,0.447,0.608,Small forward
2021,Jaxon Prior,18,Brisbane Lions,20.233,4.972,10.225,4.221,0.281,0.188,3.189,1.876,1.782,2.251,1.501,0.281,0.0,0.563,0.0,0.725,Pressure / role player
2021,Jayden Hunt,20,Melbourne,26.35,5.456,12.508,4.258,0.2,0.067,3.726,2.994,1.53,3.26,0.798,0.133,0.0,0.133,1.464,0.653,Outside midfielder
2021,Jayden Laverde,23,Essendon,25.381,5.111,10.931,6.781,1.164,0.0,0.709,3.796,4.352,1.771,0.202,0.0,0.0,0.051,0.051,0.635,Key defender
2021,Jayden Short,22,Richmond,25.572,4.49,19.176,7.079,0.053,0.0,2.641,7.977,1.849,2.06,0.581,0.106,0.0,0.053,1.585,0.758,Rebounding defender
2021,Jed Bews,25,Geelong,27.739,4.988,12.296,5.728,0.198,0.099,1.827,1.975,1.58,2.469,0.84,0.198,0.0,0.148,0.099,0.637,Outside midfielder
2021,Jeremy Cameron,15,Geelong,28.444,5.659,9.135,4.608,0.889,2.425,2.749,0.0,2.021,1.293,0.323,0.728,0.0,3.153,0.081,0.674,Key forward
2021,Jeremy Finlayson,13,Greater Western Sydney,25.435,6.212,7.615,4.008,0.601,1.603,2.906,0.2,3.206,1.503,1.503,0.802,2.405,2.305,0.0,0.752,Key forward
2021,Jeremy Howe,8,Collingwood,31.148,4.885,13.13,7.023,0.916,0.0,0.611,5.191,2.748,2.901,0.0,0.153,0.0,0.153,0.153,0.705,Rebounding defender
2021,Jeremy McGovern,15,West Coast,29.334,6.561,11.628,9.219,2.076,0.0,0.914,6.478,7.558,1.246,0.249,0.083,0.748,0.0,0.0,0.797,Key defender
2021,Jeremy Sharp,9,Gold Coast,20.022,5.106,18.298,7.518,0.426,0.426,3.121,3.404,1.135,0.993,1.277,0.0,0.0,0.284,0.709,0.685,Rebounding defender
2021,Jesse Hogan,9,Greater Western Sydney,26.539,7.324,8.389,7.59,2.53,4.128,1.997,0.0,1.997,1.465,0.0,0.932,0.0,2.663,0.0,0.643,Key forward
2021,Jimmy Webster,20,St Kilda,28.151,6.217,13.613,6.086,0.393,0.0,1.113,4.647,3.861,1.898,0.654,0.0,0.0,0.065,0.393,0.637,Rebounding defender
2021,Joe Daniher,24,Brisbane Lions,27.504,6.261,8.837,5.195,1.155,1.909,3.641,0.355,1.243,1.11,0.977,0.488,2.176,2.043,0.577,0.757,Key forward
2021,Joel Selwood,24,Geelong,33.293,14.429,17.27,4.29,0.167,0.279,4.958,1.337,2.228,6.295,7.075,1.17,0.0,0.334,0.167,0.504,Inside midfielder
2021,John Noble,22,Collingwood,24.411,5.598,18.192,6.647,0.117,0.058,2.157,3.732,0.7,3.324,0.7,0.233,0.0,0.117,0.233,0.636,Outside midfielder
2021,Jonathon Ceglar,12,Hawthorn,30.515,12.528,8.949,5.928,2.125,0.559,2.573,1.454,5.817,2.908,5.369,0.112,27.852,0.224,0.0,0.372,Ruck
2021,Jordan Clark,11,Geelong,20.805,5.386,14.004,4.668,0.0,0.539,2.693,1.795,2.154,3.95,1.077,0.359,0.0,0.539,1.077,0.54,Outside midfielder
2021,Jordan Dawson,23,Sydney,24.386,7.4,16.187,6.475,1.182,0.462,3.546,5.807,4.933,3.494,0.771,0.308,0.0,0.462,0.257,0.69,Rebounding defender
2021,Jordan Ridley,22,Essendon,22.857,5.478,12.4,6.524,1.295,0.0,0.996,6.873,6.524,1.444,0.05,0.0,0.0,0.0,0.349,0.733,Key defender
2021,Jordan Roughead,21,Collingwood,30.799,4.491,8.982,6.836,0.948,0.0,0.699,3.443,7.934,1.747,0.2,0.05,0.449,0.0,0.15,0.686,Key defender
2021,Jordan de Goey,20,Collingwood,25.438,8.393,17.266,6.475,0.54,1.859,4.197,1.439,1.199,2.338,3.597,0.779,0.0,1.379,0.0,0.598,Small forward
2021,Jordon Butts,22,Adelaide,21.641,4.088,7.478,4.187,0.598,0.0,0.648,3.34,6.58,1.496,0.0,0.0,0.0,0.0,0.0,0.654,Key defender
2021,Josh Battle,16,St Kilda,22.854,6.873,11.036,5.905,0.484,0.29,1.936,2.033,2.42,4.453,0.871,0.194,0.194,0.29,0.097,0.608,Outside midfielder
2021,Josh Bruce,20,Western Bulldogs,29.167,6.225,6.686,5.764,1.729,3.112,1.902,0.231,1.671,1.499,0.346,0.403,1.614,2.767,0.0,0.624,Key forward
2021,Josh Caddy,9,Richmond,28.841,6.342,17.125,7.611,0.0,0.846,3.171,1.691,1.903,2.326,1.268,0.423,0.0,0.423,0.634,0.602,Outside midfielder
2021,Josh Corbett,16,Gold Coast,25.329,5.337,7.787,6.824,1.75,2.625,2.362,0.0,1.487,1.05,0.0,0.35,0.35,2.012,0.0,0.711,Key forward
2021,Josh Daicos,17,Collingwood,22.736,7.652,16.419,3.566,0.074,0.074,2.897,1.857,0.297,3.938,3.195,0.223,0.0,0.669,0.446,0.537,Pressure / role player
2021,Josh Dunkley,15,Western Bulldogs,24.709,12.881,17.712,4.746,0.339,0.169,2.712,1.271,3.898,6.61,5.0,0.424,0.0,0.424,0.339,0.37,Inside midfielder
2021,Josh Kelly,23,Greater Western Sydney,26.556,11.657,20.387,4.286,0.052,0.261,5.646,2.666,2.143,6.743,4.861,0.261,0.0,0.836,0.523,0.554,Inside midfielder
2021,Josh Kennedy,39,Sydney,33.972,10.183,12.475,5.403,0.72,1.965,3.405,0.72,1.375,3.962,3.635,0.851,0.065,1.473,0.065,0.514,Small forward
2021,Josh Rotham,19,West Coast,23.485,4.707,14.544,9.716,0.785,0.0,1.147,3.742,4.768,1.086,0.06,0.06,0.0,0.0,0.241,0.761,Rebounding defender
2021,Josh Schache,9,Western Bulldogs,24.096,5.418,9.288,6.347,1.084,1.238,1.238,1.858,3.715,1.703,0.464,0.464,0.774,0.774,0.0,0.713,Key forward
2021,Josh Thomas,20,Collingwood,29.89,7.069,12.128,4.574,0.0,0.693,3.049,0.485,0.901,3.534,0.901,0.762,0.0,0.832,0.0,0.556,Pressure / role player
2021,Josh Treacy,15,Fremantle,19.049,4.806,4.341,3.953,1.163,1.395,1.55,0.155,1.008,2.403,0.155,0.078,0.543,1.008,0.0,0.609,Key forward
2021,Josh Walker,21,North Melbourne,28.775,4.329,9.246,6.093,1.069,0.16,0.855,2.565,4.757,1.176,0.107,0.0,0.802,0.16,0.107,0.598,Key defender
2021,Justin McInerney,21,Sydney,21.027,6.531,17.615,6.771,0.24,0.18,3.775,1.857,2.277,1.378,1.138,0.479,0.06,0.419,0.419,0.604,Outside midfielder
2021,Jy Farrar,10,Gold Coast,24.704,4.439,13.687,6.905,0.37,0.0,0.863,2.466,3.699,1.726,0.0,0.123,0.0,0.0,1.11,0.621,Rebounding defender
2021,Jy Simpkin,22,North Melbourne,23.465,12.891,19.803,5.266,0.11,0.219,5.65,1.591,1.755,4.608,6.253,0.768,0.0,0.11,0.603,0.549,Inside midfielder
2021,Kamdyn McIntosh,17,Richmond,27.383,7.46,12.735,5.2,0.151,0.301,3.542,2.487,2.638,3.09,1.432,0.226,0.0,0.075,1.055,0.692,Outside midfielder
2021,Kane Farrell,10,Port Adelaide,22.296,5.143,12.429,3.286,0.286,0.143,3.286,0.429,0.714,3.429,1.0,0.571,0.0,0.571,0.0,0.549,Pressure / role player
2021,Kane Lambert,13,Richmond,29.712,6.936,18.015,5.202,0.096,0.771,4.239,1.156,1.927,3.854,1.156,0.963,0.0,0.578,0.0,0.511,Small forward
2021,Karl Amon,24,Port Adelaide,26.063,5.885,22.425,7.154,0.051,0.254,5.682,2.892,1.471,4.972,2.334,0.507,0.0,0.558,0.609,0.654,Outside midfielder
2021,Kayne Turner,22,North Melbourne,25.641,5.741,8.803,3.773,0.219,0.328,1.422,1.64,2.351,3.226,1.039,0.164,0.0,0.109,0.055,0.515,Pressure / role player
2021,Keidean Coleman,18,Brisbane Lions,21.43,7.493,8.646,4.227,0.768,0.48,2.402,1.057,2.113,3.074,0.865,0.576,0.0,0.576,0.0,0.549,Pressure / role player
2021,Kyle Hartigan,19,Hawthorn,29.786,4.293,6.659,3.632,0.66,0.0,0.44,2.422,6.769,0.881,0.22,0.055,0.11,0.0,0.0,0.527,Key defender
2021,Kyle Langford,17,Essendon,24.665,7.915,17.244,6.926,0.636,0.919,3.816,1.272,1.555,4.028,2.403,0.495,0.141,0.919,0.283,0.571,Outside midfielder
2021,Kysaiah Pickett,25,Melbourne,20.315,7.531,7.688,3.086,0.209,1.36,3.295,0.418,1.203,4.55,1.36,0.471,0.0,2.092,0.575,0.652,Small forward
2021,Lachie Ash,23,Greater Western Sydney,20.203,5.293,15.535,6.387,0.173,0.0,2.647,3.682,2.071,3.625,1.036,0.115,0.0,0.058,1.093,0.676,Rebounding defender
2021,Lachie Fogarty,17,Carlton,22.389,7.997,12.119,4.699,0.165,0.907,3.545,0.907,1.154,5.111,1.979,0.495,0.0,0.495,0.0,0.565,Pressure / role player
2021,Lachie Henderson,21,Geelong,31.739,4.548,9.382,6.989,0.766,0.239,1.388,4.117,4.931,1.245,0.239,0.144,0.0,0.144,0.096,0.714,Key defender
2021,Lachie Hunter,25,Western Bulldogs,26.783,6.841,19.145,5.938,0.095,0.713,4.798,1.283,2.47,2.85,2.28,1.045,0.0,0.475,0.713,0.597,Outside midfielder
2021,Lachie Neale,17,Brisbane Lions,28.282,14.931,16.667,4.583,0.0,0.208,4.931,1.944,0.417,4.861,7.431,0.556,0.0,0.556,0.347,0.479,Inside midfielder
2021,Lachie Plowman,19,Carlton,26.942,3.736,8.056,4.962,0.467,0.0,0.525,2.277,5.196,1.168,0.117,0.0,0.0,0.058,0.117,0.731,Key defender
2021,Lachie Schultz,20,Fremantle,23.706,5.542,8.123,5.038,0.378,1.448,2.645,0.189,1.196,3.401,0.252,0.504,0.0,1.385,0.0,0.673,Small forward
2021,Lachie Weller,13,Gold Coast,25.318,6.72,17.653,7.121,0.0,0.502,4.313,2.808,1.003,4.413,2.307,0.502,0.0,0.702,1.705,0.568,Outside midfielder
2021,Lachie Whitfield,17,Greater Western Sydney,27.129,6.968,21.336,7.687,0.144,0.287,3.233,4.67,2.155,2.945,1.796,0.647,0.0,0.216,1.149,0.666,Rebounding defender
2021,Lachie Young,15,North Melbourne,22.356,5.123,11.006,5.503,0.569,0.095,2.657,2.941,3.795,2.182,0.854,0.095,0.0,0.0,0.095,0.643,Key defender
2021,Lachlan Bramble,10,Hawthorn,23.339,4.306,15.55,5.263,0.239,0.239,4.545,3.828,2.033,2.273,0.478,0.837,0.0,0.12,2.512,0.65,Outside midfielder
2021,Lachlan Keeffe,8,Greater Western Sydney,31.066,3.903,6.057,4.98,1.077,0.269,0.942,1.75,7.941,2.153,0.0,0.0,2.557,0.135,0.135,0.722,Key defender
2021,Lachlan McNeil,13,Western Bulldogs,20.433,6.12,7.956,2.57,0.245,0.49,2.57,0.0,2.203,2.938,0.245,0.49,0.0,0.857,0.367,0.541,Pressure / role player
2021,Lachlan Murphy,15,Adelaide,22.715,8.235,7.873,2.262,0.0,0.452,2.805,0.271,1.176,3.077,1.9,0.452,0.0,0.814,0.09,0.568,Pressure / role player
2021,Lachlan Sholl,19,Adelaide,21.441,5.772,17.177,5.424,0.209,0.209,3.408,2.643,0.556,1.46,1.599,0.417,0.0,0.209,0.348,0.623,Outside midfielder
2021,Laitham Vandermeer,11,Western Bulldogs,22.641,6.703,7.25,3.283,0.547,1.094,2.736,0.0,1.231,3.557,0.274,1.094,0.0,0.821,0.137,0.479,Small forward
2021,Lance Franklin,18,Sydney,34.575,6.997,6.935,5.015,2.229,2.663,3.282,0.062,1.486,2.848,0.124,0.681,0.0,3.158,0.062,0.737,Key forward
2021,Levi Casboult,13,Carlton,31.435,5.95,5.182,4.511,1.631,1.344,1.44,0.096,2.495,2.399,0.96,0.288,7.582,0.768,0.0,0.694,Key forward
2021,Lewis Young,9,Western Bulldogs,22.706,6.887,7.174,3.443,1.004,0.143,1.578,2.009,6.169,2.009,1.148,0.574,10.187,0.143,0.143,0.475,Ruck
2021,Liam Baker,22,Richmond,23.564,9.787,15.09,4.811,0.219,0.383,3.554,2.132,2.952,3.335,1.64,0.601,0.0,0.383,0.164,0.534,Outside midfielder
2021,Liam Duggan,14,West Coast,24.635,6.086,16.906,7.946,0.169,0.0,2.79,3.297,1.944,2.536,0.592,0.423,0.0,0.0,0.085,0.709,Rebounding defender
2021,Liam Henry,17,Fremantle,19.983,5.977,6.947,2.989,0.565,0.889,2.504,0.565,1.05,1.454,0.808,0.485,0.0,0.808,0.808,0.693,Small forward
2021,Liam Jones,19,Carlton,30.449,6.064,6.009,5.788,1.764,0.0,1.544,3.087,8.655,1.047,0.331,0.11,0.0,0.0,0.0,0.813,Key defender
2021,Liam Ryan,14,West Coast,24.884,4.905,8.447,4.995,0.999,2.089,3.542,0.272,0.908,1.907,0.545,0.908,0.0,2.18,0.908,0.806,Small forward
2021,Liam Shiels,21,Hawthorn,30.312,7.512,18.75,5.589,0.18,0.361,4.808,1.262,1.502,5.95,2.704,0.541,0.0,0.3,0.12,0.55,Outside midfielder
2021,Liam Stocker,17,Carlton,21.575,5.564,10.46,4.303,0.148,0.0,1.929,4.451,2.967,2.745,0.593,0.148,0.0,0.148,0.074,0.685,Key defender
2021,Lincoln McCarthy,24,Brisbane Lions,27.868,8.105,7.599,3.901,0.659,1.469,3.09,0.304,1.773,4.053,1.317,1.114,0.0,1.824,0.152,0.598,Small forward
2021,Lloyd Meek,9,Fremantle,23.334,9.299,4.116,1.829,0.915,0.305,0.762,0.152,3.506,2.134,3.201,0.0,19.665,0.152,0.0,0.266,Ruck
2021,Luke Breust,19,Hawthorn,30.72,8.024,8.687,3.117,0.265,1.592,3.249,0.133,1.061,4.111,0.995,0.663,0.0,2.188,0.133,0.51,Small forward
2021,Luke Brown,11,Adelaide,28.778,4.626,10.202,4.626,0.119,0.119,1.423,5.575,3.321,3.084,0.356,0.119,0.0,0.0,0.0,0.697,Key defender
2021,Luke Dahlhaus,21,Geelong,29.016,6.869,10.106,2.708,0.198,0.661,2.114,0.264,1.651,5.218,1.057,0.793,0.0,0.462,0.066,0.407,Pressure / role player
2021,Luke Davies-Uniacke,20,North Melbourne,22.205,11.576,16.848,5.879,0.182,0.303,5.03,1.879,0.909,3.879,5.455,0.485,0.0,0.364,0.424,0.52,Inside midfielder
2021,Luke Dunstan,12,St Kilda,26.539,13.508,16.835,5.141,0.0,0.202,6.048,1.109,1.915,5.948,7.056,0.202,0.0,0.101,0.0,0.558,Inside midfielder
2021,Luke Edwards,8,West Coast,19.504,5.374,14.203,4.99,0.0,0.192,1.727,1.152,0.96,1.919,1.152,0.576,0.0,0.0,0.192,0.57,Outside midfielder
2021,Luke Jackson,24,Melbourne,19.988,8.684,8.739,3.982,1.327,1.162,1.659,0.442,2.046,2.655,1.936,0.442,14.104,0.885,0.0,0.347,Ruck
2021,Luke McDonald,11,North Melbourne,26.531,5.854,16.01,6.81,0.717,0.119,3.106,3.106,2.748,3.345,0.956,0.358,0.0,0.0,0.119,0.603,Outside midfielder
2021,Luke Parker,23,Sydney,28.841,16.703,17.405,4.703,0.486,0.703,5.027,1.676,1.73,5.73,7.892,0.919,0.0,0.811,0.162,0.465,Inside midfielder
2021,Luke Ryan,19,Fremantle,25.539,5.182,14.056,8.1,0.655,0.0,0.953,8.993,4.407,2.025,0.298,0.06,0.0,0.0,0.655,0.802,Rebounding defender
2021,Mabior Chol,10,Richmond,24.559,8.207,7.447,4.711,1.52,1.064,2.584,1.064,4.103,3.799,3.191,0.152,18.693,1.064,0.0,0.59,Ruck
2021,Marc Murphy,15,Carlton,34.071,6.313,15.445,5.299,0.0,0.564,3.608,0.902,0.676,2.706,1.917,0.676,0.0,0.902,0.113,0.602,Outside midfielder
2021,Marc Pittonet,13,Carlton,25.044,9.125,5.307,2.421,0.372,0.559,2.328,1.397,4.004,2.607,4.842,0.279,35.289,0.466,0.0,0.456,Ruck
2021,Marcus Adams,17,Brisbane Lions,28.181,6.837,7.923,5.879,1.661,0.0,1.278,3.834,7.284,1.917,0.128,0.064,0.0,0.0,0.0,0.7,Key defender
2021,Marcus Bontempelli,26,Western Bulldogs,25.835,13.269,20.018,4.742,0.866,0.866,7.843,2.28,4.514,5.791,6.521,1.094,0.365,1.414,1.277,0.57,Inside midfielder
2021,Mark Blicavs,24,Geelong,30.454,7.768,8.333,4.426,0.706,0.235,1.789,1.742,6.356,3.154,2.731,0.094,13.324,0.235,0.0,0.497,Ruck
2021,Mark OConnor,14,Geelong,24.608,7.598,12.195,4.503,0.188,0.281,1.97,1.595,2.72,3.752,3.096,0.281,0.0,0.094,0.188,0.539,Pressure / role player
2021,Marlion Pickett,18,Richmond,29.621,9.459,11.035,4.318,0.411,0.274,3.084,1.782,3.153,4.249,1.714,0.274,1.097,0.137,0.343,0.422,Pressure / role player
2021,Martin Frederick,8,Port Adelaide,21.167,5.508,10.593,3.602,0.424,0.212,1.907,1.271,1.695,2.119,0.636,0.424,0.0,0.212,0.424,0.44,Pressure / role player
2021,Mason Redman,22,Essendon,24.008,5.495,13.91,5.781,0.572,0.0,2.061,4.98,2.404,2.519,0.401,0.172,0.0,0.343,1.202,0.633,Rebounding defender
2021,Mason Wood,9,St Kilda,27.805,6.596,13.617,6.383,0.0,0.638,3.404,0.851,1.277,5.106,0.426,0.426,0.0,1.489,0.0,0.554,Pressure / role player
2021,Matt Buntine,8,Greater Western Sydney,27.797,3.993,10.069,3.646,0.0,0.0,0.868,3.299,4.514,2.951,0.347,0.0,0.0,0.174,0.0,0.705,Key defender
2021,Matt Flynn,12,Greater Western Sydney,23.843,11.455,6.071,5.384,2.864,1.26,1.718,1.26,4.467,3.436,2.864,0.229,25.2,0.573,0.0,0.385,Ruck
2021,Matt Guelfi,20,Essendon,24.041,7.615,10.878,5.828,0.544,0.389,3.186,1.01,2.953,4.196,1.399,0.311,0.0,0.466,0.389,0.525,Outside midfielder
2021,Matt Rowell,12,Gold Coast,20.14,11.659,8.894,2.644,0.0,0.0,2.284,0.841,1.562,5.889,5.288,0.361,0.0,0.24,0.0,0.391,Pressure / role player
2021,Matt de Boer,11,Greater Western Sydney,31.485,7.656,10.954,4.005,0.589,0.118,3.651,1.178,1.531,4.711,1.767,0.942,0.0,0.236,0.0,0.413,Pressure / role player
2021,Matthew Cottrell,14,Carlton,21.4,5.22,11.464,3.787,0.205,0.307,2.866,2.559,2.866,3.173,0.819,0.205,0.0,0.307,0.307,0.715,Outside midfielder
2021,Matthew Kennedy,13,Carlton,24.375,11.124,17.16,7.101,0.71,0.118,5.325,1.538,1.065,6.391,5.089,0.118,0.0,0.71,0.355,0.577,Inside midfielder
2021,Matthew Owies,13,Carlton,24.364,4.927,7.442,4.507,0.314,2.096,1.572,0.524,1.048,3.983,0.419,0.314,0.0,1.572,0.105,0.6,Small forward
2021,Matthew Taberner,16,Fremantle,28.181,5.252,7.523,6.317,1.703,3.123,2.058,0.071,0.994,0.71,0.071,0.639,0.0,2.626,0.0,0.763,Key forward
2021,Max Gawn,25,Melbourne,29.736,11.984,8.528,5.88,2.603,1.032,3.546,1.93,4.443,3.187,5.117,0.404,36.131,0.718,0.0,0.683,Ruck
2021,Max Holmes,12,Geelong,19.033,9.468,10.797,3.987,0.166,0.166,3.488,0.997,1.661,5.316,2.824,0.498,0.0,0.166,0.0,0.458,Pressure / role player
2021,Max King,20,St Kilda,21.104,7.168,4.384,5.332,2.844,3.199,1.955,0.059,1.481,0.948,0.059,0.77,0.652,2.251,0.0,0.653,Key forward
2021,Michael Gibbons,11,Carlton,26.041,7.351,12.801,4.943,0.127,0.887,4.056,1.014,2.028,3.422,2.662,0.76,0.0,1.014,0.38,0.628,Small forward
2021,Michael Hibberd,17,Melbourne,31.726,5.849,10.628,4.137,0.143,0.0,1.07,3.852,2.568,2.496,0.499,0.0,0.0,0.0,0.0,0.559,Key defender
2021,Michael Walters,16,Fremantle,30.545,6.207,11.188,4.828,0.383,0.92,2.452,0.613,1.073,2.529,1.456,0.69,0.0,1.073,0.383,0.659,Small forward
2021,Miles Bergman,23,Port Adelaide,19.898,6.351,13.948,6.289,0.311,0.249,2.366,1.993,1.619,2.615,0.996,0.187,0.0,0.436,0.125,0.612,Outside midfielder
2021,Mitch Crowden,16,Fremantle,22.318,5.915,9.982,3.142,0.092,0.555,3.142,0.185,1.017,2.68,1.109,0.924,0.0,0.462,0.0,0.419,Pressure / role player
2021,Mitch Duncan,13,Geelong,30.252,7.555,23.924,10.283,0.0,0.63,4.512,3.987,1.364,3.463,3.568,0.525,0.0,0.839,0.315,0.635,Outside midfielder
2021,Mitch Georgiades,21,Port Adelaide,19.893,5.669,7.771,5.924,1.592,2.803,2.293,0.064,1.401,2.357,0.064,0.51,0.0,2.038,0.064,0.638,Key forward
2021,Mitch Hannan,17,Western Bulldogs,27.548,5.702,6.944,4.313,0.804,1.17,2.778,0.146,0.658,3.728,0.365,0.292,0.439,1.023,0.146,0.683,Small forward
2021,Mitch Lewis,14,Hawthorn,22.851,6.266,5.848,5.597,2.089,1.921,1.838,0.167,2.089,2.339,0.334,0.418,2.423,1.838,0.084,0.641,Key forward
2021,Mitch Robinson,22,Brisbane Lions,32.244,8.206,16.354,5.744,0.176,0.234,5.275,3.634,1.876,3.751,2.872,0.528,0.0,0.41,0.176,0.691,Outside midfielder
2021,Nat Fyfe,15,Fremantle,29.849,16.475,13.689,4.754,1.311,1.148,3.934,1.311,2.705,5.0,7.049,0.738,0.0,0.492,0.902,0.427,Inside midfielder
2021,Nathan Broad,14,Richmond,28.194,5.209,12.47,7.024,0.868,0.0,1.657,3.788,5.051,1.342,0.158,0.079,0.0,0.0,0.237,0.694,Key defender
2021,Nathan Jones,8,Melbourne,33.43,5.649,14.017,4.812,0.209,0.628,3.138,1.883,0.418,2.51,1.464,0.418,0.0,0.418,0.0,0.526,Pressure / role player
2021,Nathan Murphy,15,Collingwood,21.684,4.424,10.288,5.144,0.206,0.412,1.852,2.058,1.955,1.646,0.617,0.0,0.0,0.103,0.0,0.611,Key defender
2021,Nathan Vardy,9,West Coast,30.156,4.461,3.16,2.416,0.743,0.929,1.301,0.558,4.275,2.045,1.115,0.372,17.1,0.929,0.0,0.474,Ruck
2021,Nathan Wilson,18,Fremantle,28.583,5.118,11.987,4.983,0.202,0.067,2.088,7.003,3.838,1.212,0.673,0.202,0.0,0.0,0.741,0.766,Rebounding defender
2021,Ned McHenry,21,Adelaide,21.11,6.505,10.213,3.283,0.304,0.79,1.641,0.304,1.398,4.012,0.79,0.547,0.0,0.669,0.122,0.465,Pressure / role player
2021,Nic Naitanui,22,West Coast,31.298,18.2,4.933,2.267,1.4,0.2,5.133,1.067,4.467,4.333,10.533,0.667,45.8,0.2,0.4,0.46,Ruck
2021,Nic Newman,14,Carlton,28.597,6.973,13.151,7.59,0.441,0.0,1.324,5.56,2.648,4.766,0.53,0.353,0.0,0.0,0.794,0.724,Rebounding defender
2021,Nick Blakey,17,Sydney,21.46,5.617,13.996,5.985,0.552,0.368,4.328,2.21,2.762,2.578,0.552,0.368,1.105,0.276,1.565,0.648,Outside midfielder
2021,Nick Coffield,16,St Kilda,21.83,4.921,13.175,7.063,0.397,0.159,1.19,3.571,2.381,1.984,0.397,0.0,0.0,0.079,0.317,0.697,Rebounding defender
2021,Nick Haynes,21,Greater Western Sydney,29.296,5.658,15.878,9.007,0.866,0.058,1.559,4.33,5.196,0.982,0.346,0.058,0.0,0.058,0.52,0.678,Rebounding defender
2021,Nick Hind,22,Essendon,27.008,6.953,19.718,6.192,0.326,0.109,3.911,4.4,2.064,2.444,1.032,0.706,0.0,0.217,2.173,0.742,Rebounding defender
2021,Nick Holman,16,Gold Coast,26.134,7.449,10.274,5.736,0.771,1.027,2.997,0.685,1.541,6.164,1.113,0.685,0.0,0.856,0.0,0.541,Pressure / role player
2021,Nick Larkey,22,North Melbourne,23.211,5.316,5.947,4.421,1.316,2.316,1.526,0.105,1.474,1.421,0.316,0.368,1.579,2.211,0.158,0.586,Key forward
2021,Nick Murray,13,Adelaide,20.657,4.855,5.318,3.353,0.694,0.231,1.04,3.353,9.48,2.081,0.116,0.0,0.116,0.116,0.0,0.778,Key defender
2021,Nick Vlastuin,12,Richmond,27.339,5.473,13.234,8.159,0.697,0.1,1.194,6.269,4.876,2.687,0.398,0.299,0.0,0.0,0.1,0.711,Rebounding defender
2021,Nik Cox,22,Essendon,19.619,5.761,10.895,5.072,0.501,0.501,2.317,1.19,1.691,2.943,1.252,0.063,0.751,0.564,0.564,0.587,Outside midfielder
2021,Noah Anderson,20,Gold Coast,20.507,11.591,18.991,5.435,0.065,0.131,3.798,2.685,1.703,3.929,5.435,0.262,0.0,0.0,1.113,0.583,Inside midfielder
2021,Noah Balta,14,Richmond,21.671,5.367,10.197,5.814,1.789,0.089,1.431,3.846,4.472,1.61,0.537,0.089,1.252,0.179,0.447,0.705,Key defender
2021,Oleg Markov,17,Gold Coast,25.211,6.094,15.547,8.359,0.469,0.0,2.422,4.062,2.969,2.969,0.391,0.234,0.0,0.078,4.531,0.682,Rebounding defender
2021,Oliver Florent,23,Sydney,23.101,7.551,16.397,5.016,0.27,0.324,4.099,2.373,1.888,2.697,2.643,0.378,0.0,0.485,0.593,0.626,Outside midfielder
2021,Oliver Hanrahan,13,Hawthorn,22.983,5.806,10.19,3.673,0.118,0.948,2.133,0.118,0.829,1.54,0.118,0.355,0.0,0.948,0.118,0.504,Pressure / role player
2021,Oliver Henry,10,Collingwood,19.066,3.463,9.524,6.349,1.01,2.309,1.876,0.289,0.866,1.299,0.0,1.01,0.0,1.01,0.0,0.67,Key forward
2021,Ollie Wines,24,Port Adelaide,26.928,19.084,22.21,5.391,0.647,0.593,6.739,2.102,1.617,5.66,7.655,0.755,0.0,0.539,0.162,0.466,Inside midfielder
2021,Orazio Fantasia,15,Port Adelaide,25.991,4.954,9.74,4.03,0.084,1.679,4.114,0.084,0.756,2.519,0.672,0.672,0.0,2.351,0.336,0.708,Small forward
2021,Oscar Allen,21,West Coast,22.424,5.692,6.866,5.81,2.171,2.113,1.702,0.998,3.638,2.289,0.528,0.646,1.819,1.643,0.059,0.726,Key forward
2021,Oscar McInerney,23,Brisbane Lions,27.153,12.322,4.423,2.791,1.316,0.421,3.107,2.58,4.845,2.686,6.688,0.158,35.387,0.316,0.0,0.518,Ruck
2021,Paddy Dow,17,Carlton,21.846,10.102,12.326,2.595,0.0,0.371,3.614,1.297,0.463,3.614,4.449,0.834,0.0,0.371,0.649,0.393,Pressure / role player
2021,Paddy Ryder,12,St Kilda,33.361,8.018,5.011,4.12,1.67,0.557,3.229,0.557,4.566,3.341,3.229,0.223,40.312,0.557,0.0,0.695,Ruck
2021,Patrick Cripps,20,Carlton,26.427,14.643,13.69,3.75,0.714,0.179,3.75,0.655,1.845,5.06,6.369,0.655,0.179,0.774,0.357,0.348,Inside midfielder
2021,Patrick Dangerfield,16,Geelong,31.433,17.869,14.519,6.1,1.546,1.031,7.302,1.718,2.749,4.553,8.333,1.289,0.0,0.687,0.515,0.571,Inside midfielder
2021,Patrick Lipinski,11,Western Bulldogs,23.038,5.572,17.922,5.873,0.151,0.452,3.012,2.56,1.205,3.313,1.958,0.602,0.0,0.301,0.0,0.484,Outside midfielder
2021,Paul Seedsman,22,Adelaide,29.58,7.454,24.075,6.516,0.11,0.11,6.902,3.368,0.828,2.816,2.43,0.773,0.0,0.663,1.712,0.605,Outside midfielder
2021,Peter Ladhams,17,Port Adelaide,23.657,8.884,7.783,4.258,1.322,1.101,2.863,0.734,2.643,2.937,2.349,0.441,16.74,0.954,0.0,0.558,Ruck
2021,Peter Wright,21,Essendon,24.972,7.652,7.416,5.297,1.942,2.001,1.589,1.059,4.826,2.178,1.295,0.412,12.242,1.707,0.118,0.593,Key forward
2021,Phil Davis,11,Greater Western Sydney,31.011,5.065,8.127,5.536,1.06,0.0,0.589,2.356,5.418,1.885,0.0,0.118,0.0,0.0,0.118,0.577,Key defender
2021,Quinton Narkle,16,Geelong,23.695,12.134,19.107,5.16,0.0,0.837,4.324,1.395,0.837,3.487,5.579,0.418,0.0,0.558,0.0,0.4,Inside midfielder
2021,Reece Conca,10,Fremantle,28.832,5.54,12.465,4.848,0.139,0.0,0.831,3.601,3.047,2.493,0.277,0.0,0.0,0.0,0.277,0.504,Key defender
2021,Reilly OBrien,20,Adelaide,25.964,10.605,5.608,3.942,2.11,0.167,2.11,1.444,4.109,3.054,4.275,0.222,32.482,0.111,0.0,0.469,Ruck
2021,Rhyan Mansell,13,Richmond,21.192,4.357,10.675,3.813,0.0,0.0,1.634,3.922,3.268,3.159,0.327,0.0,0.0,0.109,0.109,0.632,Key defender
2021,Rhys Mathieson,15,Brisbane Lions,24.63,10.619,14.159,5.31,0.295,0.442,3.982,1.917,0.295,5.752,5.31,0.295,0.0,0.295,0.147,0.497,Inside midfielder
2021,Rhys Stanley,19,Geelong,30.775,9.24,10.448,5.259,1.208,0.995,3.554,0.853,5.686,2.345,4.335,0.213,27.79,0.569,0.0,0.541,Ruck
2021,Riley Bonner,14,Port Adelaide,24.515,4.44,19.334,6.198,0.0,0.0,3.238,4.255,2.035,1.48,0.555,0.555,0.0,0.185,0.093,0.738,Rebounding defender
2021,Riley Collier-Dawkins,9,Richmond,21.545,9.484,13.644,3.494,0.0,0.499,3.494,0.499,0.998,5.324,4.992,0.166,0.0,0.499,0.166,0.439,Pressure / role player
2021,Riley Garcia,9,Western Bulldogs,20.537,7.668,8.626,2.236,0.16,0.479,3.514,0.479,1.118,2.716,0.958,0.799,0.0,0.639,0.639,0.553,Small forward
2021,Riley Thilthorpe,14,Adelaide,19.126,7.686,6.026,3.843,1.397,1.485,1.223,0.175,2.795,1.659,0.699,0.349,2.183,1.572,0.0,0.618,Key forward
2021,Roarke Smith,14,Western Bulldogs,25.038,8.103,9.091,2.866,0.494,0.099,2.174,0.988,3.557,3.36,1.087,0.296,0.0,0.296,0.296,0.473,Pressure / role player
2021,Robbie Fox,15,Sydney,28.367,5.731,12.225,3.82,0.287,0.096,1.528,2.961,5.349,2.674,0.382,0.382,0.096,0.0,0.478,0.522,Key defender
2021,Robbie Gray,18,Port Adelaide,33.452,9.553,12.127,4.539,0.407,1.558,2.778,0.542,1.287,3.252,3.591,1.22,0.0,1.355,0.271,0.494,Small forward
2021,Robbie Tarrant,10,North Melbourne,32.326,3.559,12.811,7.948,0.593,0.0,0.474,3.915,5.219,1.186,0.119,0.119,0.0,0.0,0.0,0.717,Key defender
2021,Rory Atkins,8,Gold Coast,27.11,4.587,12.11,2.936,0.0,0.0,3.486,0.917,0.917,1.651,1.651,0.734,0.0,0.367,0.0,0.534,Pressure / role player
2021,Rory Laird,22,Adelaide,27.646,18.888,22.19,4.751,0.116,0.174,4.693,2.723,0.927,7.532,8.691,0.869,0.0,0.174,0.232,0.446,Inside midfielder
2021,Rory Lobb,13,Fremantle,28.427,6.705,7.368,6.043,2.152,2.318,2.152,0.662,2.732,1.242,1.159,0.497,4.47,1.656,0.0,0.643,Key forward
2021,Rory Sloane,18,Adelaide,31.433,14.634,12.06,4.539,0.339,0.136,4.539,1.897,3.388,5.894,6.436,0.61,0.0,0.203,0.136,0.493,Inside midfielder
2021,Rowan Marshall,13,St Kilda,25.742,13.854,8.125,6.562,2.812,1.354,3.333,1.042,3.438,4.062,3.333,0.312,25.104,0.938,0.0,0.675,Ruck
2021,Ryan Burton,24,Port Adelaide,24.611,6.366,14.309,7.236,0.653,0.054,2.448,5.55,2.394,3.319,0.871,0.381,0.0,0.0,0.0,0.739,Rebounding defender
2021,Ryan Byrnes,16,St Kilda,20.304,6.206,15.035,6.643,0.262,0.262,2.535,1.923,0.524,2.535,1.748,0.612,0.0,0.524,0.0,0.53,Outside midfielder
2021,Ryan Gardner,9,Western Bulldogs,24.279,3.434,4.396,2.747,0.549,0.0,0.275,1.648,8.516,0.687,0.137,0.0,0.0,0.0,0.0,0.673,Key defender
2021,Ryan Lester,17,Brisbane Lions,29.025,5.303,10.0,5.455,0.682,0.076,1.061,2.424,5.455,2.424,0.076,0.0,0.0,0.076,0.0,0.566,Key defender
2021,Sam Berry,17,Adelaide,19.463,7.301,6.235,2.215,0.328,0.246,2.297,0.246,1.559,5.66,1.395,0.492,0.0,0.41,0.0,0.39,Pressure / role player
2021,Sam Collins,19,Gold Coast,27.183,5.145,8.11,6.655,1.342,0.0,0.559,3.468,9.396,1.79,0.112,0.0,0.0,0.0,0.112,0.661,Key defender
2021,Sam Docherty,14,Carlton,27.693,6.919,19.11,8.814,0.577,0.0,2.471,6.343,2.389,2.554,1.647,0.247,0.0,0.0,0.577,0.741,Rebounding defender
2021,Sam Draper,13,Essendon,22.917,8.674,3.899,3.021,1.462,0.682,3.119,2.047,5.263,2.242,5.556,0.292,30.799,0.195,0.097,0.649,Ruck
2021,Sam Flanders,16,Gold Coast,20.022,6.623,10.634,4.291,0.0,0.466,3.731,0.466,0.653,5.784,1.679,0.56,0.0,0.373,0.0,0.508,Pressure / role player
2021,Sam Frost,22,Hawthorn,27.98,6.699,8.998,5.477,1.369,0.0,0.636,3.912,4.939,2.152,0.244,0.0,0.147,0.0,0.293,0.583,Key defender
2021,Sam Mayes,11,Port Adelaide,27.252,6.429,10.0,4.048,1.19,1.429,2.143,0.476,1.429,4.762,1.19,0.238,0.0,1.19,0.0,0.5,Pressure / role player
2021,Sam Menegola,23,Geelong,29.512,9.872,18.57,6.67,0.267,0.64,4.482,2.721,2.028,2.775,3.095,0.747,0.0,0.64,0.053,0.608,Outside midfielder
2021,Sam Petrevski-Seton,14,Carlton,23.482,6.971,15.086,6.4,0.571,0.457,1.6,2.743,2.057,2.971,1.143,0.229,0.0,0.114,0.229,0.677,Outside midfielder
2021,Sam Powell-Pepper,16,Port Adelaide,23.674,9.268,12.195,3.805,0.293,0.585,5.268,0.39,0.976,5.951,2.341,0.683,0.0,0.976,0.0,0.525,Pressure / role player
2021,Sam Reid,25,Greater Western Sydney,31.805,5.595,5.696,3.528,0.907,0.806,1.613,1.058,2.974,3.175,0.857,0.655,3.931,0.504,0.0,0.545,Pressure / role player
2021,Sam Switkowski,12,Fremantle,24.753,8.127,9.541,4.24,0.589,0.942,3.651,0.471,2.356,3.769,1.413,0.589,0.0,1.06,0.471,0.541,Small forward
2021,Sam Taylor,19,Greater Western Sydney,22.331,7.524,8.366,6.513,1.46,0.0,0.561,3.93,8.366,2.246,0.225,0.0,0.0,0.0,0.056,0.601,Key defender
2021,Sam Walsh,22,Carlton,21.137,13.111,21.228,6.608,0.364,0.364,4.422,1.457,0.884,5.203,5.359,0.78,0.0,0.624,0.468,0.454,Inside midfielder
2021,Sam Wicks,22,Sydney,21.953,5.527,8.636,3.742,0.345,0.921,2.13,0.345,1.324,5.124,0.345,0.461,0.0,0.979,0.23,0.584,Pressure / role player
2021,Scott Lycett,20,Port Adelaide,28.958,10.33,8.682,3.549,0.253,0.57,3.105,1.204,4.626,4.88,4.056,0.317,32.953,0.38,0.063,0.476,Ruck
2021,Scott Pendlebury,18,Collingwood,33.539,12.775,16.82,4.755,0.213,0.142,4.116,1.703,1.49,4.897,5.607,1.419,0.0,0.284,0.426,0.472,Inside midfielder
2021,Sean Darcy,21,Fremantle,23.194,13.529,7.588,5.294,2.294,1.471,3.412,0.824,2.824,3.765,5.765,0.235,35.235,0.706,0.059,0.447,Ruck
2021,Sean Lemmens,21,Gold Coast,26.799,4.933,10.157,4.411,0.754,0.0,1.567,3.656,2.089,2.554,0.348,0.0,0.0,0.0,0.058,0.731,Key defender
2021,Sebastian Ross,20,St Kilda,28.293,8.124,16.965,5.436,0.119,0.119,3.584,2.091,2.031,3.644,3.584,0.418,0.0,0.299,0.657,0.536,Outside midfielder
2021,Shai Bolton,20,Richmond,22.701,10.319,14.312,5.037,0.676,1.413,5.897,0.369,1.106,3.378,4.361,1.229,0.0,1.413,1.229,0.529,Small forward
2021,Shane Edwards,16,Richmond,32.799,8.983,13.911,3.736,0.159,0.477,3.259,2.226,2.226,2.862,3.816,0.556,0.0,0.636,0.318,0.507,Pressure / role player
2021,Shane McAdam,15,Adelaide,26.235,5.51,6.143,5.059,1.174,2.529,1.445,0.09,1.174,3.071,0.361,0.542,0.0,2.258,0.09,0.622,Key forward
2021,Shane Mumford,14,Greater Western Sydney,35.164,9.441,4.4,1.742,0.458,0.275,1.375,1.283,5.408,6.233,5.866,0.458,33.364,0.367,0.0,0.31,Ruck
2021,Shannon Hurn,15,West Coast,33.928,5.977,16.414,9.772,1.233,0.0,2.277,8.539,2.372,2.277,0.285,0.19,0.0,0.0,0.664,0.795,Rebounding defender
2021,Shaun Atley,20,North Melbourne,28.939,4.93,16.068,6.512,0.122,0.0,1.522,3.348,1.704,1.582,0.304,0.122,0.0,0.061,0.852,0.552,Rebounding defender
2021,Shaun Burgoyne,18,Hawthorn,38.832,4.545,11.532,3.872,0.168,0.084,2.02,4.798,3.451,2.609,0.589,0.084,0.0,0.084,0.253,0.613,Rebounding defender
2021,Shaun Higgins,18,Geelong,33.52,7.063,19.921,6.349,0.0,0.794,3.968,0.952,1.032,3.889,2.698,0.952,0.0,0.317,0.317,0.47,Outside midfielder
2021,Steele Sidebottom,21,Collingwood,30.635,9.459,19.088,6.496,0.0,0.342,3.533,1.595,1.709,3.533,3.875,0.57,0.0,0.456,0.57,0.544,Outside midfielder
2021,Stefan Martin,9,Western Bulldogs,34.854,10.22,4.717,1.73,0.629,0.0,0.629,0.314,3.145,2.673,3.931,0.314,24.214,0.157,0.0,0.312,Ruck
2021,Steven May,23,Melbourne,29.706,4.289,8.858,5.828,1.212,0.0,0.886,6.62,7.04,1.119,0.28,0.093,0.0,0.0,0.093,0.848,Key defender
2021,Steven Motlop,19,Port Adelaide,30.501,5.167,14.585,5.298,0.327,1.308,2.616,0.719,1.112,3.074,0.392,0.654,0.0,0.85,0.654,0.569,Small forward
2021,Tanner Bruhn,13,Greater Western Sydney,19.271,6.557,7.24,2.186,0.0,0.137,3.279,0.683,1.639,4.508,1.503,0.683,0.0,0.546,0.41,0.554,Pressure / role player
2021,Tarryn Thomas,21,North Melbourne,21.411,10.138,14.268,6.008,0.563,1.189,5.569,1.502,1.502,4.506,3.504,0.939,0.0,1.502,1.314,0.61,Small forward
2021,Taylor Adams,14,Collingwood,27.92,17.824,17.917,4.315,0.281,0.094,5.91,1.407,2.064,7.317,9.381,0.281,0.0,0.188,0.375,0.51,Inside midfielder
2021,Taylor Duryea,25,Western Bulldogs,30.422,5.387,14.713,6.584,0.499,0.0,2.494,3.94,3.491,2.394,0.549,0.249,0.0,0.05,0.2,0.643,Rebounding defender
2021,Taylor Walker,17,Adelaide,31.266,9.221,6.626,6.148,2.254,3.005,2.732,0.068,1.571,1.571,1.23,0.82,2.732,3.279,0.0,0.683,Key forward
2021,Tim English,22,Western Bulldogs,24.126,7.951,8.117,5.687,1.712,1.601,1.767,0.883,3.534,3.479,2.264,0.276,18.829,1.049,0.221,0.566,Ruck
2021,Tim Kelly,19,West Coast,27.055,13.572,17.691,4.186,0.068,0.068,5.537,1.621,0.945,4.321,6.82,1.013,0.0,0.405,0.743,0.54,Inside midfielder
2021,Tim Membrey,21,St Kilda,27.241,6.179,10.093,7.775,1.648,2.678,3.399,0.412,2.729,1.133,0.154,0.721,0.618,1.751,0.103,0.728,Key forward
2021,Tim OBrien,19,Hawthorn,27.4,5.537,8.438,5.933,1.648,0.923,1.978,1.846,4.153,2.109,0.264,0.461,0.791,0.791,0.0,0.671,Key forward
2021,Tim Taranto,24,Greater Western Sydney,23.597,12.006,18.896,5.978,0.253,0.456,5.218,2.026,1.418,6.434,5.167,0.405,0.0,0.659,0.051,0.584,Inside midfielder
2021,Tobe Watson,11,Fremantle,23.717,3.532,11.449,6.212,0.244,0.122,0.853,2.314,4.019,1.462,0.244,0.0,0.0,0.122,0.0,0.589,Key defender
2021,Toby Greene,18,Greater Western Sydney,27.923,9.527,9.957,4.794,1.414,2.151,4.61,0.184,1.168,2.397,1.291,0.983,0.123,2.766,0.246,0.751,Small forward
2021,Toby Nankervis,16,Richmond,27.003,13.469,8.245,4.0,0.653,0.245,2.776,2.122,4.98,4.653,5.633,0.082,29.388,0.082,0.0,0.427,Ruck
2021,Todd Goldstein,22,North Melbourne,33.142,7.924,8.175,4.012,0.652,0.602,2.708,0.451,4.313,2.106,3.811,0.351,32.849,0.602,0.0,0.51,Ruck
2021,Todd Marshall,21,Port Adelaide,22.925,6.644,8.651,5.882,1.592,2.284,2.63,0.554,2.907,1.869,0.346,0.9,0.346,1.661,0.0,0.743,Key forward
2021,Tom Atkins,22,Geelong,25.977,8.064,13.549,4.608,0.274,0.0,1.81,2.304,1.865,4.114,1.481,0.219,0.0,0.0,0.055,0.551,Pressure / role player
2021,Tom Barrass,16,West Coast,25.868,5.671,10.194,8.399,2.01,0.0,1.077,2.872,9.476,0.718,0.072,0.0,0.072,0.0,0.144,0.76,Key defender
2021,Tom Berry,11,Brisbane Lions,20.271,5.248,5.539,1.749,0.0,0.583,2.332,0.0,1.458,5.831,0.292,0.583,0.0,0.583,0.0,0.378,Pressure / role player
2021,Tom Campbell,9,North Melbourne,29.761,9.132,6.138,5.24,1.497,1.198,1.796,0.299,1.647,2.096,2.246,0.299,14.521,0.898,0.0,0.49,Ruck
2021,Tom Clurey,11,Port Adelaide,27.394,5.989,8.77,6.524,1.818,0.0,0.214,2.888,6.524,1.283,0.107,0.0,0.0,0.0,0.107,0.736,Key defender
2021,Tom Cole,22,West Coast,24.233,3.917,12.078,5.713,0.381,0.0,1.36,2.448,3.21,2.394,0.435,0.218,0.0,0.0,0.109,0.674,Key defender
2021,Tom Cutler,13,Essendon,26.52,5.174,15.403,6.137,0.241,0.12,2.407,3.61,2.046,1.925,0.361,0.602,0.0,0.12,1.083,0.635,Outside midfielder
2021,Tom De Koning,13,Carlton,22.099,6.488,7.003,4.119,1.339,1.236,1.545,0.824,1.648,2.781,3.193,0.103,22.554,0.721,0.0,0.659,Ruck
2021,Tom Doedee,21,Adelaide,24.476,7.598,9.738,5.35,1.605,0.054,1.07,4.869,7.598,2.515,0.321,0.054,0.0,0.054,0.214,0.583,Key defender
2021,Tom Fullarton,12,Brisbane Lions,22.528,6.512,7.064,2.428,0.552,0.442,1.325,0.552,2.097,2.318,1.876,0.662,4.636,0.331,0.0,0.416,Pressure / role player
2021,Tom Green,18,Greater Western Sydney,20.594,14.028,14.812,4.232,0.235,0.549,3.213,1.254,1.489,4.154,5.956,0.313,0.078,0.549,0.313,0.387,Inside midfielder
2021,Tom Hawkins,25,Geelong,33.14,7.164,7.58,5.373,1.499,3.457,1.541,0.083,1.624,2.082,1.041,0.833,3.832,2.582,0.0,0.629,Key forward
2021,Tom Hickey,21,Sydney,30.479,12.692,8.323,3.542,0.649,0.413,3.778,1.417,5.254,2.656,6.139,0.354,29.811,0.59,0.0,0.556,Ruck
2021,Tom Highmore,13,St Kilda,23.449,6.81,11.805,7.491,1.362,0.0,1.022,2.384,3.519,3.519,0.341,0.0,0.0,0.0,0.227,0.564,Key defender
2021,Tom Jonas,24,Port Adelaide,30.671,4.876,8.098,5.79,0.827,0.0,0.827,4.963,7.488,1.611,0.261,0.087,0.0,0.0,0.0,0.734,Key defender
2021,Tom Liberatore,25,Western Bulldogs,29.361,17.285,13.879,3.305,0.102,0.508,5.541,1.779,2.339,6.863,9.609,0.407,0.0,0.712,0.051,0.477,Inside midfielder
2021,Tom Lynch,30,Richmond,30.934,6.818,9.515,5.817,1.387,2.35,2.812,0.231,1.888,1.656,0.693,0.963,0.924,1.656,0.0,0.626,Key forward
2021,Tom McCartin,22,Sydney,21.66,5.607,9.02,5.412,1.219,0.0,0.585,3.169,7.752,1.121,0.439,0.049,0.0,0.0,0.293,0.66,Key defender
2021,Tom McDonald,23,Melbourne,29.019,7.352,9.82,6.272,1.44,1.645,3.342,0.411,2.828,2.622,0.36,1.131,1.491,1.697,0.051,0.674,Key forward
2021,Tom Mitchell,22,Hawthorn,28.225,13.767,27.317,5.312,0.054,0.271,4.932,2.656,0.759,5.691,5.637,0.542,0.0,0.434,0.379,0.426,Inside midfielder
2021,Tom Papley,23,Sydney,25.126,6.375,9.163,4.432,0.199,1.594,3.436,0.1,0.996,1.693,1.345,1.096,0.0,2.141,0.349,0.735,Small forward
2021,Tom Phillips,22,Hawthorn,25.29,7.151,15.709,5.236,0.338,0.225,2.421,1.802,0.732,2.646,1.802,0.282,0.0,0.732,0.169,0.594,Outside midfielder
2021,Tom Powell,13,North Melbourne,19.298,7.07,15.164,4.816,0.102,0.205,3.689,1.844,0.717,4.918,2.254,0.615,0.0,0.41,0.102,0.493,Pressure / role player
2021,Tom Sparrow,21,Melbourne,21.32,8.008,12.329,4.215,0.421,0.527,3.899,1.264,2.002,6.006,2.213,0.421,0.0,0.738,0.0,0.548,Pressure / role player
2021,Tom Stewart,20,Geelong,28.394,6.741,17.468,10.434,1.407,0.0,2.052,7.151,4.279,1.231,0.352,0.234,0.0,0.0,0.469,0.788,Rebounding defender
2021,Tom Williamson,11,Carlton,22.69,3.44,10.894,4.931,0.115,0.344,2.179,2.408,2.294,1.835,0.573,0.229,0.0,0.229,0.115,0.669,Outside midfielder
2021,Touk Miller,21,Gold Coast,25.493,14.759,23.345,5.331,0.112,0.112,5.107,2.862,1.74,8.361,6.734,0.449,0.056,0.449,0.168,0.5,Inside midfielder
2021,Travis Boak,23,Port Adelaide,33.112,15.979,18.767,3.592,0.107,0.536,5.201,1.34,1.448,5.898,7.668,1.072,0.0,0.429,0.107,0.477,Inside midfielder
2021,Travis Colyer,22,Fremantle,29.994,5.368,10.127,4.151,0.166,0.443,3.486,0.609,0.775,2.435,0.664,0.885,0.0,0.83,0.719,0.701,Small forward
2021,Trent Bianco,12,Collingwood,20.586,4.396,13.919,6.471,0.244,0.855,2.198,1.343,0.611,2.564,0.855,0.366,0.0,0.855,0.122,0.68,Outside midfielder
2021,Trent Cotchin,17,Richmond,31.35,13.008,15.935,4.309,0.081,0.163,4.634,2.195,2.276,4.634,5.528,0.163,0.0,0.163,0.0,0.584,Inside midfielder
2021,Trent Dumont,14,North Melbourne,26.145,5.362,17.605,6.702,0.089,0.0,3.575,3.396,1.877,2.324,1.877,0.268,0.0,0.0,0.0,0.672,Outside midfielder
2021,Trent McKenzie,14,Port Adelaide,29.441,4.646,8.11,6.614,1.339,0.0,0.787,6.063,5.118,1.89,0.157,0.0,0.0,0.079,0.0,0.859,Key defender
2021,Trent Rivers,25,Melbourne,20.156,6.67,13.854,5.758,0.627,0.0,2.338,4.219,3.478,2.223,0.684,0.057,0.0,0.057,0.513,0.638,Rebounding defender
2021,Trey Ruscoe,9,Collingwood,19.778,4.932,12.415,4.592,0.34,0.34,1.19,3.231,1.701,2.551,0.0,0.34,0.0,0.34,0.34,0.689,Outside midfielder
2021,Tristan Xerri,8,North Melbourne,22.378,6.954,3.642,2.318,0.662,0.331,1.49,0.0,3.311,2.815,0.993,0.166,9.768,0.166,0.0,0.433,Ruck
2021,Tyler Brockman,11,Hawthorn,18.745,4.947,7.888,3.61,0.401,1.604,1.738,0.134,1.604,3.075,0.802,0.802,0.0,1.337,0.401,0.531,Small forward
2021,Wil Powell,22,Gold Coast,21.986,6.401,12.211,6.186,0.646,0.0,1.291,5.433,4.734,2.905,0.646,0.108,0.0,0.054,0.323,0.662,Rebounding defender
2021,Will Hamill,17,Adelaide,20.72,6.457,7.947,2.235,0.331,0.0,1.159,1.987,1.821,2.897,0.579,0.083,0.0,0.0,0.0,0.543,Pressure / role player
2021,Will Hayward,20,Sydney,22.838,5.723,7.653,5.209,0.965,1.479,2.058,0.064,1.608,3.859,0.322,0.707,0.0,1.801,0.064,0.641,Small forward
2021,Will Hoskin-Elliott,20,Collingwood,27.969,5.124,13.545,7.303,0.589,0.883,3.357,1.178,1.767,2.65,0.942,0.824,0.0,0.766,0.412,0.678,Small forward
2021,Will Phillips,16,North Melbourne,19.252,7.008,10.456,3.448,0.222,0.222,2.002,0.334,1.112,3.671,2.113,0.334,0.0,0.334,0.111,0.467,Pressure / role player
2021,Will Setterfield,8,Carlton,23.424,9.016,11.803,5.738,0.164,0.328,3.77,1.148,1.311,2.787,3.607,0.328,0.0,0.164,0.164,0.597,Outside midfielder
2021,Will Snelling,20,Essendon,24.063,6.559,14.609,4.413,0.06,0.954,2.803,1.431,1.491,5.903,1.849,0.537,0.0,0.716,0.06,0.438,Pressure / role player
2021,Willem Drew,24,Port Adelaide,22.945,12.434,12.376,3.036,0.292,0.234,3.619,1.051,2.452,9.574,5.487,0.467,0.0,0.234,0.058,0.417,Inside midfielder
2021,Xavier Duursma,11,Port Adelaide,21.181,7.029,16.553,5.896,0.34,0.34,4.082,1.474,0.794,3.288,1.247,0.0,0.0,0.34,0.454,0.536,Outside midfielder
2021,Xavier OHalloran,17,Greater Western Sydney,21.112,5.443,10.184,3.687,0.088,0.263,3.336,1.493,2.019,1.932,1.229,0.527,0.0,0.439,0.0,0.689,Pressure / role player
2021,Xavier ONeill,8,West Coast,20.991,6.275,11.176,3.137,0.392,0.196,2.941,0.588,1.765,2.941,1.569,0.392,0.0,0.196,0.0,0.56,Pressure / role player
2021,Zac Bailey,24,Brisbane Lions,21.947,9.37,13.364,3.943,0.154,0.666,5.274,1.28,1.895,3.482,3.379,0.87,0.0,1.587,0.051,0.62,Small forward
2021,Zac Fisher,10,Carlton,23.183,7.566,13.367,2.9,0.378,0.883,3.531,0.757,1.135,3.026,2.144,1.135,0.0,0.504,1.009,0.535,Small forward
2021,Zac Langdon,17,West Coast,25.753,6.293,9.524,4.677,0.425,1.105,0.85,0.68,1.19,2.976,0.085,0.68,0.0,0.51,0.0,0.445,Pressure / role player
2021,Zac Smith,9,Gold Coast,31.493,9.475,3.644,1.458,0.292,0.292,1.166,0.437,5.248,3.353,4.227,0.146,27.843,0.437,0.0,0.333,Ruck
2021,Zac Williams,14,Carlton,26.841,8.844,15.063,5.345,0.292,0.389,4.568,4.665,1.846,2.527,2.721,0.583,0.0,0.486,1.263,0.761,Outside midfielder
2021,Zach Guthrie,13,Geelong,23.197,5.694,13.286,6.05,0.474,0.0,2.491,1.898,3.321,3.796,0.237,0.0,0.0,0.0,0.237,0.75,Rebounding defender
2021,Zach Merrett,23,Essendon,25.903,10.912,27.201,5.113,0.053,0.211,6.695,2.847,2.214,5.904,4.533,1.054,0.0,0.211,0.633,0.498,Inside midfielder
2021,Zach Sproule,10,Greater Western Sydney,23.312,5.783,7.193,3.808,0.705,0.846,1.693,0.282,1.975,3.667,0.705,0.423,1.975,1.551,0.0,0.64,Pressure / role player
2021,Zach Tuohy,21,Geelong,31.75,6.559,17.491,6.444,0.173,0.288,3.165,5.466,1.036,1.496,1.554,0.403,0.0,0.633,1.208,0.678,Rebounding defender
2021,Zaine Cordy,19,Western Bulldogs,24.912,3.672,6.21,3.618,0.378,0.0,0.594,2.214,7.181,2.052,0.216,0.0,0.27,0.0,0.054,0.689,Key defender
2021,Zak Butters,12,Port Adelaide,21.008,9.229,14.332,5.429,0.217,0.651,2.606,0.977,1.954,4.56,3.474,0.977,0.0,0.869,0.869,0.493,Small forward
2021,Zak Jones,13,St Kilda,26.438,11.51,21.436,5.174,0.0,0.528,5.913,2.112,1.267,6.019,5.808,0.845,0.0,0.422,1.584,0.536,Inside midfielder
2022,Aaron Hall,11,North Melbourne,31.758,6.361,20.229,6.997,0.509,0.0,4.835,9.033,1.908,3.053,0.636,0.254,0.0,0.254,0.509,0.764,Rebounding defender
2022,Aaron Naughton,22,Western Bulldogs,22.758,7.46,6.032,5.45,2.222,2.698,2.381,0.0,1.376,2.487,0.582,0.741,1.058,2.698,0.0,0.699,Key forward
2022,Adam Cerra,18,Carlton,22.871,12.33,20.802,4.917,0.227,0.076,6.278,0.983,2.269,6.354,5.522,0.378,0.0,0.378,0.151,0.505,Inside midfielder
2022,Adam Kennedy,18,Greater Western Sydney,30.107,3.459,15.45,7.456,0.154,0.0,1.922,3.459,3.228,1.691,0.692,0.154,0.0,0.077,0.384,0.667,Rebounding defender
2022,Adam Saad,21,Carlton,28.079,7.882,15.882,5.882,0.706,0.0,3.353,5.824,3.412,2.765,1.0,0.353,0.0,0.0,6.647,0.704,Rebounding defender
2022,Adam Tomlinson,8,Melbourne,28.95,4.167,7.471,5.46,0.575,0.0,0.287,4.023,4.885,1.006,0.0,0.0,0.0,0.0,0.0,0.701,Key defender
2022,Adam Treloar,22,Western Bulldogs,29.487,10.433,21.476,4.994,0.111,0.444,3.996,2.719,0.943,3.885,3.94,0.388,0.0,0.832,1.665,0.499,Outside midfielder
2022,Aidan Corr,20,North Melbourne,28.26,3.957,10.062,5.822,0.622,0.0,0.452,5.653,6.388,1.3,0.226,0.057,0.0,0.0,0.17,0.771,Key defender
2022,Aiden Bonar,10,North Melbourne,23.452,3.858,9.105,2.778,0.0,0.0,0.617,2.932,6.019,2.16,0.463,0.0,0.0,0.0,0.309,0.494,Key defender
2022,Alec Waterman,8,Essendon,25.808,6.458,5.088,4.501,1.174,2.74,1.761,0.0,0.783,2.74,0.0,0.391,0.0,1.957,0.196,0.517,Key forward
2022,Alex Davies,15,Gold Coast,20.424,9.345,7.304,2.9,0.107,0.215,2.9,0.859,1.504,5.048,2.363,0.43,0.215,0.859,0.107,0.544,Pressure / role player
2022,Alex Keath,15,Western Bulldogs,30.619,4.81,8.601,5.831,0.875,0.0,1.02,2.405,4.446,1.458,0.073,0.146,0.0,0.219,0.073,0.607,Key defender
2022,Alex Neal-Bullen,23,Melbourne,26.665,7.583,12.766,3.873,0.109,0.6,4.474,0.818,1.037,5.728,1.091,0.927,0.0,0.491,0.327,0.513,Pressure / role player
2022,Alex Pearce,21,Fremantle,27.255,4.779,7.273,4.675,0.987,0.0,0.571,2.649,5.61,1.299,0.208,0.0,0.0,0.052,0.0,0.67,Key defender
2022,Alex Witherden,13,West Coast,23.868,5.223,17.474,9.497,0.38,0.0,1.235,7.882,2.849,2.469,0.57,0.095,0.0,0.0,0.475,0.742,Rebounding defender
2022,Aliir Aliir,19,Port Adelaide,27.956,6.121,8.013,5.12,1.057,0.056,0.445,3.45,7.012,1.669,0.223,0.0,0.0,0.0,0.111,0.708,Key defender
2022,Andrew Brayshaw,24,Fremantle,22.838,11.385,24.816,5.876,0.052,0.262,5.456,2.676,2.308,7.817,4.879,0.577,0.0,0.63,0.21,0.503,Inside midfielder
2022,Andrew Gaff,16,West Coast,30.159,9.893,20.092,5.521,0.077,0.153,2.914,2.454,0.997,2.914,3.144,0.153,0.0,0.153,0.153,0.499,Outside midfielder
2022,Andrew McGrath,18,Essendon,24.216,8.596,16.857,6.044,0.336,0.269,3.156,3.425,1.545,3.156,2.821,0.269,0.0,0.134,1.142,0.556,Outside midfielder
2022,Andrew Phillips,10,Essendon,31.057,7.807,4.089,3.717,1.487,0.743,2.23,0.558,5.019,4.647,2.602,0.372,26.394,0.743,0.0,0.707,Ruck
2022,Angus Brayshaw,24,Melbourne,26.665,9.319,21.443,8.517,0.601,0.0,3.557,4.309,1.804,2.705,2.255,0.15,0.0,0.1,0.2,0.655,Rebounding defender
2022,Anthony Scott,14,Western Bulldogs,27.356,4.909,11.453,4.62,0.192,0.77,2.887,0.962,2.021,1.925,1.444,0.481,0.0,0.674,0.192,0.626,Small forward
2022,Archie Perkins,18,Essendon,20.402,5.032,10.631,4.819,0.496,1.347,3.331,0.496,0.213,3.189,1.205,0.78,0.0,1.134,0.0,0.689,Small forward
2022,Ash Johnson,9,Collingwood,24.947,5.564,4.662,4.511,1.504,2.105,2.406,0.0,0.902,2.707,0.0,0.602,0.15,2.256,0.0,0.788,Key forward
2022,Atu Bosenavulagi,9,North Melbourne,21.789,5.338,7.295,2.847,0.178,0.0,1.068,1.423,1.957,4.093,0.534,0.0,0.0,0.0,0.0,0.507,Pressure / role player
2022,Bailey Banfield,23,Fremantle,24.537,5.45,8.218,3.979,0.606,1.298,2.249,0.433,0.779,2.249,0.173,0.692,0.0,1.557,0.087,0.713,Small forward
2022,Bailey Dale,23,Western Bulldogs,26.118,5.946,18.718,5.843,0.31,0.052,3.309,7.497,2.896,1.344,1.396,0.414,0.0,0.362,1.034,0.695,Rebounding defender
2022,Bailey Scott,21,North Melbourne,22.115,4.634,15.857,5.304,0.0,0.056,1.898,4.299,1.452,2.01,0.726,0.112,0.0,0.168,0.558,0.647,Rebounding defender
2022,Bailey Smith,17,Western Bulldogs,21.739,9.707,23.404,4.189,0.066,0.133,6.981,2.194,0.665,4.322,4.189,1.064,0.0,0.399,0.399,0.576,Inside midfielder
2022,Bailey Williams,39,Western Bulldogs,24.898,6.55,9.674,3.796,0.605,0.504,2.62,1.747,2.284,2.486,2.015,0.302,9.405,0.437,0.034,0.575,Pressure / role player
2022,Bayley Fritsch,24,Melbourne,25.758,5.022,7.061,4.475,0.497,2.387,2.337,0.099,1.542,1.84,0.149,0.796,0.0,2.735,0.099,0.738,Key forward
2022,Beau McCreery,22,Collingwood,21.413,5.725,6.962,2.212,0.065,0.52,3.513,0.39,2.212,5.595,1.041,0.846,0.0,0.911,1.236,0.564,Small forward
2022,Ben Ainsworth,22,Gold Coast,24.523,5.562,13.931,6.857,0.27,2.052,4.32,0.162,1.026,3.078,0.486,1.35,0.0,1.35,0.324,0.666,Small forward
2022,Ben Brown,19,Melbourne,29.802,6.087,6.488,5.284,1.672,2.274,1.538,0.0,3.01,1.137,0.134,0.334,0.936,2.007,0.0,0.659,Key forward
2022,Ben Hobbs,17,Essendon,18.909,8.22,12.881,5.085,0.169,0.508,3.39,0.593,0.339,3.644,1.271,0.424,0.0,0.678,0.254,0.494,Pressure / role player
2022,Ben Keays,22,Adelaide,25.487,13.553,17.657,3.942,0.054,0.216,5.13,1.998,1.026,5.724,6.587,0.702,0.0,0.54,0.162,0.538,Inside midfielder
2022,Ben Long,19,St Kilda,24.975,6.897,10.958,5.67,0.766,0.46,2.682,1.609,3.142,4.444,0.613,0.46,0.0,0.613,0.23,0.569,Outside midfielder
2022,Ben McEvoy,8,Hawthorn,33.112,8.018,7.262,2.572,1.059,0.605,1.362,0.908,6.051,3.933,2.118,0.151,26.929,0.908,0.151,0.387,Ruck
2022,Ben McKay,15,North Melbourne,24.654,5.818,5.987,6.914,2.698,0.337,0.253,2.361,5.059,0.927,0.253,0.0,0.0,0.084,0.422,0.662,Key defender
2022,Ben Miller,11,Richmond,23.003,5.409,5.178,3.452,0.921,0.345,1.496,2.877,7.94,3.337,0.921,0.23,5.409,0.345,0.0,0.554,Key defender
2022,Ben Paton,20,St Kilda,23.838,5.912,12.134,5.663,0.187,0.0,1.929,2.8,1.929,2.987,0.311,0.124,0.0,0.0,0.498,0.609,Outside midfielder
2022,Ben Ronke,8,Sydney,24.635,7.971,8.937,3.865,0.242,1.208,3.382,0.483,0.725,2.657,0.0,0.966,0.0,1.449,0.0,0.597,Small forward
2022,Blake Acres,20,Fremantle,26.925,7.707,19.267,7.147,0.186,0.249,5.221,2.672,1.927,3.356,2.237,0.373,0.0,0.373,0.186,0.661,Outside midfielder
2022,Blake Hardwick,22,Hawthorn,25.539,4.804,11.018,5.953,0.261,0.0,0.992,4.648,3.76,2.193,0.418,0.052,0.0,0.0,0.209,0.73,Rebounding defender
2022,Bobby Hill,11,Greater Western Sydney,22.296,5.452,8.178,3.443,0.287,1.004,2.869,0.43,2.152,3.443,0.574,0.287,0.0,1.291,0.287,0.66,Small forward
2022,Brad Close,25,Geelong,24.153,6.554,12.675,4.096,0.193,1.012,3.133,0.289,1.687,4.482,1.157,1.06,0.0,1.253,0.193,0.459,Small forward
2022,Brad Crouch,21,St Kilda,28.575,14.73,17.606,4.284,0.059,0.059,3.873,1.702,0.704,8.744,7.218,0.704,0.0,0.411,0.059,0.473,Inside midfielder
2022,Bradley Hill,21,St Kilda,29.118,5.549,17.869,5.549,0.055,0.222,2.775,2.775,1.831,2.053,0.999,0.61,0.0,0.333,1.11,0.6,Outside midfielder
2022,Brady Hough,15,West Coast,19.441,3.13,12.87,6.435,0.174,0.174,2.435,2.261,0.783,1.217,0.435,0.435,0.0,0.0,0.174,0.683,Outside midfielder
2022,Braeden Campbell,17,Sydney,20.635,5.31,10.177,3.982,0.0,0.0,2.765,2.102,2.655,3.429,0.442,0.221,0.0,0.221,0.221,0.723,Outside midfielder
2022,Brandan Parfitt,17,Geelong,24.411,13.831,17.015,2.912,0.182,0.728,5.369,0.91,2.093,7.279,6.733,0.637,0.0,0.455,0.0,0.483,Inside midfielder
2022,Brandon Ellis,21,Gold Coast,29.047,6.649,15.405,6.216,0.162,0.486,3.243,3.622,1.405,2.541,1.351,0.324,0.0,0.486,0.27,0.683,Outside midfielder
2022,Brandon Starcevich,24,Brisbane Lions,23.148,6.1,10.423,5.139,0.432,0.0,1.633,3.698,2.642,2.354,0.672,0.048,0.0,0.144,0.192,0.749,Rebounding defender
2022,Brandon Walker,21,Fremantle,19.898,5.037,13.495,4.167,0.124,0.0,1.741,2.363,2.612,2.674,0.808,0.187,0.0,0.062,0.311,0.628,Outside midfielder
2022,Brandon Zerk-Thatcher,12,Essendon,23.986,3.551,10.467,6.542,0.374,0.0,0.28,3.364,6.636,1.121,0.374,0.0,0.0,0.0,0.093,0.658,Key defender
2022,Brayden Cook,8,Adelaide,20.014,4.771,10.878,2.481,0.0,0.0,2.481,1.145,0.382,2.672,0.954,0.191,0.0,0.573,0.191,0.675,Pressure / role player
2022,Brayden Fiorini,14,Gold Coast,24.901,9.081,15.282,5.316,0.111,0.221,5.094,2.326,2.215,4.54,2.879,0.332,0.0,0.332,0.0,0.68,Outside midfielder
2022,Brayden Ham,11,Essendon,23.246,4.267,8.163,3.711,0.186,0.557,2.226,1.113,1.484,2.226,0.742,0.557,0.0,0.0,0.0,0.5,Pressure / role player
2022,Brayden Maynard,23,Collingwood,25.991,7.46,11.998,5.738,0.991,0.0,3.078,4.33,5.477,4.225,0.887,0.209,0.0,0.052,0.522,0.691,Rebounding defender
2022,Braydon Preuss,10,Greater Western Sydney,27.14,12.391,5.685,5.977,3.061,0.292,6.122,1.749,1.895,3.79,4.665,0.875,47.522,0.292,0.0,0.677,Ruck
2022,Brennan Cox,23,Fremantle,24.077,5.8,10.7,7.3,1.8,0.05,0.85,5.3,7.7,1.25,0.2,0.0,0.2,0.05,0.05,0.713,Key defender
2022,Brodie Smith,21,Adelaide,30.597,6.199,15.965,5.029,0.234,0.117,4.094,6.023,1.988,3.626,1.17,0.409,0.0,0.175,0.351,0.722,Rebounding defender
2022,Brody Mihocek,23,Collingwood,29.616,4.757,5.334,4.181,1.442,2.403,1.586,0.048,1.201,2.21,0.096,0.481,0.096,1.97,0.0,0.698,Key forward
2022,Buku Khamis,8,Western Bulldogs,22.35,5.527,8.636,5.009,0.864,1.209,1.209,1.382,3.454,1.9,0.518,0.0,0.518,1.036,0.0,0.612,Key forward
2022,Caleb Daniel,19,Western Bulldogs,26.159,6.242,19.609,6.116,0.063,0.063,2.27,5.549,1.324,2.27,0.694,0.189,0.0,0.0,1.324,0.633,Rebounding defender
2022,Caleb Graham,15,Gold Coast,21.936,3.69,5.904,3.838,0.59,0.0,1.181,2.731,11.292,1.033,0.221,0.0,0.148,0.074,0.0,0.714,Key defender
2022,Caleb Serong,22,Fremantle,21.583,15.45,19.795,3.44,0.06,0.0,4.768,1.992,0.905,5.794,7.363,0.422,0.0,0.302,0.0,0.468,Inside midfielder
2022,Callan Ward,22,Greater Western Sydney,32.361,10.407,18.541,6.16,0.419,0.12,3.349,2.572,1.256,3.469,4.486,0.239,0.06,0.478,0.478,0.518,Outside midfielder
2022,Callum Ah Chee,21,Brisbane Lions,24.936,6.795,10.801,5.293,0.358,0.501,2.289,1.502,1.144,2.575,0.715,0.358,0.0,0.572,0.0,0.541,Pressure / role player
2022,Callum Brown,14,Greater Western Sydney,24.298,4.745,9.259,3.704,0.579,0.116,2.083,1.157,2.662,3.819,0.579,0.116,0.0,0.579,0.116,0.52,Pressure / role player
2022,Callum Coleman-Jones,10,North Melbourne,23.167,8.229,7.531,3.905,1.255,0.697,2.371,0.418,2.371,2.371,1.953,0.558,14.086,0.697,0.0,0.523,Ruck
2022,Callum Jamieson,9,West Coast,21.961,6.768,6.261,2.707,0.338,0.338,1.861,0.677,3.215,3.384,2.2,0.338,11.675,0.0,0.0,0.392,Ruck
2022,Callum Mills,25,Sydney,25.479,11.506,17.708,7.812,0.426,0.331,5.019,2.888,2.178,7.481,4.498,0.758,0.0,0.473,0.095,0.59,Inside midfielder
2022,Callum Wilkie,22,St Kilda,26.449,4.322,12.046,7.494,0.966,0.046,0.782,3.356,6.759,1.379,0.184,0.046,0.0,0.046,0.138,0.667,Key defender
2022,Cam Rayner,24,Brisbane Lions,22.903,9.518,10.302,4.255,0.84,0.784,3.695,0.952,1.064,3.135,3.247,1.12,0.056,1.344,0.224,0.598,Small forward
2022,Cameron Guthrie,25,Geelong,30.099,14.113,20.565,5.184,0.173,0.403,4.205,1.555,1.671,7.143,6.164,0.461,0.0,0.691,0.403,0.515,Inside midfielder
2022,Cameron Zurhaar,19,North Melbourne,24.246,7.094,7.218,4.48,1.182,1.556,3.111,0.124,1.245,1.929,1.182,0.436,0.0,2.116,0.0,0.686,Key forward
2022,Chad Warner,24,Sydney,21.35,12.229,16.46,4.128,0.206,0.413,6.914,2.632,0.877,5.005,5.005,1.238,0.0,1.032,0.98,0.598,Inside midfielder
2022,Chad Wingard,10,Hawthorn,28.868,5.987,8.662,2.675,0.51,1.274,3.312,0.0,1.783,2.803,1.529,0.764,0.0,2.166,0.255,0.634,Small forward
2022,Changkuoth Jiath,14,Hawthorn,23.129,7.074,15.546,5.502,0.786,0.087,2.096,3.755,3.581,2.533,0.437,0.175,0.0,0.087,2.009,0.555,Rebounding defender
2022,Charlie Ballard,18,Gold Coast,22.983,4.878,9.243,6.996,1.284,0.064,1.091,3.338,6.932,1.412,0.193,0.193,0.0,0.0,0.064,0.783,Key defender
2022,Charlie Cameron,25,Brisbane Lions,28.2,6.233,7.07,4.465,0.698,2.605,1.628,0.372,1.442,3.581,0.419,0.93,0.0,2.512,0.047,0.705,Key forward
2022,Charlie Curnow,22,Carlton,25.545,7.023,6.38,6.231,2.077,3.215,3.511,0.049,2.374,1.731,0.049,0.593,0.049,3.165,0.049,0.875,Key forward
2022,Charlie Dixon,12,Port Adelaide,31.906,11.219,5.513,3.965,2.418,1.257,2.611,0.0,3.482,2.611,2.321,0.87,8.704,1.547,0.0,0.517,Ruck
2022,Charlie Lazzaro,12,North Melbourne,20.405,4.545,10.031,3.448,0.157,0.313,2.194,0.784,1.097,1.881,1.097,0.784,0.0,0.0,0.157,0.435,Pressure / role player
2022,Charlie Spargo,24,Melbourne,22.789,4.659,12.605,5.735,0.119,0.597,4.002,0.597,1.493,3.405,0.418,0.896,0.0,0.597,0.478,0.635,Small forward
2022,Chayce Jones,20,Adelaide,22.597,6.485,9.792,3.761,0.259,0.13,1.816,2.853,1.751,1.946,1.362,0.324,0.0,0.0,0.13,0.647,Outside midfielder
2022,Christian Petracca,24,Melbourne,26.679,14.496,17.871,4.753,0.19,0.903,7.414,1.663,0.76,3.565,5.276,1.331,0.0,0.903,0.0,0.53,Inside midfielder
2022,Christian Salem,13,Melbourne,27.153,5.083,14.858,5.767,0.293,0.0,2.542,3.617,1.76,3.617,0.88,0.098,0.0,0.098,0.098,0.655,Outside midfielder
2022,Clayton Oliver,23,Melbourne,25.134,20.563,17.999,4.123,0.05,0.05,6.234,2.112,2.011,6.335,10.005,0.955,0.0,0.251,0.151,0.457,Inside midfielder
2022,Cody Weightman,21,Western Bulldogs,21.632,5.691,6.65,3.517,0.831,1.535,2.238,0.32,1.535,2.558,0.32,0.32,0.0,2.302,0.0,0.697,Key forward
2022,Connor Budarick,9,Gold Coast,21.238,6.447,10.945,6.597,0.6,0.0,1.799,4.798,3.748,3.298,0.3,0.0,0.0,0.0,0.15,0.785,Rebounding defender
2022,Connor Idun,16,Greater Western Sydney,21.964,4.701,11.716,5.522,0.149,0.0,0.672,4.03,4.851,2.015,0.149,0.075,0.0,0.0,0.373,0.564,Key defender
2022,Connor Macdonald,20,Hawthorn,19.602,6.365,12.164,4.738,0.212,0.424,2.9,0.778,0.566,2.475,0.99,0.424,0.0,0.636,0.141,0.608,Pressure / role player
2022,Connor Rozee,22,Port Adelaide,22.575,9.917,18.072,4.904,0.165,0.661,4.959,1.708,1.488,4.628,3.857,0.661,0.0,0.992,0.165,0.486,Inside midfielder
2022,Connor West,14,West Coast,23.233,8.422,12.793,3.625,0.32,0.426,3.518,1.066,0.533,5.544,3.092,0.213,0.0,0.32,0.107,0.505,Pressure / role player
2022,Conor Nash,21,Hawthorn,24.066,9.375,11.062,3.0,0.0,0.125,3.875,1.375,2.375,5.375,3.875,0.375,2.438,0.125,0.375,0.506,Pressure / role player
2022,Cooper Sharman,10,St Kilda,22.049,4.526,7.445,4.672,0.584,0.584,2.044,1.606,5.401,1.022,0.584,0.0,0.73,0.438,0.146,0.729,Key defender
2022,Corey Durdin,21,Carlton,20.353,5.514,7.196,2.69,0.202,0.471,2.286,0.336,1.345,3.228,0.605,0.874,0.0,1.009,0.134,0.645,Small forward
2022,Curtis Taylor,22,North Melbourne,22.372,6.194,13.119,6.025,0.282,0.676,2.703,2.534,1.351,2.421,1.239,0.225,0.0,0.507,0.169,0.701,Outside midfielder
2022,Dan Butler,19,St Kilda,26.216,5.099,6.821,2.318,0.132,0.397,2.384,0.066,1.06,5.099,0.596,1.06,0.0,1.258,0.464,0.679,Small forward
2022,Dan Houston,21,Port Adelaide,25.274,8.892,18.85,7.765,0.83,0.178,3.32,4.801,3.972,3.26,2.015,0.296,0.0,0.415,0.237,0.72,Rebounding defender
2022,Dane Rampe,25,Sydney,32.312,3.208,9.923,5.047,0.214,0.0,0.941,3.892,5.603,2.096,0.299,0.171,0.0,0.043,0.299,0.693,Key defender
2022,Daniel Howe,9,Hawthorn,26.712,6.569,14.416,7.299,0.365,0.547,2.372,1.642,3.65,2.92,1.277,0.182,0.365,0.182,0.0,0.597,Outside midfielder
2022,Daniel Lloyd,11,Greater Western Sydney,30.501,4.273,7.968,4.503,0.231,0.924,1.963,0.462,0.808,3.118,0.577,0.346,0.0,0.577,0.231,0.708,Small forward
2022,Daniel McKenzie,12,St Kilda,26.068,9.091,13.805,6.397,0.449,0.112,3.03,2.02,4.153,2.806,1.684,0.337,0.0,0.337,0.337,0.611,Outside midfielder
2022,Daniel McStay,22,Brisbane Lions,27.23,6.766,7.976,6.381,1.595,1.485,3.245,0.165,2.2,2.2,0.99,0.77,3.355,1.375,0.0,0.614,Key forward
2022,Daniel Rich,22,Brisbane Lions,32.277,5.724,15.856,5.667,0.286,0.0,4.179,7.899,2.748,2.003,1.202,0.401,0.0,0.057,0.0,0.795,Rebounding defender
2022,Daniel Rioli,23,Richmond,25.378,6.649,16.543,5.851,0.372,0.266,3.404,4.043,1.596,2.872,0.479,0.585,0.0,0.532,1.755,0.565,Outside midfielder
2022,Darcy Byrne-Jones,21,Port Adelaide,26.914,8.105,19.011,6.675,0.119,0.06,1.669,3.874,1.967,2.324,1.549,0.119,0.0,0.06,0.775,0.599,Rebounding defender
2022,Darcy Cameron,24,Collingwood,27.167,10.317,6.878,4.967,1.91,0.983,1.692,1.638,3.002,4.367,3.221,0.328,23.09,1.092,0.0,0.654,Ruck
2022,Darcy Fogarty,17,Adelaide,22.901,5.907,6.324,5.212,1.668,2.224,2.849,0.0,2.71,2.154,0.417,0.556,0.139,2.293,0.0,0.677,Key forward
2022,Darcy Fort,18,Brisbane Lions,29.093,10.023,4.62,2.428,0.705,0.626,2.349,1.253,4.072,2.897,4.229,0.313,23.962,0.705,0.0,0.722,Ruck
2022,Darcy Gardiner,21,Brisbane Lions,26.983,5.525,8.65,5.58,0.781,0.056,0.837,2.902,5.301,1.786,0.446,0.0,0.0,0.0,0.056,0.644,Key defender
2022,Darcy Macpherson,10,Gold Coast,24.808,9.916,12.025,5.063,0.211,0.633,4.641,2.743,1.055,5.274,0.422,0.844,0.0,0.0,0.0,0.623,Outside midfielder
2022,Darcy Moore,24,Collingwood,26.643,5.539,6.058,5.755,1.514,0.043,1.082,5.322,8.741,1.168,0.216,0.087,0.0,0.087,0.476,0.673,Key defender
2022,Darcy Parish,16,Essendon,25.071,16.065,22.291,4.535,0.154,0.384,5.842,1.691,0.769,3.997,7.533,0.922,0.0,0.231,0.231,0.441,Inside midfielder
2022,Darcy Tucker,14,Fremantle,25.572,6.14,12.782,5.388,0.251,0.251,2.882,1.504,1.128,3.008,2.757,0.251,0.0,0.251,0.125,0.58,Outside midfielder
2022,David Mundy,22,Fremantle,37.142,12.797,19.357,3.923,0.0,0.257,4.244,1.865,1.479,4.759,6.752,0.386,0.0,0.322,0.129,0.434,Inside midfielder
2022,David Swallow,22,Gold Coast,29.75,12.195,13.783,5.389,0.34,0.17,6.012,2.269,1.985,4.368,5.445,0.681,0.0,0.454,0.113,0.616,Inside midfielder
2022,Dayne Zorko,22,Brisbane Lions,33.6,7.965,18.647,8.028,0.126,0.253,5.942,3.161,1.707,4.046,3.477,0.948,0.0,0.379,0.19,0.739,Outside midfielder
2022,Denver Grainger-Barras,16,Hawthorn,20.345,4.035,6.408,3.877,0.712,0.0,0.396,3.006,5.538,1.82,0.237,0.0,0.0,0.0,0.316,0.649,Key defender
2022,Deven Robertson,8,Brisbane Lions,21.214,7.832,9.654,3.825,0.729,0.182,2.55,0.911,0.911,5.829,1.275,0.911,0.0,0.546,0.0,0.495,Pressure / role player
2022,Devon Smith,8,Essendon,29.025,5.803,8.511,1.741,0.193,0.967,2.321,0.193,0.193,4.062,0.967,1.547,0.0,0.58,0.193,0.603,Small forward
2022,Dion Prestia,19,Richmond,29.887,15.683,19.642,4.705,0.0,0.373,5.825,2.39,1.568,4.332,8.364,1.046,0.0,0.448,0.149,0.517,Inside midfielder
2022,Dougal Howard,17,St Kilda,26.408,3.117,7.731,5.175,0.436,0.0,0.998,4.115,9.975,0.998,0.249,0.062,0.0,0.0,0.0,0.761,Key defender
2022,Dustin Martin,9,Richmond,31.183,10.302,13.324,4.258,0.549,0.824,5.495,0.275,1.511,2.06,3.571,0.549,0.0,1.648,0.275,0.691,Small forward
2022,Dylan Grimes,15,Richmond,31.041,6.433,5.863,4.235,1.059,0.0,0.326,3.094,6.596,1.873,0.081,0.0,0.0,0.0,0.081,0.642,Key defender
2022,Dylan Moore,22,Hawthorn,23.047,9.539,14.959,6.721,0.488,1.084,4.607,0.759,1.192,4.986,2.331,0.759,0.0,1.409,0.325,0.547,Small forward
2022,Dylan Shiel,19,Essendon,29.449,13.21,17.472,4.403,0.071,0.213,5.611,0.71,1.562,6.108,8.168,1.136,0.0,0.213,1.634,0.433,Inside midfielder
2022,Dylan Stephens,15,Sydney,21.709,6.684,15.128,5.541,0.0,0.176,3.342,1.847,1.671,3.342,1.583,0.528,0.0,0.44,0.352,0.718,Outside midfielder
2022,Dyson Heppell,22,Essendon,30.268,7.056,19.074,7.993,0.496,0.11,2.591,3.363,2.591,2.26,0.937,0.331,0.0,0.221,0.165,0.536,Outside midfielder
2022,Ed Langdon,23,Melbourne,26.602,7.159,15.315,4.304,0.045,0.408,2.9,2.401,0.952,1.359,1.631,0.408,0.0,0.589,0.136,0.581,Outside midfielder
2022,Ed Richards,22,Western Bulldogs,23.17,6.466,15.998,7.246,0.948,0.056,2.564,4.515,4.125,2.007,0.613,0.279,0.0,0.0,1.895,0.665,Rebounding defender
2022,Elliott Himmelberg,11,Adelaide,24.175,5.889,6.761,3.708,0.981,1.091,2.29,0.109,3.49,2.072,0.654,0.545,3.49,1.527,0.0,0.541,Key forward
2022,Eric Hipwood,17,Brisbane Lions,25.008,5.132,7.42,5.479,1.04,2.08,2.635,0.139,2.566,1.248,0.347,0.763,0.555,1.734,0.139,0.718,Key forward
2022,Errol Gulden,25,Sydney,20.186,8.379,15.568,5.553,0.149,0.446,5.503,1.587,1.239,4.412,2.33,0.744,0.0,0.892,0.496,0.704,Outside midfielder
2022,Finn Maginness,16,Hawthorn,21.49,5.483,10.039,3.166,0.077,0.077,2.78,1.467,1.313,4.402,1.313,0.463,0.0,0.232,0.0,0.537,Pressure / role player
2022,Flynn Perez,16,North Melbourne,20.986,4.519,11.632,4.184,0.084,0.0,2.427,3.431,1.757,2.929,1.339,0.335,0.0,0.0,0.251,0.596,Outside midfielder
2022,Gary Rohan,12,Geelong,31.298,4.702,7.106,3.239,0.418,1.149,3.448,0.209,1.776,3.03,0.418,0.836,0.0,1.463,0.0,0.657,Small forward
2022,George Hewett,15,Carlton,26.545,16.365,21.016,4.393,0.0,0.258,5.426,1.206,1.464,6.288,8.527,0.775,0.0,0.345,0.086,0.398,Inside midfielder
2022,Greg Clark,9,West Coast,25.241,7.377,13.32,4.918,0.0,0.205,2.869,2.664,1.639,6.352,2.664,0.205,0.0,0.205,0.0,0.531,Pressure / role player
2022,Griffin Logue,20,Fremantle,24.411,6.452,7.097,5.376,1.29,0.645,0.914,1.505,6.774,1.882,0.43,0.323,1.344,0.43,0.161,0.482,Key defender
2022,Gryan Miers,22,Geelong,23.487,6.118,13.931,4.846,0.121,0.727,3.452,0.485,0.727,2.847,0.485,1.151,0.0,0.787,0.121,0.532,Small forward
2022,Harris Andrews,24,Brisbane Lions,25.764,4.876,7.913,6.587,1.198,0.0,0.428,3.08,10.522,1.24,0.128,0.0,0.0,0.0,0.0,0.691,Key defender
2022,Harry Cunningham,10,Sydney,28.608,4.986,10.249,4.571,0.139,0.0,1.108,1.939,2.355,3.324,0.277,0.416,0.0,0.0,0.139,0.523,Pressure / role player
2022,Harry Edwards,17,West Coast,21.884,3.753,7.842,6.3,0.938,0.0,0.268,1.944,6.166,1.206,0.201,0.0,0.0,0.0,0.067,0.744,Key defender
2022,Harry Himmelberg,22,Greater Western Sydney,26.285,6.062,11.273,6.613,1.052,0.651,2.154,4.76,3.607,2.455,0.251,0.351,0.852,1.102,0.501,0.694,Rebounding defender
2022,Harry Jones,10,Essendon,21.444,4.803,4.68,3.448,1.232,1.847,1.355,0.0,1.478,1.724,0.246,0.123,0.0,1.601,0.0,0.579,Key forward
2022,Harry McKay,19,Carlton,24.657,7.446,5.384,6.529,2.463,3.036,1.718,0.0,1.833,1.432,0.515,0.286,1.317,2.577,0.0,0.779,Key forward
2022,Harry Morrison,21,Hawthorn,23.772,6.548,16.485,7.007,0.345,0.172,3.676,3.159,1.608,3.331,2.24,0.46,0.0,0.517,0.057,0.695,Outside midfielder
2022,Harry Perryman,16,Greater Western Sydney,23.668,10.924,16.627,5.301,0.08,0.241,3.052,2.972,2.008,6.185,3.373,0.321,0.0,0.241,0.0,0.543,Inside midfielder
2022,Harry Petty,18,Melbourne,22.824,4.866,6.509,4.258,1.46,0.061,0.608,2.798,6.934,2.494,0.182,0.122,0.0,0.061,0.061,0.581,Key defender
2022,Harry Schoenberg,16,Adelaide,21.493,11.509,14.603,2.224,0.0,0.193,4.642,1.644,1.451,7.157,5.706,0.677,0.0,0.387,0.097,0.445,Inside midfielder
2022,Hayden McLean,9,Sydney,23.676,6.056,5.775,3.944,1.831,0.986,0.986,0.423,3.521,1.972,0.845,0.986,5.352,1.549,0.0,0.58,Key forward
2022,Hayden Young,22,Fremantle,21.416,7.403,19.107,8.928,0.98,0.0,2.994,5.171,2.722,2.722,1.034,0.163,0.0,0.054,0.163,0.61,Rebounding defender
2022,Heath Chapman,17,Fremantle,20.608,6.534,16.051,7.457,0.426,0.0,1.847,3.693,3.125,2.06,0.426,0.355,0.0,0.0,0.426,0.57,Rebounding defender
2022,Hugh Dixon,10,West Coast,23.479,6.117,5.053,3.457,0.931,0.665,1.862,0.0,2.66,2.527,1.463,0.532,4.388,0.532,0.133,0.518,Pressure / role player
2022,Hugh Greenwood,21,North Melbourne,30.457,12.797,10.554,3.034,0.198,0.198,2.045,1.385,1.451,8.707,5.739,0.462,0.0,0.198,0.0,0.439,Inside midfielder
2022,Hugh McCluggage,24,Brisbane Lions,24.539,11.054,19.703,6.499,0.154,0.563,5.374,1.894,1.177,5.937,4.504,0.972,0.0,1.024,0.563,0.576,Inside midfielder
2022,Hugo Ralphsmith,13,Richmond,20.698,5.556,12.346,4.63,0.309,0.103,2.881,2.572,2.572,1.749,0.412,0.206,0.0,0.514,1.029,0.537,Outside midfielder
2022,Hunter Clark,8,St Kilda,23.405,7.579,14.972,4.067,0.185,0.0,2.403,2.957,2.588,3.142,1.479,0.0,0.0,0.0,0.0,0.678,Outside midfielder
2022,Isaac Cumming,21,Greater Western Sydney,24.025,6.2,15.672,7.003,0.344,0.0,2.813,8.037,2.87,2.87,0.861,0.172,0.0,0.0,0.517,0.765,Rebounding defender
2022,Isaac Heeney,25,Sydney,26.389,9.504,10.066,5.478,0.983,1.966,3.23,0.655,1.264,5.524,2.528,0.515,0.0,2.294,0.047,0.612,Small forward
2022,Isaac Quaynor,24,Collingwood,22.671,6.49,10.226,4.572,0.541,0.0,2.065,3.392,3.638,3.441,0.344,0.197,0.0,0.098,0.197,0.598,Key defender
2022,Isaac Smith,24,Geelong,33.734,4.764,19.107,8.074,0.201,0.552,6.169,2.658,1.304,1.555,0.903,0.602,0.0,0.752,0.853,0.656,Outside midfielder
2022,Ivan Soldo,13,Richmond,26.271,5.515,5.76,3.922,0.735,1.103,1.716,1.103,2.941,2.941,3.064,0.245,22.672,0.858,0.0,0.632,Ruck
2022,Izak Rankine,18,Gold Coast,22.307,7.552,7.878,2.604,0.0,1.367,2.344,0.26,1.367,2.539,1.628,1.172,0.0,1.888,0.977,0.636,Small forward
2022,Jack Billings,8,St Kilda,26.931,6.679,17.87,8.303,0.542,0.722,3.971,3.069,1.625,3.43,1.444,0.542,0.0,0.903,0.0,0.676,Outside midfielder
2022,Jack Crisp,25,Collingwood,28.958,11.62,16.683,4.87,0.096,0.241,6.798,2.314,2.507,6.606,5.063,0.579,0.0,0.579,0.675,0.529,Inside midfielder
2022,Jack Darling,21,West Coast,30.186,6.377,5.487,4.894,1.829,1.977,1.631,0.148,2.62,2.373,0.099,0.445,0.099,1.681,0.0,0.64,Key forward
2022,Jack Ginnivan,23,Collingwood,19.772,5.869,7.422,3.567,0.23,1.496,2.417,0.173,1.208,1.956,0.806,0.345,0.0,2.301,0.23,0.722,Small forward
2022,Jack Graham,20,Richmond,24.465,8.782,15.128,3.654,0.0,0.128,5.385,1.154,0.705,6.09,2.436,0.577,0.0,0.513,0.256,0.515,Inside midfielder
2022,Jack Gunston,16,Hawthorn,30.846,5.301,7.335,5.084,0.944,2.832,2.106,0.073,2.033,1.598,0.073,0.944,0.0,2.324,0.073,0.75,Key forward
2022,Jack Henry,17,Geelong,24.071,3.56,7.87,5.122,0.625,0.375,0.874,1.749,4.497,1.499,0.125,0.312,0.375,0.25,0.062,0.647,Key defender
2022,Jack Higgins,18,St Kilda,23.424,7.078,9.639,5.12,0.377,2.334,3.012,0.452,0.904,1.581,0.377,0.904,0.0,2.259,0.377,0.671,Small forward
2022,Jack Lukosius,13,Gold Coast,22.03,5.507,9.758,5.99,0.483,1.256,4.734,1.932,2.995,2.705,0.676,1.159,0.0,0.773,0.0,0.812,Small forward
2022,Jack Macrae,23,Western Bulldogs,28.085,14.511,25.0,5.217,0.109,0.163,6.576,2.174,2.717,4.728,7.989,0.978,0.0,0.217,0.217,0.485,Inside midfielder
2022,Jack Madgen,9,Collingwood,29.049,4.062,8.594,3.438,0.469,0.0,0.625,2.031,3.594,2.031,0.156,0.0,0.0,0.156,0.156,0.512,Key defender
2022,Jack Mahony,13,North Melbourne,20.769,4.719,9.694,4.209,0.128,1.148,2.551,0.893,0.893,3.827,1.403,0.255,0.0,0.765,0.0,0.624,Pressure / role player
2022,Jack Martin,12,Carlton,27.559,7.087,8.136,5.249,1.181,1.575,2.625,0.394,1.05,4.068,0.394,1.05,0.0,1.575,0.0,0.649,Small forward
2022,Jack Newnes,16,Carlton,29.487,5.296,15.799,5.835,0.18,0.539,3.501,1.975,1.616,2.783,1.077,0.718,0.0,0.359,0.628,0.632,Outside midfielder
2022,Jack Payne,12,Brisbane Lions,22.92,4.455,7.773,6.161,1.043,0.284,1.232,3.791,7.014,1.991,0.0,0.19,0.0,0.19,0.095,0.788,Key defender
2022,Jack Petruccelle,8,West Coast,23.301,5.769,8.741,5.245,0.699,1.224,3.497,0.524,1.399,3.147,1.399,0.35,0.0,1.399,0.699,0.753,Small forward
2022,Jack Redden,21,West Coast,31.695,9.729,16.695,6.966,0.23,0.173,1.842,2.418,1.554,6.333,4.203,0.518,0.0,0.288,0.0,0.507,Outside midfielder
2022,Jack Riewoldt,21,Richmond,33.835,6.331,6.818,5.628,1.569,2.922,3.355,0.108,2.652,2.165,0.379,0.649,0.216,2.165,0.054,0.745,Key forward
2022,Jack Ross,15,Richmond,21.994,7.171,17.733,6.589,0.0,0.291,4.554,1.55,2.035,1.938,2.326,0.775,0.0,0.291,0.484,0.494,Outside midfielder
2022,Jack Scrimshaw,20,Hawthorn,23.961,7.85,15.567,7.586,1.253,0.198,1.913,5.211,3.232,1.649,0.462,0.264,0.0,0.198,1.187,0.613,Rebounding defender
2022,Jack Silvagni,21,Carlton,24.676,7.609,10.688,6.159,0.845,1.087,3.14,0.543,1.691,3.865,2.174,0.242,4.348,1.027,0.181,0.621,Small forward
2022,Jack Sinclair,22,St Kilda,27.52,9.537,19.073,6.843,0.269,0.054,3.664,5.765,3.287,2.963,2.047,0.431,0.0,0.216,1.293,0.703,Rebounding defender
2022,Jack Steele,18,St Kilda,26.687,13.12,17.82,5.875,0.261,0.326,4.765,1.958,1.828,8.42,6.07,0.457,0.0,0.326,0.131,0.465,Inside midfielder
2022,Jack Viney,22,Melbourne,28.408,15.991,16.848,3.541,0.057,0.228,5.197,2.056,2.513,7.196,6.168,0.514,0.0,0.457,0.228,0.453,Inside midfielder
2022,Jack Ziebell,19,North Melbourne,31.454,6.803,9.577,4.888,0.793,0.925,2.246,1.123,1.849,2.774,0.661,0.462,0.0,1.123,0.066,0.668,Small forward
2022,Jackson Hately,11,Adelaide,21.717,7.523,18.056,3.588,0.116,0.463,3.125,2.199,1.273,5.556,2.894,0.116,0.0,0.231,0.0,0.47,Pressure / role player
2022,Jackson Mead,11,Port Adelaide,20.871,5.63,11.111,2.963,0.296,0.296,2.519,0.593,1.63,4.741,1.926,0.296,0.0,0.148,0.296,0.518,Pressure / role player
2022,Jackson Nelson,13,West Coast,26.433,5.367,11.27,4.114,0.0,0.0,1.073,1.431,1.968,2.504,1.968,0.268,0.0,0.089,0.0,0.559,Pressure / role player
2022,Jacob Koschitzke,16,Hawthorn,22.093,5.083,4.607,2.859,0.715,1.43,1.986,0.159,2.859,3.257,0.953,0.238,3.892,1.43,0.0,0.648,Key forward
2022,Jacob Wehr,10,Greater Western Sydney,24.068,6.162,9.499,4.621,0.128,0.257,2.567,1.412,2.182,4.493,1.027,0.257,0.0,0.513,0.0,0.725,Pressure / role player
2022,Jacob Weitering,18,Carlton,24.742,4.821,8.036,6.488,0.952,0.0,0.714,4.226,7.976,0.952,0.06,0.0,0.179,0.06,0.417,0.782,Key defender
2022,Jade Gresham,18,St Kilda,24.914,12.208,16.077,3.336,0.133,0.467,5.07,0.734,0.467,3.803,4.937,0.667,0.0,1.067,1.468,0.535,Inside midfielder
2022,Jaeger OMeara,21,Hawthorn,28.49,13.825,12.302,4.507,0.426,0.609,5.603,1.218,1.827,6.395,6.516,0.914,0.0,0.548,0.365,0.539,Inside midfielder
2022,Jai Newcombe,22,Hawthorn,21.052,11.362,17.185,5.314,0.339,0.339,5.088,2.883,1.3,5.709,4.805,0.904,0.0,0.452,1.018,0.536,Inside midfielder
2022,Jaidyn Stephenson,16,North Melbourne,23.575,5.637,15.114,5.474,0.082,0.49,2.696,4.33,1.144,3.431,2.124,0.817,0.0,0.245,0.408,0.664,Outside midfielder
2022,Jake Bowey,17,Melbourne,19.934,7.849,14.286,5.416,0.157,0.078,2.198,3.297,1.962,2.276,2.041,0.157,0.0,0.157,0.0,0.609,Outside midfielder
2022,Jake Kelly,21,Essendon,27.578,3.83,11.185,6.742,0.562,0.051,0.868,2.911,2.86,1.379,0.051,0.051,0.0,0.051,0.0,0.653,Key defender
2022,Jake Kolodjashnij,23,Geelong,27.126,5.611,9.611,5.944,0.833,0.0,1.056,2.056,4.556,1.833,0.389,0.0,0.0,0.111,0.111,0.598,Key defender
2022,Jake Lever,19,Melbourne,26.515,5.153,7.361,4.983,0.736,0.0,1.076,2.718,5.493,1.812,0.17,0.057,0.0,0.057,0.057,0.602,Key defender
2022,Jake Lloyd,24,Sydney,29.011,5.71,16.642,6.979,0.098,0.0,1.806,6.393,2.294,2.733,0.976,0.098,0.0,0.098,0.586,0.675,Rebounding defender
2022,Jake Melksham,11,Melbourne,31.03,4.633,6.667,4.633,0.904,2.147,2.825,0.226,0.904,2.373,0.565,1.243,0.0,1.356,0.452,0.724,Small forward
2022,Jake Riccardi,15,Greater Western Sydney,22.783,4.623,8.476,6.336,1.284,1.712,1.884,0.171,1.199,1.969,0.514,0.514,1.199,1.284,0.086,0.689,Key forward
2022,Jake Soligo,16,Adelaide,19.567,8.87,10.795,2.762,0.251,0.251,2.51,1.674,1.674,4.603,2.343,0.502,0.0,0.502,0.167,0.551,Pressure / role player
2022,Jake Stein,9,Greater Western Sydney,28.589,4.052,6.262,3.315,0.368,0.368,0.737,2.026,6.446,2.026,0.184,0.184,0.0,0.184,0.0,0.6,Key defender
2022,Jake Stringer,15,Essendon,28.32,7.962,9.449,2.887,0.262,1.75,3.675,0.262,1.75,3.937,3.412,0.525,0.0,2.187,0.087,0.694,Small forward
2022,Jake Waterman,20,West Coast,24.271,3.611,8.446,6.254,0.709,1.354,1.741,0.709,1.483,2.063,0.129,0.58,0.0,1.161,0.0,0.773,Key forward
2022,Jamaine Jones,18,West Coast,23.89,7.015,13.887,4.223,0.0,0.0,2.649,2.792,1.074,4.939,1.575,0.286,0.0,0.215,0.501,0.634,Outside midfielder
2022,Jamarra Ugle-Hagan,17,Western Bulldogs,20.416,4.923,6.134,4.843,1.372,2.502,2.663,0.0,1.291,1.453,0.0,0.161,0.242,1.453,0.081,0.746,Key forward
2022,James Aish,23,Fremantle,26.838,8.072,17.876,5.58,0.054,0.217,3.954,2.167,0.975,3.034,2.871,0.433,0.0,0.271,0.163,0.545,Outside midfielder
2022,James Blanck,9,Hawthorn,21.75,4.469,5.587,2.095,0.279,0.0,0.838,2.095,7.961,1.955,0.279,0.0,0.0,0.0,0.0,0.627,Key defender
2022,James Harmes,21,Melbourne,26.928,9.346,15.672,5.176,0.288,0.503,5.032,1.366,2.372,5.392,2.516,0.647,0.0,0.863,0.0,0.504,Inside midfielder
2022,James Jordon,22,Melbourne,21.663,7.24,19.525,4.926,0.0,0.0,3.561,1.899,0.89,2.552,1.484,0.178,0.0,0.415,0.297,0.524,Outside midfielder
2022,James Peatling,12,Greater Western Sydney,21.997,4.857,10.959,6.227,0.249,1.121,2.74,0.374,0.872,2.242,1.245,0.872,0.0,1.121,0.374,0.65,Small forward
2022,James Rowbottom,24,Sydney,22.014,12.148,12.148,3.254,0.163,0.054,4.772,2.495,1.464,8.839,6.345,0.813,0.0,0.434,0.054,0.63,Inside midfielder
2022,James Rowe,17,Adelaide,22.923,6.537,12.014,4.594,0.088,0.53,3.357,0.707,0.618,2.385,1.237,0.883,0.0,1.06,0.177,0.552,Small forward
2022,James Sicily,22,Hawthorn,27.621,7.062,14.55,9.005,1.517,0.047,1.706,8.483,7.63,1.517,0.284,0.047,0.0,0.047,0.521,0.798,Rebounding defender
2022,James Worpel,11,Hawthorn,23.438,12.668,11.051,2.695,0.0,0.0,4.447,1.348,1.887,3.235,4.313,0.135,0.0,0.404,0.27,0.509,Pressure / role player
2022,Jamie Cripps,17,West Coast,30.326,6.3,9.249,4.692,0.067,1.072,4.491,0.737,0.938,4.558,2.279,0.737,0.0,1.475,0.201,0.726,Small forward
2022,Jamie Elliott,19,Collingwood,30.074,7.468,9.114,4.557,0.443,1.962,2.532,0.19,1.519,4.177,1.076,0.443,0.0,1.772,0.063,0.649,Small forward
2022,Jarman Impey,16,Hawthorn,27.099,5.762,13.97,4.815,0.158,0.079,3.157,2.21,0.631,2.999,0.631,0.316,0.0,0.237,0.947,0.632,Outside midfielder
2022,Jarrod Berry,23,Brisbane Lions,24.611,7.526,15.385,5.866,0.277,0.387,3.542,2.601,1.992,4.483,2.269,0.885,0.0,0.498,0.0,0.595,Outside midfielder
2022,Jarrod Lienert,11,St Kilda,28.044,5.263,15.643,7.602,0.0,0.0,1.316,6.14,4.678,3.363,1.608,0.0,1.023,0.0,0.0,0.705,Rebounding defender
2022,Jarrod Witts,22,Gold Coast,29.934,11.22,5.501,2.996,0.599,0.218,1.961,0.817,4.412,3.431,5.501,0.545,45.37,0.218,0.0,0.56,Ruck
2022,Jarryd Lyons,22,Brisbane Lions,30.077,12.32,15.445,5.228,0.06,0.601,6.13,1.442,1.442,6.731,7.392,1.142,0.0,0.421,0.18,0.649,Inside midfielder
2022,Jase Burgoyne,8,Port Adelaide,19.099,4.965,12.411,4.61,0.177,0.177,2.128,2.482,2.482,3.191,0.709,0.355,0.0,0.355,0.177,0.66,Outside midfielder
2022,Jason Castagna,16,Richmond,26.107,6.155,10.169,5.263,0.803,1.16,2.498,0.624,0.178,2.944,0.089,0.624,0.0,1.07,0.089,0.552,Small forward
2022,Jason Horne-Francis,17,North Melbourne,19.164,10.794,11.796,3.932,0.077,0.231,3.238,1.542,0.848,3.778,4.549,0.386,0.0,0.308,0.771,0.601,Outside midfielder
2022,Jason Johannisen,8,Western Bulldogs,29.819,5.049,10.261,5.212,0.489,1.14,3.42,0.489,1.792,1.792,0.651,0.489,0.0,1.303,0.326,0.6,Small forward
2022,Jaxon Prior,12,Brisbane Lions,21.244,7.06,11.168,4.878,0.128,0.128,2.953,1.926,2.696,2.953,1.284,0.0,0.0,0.513,0.0,0.754,Outside midfielder
2022,Jayden Hunt,20,Melbourne,27.435,4.67,8.806,3.469,0.267,0.0,2.335,2.535,2.735,1.801,0.334,0.0,0.0,0.0,0.4,0.67,Key defender
2022,Jayden Laverde,22,Essendon,26.356,5.815,11.465,7.515,0.768,0.0,1.7,3.401,4.608,2.468,0.329,0.11,0.0,0.0,0.055,0.607,Key defender
2022,Jayden Short,23,Richmond,26.602,7.407,19.63,6.72,0.106,0.106,5.979,4.18,1.534,3.545,3.069,0.529,0.0,0.317,0.952,0.794,Outside midfielder
2022,Jed Anderson,14,North Melbourne,28.526,12.202,18.155,5.556,0.397,0.397,4.861,1.488,2.48,5.754,5.06,0.496,0.0,0.298,0.099,0.506,Inside midfielder
2022,Jed Bews,23,Geelong,28.778,4.825,8.553,4.331,0.219,0.11,1.48,1.864,2.029,2.357,0.493,0.219,0.0,0.055,0.055,0.538,Pressure / role player
2022,Jed McEntee,9,Port Adelaide,21.509,5.128,8.284,2.564,0.197,0.592,1.578,0.394,1.381,4.536,0.197,0.0,0.0,0.986,0.0,0.382,Pressure / role player
2022,Jeremy Cameron,24,Geelong,29.482,5.51,12.014,6.369,1.22,3.162,3.388,0.316,1.581,1.536,0.632,0.949,0.045,2.936,0.181,0.701,Key forward
2022,Jeremy Finlayson,20,Port Adelaide,26.526,8.901,9.822,4.727,0.798,1.535,4.174,0.921,3.622,2.701,3.438,0.859,7.489,1.289,0.061,0.659,Small forward
2022,Jeremy Howe,24,Collingwood,32.219,5.866,10.469,6.363,1.264,0.0,1.083,5.505,6.453,1.579,0.181,0.045,0.0,0.045,0.181,0.673,Key defender
2022,Jeremy McGovern,10,West Coast,30.175,7.53,11.625,8.851,1.982,0.0,1.189,5.68,8.19,1.585,0.132,0.0,0.264,0.132,0.132,0.677,Key defender
2022,Jeremy Sharp,12,Gold Coast,20.98,4.654,11.283,4.937,0.0,0.705,3.808,0.705,0.846,1.41,0.282,0.0,0.0,0.705,0.705,0.718,Outside midfielder
2022,Jesse Hogan,18,Greater Western Sydney,27.517,6.777,8.904,8.638,2.525,3.322,1.993,0.066,1.728,2.326,0.066,0.731,0.864,2.326,0.0,0.624,Key forward
2022,Jesse Motlop,12,Carlton,18.742,5.778,6.25,2.594,0.236,0.708,1.887,0.118,0.943,3.42,0.236,0.118,0.0,1.415,0.354,0.55,Pressure / role player
2022,Jimmy Webster,20,St Kilda,29.123,4.551,13.852,6.398,0.132,0.0,0.792,4.881,3.1,1.583,0.198,0.198,0.0,0.0,0.198,0.65,Rebounding defender
2022,Joe Daniher,19,Brisbane Lions,28.537,4.994,6.992,4.818,1.469,2.056,2.938,0.0,0.705,0.705,0.411,0.646,0.235,2.291,0.47,0.76,Key forward
2022,Joel Selwood,21,Geelong,34.331,13.519,17.362,4.44,0.199,0.464,5.5,1.59,2.651,6.03,7.157,0.928,0.0,0.464,0.199,0.519,Inside midfielder
2022,John Noble,25,Collingwood,25.482,5.584,16.906,5.943,0.102,0.051,3.484,3.023,1.639,3.381,0.564,0.359,0.0,0.0,0.922,0.661,Outside midfielder
2022,Jordan Clark,24,Fremantle,21.901,6.621,18.097,5.885,0.294,0.0,3.384,3.923,3.188,3.237,1.324,0.294,0.0,0.147,0.343,0.576,Outside midfielder
2022,Jordan Dawson,22,Adelaide,25.364,6.203,17.902,7.363,0.857,0.303,4.085,7.564,3.833,3.278,0.756,0.454,0.0,0.504,0.454,0.754,Rebounding defender
2022,Jordan Ridley,20,Essendon,23.832,5.198,11.738,7.043,0.95,0.0,0.671,5.702,6.037,1.174,0.279,0.0,0.0,0.0,0.279,0.783,Key defender
2022,Jordan de Goey,19,Collingwood,26.509,11.646,13.232,3.72,0.305,0.671,5.122,1.646,2.256,4.024,5.915,0.488,0.0,1.098,0.549,0.575,Inside midfielder
2022,Jordon Butts,19,Adelaide,22.635,4.219,6.417,3.743,0.475,0.0,0.475,2.317,6.774,0.891,0.059,0.0,0.0,0.0,0.0,0.547,Key defender
2022,Josh Battle,21,St Kilda,23.969,5.479,12.957,8.105,1.027,0.0,1.37,3.653,3.482,2.283,0.4,0.114,0.057,0.0,0.171,0.73,Rebounding defender
2022,Josh Daicos,25,Collingwood,23.808,7.318,16.582,4.678,0.0,0.417,4.354,1.992,0.324,3.011,2.64,0.371,0.0,0.695,0.834,0.596,Outside midfielder
2022,Josh Dunkley,23,Western Bulldogs,25.649,13.514,17.412,7.38,0.676,0.988,3.222,1.663,2.027,7.277,5.249,0.676,0.104,0.936,0.208,0.466,Inside midfielder
2022,Josh Gibcus,18,Richmond,19.411,4.186,7.043,4.12,0.731,0.133,0.797,2.857,7.641,1.462,0.066,0.199,0.266,0.199,0.0,0.6,Key defender
2022,Josh Kelly,21,Greater Western Sydney,27.517,11.016,20.784,5.281,0.17,0.114,5.054,2.783,1.363,5.735,4.486,0.681,0.0,0.511,0.227,0.527,Inside midfielder
2022,Josh Kennedy,26,West Coast,34.95,5.936,8.717,4.706,0.695,2.086,1.872,0.535,1.283,2.139,1.283,0.267,0.0,2.086,0.16,0.609,Key forward
2022,Josh Rachele,13,Adelaide,19.225,6.058,8.077,3.462,0.192,1.346,1.731,0.385,1.058,2.308,1.538,0.385,0.0,1.635,0.288,0.637,Small forward
2022,Josh Rotham,13,West Coast,24.482,2.43,11.273,6.9,0.194,0.194,1.069,2.818,3.693,2.041,0.0,0.097,0.777,0.194,0.0,0.73,Key defender
2022,Josh Walker,16,North Melbourne,29.734,5.543,6.783,5.762,1.386,0.146,0.438,3.647,6.127,1.094,0.146,0.0,0.0,0.0,0.0,0.59,Key defender
2022,Josh Ward,14,Hawthorn,19.011,8.302,17.071,4.944,0.093,0.0,2.985,1.772,1.026,3.825,3.545,0.653,0.0,0.187,0.093,0.592,Outside midfielder
2022,Justin McInerney,22,Sydney,22.101,6.091,15.567,5.866,0.338,0.395,3.892,1.692,1.072,1.297,1.974,0.395,0.0,0.338,0.79,0.642,Outside midfielder
2022,Jy Farrar,14,Gold Coast,25.701,5.149,10.99,6.337,0.297,0.0,2.079,4.158,4.356,2.079,0.297,0.0,0.0,0.099,1.584,0.719,Rebounding defender
2022,Jy Simpkin,21,North Melbourne,24.46,12.218,18.602,3.908,0.055,0.33,5.394,2.146,1.101,5.228,6.109,0.66,0.0,0.385,0.385,0.58,Inside midfielder
2022,Jye Caldwell,20,Essendon,21.893,10.664,14.621,4.494,0.402,0.671,3.756,1.274,1.073,5.768,3.957,1.14,0.0,0.402,0.067,0.467,Inside midfielder
2022,Kamdyn McIntosh,21,Richmond,28.413,5.314,13.943,5.886,0.171,0.4,3.314,3.029,3.257,2.514,0.971,0.171,0.057,0.514,0.8,0.694,Outside midfielder
2022,Kane Farrell,16,Port Adelaide,23.427,5.613,13.913,5.375,0.316,0.395,4.269,2.609,2.925,3.241,1.186,0.553,0.0,0.87,0.316,0.675,Outside midfielder
2022,Karl Amon,22,Port Adelaide,27.003,6.735,22.354,7.244,0.113,0.453,5.093,2.943,1.868,4.584,2.207,0.566,0.0,0.453,0.396,0.658,Outside midfielder
2022,Kayne Turner,17,North Melbourne,26.635,4.232,8.542,4.154,0.235,0.235,1.567,1.803,1.724,3.135,0.235,0.078,0.0,0.313,0.078,0.64,Pressure / role player
2022,Keidean Coleman,18,Brisbane Lions,22.463,6.408,17.139,7.973,0.298,0.075,3.726,4.173,3.353,3.279,0.522,0.671,0.0,0.298,0.224,0.718,Rebounding defender
2022,Kyle Langford,9,Essendon,25.701,4.977,14.48,6.335,0.603,1.81,3.167,0.452,0.151,3.318,0.603,0.603,0.0,1.508,0.151,0.589,Small forward
2022,Kysaiah Pickett,23,Melbourne,21.271,5.799,7.002,3.009,0.219,1.368,2.243,0.219,1.313,3.392,0.711,0.438,0.0,2.243,0.328,0.753,Small forward
2022,Lachie Ash,21,Greater Western Sydney,21.164,5.465,14.244,5.64,0.058,0.407,3.023,2.442,2.209,3.14,1.279,0.349,0.0,0.116,0.116,0.609,Outside midfielder
2022,Lachie Hunter,10,Western Bulldogs,27.723,6.032,16.821,6.265,0.232,0.464,4.176,1.392,2.088,3.016,1.044,0.116,0.0,0.232,0.696,0.605,Outside midfielder
2022,Lachie Jones,14,Port Adelaide,20.307,5.64,9.87,3.905,0.325,0.108,1.627,2.278,5.64,3.254,0.651,0.434,0.0,0.108,0.217,0.518,Key defender
2022,Lachie Neale,25,Brisbane Lions,29.315,18.273,15.989,4.386,0.32,0.32,5.025,1.782,1.096,5.162,8.725,0.64,0.0,0.503,0.594,0.462,Inside midfielder
2022,Lachie Plowman,15,Carlton,27.882,5.902,9.528,4.384,0.422,0.0,1.012,2.108,5.059,2.192,0.422,0.084,0.0,0.0,0.084,0.511,Key defender
2022,Lachie Schultz,23,Fremantle,24.778,6.483,9.907,4.824,0.156,1.141,2.905,0.571,1.4,3.579,0.571,0.985,0.0,1.556,0.0,0.632,Small forward
2022,Lachie Weller,11,Gold Coast,26.277,6.318,14.052,5.229,0.0,0.0,4.031,6.754,2.723,1.852,1.634,0.327,0.0,0.327,0.98,0.716,Rebounding defender
2022,Lachie Whitfield,18,Greater Western Sydney,28.09,6.645,19.402,7.708,0.199,0.133,3.92,3.256,2.126,3.721,2.525,0.532,0.0,0.399,0.133,0.626,Outside midfielder
2022,Lachie Young,20,North Melbourne,23.372,4.879,12.64,6.055,0.235,0.0,2.175,4.527,5.173,2.822,0.412,0.176,0.0,0.059,0.412,0.666,Rebounding defender
2022,Lachlan Bramble,9,Hawthorn,24.205,5.571,11.277,3.397,0.136,0.136,1.63,3.804,1.902,2.853,1.087,0.679,0.0,0.0,0.408,0.63,Outside midfielder
2022,Lachlan Keeffe,18,Greater Western Sydney,32.331,3.594,5.849,3.383,0.564,0.07,0.634,1.409,4.651,2.326,0.423,0.141,4.863,0.141,0.0,0.654,Key defender
2022,Lachlan McNeil,16,Western Bulldogs,21.507,4.558,7.566,2.917,0.091,0.638,2.097,0.182,1.367,4.649,0.456,0.182,0.0,0.912,0.091,0.59,Pressure / role player
2022,Lachlan Murphy,17,Adelaide,23.709,7.485,9.182,2.932,0.309,0.694,4.012,0.617,1.08,3.781,2.546,0.926,0.0,0.694,0.154,0.608,Small forward
2022,Lachlan Sholl,11,Adelaide,22.32,7.442,16.915,5.142,0.0,0.135,3.112,2.3,1.218,1.218,2.571,0.541,0.0,0.541,0.0,0.582,Outside midfielder
2022,Laitham Vandermeer,10,Western Bulldogs,23.58,5.858,9.902,3.626,0.0,0.697,3.905,0.837,0.837,2.51,0.558,1.395,0.0,0.558,0.0,0.509,Small forward
2022,Lance Franklin,23,Sydney,35.649,5.702,7.651,5.653,1.413,2.827,2.827,0.097,1.316,2.242,0.195,0.634,0.0,2.534,0.146,0.78,Key forward
2022,Levi Casboult,21,Gold Coast,32.433,4.628,3.744,4.108,1.872,2.548,1.144,0.052,1.924,1.092,0.26,0.156,0.52,1.82,0.0,0.708,Key forward
2022,Lewis Young,19,Carlton,23.668,5.286,8.329,5.446,1.014,0.053,0.427,3.47,11.586,1.388,0.107,0.0,0.32,0.053,0.0,0.604,Key defender
2022,Liam Baker,23,Richmond,24.594,8.19,13.98,4.382,0.156,0.469,3.599,2.973,2.973,2.713,1.617,0.313,0.0,0.574,0.261,0.557,Outside midfielder
2022,Liam Duggan,20,West Coast,25.69,6.43,18.616,9.063,0.122,0.061,2.511,4.776,2.266,2.021,1.102,0.245,0.0,0.184,0.735,0.689,Rebounding defender
2022,Liam Ryan,17,West Coast,25.882,5.564,8.421,5.338,0.827,1.654,3.609,0.376,0.827,2.932,0.602,0.902,0.0,1.429,0.376,0.818,Small forward
2022,Liam Shiels,13,Hawthorn,31.293,6.266,11.488,4.178,0.131,0.261,3.264,1.305,1.828,5.091,1.436,0.261,0.0,0.522,0.0,0.575,Pressure / role player
2022,Lincoln McCarthy,25,Brisbane Lions,28.901,6.684,9.165,4.506,0.709,1.62,4.0,0.354,1.57,4.203,0.911,0.456,0.0,1.772,0.354,0.644,Small forward
2022,Lochie OBrien,19,Carlton,22.923,4.319,17.997,6.414,0.131,0.393,3.927,2.421,1.374,1.767,0.916,0.785,0.0,0.327,0.131,0.706,Outside midfielder
2022,Logan McDonald,17,Sydney,20.454,5.285,7.019,5.698,0.991,1.734,1.569,0.083,1.569,2.147,0.083,0.826,0.0,1.239,0.0,0.662,Key forward
2022,Luke Breust,21,Hawthorn,31.775,7.186,7.674,2.862,0.487,1.401,3.898,0.183,1.279,3.106,0.548,0.914,0.0,2.436,0.183,0.664,Small forward
2022,Luke Brown,11,Adelaide,29.679,5.732,9.236,4.034,0.0,0.0,0.637,2.972,1.805,2.229,0.743,0.0,0.0,0.0,0.318,0.589,Key defender
2022,Luke Dahlhaus,10,Geelong,29.958,7.034,12.357,3.802,0.0,0.57,2.662,0.0,1.711,3.612,0.76,0.951,0.0,0.57,0.0,0.385,Pressure / role player
2022,Luke Davies-Uniacke,21,North Melbourne,23.2,14.052,17.726,5.248,0.233,0.117,6.064,2.507,0.816,5.364,6.472,0.466,0.0,0.525,0.583,0.511,Inside midfielder
2022,Luke Foley,16,West Coast,22.865,4.919,9.985,4.993,0.22,0.073,1.248,2.57,2.129,2.937,0.808,0.073,0.0,0.073,0.147,0.702,Key defender
2022,Luke Jackson,22,Melbourne,20.945,11.132,8.505,4.065,1.626,0.876,2.814,0.563,2.376,5.066,3.315,0.688,15.197,0.688,0.063,0.389,Ruck
2022,Luke McDonald,22,North Melbourne,27.526,6.131,13.653,6.131,0.876,0.052,2.164,6.955,3.761,2.782,1.082,0.155,0.0,0.052,0.052,0.684,Rebounding defender
2022,Luke Parker,25,Sydney,29.914,14.21,14.645,4.978,0.435,0.773,4.592,2.078,1.305,7.25,7.25,0.387,0.0,0.677,0.0,0.524,Inside midfielder
2022,Luke Ryan,24,Fremantle,26.591,5.833,14.069,8.186,0.686,0.0,1.422,7.941,4.657,2.206,0.637,0.049,0.0,0.0,0.392,0.776,Rebounding defender
2022,Luke Shuey,17,West Coast,32.216,12.865,17.293,4.01,0.0,0.0,4.511,2.256,2.089,8.354,8.187,1.003,0.0,0.251,0.418,0.569,Inside midfielder
2022,Mabior Chol,22,Gold Coast,25.556,7.316,3.77,4.502,1.857,2.195,1.801,0.169,2.645,1.576,0.957,0.394,4.952,2.476,0.056,0.768,Key forward
2022,Malcolm Rosas,15,Gold Coast,21.148,7.427,7.845,2.824,0.314,0.523,2.824,0.209,1.151,4.812,1.36,0.732,0.0,1.464,0.105,0.55,Pressure / role player
2022,Marc Pittonet,8,Carlton,26.216,9.074,6.171,2.178,0.544,0.0,1.452,1.089,3.63,2.359,4.719,0.0,30.49,0.0,0.0,0.325,Ruck
2022,Marcus Adams,18,Brisbane Lions,29.104,4.737,9.064,6.082,1.111,0.0,1.228,3.743,6.316,1.404,0.175,0.292,0.0,0.058,0.0,0.76,Key defender
2022,Marcus Bontempelli,22,Western Bulldogs,26.775,13.312,15.835,6.227,1.074,1.127,6.602,1.718,3.811,6.173,6.119,1.288,0.054,1.288,0.59,0.555,Inside midfielder
2022,Marcus Windhager,18,St Kilda,19.266,5.226,12.589,4.117,0.079,0.475,2.93,0.317,1.029,3.088,1.584,0.238,0.0,0.317,0.079,0.554,Pressure / role player
2022,Mark Blicavs,24,Geelong,31.493,10.431,10.97,4.75,0.979,0.637,2.987,1.861,4.407,5.926,4.016,0.245,17.14,0.392,0.0,0.438,Ruck
2022,Mark OConnor,22,Geelong,25.684,5.393,11.137,4.924,0.293,0.117,2.169,1.758,2.286,3.283,0.703,0.176,0.0,0.0,0.059,0.617,Outside midfielder
2022,Marlion Pickett,19,Richmond,30.652,7.593,12.613,5.598,0.644,0.386,4.054,1.995,2.059,3.539,1.673,0.322,0.0,0.515,0.193,0.59,Outside midfielder
2022,Mason Cox,18,Collingwood,31.512,8.699,4.565,4.996,2.498,1.034,2.584,1.637,5.082,3.101,2.412,0.086,27.304,0.603,0.0,0.737,Ruck
2022,Mason Redman,20,Essendon,24.983,5.908,18.416,7.794,0.629,0.063,2.766,5.468,2.766,2.766,0.377,0.503,0.0,0.189,0.503,0.736,Rebounding defender
2022,Mason Wood,19,St Kilda,28.912,8.558,13.527,7.315,0.966,0.759,3.244,1.932,1.518,2.761,1.587,0.483,0.069,0.897,0.138,0.619,Outside midfielder
2022,Massimo DAmbrosio,8,Essendon,19.208,5.243,13.109,5.243,0.375,0.562,0.936,3.184,0.375,2.06,0.562,0.187,0.0,0.749,0.0,0.583,Outside midfielder
2022,Matt Crouch,11,Adelaide,27.219,13.205,25.769,5.0,0.0,0.128,3.59,3.205,1.154,5.641,6.154,0.513,0.0,0.0,0.0,0.382,Inside midfielder
2022,Matt Flynn,12,Greater Western Sydney,24.838,9.63,5.375,3.695,1.68,0.784,2.128,0.672,4.479,2.8,3.919,0.0,34.267,0.448,0.0,0.469,Ruck
2022,Matt Guelfi,20,Essendon,25.016,6.87,9.415,4.898,0.827,0.891,3.181,0.573,1.59,2.99,0.827,0.763,0.0,1.081,0.064,0.544,Small forward
2022,Matt Rowell,22,Gold Coast,21.137,15.53,7.543,1.498,0.0,0.055,4.215,1.775,1.886,8.763,7.321,0.222,0.0,0.111,0.055,0.525,Inside midfielder
2022,Matt de Boer,12,Greater Western Sydney,32.257,3.874,11.478,4.448,0.287,0.861,3.443,0.861,1.435,2.726,0.143,0.574,0.0,0.717,0.0,0.5,Pressure / role player
2022,Matthew Cottrell,18,Carlton,22.476,5.999,12.915,5.011,0.353,0.494,2.752,1.2,0.917,2.258,0.776,0.565,0.0,0.635,0.353,0.596,Outside midfielder
2022,Matthew Kennedy,17,Carlton,25.315,15.524,19.405,6.441,0.33,0.165,6.028,1.734,1.156,5.698,6.441,0.413,0.0,0.578,0.165,0.505,Inside midfielder
2022,Matthew Owies,17,Carlton,25.424,5.946,6.795,3.32,0.309,1.081,2.471,0.309,1.467,5.097,0.541,0.849,0.0,1.081,0.077,0.636,Small forward
2022,Matthew Taberner,13,Fremantle,29.137,5.466,6.883,6.377,1.822,2.024,2.227,0.0,1.518,1.316,0.101,0.405,0.0,2.328,0.0,0.806,Key forward
2022,Maurice Rioli,15,Richmond,19.966,5.252,7.563,3.151,0.105,1.681,2.731,0.105,1.996,4.307,0.105,1.05,0.0,1.471,0.84,0.623,Small forward
2022,Max Gawn,22,Melbourne,30.693,12.59,8.649,6.244,2.815,1.177,4.145,1.331,3.531,2.047,5.22,0.154,30.502,0.665,0.0,0.688,Ruck
2022,Max Holmes,18,Geelong,20.049,7.795,14.173,5.354,0.315,0.787,4.094,1.496,1.89,3.307,1.89,1.102,0.0,1.024,0.551,0.575,Small forward
2022,Max King,22,St Kilda,22.123,6.68,5.035,5.733,2.393,3.539,1.545,0.05,1.097,0.798,0.15,0.399,0.15,2.592,0.0,0.738,Key forward
2022,Michael Frederick,22,Fremantle,22.318,4.031,9.332,4.086,0.221,0.828,3.313,0.166,0.828,2.816,0.276,0.607,0.0,1.546,0.552,0.644,Small forward
2022,Michael Hibberd,12,Melbourne,32.682,5.258,9.056,5.063,0.292,0.0,0.876,4.382,3.408,2.045,0.097,0.0,0.0,0.0,0.0,0.629,Key defender
2022,Michael Walters,21,Fremantle,31.674,7.259,9.398,4.615,0.563,0.957,2.364,0.281,0.9,3.208,1.013,0.619,0.0,1.407,0.0,0.581,Small forward
2022,Miles Bergman,10,Port Adelaide,20.838,6.878,14.683,6.217,0.265,0.661,2.646,1.19,2.513,2.91,1.323,0.265,0.0,0.794,0.265,0.607,Outside midfielder
2022,Mitch Duncan,22,Geelong,31.29,5.421,20.505,9.877,0.268,0.698,3.596,4.079,1.449,1.879,1.825,0.644,0.0,0.483,0.376,0.664,Rebounding defender
2022,Mitch Georgiades,19,Port Adelaide,20.893,6.195,7.677,6.061,1.886,2.828,1.886,0.067,1.818,2.694,0.135,0.135,0.0,1.549,0.404,0.581,Key forward
2022,Mitch Hinge,17,Adelaide,24.151,6.311,11.796,5.034,0.075,0.0,3.381,3.306,2.855,3.456,1.352,0.225,0.0,0.225,0.075,0.643,Outside midfielder
2022,Mitch Lewis,15,Hawthorn,23.791,6.078,6.078,5.21,1.664,2.533,1.447,0.072,2.46,1.158,0.289,0.507,0.289,2.677,0.072,0.69,Key forward
2022,Mitch Robinson,15,Brisbane Lions,33.235,8.525,13.018,4.724,0.115,0.346,3.456,2.535,1.843,2.995,2.535,0.23,0.0,1.037,0.115,0.644,Outside midfielder
2022,Nakia Cockatoo,8,Brisbane Lions,25.769,6.072,8.159,4.175,0.38,0.38,3.605,1.518,2.087,4.175,1.139,1.139,0.0,0.38,0.0,0.645,Small forward
2022,Nasiah Wanganeen-Milera,17,St Kilda,19.493,4.885,15.897,7.282,0.178,0.266,2.931,2.398,0.888,2.842,1.243,0.533,0.0,0.089,1.599,0.719,Outside midfielder
2022,Nathan Broad,23,Richmond,29.381,4.429,14.272,6.89,0.591,0.0,1.28,5.906,4.724,1.329,0.246,0.049,0.0,0.0,0.787,0.703,Rebounding defender
2022,Nathan Murphy,16,Collingwood,22.756,4.815,7.333,3.852,0.815,0.0,0.519,3.852,6.444,1.407,0.074,0.0,0.0,0.0,0.0,0.716,Key defender
2022,Nathan ODriscoll,12,Fremantle,20.318,6.854,14.565,5.141,0.0,0.49,3.55,0.979,2.081,2.326,2.081,0.49,0.0,1.224,0.979,0.579,Outside midfielder
2022,Ned McHenry,20,Adelaide,22.104,7.215,9.222,2.949,0.188,0.376,3.074,0.816,1.255,4.141,0.753,0.627,0.0,0.816,0.063,0.468,Pressure / role player
2022,Ned Reeves,12,Hawthorn,23.726,6.683,3.713,2.104,0.866,0.743,2.351,0.99,5.817,3.589,3.218,0.0,39.975,0.866,0.0,0.596,Ruck
2022,Nic Martin,21,Essendon,21.381,5.844,17.154,6.656,0.0,0.758,2.922,1.894,1.299,1.894,1.786,0.433,0.0,1.028,0.379,0.538,Outside midfielder
2022,Nic Naitanui,8,West Coast,32.277,16.728,4.228,2.206,0.735,0.0,4.412,0.368,4.963,3.493,8.272,0.184,42.279,0.368,0.0,0.41,Ruck
2022,Nic Newman,19,Carlton,29.537,6.039,16.494,7.662,0.39,0.0,1.948,4.74,3.961,2.857,0.519,0.195,0.0,0.0,0.26,0.677,Rebounding defender
2022,Nick Blakey,24,Sydney,22.572,5.708,13.478,5.497,0.423,0.053,2.801,6.607,4.175,2.643,0.476,0.423,0.0,0.106,1.586,0.748,Rebounding defender
2022,Nick Daicos,25,Collingwood,19.704,7.752,20.673,4.973,0.0,0.098,3.364,5.022,0.634,2.633,1.95,0.341,0.0,0.341,0.975,0.561,Outside midfielder
2022,Nick Haynes,17,Greater Western Sydney,30.257,4.438,12.455,7.015,0.286,0.286,1.646,2.935,3.722,1.002,0.215,0.143,0.0,0.072,0.0,0.73,Key defender
2022,Nick Hind,21,Essendon,28.003,6.772,17.755,5.674,0.122,0.122,3.966,5.735,1.769,2.257,1.098,0.915,0.0,0.122,3.417,0.788,Rebounding defender
2022,Nick Holman,20,Gold Coast,27.189,8.509,6.77,2.609,0.311,0.87,2.671,0.248,1.304,5.839,0.373,0.497,0.0,0.994,0.186,0.485,Pressure / role player
2022,Nick Larkey,20,North Melbourne,24.205,5.531,5.098,4.121,1.356,2.007,1.41,0.054,2.223,0.705,0.054,0.217,0.0,2.061,0.0,0.655,Key forward
2022,Nick Murray,16,Adelaide,21.671,4.404,4.472,2.981,0.949,0.0,0.881,2.71,7.453,1.423,0.339,0.068,0.407,0.0,0.0,0.685,Key defender
2022,Nick Vlastuin,17,Richmond,28.37,7.112,14.877,9.507,0.581,0.073,1.959,7.257,4.136,3.483,0.363,0.581,0.0,0.0,0.29,0.697,Rebounding defender
2022,Noah Anderson,21,Gold Coast,21.504,12.03,17.692,5.008,0.0,0.272,6.859,2.395,1.742,3.865,6.369,0.653,0.0,0.599,1.143,0.698,Inside midfielder
2022,Noah Answerth,23,Brisbane Lions,23.112,4.942,12.63,6.096,0.494,0.055,1.977,2.91,3.075,3.295,0.714,0.275,0.0,0.0,0.0,0.684,Key defender
2022,Noah Balta,18,Richmond,22.857,6.51,7.271,5.263,1.939,1.108,2.216,2.77,3.532,1.385,0.623,0.208,1.87,0.9,0.485,0.722,Key forward
2022,Noah Cumberland,9,Richmond,21.465,6.742,6.1,2.889,0.642,1.605,2.889,0.0,1.284,2.729,0.803,1.284,0.0,3.05,0.161,0.682,Small forward
2022,Oleg Markov,11,Gold Coast,26.23,6.684,13.496,6.041,0.0,0.129,3.342,4.756,2.442,2.571,0.514,0.257,0.0,0.129,2.442,0.727,Rebounding defender
2022,Oliver Florent,25,Sydney,24.175,5.174,14.942,5.996,0.145,0.145,3.337,3.288,1.112,2.611,1.451,0.532,0.0,0.242,0.532,0.649,Outside midfielder
2022,Oliver Henry,15,Collingwood,20.063,4.722,7.66,4.617,0.735,2.728,2.833,0.21,1.574,1.364,0.315,0.525,0.0,2.204,0.0,0.727,Key forward
2022,Ollie Wines,21,Port Adelaide,27.868,15.815,20.369,5.169,0.308,0.492,5.908,1.908,1.785,5.169,6.523,0.862,0.185,0.369,0.062,0.443,Inside midfielder
2022,Oscar McInerney,22,Brisbane Lions,28.186,10.917,4.962,2.627,1.051,0.584,2.685,0.992,3.561,3.736,5.487,0.35,33.625,0.525,0.0,0.508,Ruck
2022,Paddy McCartin,24,Sydney,26.433,6.695,8.473,6.328,1.412,0.0,1.412,3.556,6.224,1.203,0.262,0.157,0.0,0.052,0.052,0.779,Key defender
2022,Paddy Ryder,12,St Kilda,34.337,7.151,4.572,3.751,1.172,1.055,2.11,0.469,3.4,3.048,3.048,0.234,30.95,1.29,0.0,0.768,Ruck
2022,Patrick Cripps,21,Carlton,27.427,18.897,16.138,4.46,0.528,0.939,5.516,0.939,1.526,6.162,9.448,0.646,0.646,1.174,0.411,0.382,Inside midfielder
2022,Patrick Dangerfield,18,Geelong,32.471,15.625,13.542,5.208,1.042,1.339,6.92,1.488,3.051,3.646,7.887,1.339,0.0,0.595,0.074,0.559,Inside midfielder
2022,Patrick Lipinski,25,Collingwood,24.17,9.901,17.044,4.236,0.197,0.296,3.941,2.118,1.33,4.532,3.892,1.084,0.0,0.443,0.099,0.495,Inside midfielder
2022,Patrick Naish,11,West Coast,23.383,5.672,16.646,5.179,0.0,0.247,3.083,3.946,0.863,1.85,0.986,0.37,0.0,0.123,0.247,0.652,Outside midfielder
2022,Patrick Parnell,11,Adelaide,20.463,3.589,11.722,3.589,0.0,0.12,1.914,2.273,1.555,2.99,0.359,0.239,0.0,0.0,0.359,0.648,Outside midfielder
2022,Paul Curtis,15,North Melbourne,19.444,5.667,7.25,4.583,0.833,1.25,2.25,0.417,0.833,3.583,0.083,0.583,0.0,1.0,0.083,0.653,Small forward
2022,Peter Ladhams,11,Sydney,24.479,12.117,9.694,3.699,0.383,0.51,2.934,1.02,4.847,2.041,5.23,0.128,28.827,0.255,0.0,0.503,Ruck
2022,Peter Wright,22,Essendon,25.947,5.365,6.66,5.92,1.896,2.729,2.081,0.324,3.747,0.694,0.231,0.601,3.191,2.451,0.046,0.742,Key forward
2022,Quinton Narkle,8,Geelong,24.591,8.333,17.029,7.609,0.0,1.449,5.072,2.899,1.087,2.899,3.261,1.087,0.0,1.449,0.725,0.588,Outside midfielder
2022,Reilly OBrien,20,Adelaide,26.98,10.682,4.659,3.011,1.761,0.227,2.159,1.42,4.659,4.489,4.432,0.114,41.932,0.17,0.0,0.468,Ruck
2022,Rhett Bazzo,9,West Coast,18.841,3.264,9.941,5.638,0.445,0.0,0.742,3.264,2.967,1.484,0.0,0.0,0.0,0.0,0.0,0.64,Key defender
2022,Rhylee West,14,Western Bulldogs,22.088,7.715,9.1,3.66,0.593,1.187,2.374,0.396,1.385,5.242,0.495,1.187,0.0,1.088,0.099,0.481,Small forward
2022,Rhys Mathieson,10,Brisbane Lions,25.682,15.838,11.418,4.604,0.0,0.368,3.315,1.842,1.473,4.604,7.919,0.552,0.0,0.552,0.0,0.497,Inside midfielder
2022,Rhys Stanley,20,Geelong,31.813,9.898,7.932,4.339,1.356,0.61,3.797,1.356,6.441,2.441,4.407,0.339,28.339,0.203,0.0,0.568,Ruck
2022,Riley Bonner,17,Port Adelaide,25.454,5.384,18.27,7.59,0.441,0.0,2.471,5.472,2.03,1.147,0.883,0.353,0.0,0.088,0.441,0.728,Rebounding defender
2022,Riley Thilthorpe,11,Adelaide,20.12,9.091,5.325,6.364,2.597,2.338,2.338,0.39,2.857,3.117,1.429,0.13,7.143,1.039,0.13,0.619,Key forward
2022,Roarke Smith,10,Western Bulldogs,25.977,7.664,11.215,4.486,0.561,0.374,2.243,1.495,1.682,2.804,1.308,0.187,0.0,0.935,0.0,0.531,Pressure / role player
2022,Robbie Fox,14,Sydney,29.441,5.719,14.645,6.499,0.26,0.087,0.953,3.38,3.899,2.513,0.52,0.087,0.0,0.0,0.26,0.643,Rebounding defender
2022,Robbie Gray,16,Port Adelaide,34.392,7.087,10.826,3.738,0.389,1.869,1.947,0.312,1.324,3.271,1.558,1.012,0.0,1.09,0.078,0.423,Small forward
2022,Robbie McComb,15,Western Bulldogs,26.706,6.886,12.712,3.39,0.0,0.53,3.284,0.636,1.165,2.436,1.165,0.953,0.0,0.636,0.106,0.514,Pressure / role player
2022,Robbie Tarrant,20,Richmond,33.353,4.429,6.506,4.866,0.601,0.0,1.093,2.023,7.49,1.148,0.219,0.055,0.0,0.0,0.0,0.584,Key defender
2022,Rory Atkins,9,Gold Coast,28.068,6.468,15.92,3.731,0.0,0.0,4.229,3.98,2.239,1.99,1.244,0.249,0.0,0.0,0.995,0.652,Outside midfielder
2022,Rory Laird,20,Adelaide,28.641,19.12,23.008,3.378,0.0,0.255,5.927,2.549,0.892,10.325,9.624,0.51,0.0,0.446,0.127,0.431,Inside midfielder
2022,Rory Lobb,21,Fremantle,29.583,6.101,5.71,4.49,1.562,2.391,1.318,0.439,4.002,1.708,0.537,0.586,7.613,1.757,0.0,0.603,Key forward
2022,Rowan Marshall,21,St Kilda,26.739,10.69,8.851,5.575,1.437,0.575,2.931,1.552,2.759,3.793,4.08,0.287,27.816,0.517,0.0,0.649,Ruck
2022,Ryan Burton,22,Port Adelaide,25.55,5.396,14.784,6.464,0.169,0.225,2.586,7.364,2.248,2.417,0.843,0.225,0.0,0.225,0.225,0.779,Rebounding defender
2022,Ryan Byrnes,11,St Kilda,21.241,5.357,14.732,5.58,0.0,0.0,3.348,2.232,0.893,2.232,1.116,0.446,0.0,0.0,0.223,0.58,Outside midfielder
2022,Ryan Clarke,14,Sydney,25.271,5.957,7.979,2.234,0.213,0.426,2.234,0.213,1.809,4.255,0.851,0.319,0.0,0.532,0.106,0.419,Pressure / role player
2022,Ryan Gardner,22,Western Bulldogs,25.257,3.853,7.614,5.385,0.65,0.0,0.325,2.6,9.192,1.161,0.046,0.046,0.0,0.0,0.093,0.678,Key defender
2022,Sam Berry,18,Adelaide,20.517,13.542,11.859,2.525,0.153,0.23,4.361,2.601,2.754,13.083,6.35,0.536,0.0,0.23,0.077,0.492,Inside midfielder
2022,Sam Butler,9,Hawthorn,19.485,5.994,6.625,2.524,0.473,0.315,2.05,0.0,0.631,2.366,0.473,0.315,0.0,0.946,0.0,0.553,Pressure / role player
2022,Sam Collins,22,Gold Coast,28.181,5.385,6.685,5.432,1.114,0.0,0.65,3.11,8.31,1.578,0.186,0.0,0.0,0.0,0.093,0.691,Key defender
2022,Sam De Koning,23,Geelong,21.575,5.771,7.616,5.676,1.703,0.047,0.71,2.744,5.913,0.284,0.047,0.047,0.189,0.047,0.0,0.509,Key defender
2022,Sam Docherty,22,Carlton,28.843,7.546,22.639,8.443,0.264,0.053,3.43,6.227,2.586,3.852,1.636,0.369,0.0,0.158,0.844,0.678,Rebounding defender
2022,Sam Draper,22,Essendon,23.893,9.069,3.983,2.145,1.042,0.368,3.493,1.348,4.841,2.022,5.208,0.306,32.047,0.735,0.061,0.654,Ruck
2022,Sam Durham,20,Essendon,21.115,7.476,12.268,5.815,0.447,0.511,1.853,1.661,2.109,2.236,1.278,0.319,0.0,0.319,0.639,0.465,Outside midfielder
2022,Sam Flanders,9,Gold Coast,21.074,5.484,10.645,3.548,0.323,0.161,2.419,1.452,1.29,3.065,0.645,0.323,0.0,0.484,0.323,0.526,Pressure / role player
2022,Sam Frost,12,Hawthorn,28.786,5.792,8.869,4.977,0.633,0.271,0.995,3.258,5.43,2.172,0.09,0.09,0.271,0.09,0.362,0.572,Key defender
2022,Sam Petrevski-Seton,14,West Coast,24.498,6.269,10.277,4.317,0.103,0.103,1.028,1.439,1.953,4.419,0.822,0.206,0.0,0.103,0.103,0.543,Pressure / role player
2022,Sam Powell-Pepper,22,Port Adelaide,24.613,7.581,13.043,5.797,0.502,1.282,4.459,0.446,1.059,4.125,1.616,0.613,1.171,1.338,0.111,0.592,Small forward
2022,Sam Reid,18,Sydney,30.742,8.891,6.098,5.29,1.984,1.91,2.572,0.367,3.6,5.364,1.837,0.294,9.258,1.323,0.0,0.537,Key forward
2022,Sam Switkowski,14,Fremantle,25.805,8.688,8.965,2.126,0.092,0.647,3.697,0.092,1.756,5.823,2.218,1.294,0.0,1.017,1.109,0.393,Small forward
2022,Sam Taylor,22,Greater Western Sydney,23.293,8.255,7.176,6.191,1.782,0.0,0.563,3.565,8.865,2.767,0.328,0.094,0.0,0.0,0.0,0.567,Key defender
2022,Sam Walsh,20,Carlton,22.115,13.812,25.694,5.489,0.0,0.121,5.609,2.895,0.724,3.981,5.308,0.422,0.0,0.302,0.663,0.445,Inside midfielder
2022,Sam Weideman,10,Melbourne,25.09,6.077,5.152,3.699,1.321,1.717,1.585,0.264,2.114,1.849,0.528,0.528,3.831,1.717,0.0,0.554,Key forward
2022,Sam Wicks,10,Sydney,22.934,6.408,7.452,3.13,0.447,0.596,2.534,0.0,1.788,3.726,0.298,0.596,0.0,0.596,0.0,0.473,Pressure / role player
2022,Scott Pendlebury,24,Collingwood,34.693,10.896,15.8,3.665,0.05,0.099,3.764,2.476,2.823,5.547,4.012,0.991,0.0,0.099,0.149,0.494,Inside midfielder
2022,Sean Darcy,21,Fremantle,24.246,11.164,6.532,3.029,1.188,0.772,2.91,1.247,3.207,3.266,5.523,0.475,42.28,0.594,0.0,0.495,Ruck
2022,Sean Lemmens,20,Gold Coast,27.797,5.184,8.439,4.762,0.422,0.0,0.904,4.641,3.134,3.014,0.422,0.121,0.0,0.0,0.301,0.757,Key defender
2022,Sebastian Ross,21,St Kilda,29.29,11.601,20.186,5.278,0.0,0.116,4.988,2.204,1.798,4.118,4.814,0.464,0.0,0.174,0.928,0.543,Inside midfielder
2022,Shai Bolton,23,Richmond,23.731,10.624,10.272,3.676,0.655,1.662,5.035,0.252,1.712,2.417,4.179,0.856,0.0,2.165,1.913,0.635,Small forward
2022,Shane Edwards,22,Richmond,33.851,6.103,11.118,3.082,0.121,0.363,2.9,0.725,0.967,1.934,1.571,1.148,0.0,0.906,0.242,0.533,Small forward
2022,Shane McAdam,15,Adelaide,27.211,5.464,8.834,5.92,0.911,2.823,1.275,0.182,0.911,4.007,0.182,0.911,0.0,2.095,0.273,0.58,Key forward
2022,Shannon Hurn,19,West Coast,34.958,5.465,15.42,9.304,1.431,0.0,1.757,6.376,2.668,2.147,0.195,0.195,0.0,0.0,0.39,0.817,Rebounding defender
2022,Steele Sidebottom,25,Collingwood,31.706,6.39,14.163,5.246,0.191,0.381,3.815,1.478,2.48,3.529,1.907,0.381,0.0,0.572,0.715,0.61,Outside midfielder
2022,Stephen Coniglio,21,Greater Western Sydney,28.679,11.369,17.986,4.412,0.283,0.452,3.846,0.905,1.188,6.222,5.317,0.905,0.0,0.962,0.792,0.541,Inside midfielder
2022,Steven May,22,Melbourne,30.663,5.664,7.666,5.42,1.709,0.0,0.879,8.594,6.836,1.367,0.195,0.0,0.0,0.0,0.293,0.831,Key defender
2022,Steven Motlop,14,Port Adelaide,31.309,5.049,10.194,4.563,0.388,0.777,3.204,0.583,1.359,3.592,0.291,0.874,0.0,0.971,0.0,0.647,Small forward
2022,Tanner Bruhn,17,Greater Western Sydney,20.214,8.533,10.4,3.378,0.089,0.267,3.022,0.622,1.244,5.244,3.2,0.267,0.0,0.622,0.533,0.46,Pressure / role player
2022,Tarryn Thomas,10,North Melbourne,22.255,7.703,10.644,3.922,0.7,0.56,3.782,1.261,1.261,3.922,3.782,0.14,0.0,0.28,0.84,0.651,Outside midfielder
2022,Taylor Adams,18,Collingwood,28.953,14.198,16.412,3.664,0.153,0.534,5.573,0.916,1.374,6.947,7.252,1.069,0.0,0.153,0.153,0.485,Inside midfielder
2022,Taylor Duryea,12,Western Bulldogs,31.326,5.335,13.394,7.946,0.341,0.114,2.384,2.384,3.065,1.703,0.341,0.227,0.0,0.114,0.114,0.658,Rebounding defender
2022,Taylor Walker,18,Adelaide,32.32,8.876,8.301,6.003,1.66,2.554,3.129,0.0,1.469,2.299,0.958,0.83,2.235,3.001,0.0,0.659,Key forward
2022,Tim English,16,Western Bulldogs,25.066,9.963,11.375,6.468,1.413,1.041,3.792,2.082,3.717,3.048,4.981,0.223,28.178,0.818,0.595,0.567,Ruck
2022,Tim Kelly,17,West Coast,28.068,13.471,15.823,4.277,0.143,0.214,5.916,2.637,1.14,4.775,6.771,0.784,0.0,0.428,0.641,0.512,Inside midfielder
2022,Tim Membrey,22,St Kilda,28.238,5.015,10.782,7.372,1.254,1.856,3.46,0.451,1.805,1.354,0.15,0.552,0.351,1.705,0.251,0.677,Key forward
2022,Tim OBrien,11,Western Bulldogs,28.257,5.061,9.351,7.041,1.21,0.11,1.32,2.64,7.591,1.1,0.22,0.0,0.0,0.11,0.0,0.706,Key defender
2022,Tim Taranto,16,Greater Western Sydney,24.559,11.507,17.595,4.232,0.371,0.371,4.603,2.301,0.965,5.642,4.454,0.742,0.0,0.52,0.074,0.541,Inside midfielder
2022,Toby Bedford,16,Melbourne,22.156,4.735,8.144,2.462,0.0,0.568,2.841,0.758,1.705,3.977,1.326,0.568,0.0,1.705,0.568,0.508,Pressure / role player
2022,Toby Greene,15,Greater Western Sydney,28.862,6.039,9.058,5.607,1.078,2.301,4.098,0.216,0.719,1.582,0.719,0.647,0.0,2.66,0.144,0.744,Key forward
2022,Toby Nankervis,23,Richmond,28.055,12.16,10.423,3.474,0.579,0.116,3.011,1.853,4.922,4.98,5.327,0.463,36.364,0.29,0.0,0.472,Ruck
2022,Todd Goldstein,22,North Melbourne,34.137,8.816,7.063,3.08,0.956,0.637,2.23,0.85,5.629,2.23,3.877,0.584,27.987,0.85,0.0,0.371,Ruck
2022,Todd Marshall,21,Port Adelaide,23.865,5.027,7.268,6.339,1.53,3.169,2.24,0.273,2.35,2.514,0.219,0.546,0.984,2.459,0.0,0.836,Key forward
2022,Tom Atkins,25,Geelong,27.016,11.052,12.692,3.437,0.106,0.053,2.909,2.115,2.38,8.302,4.072,0.317,0.0,0.212,0.106,0.527,Inside midfielder
2022,Tom Barrass,19,West Coast,26.865,6.508,10.3,8.206,1.698,0.057,0.679,4.358,8.885,0.792,0.566,0.0,0.396,0.057,0.113,0.712,Key defender
2022,Tom Clurey,13,Port Adelaide,28.334,3.469,7.276,5.922,0.761,0.0,0.338,2.369,6.43,1.1,0.0,0.0,0.0,0.0,0.423,0.773,Key defender
2022,Tom Cutler,9,Essendon,27.301,5.007,14.888,6.719,0.264,0.791,3.03,4.084,3.03,1.054,0.791,0.132,0.0,0.659,0.659,0.688,Rebounding defender
2022,Tom De Koning,19,Carlton,23.06,8.994,4.863,3.264,1.932,0.4,2.865,0.799,4.064,3.065,3.331,0.2,21.719,0.266,0.0,0.58,Ruck
2022,Tom Doedee,20,Adelaide,25.471,6.243,9.445,4.322,0.64,0.0,1.067,3.362,7.044,1.814,0.374,0.0,0.0,0.0,0.107,0.529,Key defender
2022,Tom Green,21,Greater Western Sydney,21.572,14.877,15.578,3.384,0.233,0.35,4.026,2.217,1.167,5.193,6.126,0.7,0.35,0.583,0.233,0.434,Inside midfielder
2022,Tom Hawkins,25,Geelong,34.178,7.143,6.974,6.002,1.775,4.057,1.775,0.127,1.86,1.648,1.014,1.141,3.593,2.832,0.042,0.674,Key forward
2022,Tom Hickey,16,Sydney,31.553,13.652,7.423,4.181,1.195,0.341,3.157,1.706,3.754,2.218,5.375,0.341,29.693,0.256,0.0,0.511,Ruck
2022,Tom Jonas,21,Port Adelaide,31.611,4.822,7.936,5.374,0.753,0.0,0.653,3.214,6.027,2.361,0.301,0.0,0.0,0.0,0.0,0.661,Key defender
2022,Tom Liberatore,22,Western Bulldogs,30.266,16.43,15.236,3.866,0.171,0.341,4.832,1.649,2.217,5.912,9.039,0.739,0.0,0.512,0.114,0.467,Inside midfielder
2022,Tom Lynch,19,Richmond,29.835,8.745,6.184,7.245,3.873,4.06,2.686,0.0,1.936,1.562,0.125,0.375,0.0,3.935,0.0,0.779,Key forward
2022,Tom McCartin,25,Sydney,22.734,5.109,5.619,4.087,1.107,0.0,0.596,2.469,9.366,1.618,0.298,0.043,0.0,0.0,0.0,0.561,Key defender
2022,Tom McDonald,9,Melbourne,29.671,6.304,7.736,5.158,1.289,2.865,1.146,1.003,2.579,1.433,0.287,1.003,2.149,2.149,0.0,0.68,Key forward
2022,Tom Mitchell,21,Hawthorn,29.225,16.505,19.71,4.897,0.06,0.423,4.111,2.479,1.451,5.804,6.409,0.665,0.0,0.302,0.363,0.406,Inside midfielder
2022,Tom Papley,19,Sydney,26.2,9.2,10.733,5.267,0.467,2.0,4.133,0.667,1.667,2.467,2.733,1.333,0.0,2.133,0.533,0.7,Small forward
2022,Tom Powell,18,North Melbourne,20.468,7.413,13.013,3.707,0.079,0.079,2.918,1.972,0.552,3.628,3.47,0.158,0.0,0.394,0.71,0.479,Pressure / role player
2022,Tom Sparrow,23,Melbourne,22.277,9.524,14.667,4.381,0.19,0.317,4.571,1.27,2.032,4.952,3.746,0.381,0.0,0.444,0.0,0.509,Pressure / role player
2022,Tom Stewart,20,Geelong,29.528,7.28,17.569,8.785,0.842,0.0,2.708,7.521,4.994,2.407,0.481,0.301,0.06,0.0,0.301,0.761,Rebounding defender
2022,Touk Miller,22,Gold Coast,26.49,17.514,15.364,4.352,0.157,0.157,6.397,2.674,1.101,6.974,9.124,0.787,0.0,0.42,0.157,0.596,Inside midfielder
2022,Travis Boak,21,Port Adelaide,34.052,14.319,19.345,5.026,0.117,0.468,6.137,1.169,2.338,4.968,7.189,0.935,0.0,0.584,0.058,0.445,Inside midfielder
2022,Travis Colyer,18,Fremantle,30.928,4.282,11.195,4.733,0.075,0.301,3.757,0.676,1.202,2.329,0.751,1.127,0.0,0.676,0.902,0.733,Small forward
2022,Trent Bianco,10,Collingwood,21.657,5.401,10.802,4.91,0.0,0.327,2.128,1.964,1.309,4.419,0.982,0.491,0.0,0.164,0.0,0.62,Pressure / role player
2022,Trent Cotchin,19,Richmond,32.402,14.041,14.863,4.041,0.0,0.342,4.658,1.096,2.329,3.699,6.507,1.233,0.068,0.342,0.068,0.51,Inside midfielder
2022,Trent Dumont,8,Port Adelaide,26.942,5.789,17.193,5.439,0.351,0.702,2.105,2.632,1.579,2.632,1.754,0.351,0.0,0.351,0.0,0.546,Outside midfielder
2022,Trent Rivers,18,Melbourne,21.112,5.777,13.583,5.152,0.39,0.0,2.42,3.279,2.498,2.264,0.703,0.234,0.0,0.156,0.312,0.615,Outside midfielder
2022,Tristan Xerri,12,North Melbourne,23.298,8.315,4.767,2.993,0.665,0.665,1.441,0.665,2.661,4.656,3.215,0.333,29.047,0.554,0.0,0.417,Ruck
2022,Tyler Brown,11,Collingwood,22.58,7.755,7.551,1.429,0.0,0.0,1.429,1.224,1.429,6.939,2.041,0.204,0.408,0.408,0.0,0.394,Pressure / role player
2022,Tyson Stengle,25,Geelong,23.931,6.799,11.025,3.983,0.243,1.7,4.177,0.389,1.117,3.108,1.651,0.583,0.0,2.574,0.486,0.684,Small forward
2022,Wayne Milera,12,Adelaide,24.931,6.441,10.96,3.616,0.226,0.565,2.599,0.678,1.469,2.712,0.791,1.017,0.0,0.565,0.226,0.529,Small forward
2022,Wil Powell,12,Gold Coast,22.813,5.912,9.99,4.383,0.408,0.0,3.058,4.383,3.262,2.956,0.815,0.612,0.0,0.102,0.408,0.773,Rebounding defender
2022,Will Brodie,24,Fremantle,24.049,17.289,21.145,3.795,0.12,0.12,5.482,1.386,1.446,7.651,8.253,0.602,0.0,0.361,0.301,0.425,Inside midfielder
2022,Will Day,17,Hawthorn,21.211,5.736,13.101,5.271,0.388,0.078,2.248,4.109,3.023,2.558,0.698,0.155,0.0,0.233,0.31,0.619,Rebounding defender
2022,Will Hamill,13,Adelaide,21.72,6.739,8.664,2.768,0.481,0.0,1.444,2.166,3.129,2.888,0.481,0.12,0.0,0.12,0.0,0.48,Pressure / role player
2022,Will Hayward,25,Sydney,23.912,6.304,8.373,5.39,0.962,0.914,2.599,0.048,1.011,3.561,0.626,0.626,0.0,1.636,0.0,0.658,Small forward
2022,Will Hoskin-Elliott,24,Collingwood,29.041,5.946,10.046,5.023,0.308,0.666,2.819,0.769,1.743,2.614,1.025,0.615,0.0,0.718,0.308,0.638,Small forward
2022,Will Setterfield,13,Carlton,24.539,7.718,16.89,5.705,0.112,0.336,3.691,2.908,1.79,3.356,2.237,0.447,0.0,0.112,0.112,0.612,Outside midfielder
2022,Will Snelling,8,Essendon,24.983,5.902,12.142,4.047,0.0,0.337,3.373,0.506,1.012,4.722,1.012,0.0,0.0,0.0,0.0,0.383,Pressure / role player
2022,Willem Drew,22,Port Adelaide,23.884,10.887,13.761,3.547,0.367,0.306,3.058,1.223,2.263,6.85,4.954,0.489,0.0,0.245,0.122,0.372,Inside midfielder
2022,Willie Rioli,13,West Coast,27.211,8.547,8.868,4.38,0.427,1.068,2.244,1.175,1.175,4.38,3.846,0.534,0.0,1.496,0.321,0.667,Small forward
2022,Xavier Duursma,11,Port Adelaide,22.12,5.636,15.751,6.214,0.289,0.723,2.168,2.457,1.734,2.89,1.879,0.723,0.0,0.867,0.867,0.575,Outside midfielder
2022,Xavier OHalloran,14,Greater Western Sydney,22.09,4.084,10.757,3.486,0.1,0.199,3.088,1.096,1.195,2.39,0.896,0.199,0.0,0.1,0.199,0.615,Pressure / role player
2022,Xavier ONeill,11,West Coast,22.047,7.95,11.801,2.36,0.0,0.0,3.23,1.615,0.745,6.335,2.981,0.994,0.0,0.248,0.0,0.6,Pressure / role player
2022,Zac Bailey,24,Brisbane Lions,22.98,8.237,13.464,5.069,0.158,0.898,5.069,1.531,1.32,2.746,2.482,0.422,0.0,1.954,0.053,0.658,Small forward
2022,Zac Fisher,22,Carlton,24.183,7.548,16.742,3.916,0.0,0.397,3.519,1.135,0.965,2.554,1.646,0.397,0.0,1.022,0.341,0.558,Outside midfielder
2022,Zac Langdon,8,West Coast,26.767,6.337,7.573,3.091,0.464,0.309,2.164,0.155,0.464,4.173,0.309,0.773,0.0,0.464,0.155,0.435,Pressure / role player
2022,Zac Williams,9,Carlton,27.917,7.385,14.769,5.692,0.154,0.0,2.154,7.385,3.385,1.692,1.538,0.154,0.0,0.0,3.231,0.773,Rebounding defender
2022,Zach Guthrie,21,Geelong,24.235,5.466,13.666,6.892,0.832,0.119,2.793,3.684,2.911,2.852,0.238,0.475,0.0,0.297,0.297,0.698,Rebounding defender
2022,Zach Merrett,19,Essendon,26.879,11.4,24.953,4.75,0.0,0.0,6.65,2.597,2.027,5.193,5.573,1.013,0.0,0.38,0.38,0.519,Inside midfielder
2022,Zach Tuohy,24,Geelong,32.789,6.283,16.115,5.755,0.288,0.288,2.878,4.365,1.247,2.11,1.199,0.384,0.0,0.432,1.055,0.675,Rebounding defender
2022,Zaine Cordy,14,Western Bulldogs,25.851,4.638,5.844,3.061,0.371,0.371,1.113,1.206,5.38,2.69,0.835,0.278,3.525,0.186,0.0,0.55,Key defender
2022,Zak Butters,20,Port Adelaide,21.947,11.305,16.925,5.103,0.258,0.581,4.264,1.292,1.421,4.845,4.78,1.034,0.0,0.646,1.357,0.564,Inside midfielder
2022,Zak Jones,13,St Kilda,27.435,10.265,17.647,4.383,0.0,0.231,3.806,1.499,1.038,5.306,4.498,0.577,0.0,0.231,0.577,0.498,Inside midfielder
2023,Aaron Cadman,12,Greater Western Sydney,19.405,4.378,3.42,2.599,0.821,1.231,1.231,0.0,0.958,2.599,0.0,0.137,0.0,0.821,0.0,0.648,Key forward
2023,Aaron Francis,15,Sydney,26.047,5.201,7.664,5.566,1.277,0.547,0.639,2.92,7.208,1.734,0.0,0.182,0.0,0.091,0.0,0.624,Key defender
2023,Aaron Naughton,23,Western Bulldogs,23.736,7.897,5.936,5.03,2.062,2.867,2.163,0.201,2.565,2.968,0.252,1.107,1.107,2.213,0.05,0.674,Key forward
2023,Adam Cerra,22,Carlton,23.961,13.603,21.385,4.534,0.184,0.49,6.863,1.654,2.206,6.495,6.005,0.797,0.0,0.551,0.368,0.491,Inside midfielder
2023,Adam Saad,25,Carlton,29.17,7.738,14.236,5.506,0.446,0.0,2.629,5.952,3.423,2.381,1.141,0.05,0.0,0.0,2.728,0.679,Rebounding defender
2023,Adam Tomlinson,9,Melbourne,30.099,4.54,8.602,4.659,0.358,0.0,0.956,4.659,5.615,1.792,0.119,0.0,0.0,0.0,0.0,0.752,Key defender
2023,Adam Treloar,19,Western Bulldogs,30.465,15.034,21.946,3.624,0.0,0.134,5.034,2.148,1.141,6.711,7.248,0.537,0.0,0.872,0.604,0.454,Inside midfielder
2023,Aidan Corr,19,North Melbourne,29.277,3.927,10.997,5.619,0.604,0.0,0.483,5.378,7.251,1.39,0.242,0.0,0.0,0.06,0.483,0.718,Key defender
2023,Alex Cincotta,19,Carlton,26.767,5.732,9.98,3.574,0.27,0.135,2.36,2.09,2.428,2.36,1.011,0.067,0.0,0.202,0.135,0.483,Pressure / role player
2023,Alex Davies,9,Gold Coast,21.441,11.727,9.667,2.377,0.317,0.158,3.328,0.792,2.694,6.181,3.803,0.475,0.0,0.158,0.0,0.465,Pressure / role player
2023,Alex Keath,18,Western Bulldogs,31.597,4.587,9.961,6.029,0.524,0.0,1.114,2.425,4.915,1.9,0.197,0.066,0.0,0.0,0.328,0.59,Key defender
2023,Alex Neal-Bullen,25,Melbourne,27.682,8.012,12.331,4.006,0.104,0.572,4.422,0.728,1.405,6.139,1.145,0.728,0.052,0.989,0.156,0.589,Small forward
2023,Alex Pearce,23,Fremantle,28.214,5.202,5.481,4.18,1.022,0.0,0.372,2.647,5.434,2.276,0.279,0.046,0.0,0.0,0.0,0.583,Key defender
2023,Alex Sexton,8,Gold Coast,29.728,2.703,8.108,3.44,0.0,0.983,2.211,0.983,0.491,1.229,0.0,0.737,0.0,1.229,0.491,0.674,Small forward
2023,Alex Witherden,22,West Coast,24.958,5.64,14.154,6.345,0.108,0.0,1.627,6.725,3.579,2.711,0.542,0.217,0.0,0.054,0.651,0.685,Rebounding defender
2023,Aliir Aliir,24,Port Adelaide,29.03,5.997,6.168,5.147,1.489,0.043,0.766,3.403,7.274,1.574,0.085,0.043,0.0,0.0,0.085,0.714,Key defender
2023,Alwyn Davey,10,Essendon,19.438,6.198,6.7,3.35,0.335,0.335,2.848,0.503,1.173,3.35,0.67,0.67,0.0,0.67,0.838,0.547,Pressure / role player
2023,Andrew Brayshaw,23,Fremantle,23.797,11.573,23.093,4.577,0.0,0.21,5.103,2.262,1.578,7.522,5.26,0.631,0.0,0.579,0.105,0.48,Inside midfielder
2023,Andrew Gaff,23,West Coast,31.194,6.649,17.61,4.675,0.104,0.468,2.545,1.714,0.935,3.429,1.714,0.312,0.0,0.156,0.208,0.457,Outside midfielder
2023,Andrew McGrath,23,Essendon,25.23,5.907,18.819,6.273,0.157,0.0,2.143,6.482,1.777,2.457,0.575,0.209,0.0,0.0,3.502,0.552,Rebounding defender
2023,Andrew Phillips,20,Essendon,32.145,6.867,4.363,3.29,1.144,0.644,1.931,0.715,4.721,3.433,2.575,0.572,29.614,0.358,0.0,0.592,Ruck
2023,Angus Brayshaw,24,Melbourne,27.66,10.9,18.655,5.043,0.163,0.108,3.742,2.766,2.061,4.284,4.338,0.542,0.0,0.108,0.163,0.509,Inside midfielder
2023,Anthony Caminiti,18,St Kilda,19.75,5.421,5.421,4.28,1.07,1.569,2.282,0.071,1.07,3.566,0.285,0.642,1.854,1.355,0.071,0.513,Key forward
2023,Anthony Scott,22,Western Bulldogs,28.49,5.709,9.208,3.254,0.43,0.614,2.762,0.552,1.412,3.376,0.982,0.368,0.0,0.737,0.0,0.557,Pressure / role player
2023,Archie Perkins,23,Essendon,21.416,6.883,12.83,5.231,0.385,0.881,4.515,0.991,0.881,3.579,1.762,0.551,0.0,0.991,0.165,0.624,Small forward
2023,Arthur Jones,13,Western Bulldogs,20.071,4.62,7.151,1.87,0.11,0.44,2.2,0.11,1.1,3.85,0.33,0.44,0.0,0.44,0.66,0.475,Pressure / role player
2023,Ash Johnson,15,Collingwood,25.83,6.015,5.639,4.981,1.786,2.162,1.974,0.094,1.41,2.162,0.188,0.564,1.41,1.974,0.0,0.686,Key forward
2023,Bailey Banfield,14,Fremantle,25.479,6.601,9.557,4.039,0.493,1.379,2.463,0.394,2.069,1.576,0.394,0.788,0.0,1.084,0.394,0.556,Small forward
2023,Bailey Dale,23,Western Bulldogs,27.096,6.837,17.797,4.802,0.261,0.052,2.975,4.854,2.61,2.192,1.096,0.209,0.0,0.104,0.313,0.686,Rebounding defender
2023,Bailey Humphrey,19,Gold Coast,18.936,10.039,8.327,2.49,0.467,0.7,4.436,0.856,0.7,3.813,2.101,0.778,0.0,0.856,0.078,0.627,Small forward
2023,Bailey Scott,23,North Melbourne,23.131,5.852,19.237,6.107,0.051,0.204,4.122,4.326,1.17,3.053,1.781,0.56,0.0,0.254,0.916,0.648,Outside midfielder
2023,Bailey Smith,19,Western Bulldogs,22.701,9.509,19.145,3.957,0.064,0.064,4.403,1.914,1.276,4.212,4.403,0.319,0.0,0.255,0.319,0.515,Inside midfielder
2023,Bailey Williams,46,West Coast,25.876,8.141,10.638,4.342,0.543,0.516,2.931,1.547,1.818,3.772,3.582,0.244,17.205,0.434,0.109,0.511,Ruck
2023,Bayley Fritsch,17,Melbourne,26.775,5.274,8.553,5.061,0.998,2.637,3.065,0.071,1.426,1.924,0.0,0.855,0.0,2.708,0.143,0.728,Key forward
2023,Beau McCreery,25,Collingwood,22.449,4.331,9.168,3.768,0.169,0.619,3.881,0.337,1.012,5.399,0.562,0.844,0.0,0.956,1.125,0.669,Small forward
2023,Ben Ainsworth,21,Gold Coast,25.539,7.898,13.995,5.807,0.174,1.336,3.717,1.51,0.697,2.265,1.452,0.639,0.0,1.22,0.058,0.615,Small forward
2023,Ben Cunnington,9,North Melbourne,32.118,17.114,14.262,3.356,0.168,0.336,3.523,1.007,0.503,3.859,8.054,0.671,0.0,0.503,0.0,0.348,Inside midfielder
2023,Ben Hobbs,18,Essendon,19.939,10.817,17.949,5.769,0.16,0.481,5.048,1.603,0.801,5.849,4.968,0.401,0.0,0.481,0.24,0.551,Inside midfielder
2023,Ben Keays,23,Adelaide,26.504,9.312,12.468,3.725,0.0,0.724,4.035,0.931,1.293,4.501,3.052,0.828,0.0,1.138,0.0,0.494,Pressure / role player
2023,Ben King,20,Gold Coast,23.079,5.611,4.076,3.957,1.359,2.717,1.654,0.0,1.24,0.532,0.118,0.354,0.0,2.363,0.059,0.709,Key forward
2023,Ben Long,15,Gold Coast,25.92,6.018,7.337,3.462,0.412,0.0,0.907,3.875,3.957,2.803,0.907,0.165,0.0,0.0,0.165,0.667,Key defender
2023,Ben McKay,19,North Melbourne,25.671,4.931,7.922,6.26,1.607,0.0,0.388,2.05,5.097,1.219,0.166,0.0,0.0,0.0,0.166,0.629,Key defender
2023,Ben Miller,13,Richmond,23.912,5.329,5.434,3.239,0.627,1.045,1.567,0.627,5.538,2.926,1.045,0.627,12.017,0.627,0.104,0.516,Ruck
2023,Ben Paton,12,St Kilda,24.676,5.549,14.754,6.683,0.378,0.0,1.765,2.648,2.144,2.27,0.504,0.126,0.0,0.0,0.252,0.568,Rebounding defender
2023,Billy Frampton,16,Collingwood,26.86,3.924,6.904,3.706,0.727,0.291,1.308,2.471,6.032,1.381,0.727,0.0,9.666,0.509,0.073,0.671,Key defender
2023,Blake Acres,25,Carlton,27.961,8.918,18.596,6.499,0.617,0.569,4.269,3.368,1.992,2.941,2.704,0.569,0.0,0.474,0.19,0.554,Outside midfielder
2023,Blake Hardwick,23,Hawthorn,26.553,5.608,14.221,7.361,0.551,0.25,1.252,6.309,3.806,2.253,0.501,0.05,0.0,0.1,1.052,0.672,Rebounding defender
2023,Bobby Hill,24,Collingwood,23.638,4.93,8.852,4.37,0.224,1.513,3.025,0.224,1.345,3.137,0.336,0.84,0.0,1.849,1.793,0.696,Small forward
2023,Brad Close,21,Geelong,25.055,6.717,9.959,3.069,0.116,0.926,2.895,0.232,1.448,3.243,1.332,1.216,0.0,1.216,0.116,0.448,Small forward
2023,Brad Crouch,24,St Kilda,29.652,15.021,19.214,4.777,0.053,0.318,4.193,1.752,1.274,7.537,6.953,0.531,0.0,0.425,0.159,0.449,Inside midfielder
2023,Bradley Hill,22,St Kilda,30.17,4.858,20.087,5.622,0.0,0.328,3.712,2.456,1.31,2.347,0.928,0.655,0.0,0.328,1.146,0.596,Outside midfielder
2023,Brady Hough,15,West Coast,20.476,4.088,13.365,6.682,0.393,0.079,1.022,2.28,1.887,1.494,0.472,0.079,0.0,0.0,0.0,0.611,Key defender
2023,Braeden Campbell,23,Sydney,21.591,6.616,13.395,5.413,0.328,0.383,3.171,2.679,1.859,3.445,1.422,0.328,0.0,0.437,0.164,0.659,Outside midfielder
2023,Brandan Parfitt,9,Geelong,25.331,9.978,14.191,1.33,0.0,0.222,4.213,0.887,0.665,11.086,4.213,0.887,0.0,0.222,0.0,0.509,Inside midfielder
2023,Brandon Ellis,16,Gold Coast,30.063,6.328,14.937,6.328,0.294,0.368,3.385,1.03,1.104,2.723,1.913,0.368,0.0,0.515,0.294,0.677,Outside midfielder
2023,Brandon Starcevich,26,Brisbane Lions,24.186,4.786,8.307,5.237,0.722,0.0,1.354,2.799,2.483,1.806,0.361,0.09,0.0,0.045,0.045,0.764,Key defender
2023,Brandon Walker,14,Fremantle,20.742,4.252,9.3,3.632,0.354,0.0,0.886,2.48,2.657,1.683,0.0,0.0,0.0,0.0,0.0,0.641,Key defender
2023,Brandon Zerk-Thatcher,22,Essendon,25.0,5.439,7.934,5.988,0.798,0.0,0.449,2.745,8.034,1.647,0.15,0.0,0.0,0.0,0.05,0.614,Key defender
2023,Brayden Fiorini,17,Gold Coast,26.011,7.383,17.309,5.66,0.0,0.246,4.266,2.789,1.887,3.61,2.789,0.492,0.0,0.328,0.0,0.675,Outside midfielder
2023,Brayden Maynard,25,Collingwood,27.027,6.106,14.327,6.01,0.481,0.0,2.74,4.279,5.144,3.558,0.577,0.288,0.0,0.0,0.337,0.7,Rebounding defender
2023,Brennan Cox,20,Fremantle,25.036,6.184,11.978,8.412,2.006,0.056,0.78,4.345,9.192,1.058,0.223,0.056,0.0,0.111,0.0,0.621,Key defender
2023,Brent Daniels,20,Greater Western Sydney,24.539,8.515,12.057,3.356,0.062,1.181,4.475,0.373,0.808,4.102,2.424,1.181,0.0,1.616,0.435,0.583,Small forward
2023,Brodie Grundy,17,Melbourne,29.326,11.532,9.848,3.872,1.178,0.505,3.872,1.01,3.283,4.125,4.209,0.253,29.377,0.842,0.589,0.412,Ruck
2023,Brodie Kemp,17,Carlton,22.375,4.875,11.867,7.248,1.411,0.0,1.347,3.271,4.939,1.796,0.128,0.128,0.0,0.064,0.128,0.677,Key defender
2023,Brodie Smith,22,Adelaide,31.613,6.313,15.491,5.782,0.371,0.212,4.032,5.676,1.804,2.653,1.379,0.265,0.0,0.212,0.053,0.717,Rebounding defender
2023,Brody Mihocek,24,Collingwood,30.652,4.935,6.688,5.258,1.245,2.399,2.491,0.046,1.43,2.03,0.185,0.507,0.0,2.168,0.0,0.759,Key forward
2023,Caleb Daniel,23,Western Bulldogs,27.137,8.855,19.87,5.4,0.108,0.108,3.834,3.402,1.566,4.752,4.05,0.54,0.0,0.54,0.702,0.549,Outside midfielder
2023,Caleb Marchbank,8,Carlton,26.794,5.645,12.419,7.419,0.806,0.0,1.29,2.419,6.129,2.581,0.0,0.323,0.0,0.0,0.0,0.694,Key defender
2023,Caleb Poulter,9,Western Bulldogs,20.871,5.874,14.244,3.524,0.147,0.147,2.79,0.587,1.762,3.524,1.028,0.734,0.0,0.441,0.294,0.511,Pressure / role player
2023,Caleb Serong,22,Fremantle,22.542,17.266,19.553,3.922,0.054,0.163,6.209,2.56,0.654,5.937,9.096,1.198,0.0,0.218,0.0,0.499,Inside midfielder
2023,Callan Ward,25,Greater Western Sydney,33.452,10.558,16.243,3.844,0.271,0.596,4.494,1.678,1.299,3.79,4.656,0.812,0.0,0.596,0.217,0.495,Inside midfielder
2023,Callum Ah Chee,12,Brisbane Lions,25.975,7.917,10.278,5.833,1.25,1.111,2.639,1.111,2.083,3.75,1.389,0.694,0.0,0.833,0.139,0.643,Small forward
2023,Callum Brown,19,Greater Western Sydney,23.104,5.525,8.527,5.252,1.296,1.432,2.387,0.75,2.251,2.183,0.477,0.682,0.819,1.296,0.205,0.587,Key forward
2023,Callum Coleman-Jones,9,North Melbourne,24.09,6.37,6.222,4.0,1.63,1.185,1.63,0.444,2.222,3.407,1.778,0.593,9.481,0.593,0.0,0.5,Ruck
2023,Callum Mills,20,Sydney,26.435,8.902,16.477,5.997,0.442,0.379,3.472,2.21,1.894,5.556,2.525,0.505,0.0,0.442,0.063,0.514,Outside midfielder
2023,Callum Wilkie,24,St Kilda,27.501,5.577,13.836,8.679,1.174,0.042,0.629,4.906,5.996,2.096,0.042,0.084,0.0,0.0,0.377,0.694,Key defender
2023,Cam Mackenzie,14,Hawthorn,19.537,7.64,14.27,2.921,0.112,0.337,3.933,0.674,0.449,4.157,2.36,1.011,0.0,0.337,0.562,0.462,Pressure / role player
2023,Cam Rayner,26,Brisbane Lions,23.942,7.063,10.837,4.935,0.677,0.919,3.435,0.919,1.403,2.806,1.984,0.774,0.0,1.113,0.194,0.584,Small forward
2023,Cameron Zurhaar,16,North Melbourne,25.151,8.623,11.044,2.95,0.681,0.681,5.673,0.681,1.21,2.723,2.496,1.135,0.0,1.513,0.454,0.616,Small forward
2023,Campbell Chesser,14,West Coast,20.315,4.297,12.5,3.223,0.098,0.098,1.953,1.27,0.977,2.637,1.367,0.098,0.0,0.0,0.195,0.491,Pressure / role player
2023,Chad Warner,21,Sydney,22.307,12.856,17.976,3.781,0.116,0.116,7.039,2.269,1.28,5.236,5.468,0.64,0.0,0.873,0.989,0.597,Inside midfielder
2023,Chad Wingard,14,Hawthorn,30.041,6.33,14.807,6.33,0.107,1.18,3.755,0.644,0.966,2.682,1.395,1.395,0.0,0.966,0.644,0.586,Small forward
2023,Changkuoth Jiath,8,Hawthorn,23.914,6.462,15.024,4.523,0.323,0.0,2.262,3.554,4.847,1.616,0.808,0.323,0.0,0.162,0.808,0.566,Rebounding defender
2023,Charlie Ballard,23,Gold Coast,24.093,5.45,7.448,6.449,1.998,0.045,0.817,2.997,6.449,1.317,0.091,0.045,0.0,0.045,0.045,0.785,Key defender
2023,Charlie Cameron,26,Brisbane Lions,29.238,5.389,6.842,4.124,0.609,2.53,2.577,0.515,1.406,3.561,0.843,0.797,0.0,2.765,0.141,0.763,Key forward
2023,Charlie Curnow,26,Carlton,26.635,7.345,7.263,7.386,2.749,2.995,3.775,0.082,2.298,1.108,0.164,0.78,0.123,3.324,0.041,0.787,Key forward
2023,Charlie Dixon,14,Port Adelaide,32.98,8.973,4.867,5.095,2.738,2.357,2.281,0.304,2.51,2.281,1.445,0.38,7.909,1.749,0.0,0.61,Key forward
2023,Charlie Spargo,14,Melbourne,23.805,3.82,11.91,5.056,0.225,0.899,3.034,0.674,0.562,2.921,0.0,1.124,0.0,1.236,0.225,0.657,Small forward
2023,Chayce Jones,18,Adelaide,23.556,7.536,11.948,3.123,0.136,0.272,3.055,3.666,1.969,3.327,2.716,0.611,0.0,0.475,0.136,0.688,Outside midfielder
2023,Christian Petracca,25,Melbourne,27.695,16.675,16.722,5.098,0.381,1.429,7.003,1.477,0.619,4.717,7.099,1.239,0.048,1.334,0.048,0.505,Inside midfielder
2023,Christian Salem,16,Melbourne,28.17,6.945,14.712,4.705,0.448,0.0,3.062,3.958,1.27,4.556,1.195,0.075,0.0,0.0,0.075,0.654,Outside midfielder
2023,Clayton Oliver,15,Melbourne,26.151,17.436,18.631,5.016,0.08,0.239,6.529,2.707,2.15,8.041,8.28,0.637,0.0,0.478,0.159,0.493,Inside midfielder
2023,Cody Weightman,19,Western Bulldogs,22.611,6.676,7.02,3.716,0.619,1.927,2.615,0.413,1.583,3.579,0.688,0.688,0.0,2.34,0.069,0.702,Small forward
2023,Connor Idun,26,Greater Western Sydney,23.151,6.592,12.793,6.158,0.347,0.0,0.997,4.25,6.461,2.082,0.217,0.043,0.0,0.0,0.477,0.506,Key defender
2023,Connor Macdonald,21,Hawthorn,20.616,7.075,16.298,5.306,0.126,0.569,3.411,0.884,0.695,3.411,1.011,0.505,0.0,0.758,0.316,0.576,Outside midfielder
2023,Connor Rozee,25,Port Adelaide,23.649,10.086,20.457,5.566,0.333,0.571,6.993,1.57,1.427,5.566,4.472,0.761,0.0,0.999,0.19,0.606,Inside midfielder
2023,Connor West,9,West Coast,24.074,7.496,6.858,2.552,0.159,0.159,1.595,0.638,0.638,2.711,1.754,0.159,0.0,0.478,0.159,0.435,Pressure / role player
2023,Conor McKenna,26,Brisbane Lions,27.509,4.147,13.572,4.477,0.094,0.189,3.252,4.901,2.168,1.791,0.801,0.377,0.0,0.33,0.754,0.815,Rebounding defender
2023,Conor Nash,23,Hawthorn,25.079,11.844,19.385,3.352,0.056,0.056,4.246,1.844,1.788,6.145,6.089,0.615,0.056,0.056,0.223,0.386,Inside midfielder
2023,Cooper Sharman,16,St Kilda,23.126,6.25,7.369,5.317,1.306,1.586,3.172,1.026,3.731,2.146,0.746,0.56,0.28,1.399,0.0,0.664,Key forward
2023,Corey Durdin,11,Carlton,21.37,5.037,6.88,1.966,0.0,0.614,1.72,0.369,0.491,5.405,0.737,0.369,0.0,1.351,0.0,0.68,Pressure / role player
2023,Corey Wagner,9,Fremantle,26.427,4.937,16.22,5.783,0.0,0.141,2.398,5.078,1.975,4.372,1.41,0.564,0.0,0.0,0.564,0.701,Rebounding defender
2023,Curtis Taylor,16,North Melbourne,23.389,4.47,12.727,5.758,0.455,0.985,2.652,1.136,1.136,2.273,0.758,0.303,0.0,0.682,0.152,0.67,Outside midfielder
2023,Dan Butler,24,St Kilda,27.268,5.076,8.909,2.646,0.216,0.864,3.024,0.648,1.134,5.454,0.54,0.594,0.0,1.782,0.378,0.68,Small forward
2023,Dan Houston,25,Port Adelaide,26.348,9.742,17.633,6.965,0.682,0.244,5.504,4.433,3.799,4.14,3.458,0.536,0.0,0.438,0.195,0.666,Outside midfielder
2023,Dane Rampe,15,Sydney,33.268,5.022,11.769,4.648,0.15,0.0,1.274,3.748,6.372,2.474,0.15,0.0,0.0,0.0,0.075,0.601,Key defender
2023,Daniel Howe,11,North Melbourne,27.726,5.976,15.538,5.312,0.266,0.266,3.187,3.054,3.054,3.187,2.258,0.133,0.0,0.266,0.531,0.669,Outside midfielder
2023,Daniel Lloyd,23,Greater Western Sydney,31.591,6.6,9.24,3.537,0.211,0.634,2.64,0.686,1.162,3.696,0.475,0.686,0.0,0.634,0.211,0.545,Pressure / role player
2023,Daniel McStay,14,Collingwood,28.246,5.086,5.0,4.569,1.638,2.155,1.466,0.259,2.5,2.672,0.948,0.431,2.5,1.724,0.0,0.653,Key forward
2023,Daniel Rioli,23,Richmond,26.364,6.781,15.389,5.06,0.365,0.156,2.4,3.808,1.408,4.121,0.939,0.522,0.0,0.209,2.608,0.571,Outside midfielder
2023,Darcy Byrne-Jones,23,Port Adelaide,27.988,6.539,10.475,3.935,0.116,1.042,3.067,0.521,2.72,3.819,0.579,1.215,0.0,1.042,0.231,0.658,Small forward
2023,Darcy Cameron,19,Collingwood,28.203,11.498,6.813,4.613,1.845,0.568,1.278,1.136,2.981,4.329,4.258,0.284,34.776,0.355,0.0,0.558,Ruck
2023,Darcy Fogarty,21,Adelaide,23.917,5.737,7.818,5.737,1.35,2.362,2.306,0.056,1.35,2.306,0.45,0.9,0.056,1.912,0.112,0.662,Key forward
2023,Darcy Macpherson,23,Gold Coast,25.824,6.731,15.278,6.838,0.321,0.053,1.709,4.487,1.496,2.564,0.908,0.267,0.0,0.16,0.267,0.694,Rebounding defender
2023,Darcy Moore,24,Collingwood,27.679,6.824,6.824,6.233,2.138,0.0,1.365,5.505,8.735,1.001,0.091,0.045,0.0,0.0,0.682,0.676,Key defender
2023,Darcy Parish,18,Essendon,26.085,17.415,21.285,5.39,0.069,0.346,7.533,2.695,0.898,5.321,9.606,0.553,0.0,0.207,0.207,0.488,Inside midfielder
2023,Darcy Tucker,18,North Melbourne,26.589,6.231,16.565,5.775,0.304,0.38,3.495,2.812,1.14,2.128,1.52,0.532,0.0,0.456,0.76,0.563,Outside midfielder
2023,Darcy Wilmot,26,Brisbane Lions,19.747,6.455,12.214,5.313,0.248,0.298,2.284,3.724,2.383,2.135,1.192,0.397,0.0,0.248,0.596,0.732,Rebounding defender
2023,David Cuningham,12,Carlton,26.463,6.644,12.829,2.978,0.115,1.031,2.978,0.458,0.916,5.155,1.833,0.687,0.0,0.687,0.573,0.386,Pressure / role player
2023,David Swallow,23,Gold Coast,30.767,10.261,11.678,4.422,0.567,0.737,3.741,0.737,1.814,5.726,4.025,0.51,0.0,0.794,0.0,0.581,Pressure / role player
2023,Dayne Zorko,20,Brisbane Lions,34.638,7.64,17.19,8.049,0.068,0.546,5.593,2.183,1.569,4.843,3.001,1.091,0.0,0.546,0.136,0.72,Outside midfielder
2023,Deven Robertson,16,Brisbane Lions,22.252,7.427,7.966,3.66,0.215,0.323,1.938,0.646,1.938,4.521,2.691,0.431,0.0,0.323,0.0,0.493,Pressure / role player
2023,Dion Prestia,20,Richmond,30.851,10.573,17.621,3.965,0.0,0.692,3.776,2.203,1.573,3.524,4.846,0.818,0.0,0.503,0.063,0.481,Inside midfielder
2023,Dom Sheed,15,West Coast,28.304,10.033,21.053,6.908,0.0,0.082,2.796,2.549,0.658,3.865,5.181,0.493,0.0,0.411,0.082,0.503,Outside midfielder
2023,Dougal Howard,18,St Kilda,27.329,4.312,8.978,5.848,0.591,0.0,0.413,2.126,8.683,0.886,0.118,0.0,0.0,0.0,0.0,0.649,Key defender
2023,Dustin Martin,20,Richmond,32.17,11.498,15.802,5.542,1.297,1.769,5.896,0.413,1.592,2.241,3.302,0.884,0.0,1.474,0.531,0.593,Small forward
2023,Dylan Grimes,22,Richmond,32.115,5.275,5.218,2.982,0.344,0.0,0.573,2.408,6.479,2.752,0.229,0.057,0.0,0.0,0.057,0.611,Key defender
2023,Dylan Moore,23,Hawthorn,24.06,8.089,16.278,5.31,0.199,0.645,3.871,0.943,1.34,4.516,1.538,0.744,0.0,0.844,0.248,0.529,Outside midfielder
2023,Dylan Shiel,12,Essendon,30.334,11.538,17.241,4.244,0.0,0.265,5.172,2.387,1.857,5.04,5.305,0.796,0.0,0.796,0.796,0.469,Inside midfielder
2023,Dylan Stephens,13,Sydney,22.632,7.821,12.737,4.134,0.112,0.335,2.905,2.235,1.788,3.575,1.341,0.447,0.0,0.335,0.112,0.642,Outside midfielder
2023,Dylan Williams,21,Port Adelaide,22.192,5.734,12.491,6.894,1.024,0.068,3.003,6.826,2.594,1.092,0.614,0.137,0.0,0.0,0.341,0.792,Rebounding defender
2023,Dyson Heppell,22,Essendon,31.282,6.678,17.108,8.609,0.717,0.221,1.821,3.532,2.428,2.759,0.386,0.166,0.0,0.055,0.331,0.571,Rebounding defender
2023,Ed Curnow,17,Carlton,33.78,6.077,14.03,4.111,0.0,0.357,2.949,1.34,0.715,3.843,1.787,0.894,0.0,0.268,0.089,0.627,Pressure / role player
2023,Ed Langdon,25,Melbourne,27.619,7.011,14.33,4.075,0.0,0.394,3.418,2.06,1.139,2.366,1.972,0.482,0.0,0.263,0.219,0.555,Outside midfielder
2023,Ed Richards,19,Western Bulldogs,24.148,7.707,15.86,6.815,0.446,0.0,2.166,7.07,3.758,2.293,0.701,0.064,0.0,0.064,1.465,0.725,Rebounding defender
2023,Eddie Ford,14,North Melbourne,21.181,6.375,11.475,6.011,0.82,1.184,2.368,0.729,1.548,1.821,0.546,0.546,0.0,1.093,0.091,0.472,Small forward
2023,Elijah Hewett,14,West Coast,19.249,9.47,11.499,3.157,0.0,0.451,2.931,2.029,1.127,2.706,3.833,0.113,0.0,0.451,0.0,0.468,Pressure / role player
2023,Elijah Hollands,9,Gold Coast,21.298,6.748,11.196,3.528,0.153,0.153,2.301,1.994,0.767,3.528,1.38,0.153,0.0,0.46,0.153,0.632,Pressure / role player
2023,Elliot Yeo,10,West Coast,29.884,9.878,13.07,5.167,0.608,0.0,4.255,6.079,4.255,5.167,4.559,0.152,0.0,0.152,0.912,0.661,Rebounding defender
2023,Eric Hipwood,26,Brisbane Lions,26.047,4.346,7.64,6.404,1.235,3.156,2.562,0.0,2.013,2.242,0.046,1.052,0.229,1.876,0.091,0.778,Key forward
2023,Errol Gulden,24,Sydney,21.142,11.153,19.093,5.955,0.142,0.473,6.947,3.403,1.181,5.624,4.395,0.709,0.0,1.04,0.425,0.722,Inside midfielder
2023,Esava Ratugolea,16,Geelong,25.071,4.787,5.684,5.236,1.72,0.0,0.673,2.767,7.33,1.645,0.075,0.0,0.15,0.0,0.0,0.655,Key defender
2023,Ethan Hughes,20,Fremantle,28.663,4.37,12.603,5.383,0.38,0.0,2.217,2.723,3.357,2.217,0.76,0.253,0.0,0.127,0.063,0.588,Outside midfielder
2023,Fergus Greene,11,Hawthorn,25.569,3.778,6.966,4.486,0.236,2.715,1.771,0.0,2.125,1.181,0.236,1.063,0.0,1.771,0.0,0.629,Key forward
2023,Finn Callaghan,21,Greater Western Sydney,20.408,5.966,19.965,5.729,0.118,0.177,3.957,2.008,0.768,2.481,1.713,0.768,0.0,0.177,0.473,0.477,Outside midfielder
2023,Finn Maginness,13,Hawthorn,22.504,3.205,9.519,3.864,0.0,0.283,1.414,1.131,0.377,2.451,0.377,0.189,0.0,0.094,0.377,0.485,Pressure / role player
2023,Francis Evans,10,Port Adelaide,22.011,7.2,8.2,4.0,0.4,0.8,2.8,0.0,1.2,3.2,1.0,1.2,0.0,2.0,0.2,0.68,Small forward
2023,Gary Rohan,15,Geelong,32.178,6.53,6.437,4.198,1.399,1.772,2.799,0.373,1.586,3.265,0.653,0.746,0.466,1.679,0.28,0.664,Key forward
2023,George Hewett,22,Carlton,27.734,14.484,16.632,3.396,0.208,0.416,4.019,1.663,0.554,7.069,5.405,0.485,0.0,0.208,0.139,0.409,Inside midfielder
2023,George Wardlaw,8,North Melbourne,19.17,12.395,14.076,3.782,0.21,0.63,2.101,1.891,1.471,9.664,6.933,0.42,0.0,0.21,0.0,0.496,Inside midfielder
2023,Greg Clark,12,West Coast,26.219,3.966,12.26,3.726,0.12,0.12,1.442,1.202,0.962,3.125,0.841,0.0,0.12,0.24,0.0,0.44,Pressure / role player
2023,Griffin Logue,15,North Melbourne,25.238,5.367,8.844,5.745,1.134,0.151,0.529,3.175,5.971,1.134,0.076,0.0,1.663,0.076,0.529,0.561,Key defender
2023,Gryan Miers,23,Geelong,24.408,7.176,15.684,5.536,0.205,0.82,5.023,0.461,0.82,3.434,2.153,2.101,0.0,0.359,0.871,0.591,Small forward
2023,Harris Andrews,26,Brisbane Lions,26.802,4.996,9.087,7.986,1.613,0.0,0.747,3.501,10.818,1.22,0.157,0.079,0.0,0.039,0.118,0.762,Key defender
2023,Harry Cunningham,24,Sydney,29.756,4.396,11.208,4.106,0.145,0.145,1.063,2.947,2.174,3.285,0.773,0.242,0.0,0.145,0.29,0.536,Pressure / role player
2023,Harry Himmelberg,25,Greater Western Sydney,27.375,6.383,13.706,5.987,0.792,0.544,2.474,5.69,4.503,2.177,1.336,0.643,1.039,0.594,0.495,0.638,Rebounding defender
2023,Harry McKay,21,Carlton,25.747,6.527,7.467,7.799,2.6,2.821,2.821,0.055,2.212,1.881,0.332,0.608,0.996,1.604,0.111,0.769,Key forward
2023,Harry Morrison,13,Hawthorn,24.786,6.368,17.114,6.866,0.0,0.299,3.284,2.985,0.896,3.582,1.194,0.398,0.0,0.199,0.199,0.676,Outside midfielder
2023,Harry Perryman,22,Greater Western Sydney,24.758,8.859,14.806,4.005,0.182,0.061,2.913,3.883,3.944,5.583,1.942,0.425,0.0,0.182,0.061,0.577,Outside midfielder
2023,Harry Petty,14,Melbourne,23.731,5.229,8.073,5.872,1.193,1.743,0.734,1.193,4.404,2.844,0.183,0.0,1.101,1.101,0.0,0.549,Key forward
2023,Harry Schoenberg,11,Adelaide,22.509,8.204,13.777,4.489,0.155,0.464,4.18,1.548,1.084,4.18,4.025,0.619,0.0,0.31,0.464,0.51,Outside midfielder
2023,Harry Sheezel,23,North Melbourne,18.868,8.035,20.88,6.397,0.154,0.205,3.429,6.141,1.586,3.429,1.996,0.563,0.0,0.154,0.256,0.574,Rebounding defender
2023,Hayden McLean,22,Sydney,24.632,7.714,7.829,5.543,1.886,1.429,2.4,0.8,4.343,3.143,1.6,0.686,12.171,1.2,0.0,0.554,Key forward
2023,Hayden Young,22,Fremantle,22.375,7.401,17.379,5.757,0.493,0.0,3.838,4.879,1.754,4.715,1.919,0.493,0.0,0.055,0.274,0.657,Outside midfielder
2023,Hewago Oea,8,Gold Coast,21.69,6.049,6.616,2.079,0.0,0.189,3.592,0.189,1.701,3.781,2.079,0.189,0.0,0.567,0.0,0.577,Pressure / role player
2023,Hugh Greenwood,14,North Melbourne,31.474,14.677,7.886,3.176,1.095,0.329,1.752,0.329,2.519,7.558,4.929,0.438,1.533,0.329,0.0,0.328,Pressure / role player
2023,Hugh McCluggage,25,Brisbane Lions,25.578,11.733,16.386,5.792,0.149,0.495,5.743,1.733,0.743,4.505,4.752,1.485,0.0,0.644,0.248,0.586,Inside midfielder
2023,Hugo Ralphsmith,13,Richmond,21.682,5.819,12.314,5.819,0.406,0.135,3.383,2.165,2.03,0.812,0.677,0.541,0.0,0.135,0.406,0.538,Outside midfielder
2023,Hunter Clark,19,St Kilda,24.457,12.953,18.297,4.891,0.272,0.091,4.529,1.449,1.54,6.159,4.71,0.453,0.0,0.362,0.0,0.535,Inside midfielder
2023,Isaac Cumming,20,Greater Western Sydney,25.115,4.927,12.761,5.243,0.316,0.316,2.464,4.169,3.411,3.095,1.137,0.19,0.0,0.379,0.632,0.692,Rebounding defender
2023,Isaac Heeney,23,Sydney,27.345,9.969,8.479,5.653,1.233,1.593,2.826,0.719,1.439,5.087,2.107,0.719,0.0,1.542,0.257,0.599,Small forward
2023,Isaac Quaynor,26,Collingwood,23.706,6.722,12.193,6.63,0.881,0.093,1.53,4.497,3.106,3.153,0.556,0.139,0.0,0.0,0.232,0.594,Rebounding defender
2023,Isaac Smith,22,Geelong,34.654,4.454,18.74,7.55,0.109,0.435,4.345,3.476,0.815,1.955,1.358,0.652,0.0,0.543,0.543,0.689,Outside midfielder
2023,Ivan Soldo,8,Richmond,27.37,8.303,6.137,5.596,1.264,1.986,2.347,1.625,2.527,5.415,3.791,0.542,32.852,1.264,0.0,0.603,Ruck
2023,Izak Rankine,20,Adelaide,23.342,8.628,8.85,4.093,0.442,1.825,3.54,0.221,0.996,3.54,2.102,0.83,0.0,1.991,0.83,0.619,Small forward
2023,Jack Bowes,17,Geelong,25.58,9.083,13.1,5.764,0.437,0.611,3.93,2.707,1.485,3.493,2.096,0.087,0.0,0.349,0.349,0.598,Outside midfielder
2023,Jack Buckley,26,Greater Western Sydney,25.764,6.265,7.955,4.699,0.742,0.041,0.866,2.844,9.398,3.256,0.206,0.082,0.0,0.0,0.206,0.581,Key defender
2023,Jack Crisp,26,Collingwood,29.994,9.952,16.779,4.712,0.337,0.337,4.519,1.827,1.49,5.481,3.269,0.817,0.0,0.481,0.721,0.53,Inside midfielder
2023,Jack Darling,20,West Coast,31.203,5.024,5.997,4.322,1.243,1.621,1.729,0.054,1.729,2.755,0.648,0.432,1.783,1.405,0.054,0.632,Key forward
2023,Jack Ginnivan,14,Collingwood,20.808,5.711,9.235,3.888,0.122,1.58,3.281,0.486,1.337,1.944,0.851,1.094,0.0,1.458,0.0,0.685,Small forward
2023,Jack Graham,20,Richmond,25.501,6.566,12.942,2.841,0.0,0.505,3.409,1.136,0.884,4.861,1.705,0.694,0.0,0.568,0.316,0.485,Pressure / role player
2023,Jack Gunston,17,Brisbane Lions,31.821,4.762,8.665,6.87,1.171,2.03,2.732,0.703,1.483,1.249,0.078,0.39,0.0,1.717,0.0,0.788,Key forward
2023,Jack Henry,11,Geelong,24.934,5.59,6.418,4.865,1.139,0.414,0.725,2.381,5.176,1.553,0.207,0.104,0.621,0.414,0.0,0.686,Key defender
2023,Jack Higgins,22,St Kilda,24.476,6.609,10.46,4.713,0.287,2.299,1.839,0.345,1.034,2.471,0.402,0.69,0.0,2.069,0.115,0.556,Small forward
2023,Jack Lukosius,22,Gold Coast,23.027,5.982,9.679,7.613,1.196,1.958,5.275,0.979,2.936,1.305,0.109,0.816,0.0,2.121,0.109,0.862,Key forward
2023,Jack Macrae,22,Western Bulldogs,29.047,12.724,19.607,4.743,0.058,0.116,4.974,1.966,1.793,5.61,5.205,0.752,0.0,0.405,0.058,0.429,Inside midfielder
2023,Jack Martin,13,Carlton,28.649,6.738,8.877,4.92,0.856,1.925,1.925,0.535,1.283,3.316,0.749,0.535,0.0,1.818,0.0,0.528,Key forward
2023,Jack Payne,23,Brisbane Lions,23.901,3.427,7.33,5.902,0.809,0.0,0.714,3.855,6.426,0.952,0.048,0.048,0.0,0.0,0.0,0.787,Key defender
2023,Jack Petruccelle,18,West Coast,24.372,7.955,10.183,3.66,0.159,0.398,3.819,0.875,1.591,4.375,2.864,0.557,0.0,0.796,0.875,0.514,Pressure / role player
2023,Jack Riewoldt,21,Richmond,34.799,5.252,4.978,5.142,1.805,3.173,1.641,0.055,2.352,2.352,0.274,0.328,0.109,1.751,0.0,0.739,Key forward
2023,Jack Ross,19,Richmond,22.98,7.268,16.151,6.729,0.269,0.875,3.567,3.028,1.682,2.355,2.153,0.606,0.0,0.538,0.471,0.535,Outside midfielder
2023,Jack Scrimshaw,16,Hawthorn,24.975,6.301,15.466,6.956,0.9,0.245,1.309,3.682,4.092,2.128,0.409,0.082,0.0,0.327,2.209,0.569,Rebounding defender
2023,Jack Silvagni,16,Carlton,25.594,8.485,10.216,5.541,0.952,0.952,2.684,0.866,2.684,3.723,2.338,0.866,4.069,1.212,0.087,0.594,Small forward
2023,Jack Sinclair,24,St Kilda,28.572,9.666,20.08,5.929,0.1,0.149,3.886,5.58,1.744,2.441,3.388,0.448,0.0,0.299,0.797,0.678,Rebounding defender
2023,Jack Steele,21,St Kilda,27.739,13.541,16.896,5.153,0.24,0.419,5.333,1.618,2.157,8.987,5.812,0.479,0.0,0.24,0.06,0.455,Inside midfielder
2023,Jack Viney,24,Melbourne,29.424,15.116,17.389,3.858,0.211,0.37,6.712,1.11,1.744,7.505,6.29,0.846,0.0,0.423,0.37,0.512,Inside midfielder
2023,Jack Williams,10,West Coast,19.734,3.916,6.476,3.614,0.602,0.904,1.506,0.301,2.861,2.41,1.355,0.301,4.669,0.753,0.0,0.507,Pressure / role player
2023,Jack Ziebell,22,North Melbourne,32.471,6.581,17.159,9.164,0.738,0.185,1.538,8.118,3.875,2.522,0.369,0.062,0.0,0.062,0.062,0.797,Rebounding defender
2023,Jacob Hopper,16,Richmond,26.553,11.854,18.717,4.902,0.089,0.446,5.882,2.139,0.802,5.704,6.061,1.07,0.0,0.624,0.089,0.474,Inside midfielder
2023,Jacob Koschitzke,12,Hawthorn,23.126,6.349,4.762,4.127,1.799,2.328,0.952,0.212,1.376,2.857,0.423,0.317,2.857,0.952,0.0,0.544,Key forward
2023,Jacob Weitering,26,Carlton,25.832,5.649,10.051,8.103,1.87,0.0,0.662,5.025,7.051,0.896,0.273,0.0,0.0,0.0,0.234,0.789,Key defender
2023,Jacob van Rooyen,20,Melbourne,20.394,5.811,6.419,4.189,1.284,2.027,1.622,0.0,2.838,2.905,0.473,0.473,5.0,1.892,0.0,0.517,Key forward
2023,Jade Gresham,23,St Kilda,26.044,7.981,12.908,4.66,0.268,1.285,4.231,0.589,0.857,3.964,1.875,0.643,0.0,1.125,0.375,0.567,Small forward
2023,Jaeger OMeara,21,Fremantle,29.487,11.891,14.88,3.574,0.065,0.195,3.249,1.3,1.3,6.628,5.848,0.26,0.0,0.455,0.065,0.453,Inside midfielder
2023,Jai Newcombe,22,Hawthorn,22.066,14.02,18.018,5.631,0.45,0.338,5.462,1.745,1.295,5.293,6.869,0.788,0.0,0.676,0.45,0.441,Inside midfielder
2023,Jaidyn Stephenson,21,North Melbourne,24.572,4.177,9.685,4.54,0.303,1.09,2.845,0.545,0.787,2.482,0.545,0.545,0.061,1.574,0.666,0.646,Small forward
2023,Jake Bowey,23,Melbourne,21.008,7.3,12.047,5.045,0.534,0.059,2.255,4.866,1.78,2.433,0.712,0.059,0.0,0.237,0.119,0.698,Rebounding defender
2023,Jake Kelly,17,Essendon,28.575,4.765,11.449,6.023,0.199,0.066,1.456,2.184,2.912,1.853,0.397,0.0,0.0,0.066,0.0,0.557,Key defender
2023,Jake Kolodjashnij,19,Geelong,28.047,4.332,8.663,5.507,0.619,0.0,1.052,2.042,4.208,1.795,0.124,0.124,0.0,0.0,0.186,0.624,Key defender
2023,Jake Lever,24,Melbourne,27.531,5.626,8.756,5.457,0.719,0.0,1.142,3.257,5.584,1.058,0.169,0.0,0.0,0.0,0.042,0.572,Key defender
2023,Jake Lloyd,23,Sydney,29.966,5.664,18.211,7.305,0.159,0.0,3.335,6.617,2.435,2.859,1.006,0.371,0.0,0.159,0.476,0.695,Rebounding defender
2023,Jake Melksham,13,Melbourne,31.994,4.305,6.954,5.519,1.214,2.87,3.311,0.11,1.325,2.208,0.0,0.552,0.0,2.208,0.0,0.816,Key forward
2023,Jake Riccardi,21,Greater Western Sydney,23.873,4.092,8.713,5.545,0.924,3.036,2.442,0.198,2.574,2.178,0.396,0.594,1.056,2.31,0.0,0.737,Key forward
2023,Jake Soligo,21,Adelaide,20.583,9.193,13.292,4.596,0.186,0.87,2.795,2.236,1.429,4.037,3.354,0.559,0.0,0.621,0.373,0.602,Outside midfielder
2023,Jake Stringer,17,Essendon,29.318,8.963,8.815,3.333,0.519,1.185,4.148,0.519,1.259,3.778,3.333,0.741,0.0,1.556,0.0,0.636,Small forward
2023,Jake Waterman,11,West Coast,25.077,4.688,11.562,7.396,0.729,1.875,2.396,0.833,1.667,2.396,0.417,0.312,2.708,1.146,0.0,0.709,Key forward
2023,Jamaine Jones,13,West Coast,24.906,7.626,16.864,5.048,0.0,0.215,3.867,3.652,0.859,2.9,1.719,0.537,0.0,0.43,0.752,0.628,Outside midfielder
2023,Jamarra Ugle-Hagan,23,Western Bulldogs,21.394,5.99,8.073,6.25,1.615,3.229,3.021,0.0,1.042,1.146,0.0,0.729,0.052,1.823,0.052,0.72,Key forward
2023,James Aish,20,Fremantle,27.797,7.134,16.646,4.878,0.305,0.244,4.695,1.89,1.22,2.988,2.256,0.427,0.0,0.244,0.122,0.566,Outside midfielder
2023,James Blanck,15,Hawthorn,22.764,3.638,3.961,2.344,0.647,0.0,0.162,1.293,6.791,1.859,0.162,0.0,0.0,0.0,0.0,0.562,Key defender
2023,James Harmes,9,Melbourne,27.835,9.916,15.19,2.743,0.0,0.422,4.43,0.422,1.477,6.54,3.376,0.211,0.0,0.211,0.422,0.45,Inside midfielder
2023,James Jordon,18,Melbourne,22.736,7.273,17.273,4.646,0.0,0.404,4.343,1.414,0.707,3.737,2.222,0.505,0.0,0.404,0.0,0.481,Pressure / role player
2023,James ODonnell,12,Western Bulldogs,20.986,4.292,7.077,3.944,0.812,0.232,1.044,1.74,4.756,1.044,0.464,0.348,0.0,0.116,0.232,0.606,Key defender
2023,James Peatling,10,Greater Western Sydney,22.764,6.303,9.384,3.641,0.42,0.42,2.941,0.84,1.821,4.202,0.7,0.56,0.0,0.0,0.28,0.587,Pressure / role player
2023,James Rowbottom,24,Sydney,22.969,13.491,10.518,1.487,0.0,0.0,4.185,2.203,1.377,9.692,6.167,0.551,0.0,0.33,0.0,0.553,Inside midfielder
2023,James Sicily,19,Hawthorn,28.635,8.556,16.722,10.5,1.944,0.0,1.889,6.389,4.889,1.611,0.611,0.278,0.0,0.111,0.833,0.647,Rebounding defender
2023,James Worpel,23,Hawthorn,24.586,15.94,18.624,2.908,0.112,0.336,6.6,1.398,1.063,5.145,8.333,0.447,0.0,0.559,0.168,0.477,Inside midfielder
2023,Jamie Cripps,12,West Coast,31.342,5.19,11.277,3.992,0.1,1.796,2.196,0.2,0.898,5.489,1.297,0.798,0.0,1.597,0.399,0.561,Small forward
2023,Jamie Elliott,24,Collingwood,31.11,5.289,8.683,5.489,0.499,2.944,1.896,0.1,1.846,3.493,0.399,0.848,0.0,1.946,0.15,0.627,Key forward
2023,Jarman Impey,22,Hawthorn,28.131,6.057,19.771,6.857,0.343,0.0,2.857,3.543,1.886,2.743,0.686,0.229,0.0,0.171,0.914,0.649,Rebounding defender
2023,Jarrod Berry,25,Brisbane Lions,25.649,8.124,15.304,6.237,0.262,0.577,4.245,3.04,1.625,3.354,2.621,0.419,0.0,0.524,0.0,0.609,Outside midfielder
2023,Jarrod Witts,21,Gold Coast,30.95,10.357,6.732,2.934,0.806,0.173,2.417,0.863,3.395,3.165,5.236,0.173,47.411,0.23,0.0,0.521,Ruck
2023,Jarryd Lyons,10,Brisbane Lions,31.192,12.647,15.588,3.529,0.294,0.882,4.412,1.471,0.588,7.059,5.588,0.882,0.0,0.588,0.0,0.505,Inside midfielder
2023,Jason Horne-Francis,24,Port Adelaide,20.238,11.729,11.784,4.255,0.491,0.709,4.91,1.582,0.873,3.764,6.274,0.764,0.0,0.873,0.709,0.635,Inside midfielder
2023,Jason Johannisen,11,Western Bulldogs,30.736,4.623,17.518,6.569,0.243,0.243,2.798,4.136,1.703,1.946,0.365,0.365,0.0,0.608,0.73,0.721,Rebounding defender
2023,Jaspa Fletcher,14,Brisbane Lions,19.597,5.957,11.489,6.915,0.426,0.426,2.979,1.596,0.532,1.809,1.596,0.426,0.0,0.851,0.638,0.618,Outside midfielder
2023,Jayden Hunt,23,West Coast,28.397,5.107,15.807,6.08,0.097,0.195,2.918,3.745,1.848,2.626,1.167,0.34,0.0,0.34,0.681,0.658,Outside midfielder
2023,Jayden Laverde,19,Essendon,27.37,5.312,13.033,7.659,0.618,0.062,1.235,3.706,4.571,2.285,0.309,0.062,0.0,0.062,0.124,0.618,Key defender
2023,Jayden Short,16,Richmond,27.589,6.826,21.053,8.224,0.329,0.082,4.523,6.003,0.987,3.289,1.974,0.493,0.0,0.576,1.234,0.784,Rebounding defender
2023,Jed Bews,15,Geelong,29.698,6.074,6.843,3.08,0.171,0.0,1.112,2.053,1.711,2.566,0.513,0.086,0.0,0.0,0.0,0.503,Pressure / role player
2023,Jed McEntee,22,Port Adelaide,22.583,5.206,7.361,2.873,0.12,0.778,2.633,0.239,1.257,3.83,0.419,0.658,0.0,0.838,0.0,0.478,Pressure / role player
2023,Jeremy Cameron,20,Geelong,30.383,4.696,12.593,6.083,0.854,2.935,4.002,0.32,1.387,1.441,0.747,0.694,0.053,2.828,0.0,0.794,Key forward
2023,Jeremy Finlayson,22,Port Adelaide,27.6,7.193,8.392,5.559,1.362,2.779,2.561,0.654,2.888,2.18,1.853,0.817,3.27,2.071,0.218,0.742,Key forward
2023,Jeremy Howe,14,Collingwood,33.255,3.79,11.283,7.235,0.775,0.689,0.947,4.996,3.618,2.239,0.258,0.172,0.0,0.603,0.172,0.706,Rebounding defender
2023,Jeremy McGovern,9,West Coast,31.364,6.079,13.526,9.726,1.368,0.0,0.608,6.231,6.383,1.368,0.152,0.0,0.0,0.0,0.152,0.724,Key defender
2023,Jesse Hogan,23,Greater Western Sydney,28.608,7.743,7.592,7.089,2.262,3.519,1.911,0.101,2.061,2.011,0.302,0.452,1.006,2.464,0.0,0.605,Key forward
2023,Jesse Motlop,21,Carlton,19.832,5.735,8.367,2.564,0.27,0.742,2.834,0.337,0.472,3.374,0.135,0.472,0.0,1.619,0.337,0.589,Small forward
2023,Jimmy Webster,17,St Kilda,30.2,5.435,14.053,7.298,0.311,0.0,1.398,3.339,3.727,2.407,0.388,0.078,0.0,0.0,0.233,0.616,Rebounding defender
2023,Joe Daniher,26,Brisbane Lions,29.575,7.87,8.957,6.696,1.913,2.826,4.391,0.261,1.696,0.87,2.0,0.565,2.087,2.652,0.304,0.814,Key forward
2023,Joel Amartey,15,Sydney,24.016,6.725,6.836,6.395,1.985,3.087,2.867,0.221,1.985,2.756,0.772,0.772,5.072,2.205,0.0,0.667,Key forward
2023,Joel Smith,14,Melbourne,27.553,4.674,5.217,4.022,1.087,1.522,0.978,0.543,5.0,3.478,0.217,0.217,0.109,1.196,0.109,0.678,Key forward
2023,John Noble,23,Collingwood,26.419,5.323,19.066,6.681,0.0,0.054,2.553,5.921,1.521,3.042,1.032,0.272,0.0,0.163,0.652,0.685,Rebounding defender
2023,Jordan Boyd,9,Carlton,25.003,4.195,10.149,3.518,0.135,0.0,2.03,3.654,2.706,2.842,0.677,0.0,0.0,0.0,0.135,0.741,Key defender
2023,Jordan Clark,23,Fremantle,22.86,6.343,15.908,6.701,0.205,0.0,2.66,3.734,2.967,3.223,0.716,0.205,0.0,0.051,0.409,0.603,Rebounding defender
2023,Jordan Dawson,23,Adelaide,26.381,10.92,19.515,5.763,0.657,0.354,6.572,2.629,1.972,7.735,4.449,1.011,0.0,0.303,0.657,0.644,Inside midfielder
2023,Jordan Ridley,17,Essendon,24.75,4.932,15.511,9.006,1.287,0.0,0.572,5.861,6.147,1.072,0.071,0.071,0.0,0.071,0.786,0.751,Rebounding defender
2023,Jordan de Goey,21,Collingwood,27.545,12.058,16.321,4.262,0.168,0.505,5.833,1.01,1.683,3.814,6.674,0.897,0.0,1.01,0.168,0.512,Inside midfielder
2023,Jordon Butts,17,Adelaide,23.575,3.634,6.813,4.239,0.379,0.0,0.227,3.028,6.51,1.211,0.076,0.0,0.0,0.0,0.0,0.594,Key defender
2023,Josh Battle,23,St Kilda,25.022,5.101,10.96,7.374,1.162,0.0,1.061,3.737,4.091,1.97,0.202,0.101,0.0,0.051,0.101,0.659,Key defender
2023,Josh Bruce,8,Western Bulldogs,31.14,4.372,7.898,5.078,0.423,0.0,0.282,2.257,5.501,1.551,0.0,0.0,0.0,0.0,0.141,0.518,Key defender
2023,Josh Daicos,26,Collingwood,24.843,8.725,19.531,5.314,0.0,0.31,3.809,2.702,0.709,2.613,3.499,0.354,0.0,0.709,0.177,0.557,Outside midfielder
2023,Josh Dunkley,24,Brisbane Lions,26.723,15.599,15.238,6.198,0.568,0.258,2.996,1.395,2.686,8.523,6.147,0.671,0.0,0.103,0.0,0.448,Inside midfielder
2023,Josh Goater,10,North Melbourne,20.233,4.521,14.229,6.117,0.0,0.133,1.596,3.324,2.394,1.729,0.798,0.399,0.0,0.0,0.931,0.564,Rebounding defender
2023,Josh Kelly,22,Greater Western Sydney,28.608,12.866,19.327,3.474,0.054,0.326,5.537,1.846,1.357,5.266,4.832,0.38,0.0,0.869,0.38,0.483,Inside midfielder
2023,Josh Rachele,21,Adelaide,20.375,6.916,13.209,5.047,0.249,1.371,3.489,0.872,1.121,4.361,1.869,0.872,0.0,1.433,0.623,0.636,Small forward
2023,Josh Rotham,13,West Coast,25.498,2.512,10.326,6.326,0.186,0.093,1.116,2.977,3.907,1.674,0.0,0.279,0.837,0.0,0.0,0.785,Key defender
2023,Josh Treacy,17,Fremantle,21.06,5.772,6.147,4.348,1.124,1.199,2.774,0.15,3.748,3.298,0.75,0.225,5.022,1.124,0.075,0.558,Key forward
2023,Josh Ward,16,Hawthorn,20.025,6.811,20.192,6.09,0.08,0.16,2.484,2.484,0.721,2.484,2.564,0.481,0.0,0.16,0.08,0.545,Outside midfielder
2023,Josh Weddle,17,Hawthorn,19.255,5.658,14.851,6.153,0.495,0.071,2.546,2.687,2.97,1.627,0.566,0.141,0.0,0.283,1.909,0.459,Outside midfielder
2023,Josh Worrell,12,Adelaide,22.375,7.222,8.927,4.714,0.602,0.0,2.407,5.617,6.72,2.508,0.502,0.201,0.0,0.0,0.0,0.726,Key defender
2023,Judd McVee,25,Melbourne,20.107,5.81,10.55,3.517,0.306,0.051,1.223,3.058,3.262,1.733,0.306,0.204,0.0,0.0,0.153,0.6,Key defender
2023,Judson Clarke,13,Richmond,19.698,6.233,9.814,3.448,0.265,0.663,3.846,0.663,0.928,2.387,1.061,0.133,0.0,1.459,0.663,0.591,Small forward
2023,Justin McInerney,19,Sydney,23.057,5.867,15.6,5.8,0.2,1.0,3.0,1.667,2.133,2.8,1.333,0.333,0.0,0.867,0.2,0.563,Outside midfielder
2023,Jy Farrar,9,Gold Coast,26.679,8.511,8.298,4.468,0.638,0.426,2.766,3.617,4.043,3.617,0.213,0.0,0.0,0.213,0.851,0.623,Rebounding defender
2023,Jy Simpkin,18,North Melbourne,25.476,11.318,16.046,3.438,0.072,0.358,4.943,0.86,2.221,5.086,5.444,0.358,0.0,0.645,0.645,0.522,Inside midfielder
2023,Jye Amiss,22,Fremantle,20.071,4.487,5.42,4.604,1.69,2.448,1.107,0.0,0.758,1.748,0.0,0.466,0.0,2.389,0.291,0.667,Key forward
2023,Jye Caldwell,21,Essendon,22.89,10.566,14.151,4.465,0.377,0.503,4.214,1.509,0.755,5.597,4.403,0.755,0.0,0.692,0.126,0.468,Inside midfielder
2023,Jye Menzie,21,Essendon,20.824,4.824,7.236,3.064,0.391,1.043,2.086,0.196,1.108,3.129,0.196,0.717,0.0,1.499,0.196,0.549,Small forward
2023,Kade Chandler,23,Melbourne,23.671,5.699,11.098,4.979,0.24,1.38,2.999,0.36,0.96,3.599,0.66,1.08,0.0,1.44,0.0,0.555,Small forward
2023,Kamdyn McIntosh,22,Richmond,29.378,4.521,12.092,5.065,0.49,0.381,2.832,2.397,2.56,2.451,0.763,0.272,0.0,0.327,0.054,0.703,Outside midfielder
2023,Kane Farrell,22,Port Adelaide,24.501,4.751,12.32,4.53,0.166,0.166,3.204,4.972,2.376,2.32,0.773,0.221,0.0,0.11,1.547,0.781,Rebounding defender
2023,Karl Amon,21,Hawthorn,28.019,4.503,23.037,6.524,0.115,0.231,5.023,4.33,1.328,2.136,1.386,0.751,0.0,0.52,0.404,0.671,Outside midfielder
2023,Kayne Turner,12,North Melbourne,27.652,4.961,7.607,3.969,0.221,0.331,1.985,0.331,1.985,4.079,0.662,0.662,0.0,0.221,0.11,0.522,Pressure / role player
2023,Keidean Coleman,23,Brisbane Lions,23.501,6.306,15.435,7.207,0.541,0.12,4.324,4.204,3.724,3.724,1.321,0.36,0.0,0.12,0.3,0.781,Rebounding defender
2023,Kieren Briggs,17,Greater Western Sydney,23.961,14.086,5.759,3.658,0.934,0.311,4.981,2.335,4.669,5.992,8.56,0.545,34.241,0.311,0.0,0.63,Ruck
2023,Kyle Langford,23,Essendon,26.731,5.582,9.542,6.202,0.859,3.053,1.765,0.811,1.908,1.718,0.286,0.954,0.0,2.433,0.239,0.694,Key forward
2023,Kysaiah Pickett,23,Melbourne,22.287,6.527,7.206,3.029,0.157,1.723,2.872,0.261,1.619,4.856,1.514,1.201,0.0,1.932,0.157,0.728,Small forward
2023,Lachie Ash,26,Greater Western Sydney,22.255,5.208,21.165,6.629,0.237,0.095,2.699,6.581,2.415,1.894,0.852,0.237,0.0,0.095,2.036,0.647,Rebounding defender
2023,Lachie Fogarty,12,Carlton,24.479,6.434,9.924,3.053,0.0,0.436,3.053,0.981,1.2,6.325,1.636,0.981,0.0,0.436,0.109,0.517,Pressure / role player
2023,Lachie Hunter,24,Melbourne,28.756,7.914,16.651,4.575,0.0,0.32,4.071,1.738,2.242,1.921,2.333,0.366,0.0,0.274,0.091,0.572,Outside midfielder
2023,Lachie Jones,15,Port Adelaide,21.438,6.255,7.423,3.753,0.834,0.167,1.585,2.919,5.338,2.085,0.417,0.25,0.25,0.334,0.083,0.588,Key defender
2023,Lachie Neale,26,Brisbane Lions,30.353,15.682,14.882,4.842,0.0,0.133,4.265,1.466,1.022,4.709,9.107,0.489,0.0,0.133,0.267,0.448,Inside midfielder
2023,Lachie Schultz,23,Fremantle,25.736,6.723,12.335,5.294,0.476,1.429,3.441,0.424,1.535,5.029,1.112,0.9,0.0,1.747,0.053,0.57,Small forward
2023,Lachie Weller,9,Gold Coast,27.37,5.71,18.106,8.496,0.139,0.139,3.203,5.989,1.671,2.089,0.836,0.557,0.0,0.0,0.557,0.711,Rebounding defender
2023,Lachie Whitfield,24,Greater Western Sydney,29.181,7.672,20.981,7.255,0.313,0.104,3.758,6.889,2.296,2.975,0.939,0.365,0.0,0.052,0.47,0.629,Rebounding defender
2023,Lachlan Bramble,11,Hawthorn,25.279,5.166,17.086,6.093,0.265,0.0,3.046,3.576,1.192,1.854,1.06,0.397,0.0,0.132,2.252,0.659,Rebounding defender
2023,Lachlan Keeffe,14,Greater Western Sydney,33.441,5.28,4.963,2.957,0.739,0.211,1.373,0.422,4.541,2.112,0.739,0.634,9.926,0.106,0.0,0.483,Ruck
2023,Lachlan McNeil,13,Western Bulldogs,22.542,7.024,8.133,2.218,0.185,0.37,2.403,0.0,2.588,5.545,1.109,0.37,0.0,0.37,0.0,0.35,Pressure / role player
2023,Lachlan Murphy,22,Adelaide,24.726,8.256,11.163,3.895,0.174,0.523,4.651,0.581,1.453,3.895,2.849,0.756,0.0,0.698,0.581,0.578,Small forward
2023,Lachlan Sholl,16,Adelaide,23.356,6.124,15.659,6.047,0.078,0.388,2.481,2.481,0.233,2.403,1.705,0.465,0.0,0.31,0.233,0.636,Outside midfielder
2023,Laitham Vandermeer,11,Western Bulldogs,24.559,4.617,13.609,3.645,0.0,0.365,4.01,2.43,2.43,3.402,0.972,0.365,0.0,0.243,0.0,0.592,Pressure / role player
2023,Lance Franklin,13,Sydney,36.493,5.455,6.273,4.818,2.0,2.455,1.909,0.0,2.273,2.636,0.182,0.727,0.0,1.727,0.091,0.689,Key forward
2023,Levi Casboult,20,Gold Coast,33.449,5.506,5.802,5.625,1.776,1.835,2.013,0.296,2.546,1.717,1.066,0.592,5.506,1.421,0.0,0.708,Key forward
2023,Lewis Melican,8,Sydney,26.843,5.318,6.647,2.806,0.295,0.0,0.591,2.954,7.386,2.806,0.148,0.0,0.0,0.0,0.0,0.588,Key defender
2023,Lewis Young,15,Carlton,24.586,5.418,8.954,5.794,1.129,0.0,0.903,3.236,9.556,1.204,0.527,0.075,4.515,0.0,0.0,0.57,Key defender
2023,Liam Baker,23,Richmond,25.58,8.32,14.024,4.448,0.105,0.837,2.983,2.983,2.407,2.669,0.994,0.68,0.0,0.628,0.523,0.589,Outside midfielder
2023,Liam Duggan,22,West Coast,26.706,6.052,19.122,8.945,0.268,0.054,3.964,5.57,2.142,3.374,1.768,0.375,0.0,0.054,0.911,0.697,Rebounding defender
2023,Liam Henry,16,Fremantle,21.994,6.164,19.026,6.012,0.152,0.457,2.816,1.446,0.609,3.196,1.37,0.685,0.0,0.076,0.457,0.599,Outside midfielder
2023,Liam Jones,18,Western Bulldogs,32.501,3.701,6.601,5.49,0.802,0.0,0.679,3.516,7.958,0.987,0.062,0.062,0.0,0.0,0.0,0.777,Key defender
2023,Liam Shiels,16,North Melbourne,32.233,8.634,15.088,5.532,0.419,0.251,4.191,1.76,1.676,7.376,3.437,0.335,0.0,0.251,0.0,0.491,Inside midfielder
2023,Liam Stocker,23,St Kilda,23.627,6.017,16.306,8.724,0.542,0.0,1.564,4.994,2.828,2.347,0.421,0.0,0.0,0.0,0.06,0.61,Rebounding defender
2023,Lincoln McCarthy,24,Brisbane Lions,29.939,6.482,8.023,3.294,0.478,0.956,3.985,0.319,1.594,3.826,1.435,0.797,0.0,1.488,0.0,0.669,Small forward
2023,Lloyd Meek,16,Hawthorn,25.345,8.587,6.261,3.22,1.073,0.268,1.073,1.521,3.667,5.188,3.041,0.358,25.76,0.268,0.0,0.299,Ruck
2023,Logan McDonald,20,Sydney,21.43,5.236,7.046,5.43,0.97,2.004,2.327,0.0,1.616,2.004,0.194,0.582,0.323,2.069,0.0,0.675,Key forward
2023,Luke Breust,21,Hawthorn,32.789,6.174,7.93,4.661,0.726,2.785,2.24,0.121,0.908,2.663,0.726,0.363,0.0,2.845,0.061,0.64,Key forward
2023,Luke Davies-Uniacke,14,North Melbourne,24.178,16.271,18.734,4.573,0.088,0.088,6.069,2.463,0.792,5.541,8.267,1.055,0.0,0.704,0.616,0.457,Inside midfielder
2023,Luke Edwards,14,West Coast,21.534,5.165,11.467,4.339,0.0,0.103,1.24,1.033,0.93,3.822,2.479,0.103,0.0,0.0,0.103,0.541,Pressure / role player
2023,Luke Foley,9,West Coast,23.843,3.738,11.482,5.474,0.134,0.0,1.602,1.869,3.338,2.67,0.534,0.134,0.0,0.0,0.0,0.632,Key defender
2023,Luke Jackson,23,Fremantle,21.906,10.111,8.847,4.107,1.474,1.369,2.37,1.053,2.896,4.265,3.107,0.369,21.38,1.159,0.0,0.477,Ruck
2023,Luke McDonald,22,North Melbourne,28.523,5.357,13.918,6.25,0.42,0.0,1.681,5.095,4.044,4.202,0.63,0.105,0.0,0.053,0.053,0.65,Rebounding defender
2023,Luke Parker,23,Sydney,30.871,13.158,14.757,4.438,0.361,0.413,3.767,1.342,1.6,5.882,6.605,0.826,0.0,0.464,0.103,0.495,Inside midfielder
2023,Luke Pedlar,21,Adelaide,21.277,7.353,9.335,4.604,0.192,1.407,3.325,0.256,1.215,3.517,1.854,0.831,0.0,1.598,0.128,0.695,Small forward
2023,Luke Ryan,23,Fremantle,27.55,5.732,16.34,9.502,0.704,0.0,1.156,8.446,3.419,2.514,0.402,0.101,0.0,0.0,0.452,0.819,Rebounding defender
2023,Luke Shuey,10,West Coast,33.233,14.041,20.377,3.425,0.0,0.0,5.479,1.884,1.884,8.219,7.534,1.199,0.0,0.342,1.37,0.53,Inside midfielder
2023,Mabior Chol,8,Gold Coast,26.572,5.124,5.455,4.628,0.826,1.983,2.149,0.496,1.983,2.314,1.157,0.331,4.132,1.653,0.0,0.803,Key forward
2023,Mac Andrew,17,Gold Coast,19.726,4.593,8.351,6.124,1.322,0.0,1.253,3.271,4.871,1.67,0.418,0.0,0.0,0.0,0.07,0.791,Key defender
2023,Malcolm Rosas,19,Gold Coast,22.164,6.349,7.619,3.016,0.079,0.714,2.381,0.238,0.952,3.333,0.794,0.476,0.0,1.508,0.556,0.616,Small forward
2023,Marc Pittonet,18,Carlton,27.307,9.149,4.494,1.926,0.562,0.08,1.284,0.482,3.612,2.568,4.414,0.241,35.795,0.0,0.0,0.52,Ruck
2023,Marcus Bontempelli,23,Western Bulldogs,27.753,17.008,17.367,5.174,0.615,0.871,6.711,2.152,4.662,8.811,8.965,1.076,0.051,0.973,0.307,0.582,Inside midfielder
2023,Marcus Windhager,19,St Kilda,20.318,6.326,17.149,5.64,0.076,0.305,2.591,1.905,0.915,3.659,1.372,0.152,0.0,0.152,0.229,0.513,Outside midfielder
2023,Mark Blicavs,19,Geelong,32.337,12.038,8.276,4.446,1.163,0.958,3.83,0.821,3.283,6.019,5.472,0.547,13.817,0.821,0.0,0.512,Ruck
2023,Mark OConnor,22,Geelong,26.605,6.243,11.464,5.448,0.397,0.114,2.157,2.554,2.384,3.859,1.646,0.17,0.0,0.17,0.057,0.602,Outside midfielder
2023,Marlion Pickett,21,Richmond,31.616,7.824,9.963,3.301,0.306,0.55,3.545,0.795,2.384,3.362,1.039,0.611,0.183,0.489,0.183,0.478,Pressure / role player
2023,Mason Cox,19,Collingwood,32.548,7.613,4.679,5.472,2.3,1.983,1.824,0.714,4.282,2.062,1.824,0.555,25.694,1.348,0.0,0.699,Key forward
2023,Mason Redman,23,Essendon,25.997,5.47,16.888,7.329,0.584,0.0,3.027,5.948,2.815,2.284,0.212,0.266,0.0,0.372,0.584,0.754,Rebounding defender
2023,Mason Wood,24,St Kilda,29.988,8.297,16.643,7.722,1.007,0.815,3.597,1.918,3.165,3.07,1.679,0.815,0.0,0.719,0.192,0.648,Outside midfielder
2023,Massimo DAmbrosio,8,Essendon,20.016,5.774,16.798,6.299,0.525,0.0,2.1,3.937,0.262,2.625,0.787,0.525,0.0,0.262,0.525,0.644,Outside midfielder
2023,Matt Flynn,9,Greater Western Sydney,25.665,9.613,5.308,2.152,0.287,0.574,2.726,1.435,5.165,4.304,4.735,0.143,36.729,0.143,0.0,0.443,Ruck
2023,Matt Guelfi,13,Essendon,26.014,7.53,7.42,3.322,0.664,0.775,2.104,0.111,1.55,4.097,1.107,0.221,0.0,1.55,0.0,0.493,Pressure / role player
2023,Matt Rowell,23,Gold Coast,22.153,17.314,9.759,2.256,0.0,0.105,4.512,2.046,1.626,9.969,9.286,0.63,0.0,0.367,0.21,0.561,Inside midfielder
2023,Mattaes Phillipou,24,St Kilda,18.701,7.393,9.728,3.835,0.5,0.611,3.113,0.334,0.889,3.002,1.445,0.5,0.0,0.723,0.111,0.408,Pressure / role player
2023,Matthew Cottrell,17,Carlton,23.567,5.111,10.485,4.718,0.197,0.721,2.818,1.376,1.311,2.228,0.721,0.328,0.0,0.721,0.131,0.672,Outside midfielder
2023,Matthew Johnson,18,Fremantle,20.446,6.867,17.698,5.706,0.097,0.29,2.998,1.838,0.967,4.449,3.191,0.387,0.0,0.387,0.097,0.512,Outside midfielder
2023,Matthew Kennedy,16,Carlton,26.465,12.0,16.098,5.659,0.293,0.39,4.78,1.854,0.878,4.683,4.878,0.78,0.0,0.488,0.0,0.54,Inside midfielder
2023,Matthew Owies,18,Carlton,26.493,5.577,7.436,3.718,0.155,2.246,1.936,0.077,1.394,3.408,0.542,0.775,0.0,2.091,0.077,0.665,Small forward
2023,Maurice Rioli,10,Richmond,20.986,4.0,7.333,2.333,0.0,0.5,1.333,0.333,1.333,3.5,0.5,0.833,0.0,0.333,0.667,0.645,Pressure / role player
2023,Max Gawn,22,Melbourne,31.709,13.789,7.399,5.717,2.859,0.897,4.204,1.401,3.7,2.466,5.269,0.168,31.67,0.561,0.0,0.613,Ruck
2023,Max Holmes,21,Geelong,20.991,10.083,15.188,4.403,0.255,0.447,5.297,1.659,1.34,5.616,4.276,0.447,0.0,0.447,1.085,0.57,Inside midfielder
2023,Max King,11,St Kilda,23.175,6.509,5.562,5.68,2.249,3.195,2.249,0.0,0.473,1.183,0.355,0.71,0.355,3.314,0.0,0.709,Key forward
2023,Max Michalanney,22,Adelaide,19.496,4.059,8.557,4.388,0.439,0.055,1.207,2.688,3.456,4.114,0.329,0.11,0.0,0.0,0.0,0.671,Key defender
2023,Michael Frederick,19,Fremantle,23.277,4.587,10.682,5.046,0.262,1.507,3.342,0.59,0.983,2.097,0.721,0.917,0.0,1.704,0.393,0.665,Small forward
2023,Michael Hibberd,12,Melbourne,33.676,6.051,8.068,3.822,0.531,0.0,0.637,4.352,5.626,1.168,0.106,0.106,0.0,0.0,0.0,0.624,Key defender
2023,Michael Walters,20,Fremantle,32.632,5.14,7.678,3.553,0.317,1.459,1.84,0.063,0.317,2.094,0.635,1.015,0.0,2.094,0.127,0.638,Small forward
2023,Miles Bergman,24,Port Adelaide,21.912,7.128,10.234,5.855,0.764,0.153,2.546,4.022,3.36,2.902,1.477,0.305,0.0,0.153,0.204,0.68,Rebounding defender
2023,Miller Bergman,12,North Melbourne,20.583,3.851,12.485,4.901,0.117,0.0,1.517,2.567,2.334,1.517,0.467,0.467,0.0,0.0,0.117,0.628,Outside midfielder
2023,Mitch Duncan,16,Geelong,32.192,7.0,18.769,8.462,0.308,0.308,3.923,3.846,1.538,3.077,1.923,0.538,0.0,0.385,0.231,0.624,Outside midfielder
2023,Mitch Hinge,22,Adelaide,25.167,7.79,14.309,5.746,0.497,0.055,2.652,5.856,3.315,2.541,0.663,0.221,0.0,0.055,0.055,0.725,Rebounding defender
2023,Mitch Knevitt,8,Geelong,20.63,8.842,11.579,5.053,1.474,0.842,3.789,2.526,0.842,4.0,1.053,0.842,0.0,0.421,0.0,0.642,Small forward
2023,Mitch Lewis,15,Hawthorn,24.83,5.271,8.961,6.401,1.431,3.012,2.259,0.0,1.958,1.883,0.151,0.753,0.377,2.711,0.0,0.651,Key forward
2023,Mitch McGovern,22,Carlton,28.95,5.783,11.205,6.325,1.325,0.0,1.928,6.988,4.398,3.253,0.181,0.181,0.0,0.12,0.0,0.784,Key defender
2023,Mitch Owens,23,St Kilda,19.958,10.216,8.741,4.371,1.211,0.79,3.476,0.632,2.37,4.581,1.948,0.527,2.58,1.369,0.474,0.54,Small forward
2023,Nasiah Wanganeen-Milera,24,St Kilda,20.545,5.685,18.376,7.614,0.305,0.102,2.589,5.228,1.878,2.487,0.355,0.203,0.0,0.203,1.218,0.744,Rebounding defender
2023,Nat Fyfe,9,Fremantle,31.783,12.035,10.973,4.071,0.708,1.062,4.248,0.354,1.77,3.894,4.248,0.531,0.0,0.531,0.531,0.416,Inside midfielder
2023,Nathan Broad,19,Richmond,30.367,4.831,12.282,5.879,0.815,0.0,1.164,3.9,6.112,2.619,0.175,0.175,0.0,0.116,0.524,0.63,Key defender
2023,Nathan Murphy,24,Collingwood,23.791,4.696,6.499,4.08,0.664,0.0,0.38,2.846,8.017,2.182,0.095,0.047,0.0,0.0,0.142,0.625,Key defender
2023,Nathan ODriscoll,10,Fremantle,21.162,4.885,13.976,5.834,0.0,0.271,2.578,1.085,1.493,2.714,1.628,0.271,0.0,0.136,0.271,0.681,Outside midfielder
2023,Ned McHenry,11,Adelaide,23.005,7.463,17.724,7.276,0.0,0.56,3.731,1.306,0.933,2.425,0.746,1.306,0.0,0.746,0.187,0.573,Outside midfielder
2023,Ned Reeves,21,Hawthorn,24.819,7.272,3.99,1.995,0.579,0.193,1.223,0.515,3.475,3.668,3.282,0.0,38.095,0.129,0.0,0.412,Ruck
2023,Neil Erasmus,14,Fremantle,19.731,8.263,16.527,6.022,0.0,0.28,3.221,2.661,1.261,6.022,3.641,0.0,0.0,0.14,0.0,0.537,Outside midfielder
2023,Nic Martin,23,Essendon,22.394,7.748,16.852,6.005,0.242,0.63,3.051,2.857,1.889,2.421,1.501,1.065,0.0,0.823,0.678,0.573,Outside midfielder
2023,Nic Newman,24,Carlton,30.687,7.422,17.84,8.706,0.333,0.048,2.284,4.186,2.854,4.044,1.047,0.095,0.0,0.143,0.666,0.67,Rebounding defender
2023,Nick Blakey,24,Sydney,23.528,6.011,15.372,5.213,0.638,0.053,2.66,6.755,7.713,1.702,0.106,0.213,0.0,0.106,2.979,0.645,Rebounding defender
2023,Nick Bryan,8,Essendon,21.841,9.005,7.346,4.739,2.133,0.948,3.081,1.659,5.924,2.607,2.37,0.711,33.412,0.237,0.0,0.597,Ruck
2023,Nick Daicos,22,Collingwood,20.739,10.626,21.791,3.83,0.0,0.485,4.477,4.045,0.593,4.531,4.746,0.701,0.0,1.025,1.133,0.523,Inside midfielder
2023,Nick Haynes,20,Greater Western Sydney,31.312,6.153,17.124,9.266,0.964,0.222,1.631,4.893,4.299,1.112,0.815,0.074,0.0,0.148,1.038,0.679,Rebounding defender
2023,Nick Hind,16,Essendon,29.016,3.936,19.678,6.082,0.089,0.268,2.504,5.188,2.057,2.147,0.894,0.268,0.0,0.268,2.862,0.756,Rebounding defender
2023,Nick Holman,19,Gold Coast,28.205,7.367,8.008,3.075,0.448,0.769,1.986,0.448,1.666,5.381,0.897,0.897,0.0,0.833,0.064,0.433,Pressure / role player
2023,Nick Larkey,23,North Melbourne,25.222,4.332,5.596,4.377,1.173,2.888,1.128,0.045,2.166,0.767,0.09,0.316,0.135,3.204,0.181,0.704,Key forward
2023,Nick Murray,17,Adelaide,22.594,4.804,6.504,4.952,1.183,0.074,1.109,4.361,10.126,0.887,0.296,0.074,0.0,0.0,0.0,0.687,Key defender
2023,Nick Vlastuin,21,Richmond,29.356,6.154,11.936,7.639,0.902,0.106,1.061,6.154,4.456,2.812,0.477,0.053,0.0,0.106,0.053,0.718,Rebounding defender
2023,Noah Anderson,23,Gold Coast,22.52,14.308,17.138,5.353,0.051,0.309,5.661,2.625,1.39,4.066,7.617,0.618,0.0,0.721,1.493,0.614,Inside midfielder
2023,Noah Balta,23,Richmond,23.843,6.277,9.2,7.044,2.252,0.383,1.725,5.798,4.887,1.342,0.048,0.048,0.383,0.144,0.91,0.799,Rebounding defender
2023,Noah Cumberland,9,Richmond,22.389,6.261,6.619,4.114,0.894,1.789,3.041,0.0,0.894,4.114,0.358,0.537,0.0,1.431,0.179,0.681,Small forward
2023,Noah Long,19,West Coast,19.008,6.334,8.086,3.1,0.135,0.472,2.156,0.202,0.674,3.235,1.28,0.741,0.0,0.472,0.135,0.471,Pressure / role player
2023,Oleg Markov,23,Collingwood,27.397,5.157,12.579,5.22,0.126,0.126,2.39,2.704,2.453,2.83,0.503,0.252,0.0,0.063,1.069,0.541,Outside midfielder
2023,Oliver Florent,24,Sydney,25.131,6.519,14.582,4.587,0.097,0.193,2.704,4.442,1.111,2.173,1.304,0.338,0.0,0.241,0.773,0.57,Outside midfielder
2023,Oliver Henry,22,Geelong,21.077,5.942,7.131,4.641,0.792,2.264,1.981,0.226,1.302,1.981,0.396,0.396,0.0,2.32,0.057,0.618,Key forward
2023,Oliver Hollands,19,Carlton,19.684,5.385,13.916,4.056,0.07,0.35,2.937,1.748,2.378,3.357,1.538,0.49,0.0,0.14,0.07,0.613,Outside midfielder
2023,Ollie Lord,13,Port Adelaide,21.704,5.307,3.911,2.886,1.21,1.676,0.931,0.0,4.283,1.862,0.186,0.372,1.583,1.397,0.0,0.495,Key forward
2023,Ollie Wines,25,Port Adelaide,28.942,12.473,16.703,4.615,0.11,0.33,4.615,1.648,1.593,4.67,5.055,0.604,0.055,0.33,0.0,0.37,Inside midfielder
2023,Oscar Allen,23,West Coast,24.438,4.801,6.887,5.48,1.503,2.522,1.649,0.436,2.57,1.794,0.194,0.388,0.194,2.57,0.0,0.714,Key forward
2023,Oscar McInerney,25,Brisbane Lions,29.225,11.955,3.146,2.13,1.065,0.532,3.34,1.307,3.969,3.485,6.776,0.145,40.9,0.436,0.0,0.558,Ruck
2023,Oskar Baker,18,Western Bulldogs,25.255,4.099,17.169,6.651,0.0,0.464,4.872,1.547,2.243,1.701,1.083,0.696,0.0,0.464,0.928,0.723,Outside midfielder
2023,Paddy Dow,10,Carlton,23.862,11.963,17.57,2.804,0.187,0.0,7.85,1.869,0.935,4.673,7.85,1.121,0.0,0.374,0.0,0.604,Inside midfielder
2023,Patrick Cripps,24,Carlton,28.517,16.908,14.168,2.637,0.414,0.362,4.343,0.724,1.396,6.722,8.376,0.879,0.155,0.465,0.155,0.379,Inside midfielder
2023,Patrick Dangerfield,18,Geelong,33.392,16.037,14.442,4.954,0.924,1.092,8.9,1.092,1.511,5.626,8.48,2.015,0.0,0.924,0.336,0.577,Inside midfielder
2023,Patrick Lipinski,14,Collingwood,25.205,8.625,13.836,3.594,0.18,0.27,3.504,1.348,0.988,4.223,2.516,0.719,0.0,0.449,0.0,0.458,Pressure / role player
2023,Paul Curtis,21,North Melbourne,20.479,6.489,6.684,3.504,0.844,0.973,2.726,0.324,1.493,3.18,0.584,1.233,0.0,1.103,0.065,0.623,Small forward
2023,Peter Ladhams,9,Sydney,25.345,10.608,10.608,4.524,0.468,0.624,4.524,1.248,3.744,2.808,5.772,0.468,28.393,0.624,0.0,0.547,Ruck
2023,Peter Wright,10,Essendon,26.945,5.027,6.011,4.809,1.202,2.404,1.53,0.219,2.514,1.421,0.219,0.437,2.732,2.077,0.0,0.667,Key forward
2023,Reilly OBrien,23,Adelaide,28.016,9.3,4.864,3.528,1.71,0.321,1.55,0.962,4.49,3.848,3.528,0.481,47.461,0.214,0.0,0.409,Ruck
2023,Reuben Ginbey,17,West Coast,18.846,9.688,10.699,2.106,0.253,0.084,2.864,1.853,1.853,8.509,3.538,0.337,0.0,0.084,0.084,0.369,Pressure / role player
2023,Rhett Bazzo,11,West Coast,19.783,4.412,8.69,4.545,0.535,0.0,0.668,1.738,3.61,1.07,0.134,0.0,0.0,0.0,0.134,0.432,Key defender
2023,Rhyan Mansell,17,Richmond,23.23,4.706,8.333,3.922,0.098,0.784,2.941,0.588,2.157,4.216,0.392,0.196,0.0,0.98,0.0,0.712,Pressure / role player
2023,Rhylee West,12,Western Bulldogs,23.123,6.182,10.667,3.515,0.364,0.606,2.788,0.0,2.061,5.091,1.212,1.333,0.0,0.848,0.0,0.453,Pressure / role player
2023,Rhys Stanley,13,Geelong,32.734,7.944,7.051,2.979,0.298,0.397,2.483,1.291,5.66,3.178,2.979,0.298,36.544,0.0,0.0,0.503,Ruck
2023,Riley Bonner,11,Port Adelaide,26.413,5.021,14.644,5.16,0.0,0.697,3.068,2.65,0.697,2.232,1.534,0.279,0.0,0.279,0.279,0.704,Outside midfielder
2023,Riley Thilthorpe,21,Adelaide,21.137,9.696,6.368,5.355,2.75,1.375,2.75,0.507,2.967,2.243,1.809,0.651,8.394,1.302,0.0,0.565,Key forward
2023,Robbie Fox,20,Sydney,30.397,7.05,11.688,3.772,0.557,0.186,1.113,3.463,4.143,2.412,0.495,0.124,0.124,0.124,0.247,0.502,Key defender
2023,Rory Atkins,17,Gold Coast,29.123,4.959,18.595,7.19,0.0,0.165,3.636,6.86,1.322,1.57,1.322,0.661,0.0,0.248,1.488,0.699,Rebounding defender
2023,Rory Laird,22,Adelaide,29.657,17.451,19.633,3.846,0.057,0.172,4.822,1.952,1.263,10.046,8.037,0.631,0.0,0.172,0.287,0.411,Inside midfielder
2023,Rory Lobb,20,Western Bulldogs,30.542,6.045,6.514,3.815,1.174,1.761,1.585,0.469,3.286,2.054,1.056,0.528,9.155,1.408,0.0,0.544,Key forward
2023,Rory Sloane,22,Adelaide,33.424,12.762,14.923,4.812,0.488,0.349,4.393,1.604,2.58,7.88,5.788,0.558,0.07,0.418,0.07,0.531,Inside midfielder
2023,Rowan Marshall,24,St Kilda,27.791,13.567,10.755,6.216,1.727,0.691,3.947,2.023,3.108,5.673,5.969,0.197,31.524,0.395,0.0,0.637,Ruck
2023,Ryan Angwin,15,Greater Western Sydney,20.706,5.591,10.753,3.333,0.108,0.538,2.688,0.968,1.935,3.548,1.398,0.538,0.0,0.108,0.43,0.425,Pressure / role player
2023,Ryan Burton,22,Port Adelaide,26.624,4.951,10.305,4.606,0.288,0.288,2.706,5.757,3.454,2.648,0.518,0.23,0.0,0.461,0.058,0.827,Rebounding defender
2023,Ryan Byrnes,20,St Kilda,22.315,6.752,15.305,4.373,0.064,0.322,2.958,2.379,1.286,2.701,1.415,0.579,0.0,0.322,0.643,0.549,Outside midfielder
2023,Ryan Clarke,16,Sydney,26.194,5.114,9.205,2.727,0.0,0.455,1.136,0.227,0.682,3.636,0.455,0.455,0.0,0.568,0.0,0.415,Pressure / role player
2023,Ryan Gardner,10,Western Bulldogs,26.159,3.509,6.089,3.715,0.31,0.0,0.619,2.167,10.32,1.548,0.31,0.0,0.0,0.103,0.0,0.685,Key defender
2023,Ryan Lester,19,Brisbane Lions,31.096,4.946,10.977,7.177,0.784,0.0,1.508,2.292,4.644,2.292,0.121,0.0,0.0,0.06,0.0,0.735,Key defender
2023,Ryan Maric,10,West Coast,18.969,4.881,8.26,3.504,0.501,0.876,2.378,0.25,1.252,3.254,0.25,0.375,0.0,1.126,0.0,0.45,Pressure / role player
2023,Sam Butler,8,Hawthorn,20.389,6.41,9.524,4.029,0.183,0.0,1.832,0.366,0.549,3.297,0.366,0.916,0.0,1.099,0.183,0.41,Pressure / role player
2023,Sam Collins,23,Gold Coast,29.197,5.687,6.852,5.687,0.761,0.0,0.761,2.597,9.404,1.657,0.269,0.0,0.0,0.0,0.0,0.629,Key defender
2023,Sam De Koning,19,Geelong,22.496,5.572,8.417,5.098,0.711,0.0,1.067,2.549,5.394,0.652,0.474,0.119,1.897,0.0,0.059,0.551,Key defender
2023,Sam Docherty,23,Carlton,29.934,7.106,22.459,7.158,0.104,0.311,3.838,4.149,1.037,4.668,2.697,0.778,0.0,0.415,0.571,0.613,Outside midfielder
2023,Sam Draper,14,Essendon,24.89,9.497,4.469,3.445,1.49,1.024,2.328,1.304,4.283,2.607,4.004,0.372,26.257,0.931,0.0,0.656,Ruck
2023,Sam Durham,22,Essendon,22.129,7.603,13.152,5.938,0.499,0.444,2.22,1.498,1.887,2.608,1.332,0.277,0.0,0.277,0.277,0.49,Outside midfielder
2023,Sam Flanders,14,Gold Coast,22.09,12.115,21.053,7.448,0.199,0.497,5.164,1.688,0.993,3.476,4.767,0.794,0.0,0.497,0.099,0.528,Inside midfielder
2023,Sam Frost,18,Hawthorn,29.92,5.854,8.293,4.573,0.793,0.183,0.488,2.378,4.329,2.195,0.366,0.0,0.671,0.0,0.122,0.504,Key defender
2023,Sam Petrevski-Seton,13,West Coast,25.515,7.757,11.321,3.669,0.21,0.524,1.992,1.153,1.048,4.507,1.468,0.839,0.0,0.314,0.0,0.531,Pressure / role player
2023,Sam Powell-Pepper,25,Port Adelaide,25.687,7.452,8.197,2.981,0.326,1.071,2.748,0.466,1.351,3.633,1.77,0.652,0.0,1.444,0.047,0.589,Small forward
2023,Sam Sturt,14,Fremantle,23.29,3.955,8.621,4.564,0.203,2.028,2.028,0.0,0.811,1.724,0.304,0.507,0.0,1.724,0.203,0.546,Small forward
2023,Sam Switkowski,22,Fremantle,26.764,8.163,11.164,3.481,0.12,0.72,3.782,0.48,1.861,5.342,2.701,0.72,0.0,0.96,0.48,0.435,Pressure / role player
2023,Sam Taylor,18,Greater Western Sydney,24.383,8.502,5.707,5.529,2.14,0.0,0.595,2.973,8.74,2.259,0.178,0.059,0.0,0.0,0.0,0.496,Key defender
2023,Sam Walsh,18,Carlton,23.227,13.791,22.984,4.455,0.141,0.283,6.082,1.768,0.707,6.153,4.88,1.273,0.0,0.424,0.566,0.433,Inside midfielder
2023,Sam Weideman,16,Essendon,26.164,4.766,6.43,4.917,1.21,1.513,1.74,0.303,0.908,1.362,0.53,0.681,0.983,1.135,0.0,0.593,Key forward
2023,Sam Wicks,11,Sydney,23.983,4.916,6.927,2.123,0.0,0.559,2.346,0.223,1.006,6.592,0.894,1.229,0.0,1.117,0.0,0.556,Pressure / role player
2023,Samson Ryan,14,Richmond,22.553,5.139,5.036,4.111,1.131,1.542,2.055,1.028,2.364,1.131,1.644,0.206,17.575,1.233,0.0,0.667,Key forward
2023,Scott Lycett,14,Port Adelaide,30.972,10.134,5.791,1.448,0.103,0.207,2.275,0.724,3.413,5.377,5.791,0.517,35.781,0.0,0.0,0.329,Ruck
2023,Scott Pendlebury,25,Collingwood,35.728,10.005,18.551,4.638,0.052,0.261,4.742,1.459,2.137,5.628,5.524,0.938,0.0,0.469,0.052,0.534,Inside midfielder
2023,Seamus Mitchell,14,Hawthorn,21.09,5.444,17.137,6.653,0.202,0.0,2.016,3.327,2.218,2.52,0.101,0.302,0.0,0.0,1.411,0.562,Rebounding defender
2023,Sean Darcy,15,Fremantle,25.09,12.713,6.088,4.566,2.059,0.895,3.76,0.448,2.954,4.297,5.461,0.716,52.551,0.358,0.0,0.459,Ruck
2023,Sean Lemmens,11,Gold Coast,28.813,5.026,8.892,4.897,0.644,0.129,0.387,4.639,2.835,2.448,0.773,0.0,0.0,0.0,0.129,0.79,Key defender
2023,Sebastian Ross,17,St Kilda,30.342,12.113,17.241,3.714,0.177,0.088,6.012,2.034,2.829,5.393,5.57,0.707,0.0,0.088,0.884,0.581,Inside midfielder
2023,Shai Bolton,23,Richmond,24.717,11.212,14.228,3.972,0.603,1.257,6.285,0.955,1.961,3.519,4.676,0.955,0.0,1.559,1.458,0.63,Small forward
2023,Shannon Hurn,13,West Coast,35.975,4.787,14.152,7.284,0.312,0.0,1.977,7.7,3.018,2.601,0.416,0.208,0.0,0.0,0.832,0.743,Rebounding defender
2023,Steele Sidebottom,20,Collingwood,32.742,8.603,16.459,5.299,0.125,0.249,3.928,2.805,2.244,4.489,2.993,0.748,0.0,0.249,0.436,0.616,Outside midfielder
2023,Stephen Coniglio,25,Greater Western Sydney,29.769,11.805,21.48,3.87,0.048,0.532,5.806,1.403,1.258,5.612,6.483,1.016,0.0,0.726,0.435,0.562,Inside midfielder
2023,Steven May,23,Melbourne,31.679,4.6,8.843,5.583,1.295,0.045,1.474,6.655,6.967,1.653,0.134,0.045,0.0,0.0,0.357,0.811,Key defender
2023,Tanner Bruhn,19,Geelong,21.23,10.681,15.896,4.71,0.0,0.168,4.626,1.85,0.673,7.738,4.626,0.505,0.0,0.673,0.757,0.568,Inside midfielder
2023,Tarryn Thomas,12,North Melbourne,23.422,11.178,12.185,3.122,0.201,0.906,5.035,1.712,2.014,5.74,5.136,0.906,0.0,1.108,0.604,0.532,Inside midfielder
2023,Taylor Adams,23,Collingwood,29.964,10.319,14.082,4.447,0.057,0.684,5.017,0.285,1.026,5.986,4.846,1.425,0.0,0.741,0.171,0.524,Inside midfielder
2023,Taylor Duryea,20,Western Bulldogs,32.323,4.681,10.31,5.313,0.38,0.0,1.518,3.036,3.289,2.53,0.316,0.0,0.0,0.0,0.253,0.612,Key defender
2023,Taylor Walker,22,Adelaide,33.337,7.57,8.228,6.802,2.249,3.456,2.907,0.0,1.481,1.591,1.152,0.878,3.017,4.169,0.055,0.79,Key forward
2023,Tim English,23,Western Bulldogs,26.044,10.684,12.81,7.342,1.468,0.658,3.696,2.177,4.962,5.063,3.747,0.304,36.304,0.81,0.405,0.586,Ruck
2023,Tim Kelly,22,West Coast,29.085,16.334,17.996,4.153,0.166,0.166,5.98,2.326,0.941,5.759,7.198,1.107,0.0,0.554,0.72,0.464,Inside midfielder
2023,Tim Taranto,23,Richmond,25.578,14.691,18.557,4.072,0.103,0.928,4.124,2.68,0.979,7.938,7.32,0.412,0.0,0.979,0.103,0.509,Inside midfielder
2023,Toby Bedford,19,Greater Western Sydney,23.323,6.773,9.073,2.812,0.128,0.958,2.875,0.383,1.022,6.198,2.3,0.703,0.0,0.767,0.064,0.42,Pressure / role player
2023,Toby Greene,24,Greater Western Sydney,29.991,8.491,10.937,4.892,0.692,2.123,5.538,0.138,1.246,2.769,1.938,1.2,0.0,3.046,0.046,0.678,Small forward
2023,Toby Nankervis,15,Richmond,29.041,11.213,7.89,3.073,0.332,0.166,1.993,1.91,5.399,6.811,5.399,0.166,40.449,0.249,0.0,0.518,Ruck
2023,Todd Goldstein,20,North Melbourne,35.153,10.908,6.116,2.837,1.135,0.189,2.207,1.45,4.414,2.396,4.603,0.567,36.822,0.252,0.0,0.381,Ruck
2023,Todd Marshall,21,Port Adelaide,24.939,4.765,7.33,6.292,1.344,3.726,1.772,0.183,2.138,2.932,0.061,0.916,0.0,2.199,0.061,0.791,Key forward
2023,Tom Atkins,23,Geelong,27.936,14.058,12.227,1.949,0.0,0.295,3.19,1.595,1.831,10.337,6.852,0.295,0.0,0.236,0.236,0.437,Inside midfielder
2023,Tom Barrass,14,West Coast,27.769,5.071,8.501,6.935,1.864,0.0,0.224,2.834,9.918,0.447,0.0,0.0,0.149,0.0,0.075,0.635,Key defender
2023,Tom Cole,12,West Coast,26.246,6.074,16.873,7.537,0.225,0.112,1.575,3.825,2.25,3.262,0.562,0.112,0.0,0.112,0.225,0.557,Rebounding defender
2023,Tom De Koning,19,Carlton,24.189,10.604,5.168,3.624,1.275,0.537,3.087,1.074,4.295,3.154,4.497,0.268,22.617,0.604,0.0,0.5,Ruck
2023,Tom Doedee,11,Adelaide,26.257,5.241,11.426,5.136,0.524,0.0,1.048,3.354,6.709,1.572,0.419,0.0,0.0,0.0,0.0,0.558,Key defender
2023,Tom Green,22,Greater Western Sydney,22.663,17.481,19.872,3.985,0.053,0.319,5.313,2.55,0.85,5.898,7.12,0.531,0.0,0.478,0.159,0.443,Inside midfielder
2023,Tom Hawkins,20,Geelong,35.079,6.158,5.831,4.959,1.58,3.869,1.199,0.054,0.708,0.981,0.763,0.981,3.433,2.67,0.054,0.682,Key forward
2023,Tom Hickey,12,Sydney,32.509,10.747,6.448,2.941,0.792,0.226,3.054,0.905,3.846,3.281,4.412,0.452,32.127,0.0,0.0,0.425,Ruck
2023,Tom Jonas,13,Port Adelaide,32.63,2.939,5.964,3.803,0.173,0.0,0.519,2.161,7.26,1.642,0.173,0.0,0.0,0.086,0.0,0.636,Key defender
2023,Tom Liberatore,21,Western Bulldogs,31.279,18.537,16.524,3.598,0.061,0.305,5.122,2.012,1.829,8.598,10.183,0.976,0.0,0.488,0.0,0.463,Inside midfielder
2023,Tom McCartin,15,Sydney,23.69,6.897,7.586,4.598,1.303,0.0,0.536,2.835,10.421,1.609,0.153,0.0,0.0,0.0,0.23,0.471,Key defender
2023,Tom McDonald,8,Melbourne,30.991,5.912,6.926,4.054,1.182,1.52,1.858,0.169,2.365,2.534,0.676,0.676,1.689,1.52,0.0,0.597,Key forward
2023,Tom Mitchell,26,Collingwood,30.334,15.084,19.311,4.123,0.052,0.261,4.906,1.2,0.939,8.194,6.576,0.678,0.0,0.365,0.157,0.385,Inside midfielder
2023,Tom Papley,23,Sydney,27.156,8.26,10.026,3.844,0.416,1.714,4.727,0.26,1.403,2.182,3.532,1.091,0.0,1.922,0.364,0.738,Small forward
2023,Tom Powell,14,North Melbourne,21.485,6.047,15.535,3.628,0.0,0.279,3.814,0.93,0.93,2.512,2.512,0.465,0.0,0.651,1.116,0.409,Outside midfielder
2023,Tom Sparrow,23,Melbourne,23.293,8.186,15.371,4.122,0.118,0.353,4.005,1.296,2.061,4.77,3.534,0.353,0.0,0.648,0.059,0.539,Pressure / role player
2023,Tom Stewart,22,Geelong,30.449,7.277,15.409,9.738,1.07,0.054,1.712,8.454,4.227,2.301,0.428,0.107,0.0,0.054,0.375,0.805,Rebounding defender
2023,Touk Miller,13,Gold Coast,27.507,11.82,18.48,4.69,0.094,0.469,5.347,2.908,1.032,6.379,6.191,0.75,0.0,0.375,0.094,0.59,Inside midfielder
2023,Travis Boak,21,Port Adelaide,35.126,8.696,13.587,4.076,0.204,0.408,3.533,1.902,0.883,3.94,2.717,0.408,0.0,0.476,0.136,0.516,Pressure / role player
2023,Trent Cotchin,19,Richmond,33.367,10.684,12.913,4.074,0.307,0.615,3.843,1.23,1.23,3.459,3.843,0.538,0.0,0.538,0.0,0.518,Pressure / role player
2023,Trent McKenzie,19,Port Adelaide,31.454,3.141,6.282,4.744,1.026,0.0,1.154,3.333,5.128,1.346,0.128,0.064,0.0,0.0,0.064,0.84,Key defender
2023,Trent Rivers,25,Melbourne,22.129,8.173,16.554,6.195,0.833,0.208,3.748,5.206,2.759,2.863,1.301,0.521,0.0,0.104,0.416,0.618,Rebounding defender
2023,Tristan Xerri,9,North Melbourne,24.449,11.569,4.754,1.426,0.317,0.317,1.585,0.951,4.754,4.12,4.12,0.158,36.292,0.475,0.0,0.291,Ruck
2023,Tylar Young,19,Richmond,24.975,4.518,5.351,3.27,0.773,0.0,0.951,4.102,8.799,1.367,0.178,0.0,0.0,0.0,0.0,0.729,Key defender
2023,Tyler Brockman,15,Hawthorn,20.684,5.062,10.697,4.776,0.096,1.91,2.77,0.382,1.528,3.247,0.191,0.955,0.0,1.242,0.764,0.473,Small forward
2023,Tyson Stengle,19,Geelong,24.851,5.604,9.006,3.202,0.2,1.134,3.536,0.133,1.201,2.802,0.934,0.801,0.0,1.801,0.467,0.673,Small forward
2023,Wayne Milera,22,Adelaide,25.947,6.756,15.634,5.36,0.614,0.0,2.345,4.634,2.066,2.401,0.838,0.279,0.0,0.168,0.168,0.57,Outside midfielder
2023,Wil Powell,18,Gold Coast,23.942,5.784,14.983,8.014,0.557,0.0,2.718,7.317,2.787,2.927,0.906,0.209,0.0,0.0,0.348,0.753,Rebounding defender
2023,Will Ashcroft,18,Brisbane Lions,19.211,10.793,18.135,4.479,0.073,0.073,3.818,2.056,0.881,4.626,4.699,0.734,0.0,0.587,0.147,0.503,Inside midfielder
2023,Will Day,21,Hawthorn,22.225,11.561,19.66,7.16,0.528,0.469,5.399,2.289,1.995,4.284,5.223,0.469,0.0,0.352,0.763,0.488,Inside midfielder
2023,Will Hayward,23,Sydney,24.868,6.008,8.046,5.172,0.993,1.202,2.247,0.575,1.411,3.762,0.261,0.679,0.0,1.306,0.0,0.658,Key forward
2023,Will Hoskin-Elliott,23,Collingwood,30.077,4.725,11.813,5.434,0.295,0.473,2.776,1.654,2.717,2.776,0.768,0.413,0.0,0.591,0.118,0.696,Outside midfielder
2023,Will Phillips,16,North Melbourne,21.263,11.833,15.658,2.491,0.178,0.267,3.915,1.512,0.979,5.872,5.605,0.801,0.0,0.267,0.267,0.375,Inside midfielder
2023,Will Setterfield,10,Essendon,25.55,9.068,17.254,5.919,0.0,0.378,5.038,1.889,1.134,7.557,3.778,0.504,0.0,0.252,0.126,0.538,Inside midfielder
2023,Will Snelling,15,Essendon,26.052,5.589,11.992,4.472,0.203,1.016,2.236,1.118,2.236,4.776,1.321,0.813,0.0,0.61,0.0,0.52,Pressure / role player
2023,Willem Drew,25,Port Adelaide,24.958,11.249,11.405,3.214,0.052,0.259,4.51,1.296,2.385,8.605,5.651,0.57,0.052,0.259,0.104,0.468,Inside midfielder
2023,Willie Rioli,19,Port Adelaide,28.285,5.89,7.443,3.366,0.388,1.165,2.524,0.259,1.553,3.042,0.777,1.1,0.0,2.006,0.065,0.663,Small forward
2023,Xavier Duursma,16,Port Adelaide,23.194,8.182,12.066,5.537,0.413,0.248,2.397,1.901,1.24,3.636,2.066,0.413,0.0,0.496,0.579,0.596,Outside midfielder
2023,Xavier OHalloran,15,Greater Western Sydney,23.2,7.09,10.866,2.855,0.276,0.737,4.328,0.552,1.657,3.959,0.645,0.46,0.0,1.013,0.0,0.554,Pressure / role player
2023,Xavier ONeill,15,West Coast,23.025,5.684,10.391,3.286,0.089,0.355,3.02,1.066,1.332,5.329,2.131,0.178,0.0,0.355,0.0,0.549,Pressure / role player
2023,Zac Bailey,24,Brisbane Lions,24.019,8.221,12.799,3.954,0.104,0.832,5.047,1.093,1.249,3.746,3.122,1.041,0.0,1.509,0.0,0.632,Small forward
2023,Zac Fisher,12,Carlton,25.2,7.151,19.502,4.334,0.0,0.325,2.275,2.709,1.95,1.733,2.059,0.217,0.0,0.433,0.108,0.54,Outside midfielder
2023,Zach Guthrie,23,Geelong,25.156,5.747,11.852,6.567,0.77,0.051,1.642,3.335,3.181,3.027,0.564,0.154,0.0,0.154,0.359,0.677,Rebounding defender
2023,Zach Merrett,22,Essendon,27.893,11.429,23.181,6.038,0.0,0.27,6.038,2.372,2.264,6.523,5.553,0.863,0.0,0.431,0.431,0.53,Inside midfielder
2023,Zach Tuohy,20,Geelong,33.69,6.577,11.392,4.169,0.411,0.411,2.76,4.932,0.705,1.879,1.351,0.352,0.0,0.352,0.763,0.683,Outside midfielder
2023,Zaine Cordy,14,St Kilda,26.868,4.231,7.018,4.438,0.413,0.826,1.135,1.342,4.747,1.858,0.206,0.516,3.509,0.722,0.0,0.578,Key defender
2023,Zak Butters,25,Port Adelaide,23.022,13.143,21.752,6.419,0.306,0.306,6.673,1.987,1.325,4.381,5.604,0.764,0.0,0.662,2.038,0.525,Inside midfielder
2024,Aaron Cadman,23,Greater Western Sydney,20.534,4.841,6.369,3.439,0.637,1.975,1.847,0.318,1.401,4.268,0.382,0.255,1.274,1.911,0.127,0.651,Key forward
2024,Aaron Naughton,20,Western Bulldogs,24.769,6.799,8.581,6.667,1.386,2.442,3.366,0.132,1.782,1.386,0.132,1.122,0.264,2.31,0.264,0.646,Key forward
2024,Adam Cerra,13,Carlton,24.92,10.387,17.348,3.536,0.221,0.11,4.088,2.099,1.657,5.193,4.309,0.552,0.0,0.442,0.0,0.552,Inside midfielder
2024,Adam Saad,18,Carlton,30.126,7.019,14.182,5.065,0.289,0.0,2.098,4.92,2.46,2.894,1.302,0.072,0.0,0.072,4.197,0.658,Rebounding defender
2024,Adam Tomlinson,8,Melbourne,31.036,5.464,7.878,4.701,0.889,0.0,0.381,4.066,6.353,1.652,0.127,0.0,0.0,0.0,0.127,0.681,Key defender
2024,Adam Treloar,23,Western Bulldogs,31.496,14.121,23.465,3.99,0.157,0.315,5.459,2.31,0.735,5.722,6.982,0.682,0.0,0.84,1.102,0.48,Inside midfielder
2024,Aidan Corr,23,North Melbourne,30.271,4.472,8.944,4.9,0.476,0.0,0.666,3.52,6.851,1.522,0.285,0.048,0.048,0.0,0.0,0.657,Key defender
2024,Alex Cincotta,16,Carlton,27.69,5.098,6.919,1.894,0.073,0.146,1.966,1.238,2.112,3.205,1.238,0.291,0.0,0.583,0.073,0.443,Pressure / role player
2024,Alex Neal-Bullen,23,Melbourne,28.621,8.974,14.723,4.138,0.107,0.43,3.385,1.505,1.236,6.287,3.332,0.537,0.0,0.484,0.215,0.517,Pressure / role player
2024,Alex Pearce,15,Fremantle,29.115,5.895,7.06,4.949,0.728,0.073,0.582,2.693,5.822,1.82,0.146,0.0,0.0,0.073,0.146,0.54,Key defender
2024,Alex Sexton,15,Gold Coast,30.726,3.833,17.833,7.25,0.167,0.0,3.417,5.333,1.417,2.417,0.917,0.5,0.0,0.167,1.167,0.666,Rebounding defender
2024,Alex Witherden,18,West Coast,25.939,5.432,13.44,5.153,0.209,0.0,1.741,4.596,2.855,2.298,0.418,0.279,0.0,0.07,0.418,0.636,Rebounding defender
2024,Aliir Aliir,25,Port Adelaide,30.041,6.021,8.842,6.779,1.389,0.0,0.716,3.537,5.011,1.432,0.211,0.042,0.0,0.0,0.211,0.759,Key defender
2024,Alwyn Davey,10,Essendon,20.454,3.396,5.942,1.698,0.0,0.509,2.547,0.34,0.509,2.716,0.509,0.509,0.0,0.849,0.34,0.633,Pressure / role player
2024,Andrew Brayshaw,23,Fremantle,24.797,13.333,21.312,5.197,0.052,0.472,4.357,1.89,1.575,6.142,6.247,0.577,0.0,0.367,0.472,0.455,Inside midfielder
2024,Andrew McGrath,23,Essendon,26.227,6.835,16.877,5.678,0.368,0.0,2.681,6.204,2.524,3.26,1.157,0.21,0.0,0.053,2.629,0.592,Rebounding defender
2024,Anthony Caminiti,15,St Kilda,20.69,6.172,4.921,4.17,1.835,1.751,1.501,0.167,1.918,2.836,0.334,0.334,2.002,1.251,0.0,0.504,Key forward
2024,Archie Perkins,18,Essendon,22.413,8.527,14.556,4.823,0.345,0.603,5.168,1.809,0.947,5.771,3.445,0.947,0.0,0.431,0.603,0.598,Inside midfielder
2024,Bailey Banfield,22,Fremantle,26.474,5.479,12.5,4.224,0.228,1.084,2.683,0.913,1.769,3.196,0.913,0.856,0.0,1.142,0.228,0.554,Small forward
2024,Bailey Dale,24,Western Bulldogs,28.126,6.478,19.231,7.439,0.253,0.152,3.188,5.82,2.024,1.771,1.113,0.405,0.0,0.253,0.759,0.705,Rebounding defender
2024,Bailey Humphrey,21,Gold Coast,19.953,6.93,8.524,2.703,0.208,0.97,3.604,0.208,1.04,3.396,2.079,1.109,0.0,0.97,0.0,0.564,Small forward
2024,Bailey Scott,23,North Melbourne,24.126,5.991,16.921,6.043,0.105,0.315,3.416,4.887,0.841,3.048,1.314,0.42,0.0,0.263,0.21,0.67,Outside midfielder
2024,Bailey Williams,47,Western Bulldogs,26.909,7.822,11.219,4.741,0.553,0.369,3.108,1.765,2.37,2.923,3.055,0.29,12.694,0.342,0.105,0.55,Ruck
2024,Bayley Fritsch,23,Melbourne,27.715,4.499,6.724,3.943,1.062,1.668,2.275,0.253,0.859,1.365,0.101,0.607,0.0,2.073,0.253,0.712,Key forward
2024,Beau McCreery,17,Collingwood,23.345,5.52,8.0,2.24,0.08,0.32,3.6,0.32,1.04,6.72,2.0,0.64,0.0,0.8,0.48,0.618,Pressure / role player
2024,Ben Ainsworth,17,Gold Coast,26.424,4.076,14.92,6.041,0.218,1.528,3.348,1.164,0.509,1.383,0.582,0.364,0.0,1.164,0.582,0.653,Outside midfielder
2024,Ben Hobbs,12,Essendon,20.939,7.482,14.82,3.597,0.144,0.719,3.885,0.863,1.007,5.036,1.583,0.719,0.0,0.288,0.0,0.513,Pressure / role player
2024,Ben Keays,23,Adelaide,27.501,7.978,9.584,4.415,0.151,1.305,3.813,0.803,0.853,4.165,2.358,0.953,0.0,1.706,0.0,0.603,Small forward
2024,Ben King,22,Gold Coast,24.131,5.013,4.852,5.283,1.617,3.45,1.509,0.0,0.97,0.701,0.054,0.162,0.0,2.965,0.108,0.801,Key forward
2024,Ben Long,17,Gold Coast,27.008,5.917,7.159,4.529,0.657,2.264,2.995,0.0,1.972,3.36,0.657,1.315,0.0,1.899,0.146,0.705,Small forward
2024,Ben McKay,23,Essendon,26.668,5.779,7.531,5.342,1.313,0.0,0.35,1.357,5.779,1.401,0.044,0.088,0.175,0.0,0.0,0.535,Key defender
2024,Ben Miller,21,Richmond,24.983,3.206,8.918,6.012,0.601,0.0,0.451,3.758,8.467,1.703,0.05,0.05,0.0,0.0,0.15,0.69,Key defender
2024,Billy Dowling,9,Adelaide,20.148,7.692,14.815,6.838,0.0,0.57,3.276,2.991,0.855,2.422,2.422,0.855,0.0,0.57,0.0,0.621,Outside midfielder
2024,Billy Frampton,18,Collingwood,27.742,3.95,5.805,3.591,0.479,0.12,1.077,1.915,6.942,1.257,0.18,0.0,0.898,0.06,0.0,0.669,Key defender
2024,Blake Acres,23,Carlton,28.92,8.583,18.537,7.009,0.406,0.559,3.758,3.149,1.625,3.25,2.082,0.508,0.0,0.66,0.102,0.568,Outside midfielder
2024,Blake Hardwick,25,Hawthorn,27.605,5.676,10.288,5.233,0.443,0.798,0.976,2.882,3.237,2.794,0.355,0.31,0.0,0.576,0.266,0.668,Key defender
2024,Blake Howes,16,Melbourne,21.378,6.738,10.107,5.916,0.0,0.0,0.822,3.451,3.615,2.136,0.411,0.0,0.0,0.0,0.0,0.586,Key defender
2024,Bobby Hill,23,Collingwood,24.537,5.402,8.765,4.465,0.331,2.04,2.867,0.055,1.433,2.646,0.662,1.268,0.0,1.654,0.606,0.73,Small forward
2024,Bodhi Uwland,21,Gold Coast,21.082,4.181,12.829,5.956,0.573,0.0,1.546,4.811,5.727,2.176,0.401,0.057,0.0,0.0,0.286,0.671,Key defender
2024,Brad Close,25,Geelong,26.145,4.487,10.692,3.294,0.095,1.05,2.291,0.573,1.384,2.768,0.716,1.146,0.0,1.193,0.0,0.5,Small forward
2024,Bradley Hill,22,St Kilda,31.129,4.752,18.078,6.445,0.055,0.273,4.806,2.294,0.874,1.912,1.638,0.492,0.0,0.382,0.546,0.637,Outside midfielder
2024,Brady Hough,23,West Coast,21.471,4.842,11.672,5.81,0.153,0.051,1.274,2.905,2.09,2.192,0.561,0.051,0.0,0.0,0.153,0.588,Key defender
2024,Braeden Campbell,23,Sydney,22.649,5.819,12.141,5.316,0.072,0.359,2.945,2.299,1.437,3.879,1.149,0.503,0.0,0.359,0.144,0.664,Outside midfielder
2024,Brandan Parfitt,9,Geelong,26.23,13.708,12.83,2.285,0.176,0.176,5.624,1.054,3.163,10.018,7.557,0.703,0.0,0.176,0.0,0.503,Inside midfielder
2024,Brandon Starcevich,21,Brisbane Lions,25.181,4.508,8.899,5.269,0.234,0.0,1.698,3.279,3.103,2.225,0.41,0.293,0.0,0.059,0.0,0.77,Key defender
2024,Brandon Walker,19,Fremantle,21.857,5.426,12.114,4.479,0.063,0.0,1.956,2.461,2.839,2.524,0.694,0.252,0.0,0.063,0.694,0.628,Outside midfielder
2024,Brandon Zerk-Thatcher,26,Port Adelaide,26.071,4.673,7.072,5.624,0.786,0.0,0.662,2.316,5.128,1.572,0.207,0.041,0.0,0.0,0.041,0.674,Key defender
2024,Brayden Cook,15,Adelaide,22.027,4.426,8.757,3.107,0.377,0.753,2.072,1.318,1.601,2.072,0.942,0.565,0.0,1.13,0.377,0.597,Small forward
2024,Brayden Fiorini,12,Gold Coast,26.947,5.169,16.6,5.865,0.0,0.199,3.181,2.386,1.093,2.187,0.895,0.398,0.0,0.596,0.696,0.548,Outside midfielder
2024,Brayden Maynard,23,Collingwood,27.925,6.583,13.323,6.479,0.313,0.0,2.665,5.852,5.329,2.821,0.627,0.104,0.0,0.157,0.261,0.768,Rebounding defender
2024,Brennan Cox,9,Fremantle,26.033,4.826,8.311,6.434,1.206,0.0,0.268,2.279,6.836,1.743,0.402,0.0,0.0,0.134,0.0,0.67,Key defender
2024,Brent Daniels,24,Greater Western Sydney,25.517,8.495,13.214,4.038,0.21,1.101,5.244,0.472,1.311,5.873,3.251,1.94,0.0,1.206,0.157,0.603,Small forward
2024,Brodie Grundy,26,Sydney,30.454,15.546,8.022,2.94,0.747,0.199,3.288,1.395,3.538,6.029,6.477,0.847,41.704,0.1,0.1,0.384,Ruck
2024,Brodie Kemp,21,Carlton,23.353,4.68,10.326,6.612,0.814,0.305,0.966,2.899,4.171,2.34,0.051,0.153,0.0,0.305,0.254,0.663,Key defender
2024,Brodie Smith,15,Adelaide,32.512,5.997,14.189,4.476,0.169,0.0,2.956,4.476,2.449,2.618,0.591,0.084,0.0,0.0,0.0,0.633,Rebounding defender
2024,Brody Mihocek,11,Collingwood,31.416,5.994,5.783,4.311,1.472,1.893,2.944,0.0,1.157,3.049,0.105,0.315,0.21,1.998,0.0,0.684,Key forward
2024,Bruce Reville,12,Brisbane Lions,23.449,4.874,14.328,6.204,0.0,0.295,3.988,2.363,0.886,2.806,1.034,0.739,0.0,0.591,0.148,0.736,Outside midfielder
2024,Brynn Teakle,11,North Melbourne,24.857,5.906,4.856,3.675,1.969,0.656,2.756,0.262,1.444,1.312,1.575,0.131,7.48,1.181,0.0,0.562,Key forward
2024,Buku Khamis,17,Western Bulldogs,24.402,3.427,8.156,5.346,0.685,0.0,0.617,2.056,5.62,1.302,0.0,0.0,0.137,0.069,0.206,0.641,Key defender
2024,Caleb Daniel,16,Western Bulldogs,28.167,7.659,17.615,4.923,0.0,0.219,2.407,2.188,1.532,3.392,2.626,0.438,0.0,0.219,0.985,0.558,Outside midfielder
2024,Caleb Serong,23,Fremantle,23.542,16.534,19.237,3.498,0.106,0.265,5.511,2.385,0.742,6.041,9.274,0.689,0.0,0.583,0.053,0.466,Inside midfielder
2024,Caleb Windsor,19,Melbourne,19.131,5.659,12.783,3.795,0.067,0.2,2.929,1.664,1.065,3.262,1.997,0.399,0.0,0.533,0.799,0.6,Outside midfielder
2024,Callan Ward,20,Greater Western Sydney,34.43,8.94,14.687,5.556,0.255,0.702,2.363,2.107,1.469,3.448,3.384,0.255,0.0,0.83,0.255,0.524,Outside midfielder
2024,Callum Ah Chee,26,Brisbane Lions,26.972,6.72,11.234,6.118,0.853,1.454,2.658,1.053,1.906,2.006,1.003,0.903,0.0,1.354,0.1,0.655,Small forward
2024,Callum Brown,13,Greater Western Sydney,24.027,4.108,6.613,3.507,1.002,1.403,1.703,0.1,2.705,2.204,0.501,0.501,0.2,1.703,0.0,0.58,Key forward
2024,Callum Wilkie,23,St Kilda,28.46,5.89,11.693,7.766,1.047,0.0,0.305,4.014,6.588,1.353,0.175,0.0,0.0,0.0,0.218,0.672,Key defender
2024,Calsher Dear,17,Hawthorn,19.11,6.163,4.601,3.993,1.476,2.344,0.955,0.0,3.646,3.646,0.174,0.26,0.087,2.17,0.0,0.563,Key forward
2024,Cam Mackenzie,20,Hawthorn,20.591,7.553,15.178,3.849,0.0,0.436,3.922,1.743,1.017,3.631,3.341,0.508,0.0,0.654,0.508,0.54,Outside midfielder
2024,Cam Rayner,27,Brisbane Lions,24.939,9.145,10.254,4.342,1.109,1.016,4.527,0.647,1.524,3.88,2.956,0.97,0.0,1.432,0.185,0.553,Small forward
2024,Cameron Zurhaar,22,North Melbourne,26.257,6.763,10.33,4.739,0.905,1.438,3.621,0.319,1.225,3.248,0.905,0.692,0.053,1.544,0.053,0.603,Small forward
2024,Campbell Chesser,18,West Coast,21.326,4.882,10.45,2.593,0.076,0.0,2.441,1.373,0.686,2.288,0.992,0.229,0.0,0.381,0.839,0.552,Pressure / role player
2024,Chad Warner,25,Sydney,23.361,10.421,18.787,5.088,0.245,0.832,6.409,1.614,0.783,3.865,4.892,1.076,0.0,1.712,3.914,0.615,Inside midfielder
2024,Changkuoth Jiath,11,Hawthorn,25.142,5.89,10.92,4.049,0.123,0.491,2.577,1.963,3.436,2.699,0.736,0.368,0.0,0.368,0.491,0.58,Outside midfielder
2024,Charlie Ballard,23,Gold Coast,25.088,4.998,7.779,5.233,1.226,0.047,0.66,3.112,5.563,1.32,0.236,0.0,0.0,0.047,0.0,0.662,Key defender
2024,Charlie Cameron,27,Brisbane Lions,30.233,4.103,8.386,4.914,0.451,1.939,3.021,0.406,0.902,2.615,0.676,0.721,0.0,1.984,0.406,0.799,Small forward
2024,Charlie Comben,19,North Melbourne,23.079,5.924,9.064,7.227,1.718,0.178,0.652,3.555,5.095,1.659,0.178,0.059,0.059,0.178,0.237,0.657,Key defender
2024,Charlie Curnow,21,Carlton,27.52,6.515,7.097,6.621,2.383,2.86,3.125,0.53,2.013,1.059,0.106,0.794,0.0,3.019,0.0,0.843,Key forward
2024,Charlie Dean,8,Collingwood,23.178,4.624,8.382,5.78,0.578,0.0,0.145,3.468,4.624,1.156,0.0,0.145,0.0,0.0,0.0,0.619,Key defender
2024,Charlie Dixon,18,Port Adelaide,33.994,8.533,4.267,4.267,2.2,2.6,1.333,0.067,2.6,1.733,1.2,0.6,7.8,1.6,0.0,0.545,Key forward
2024,Charlie Lazzaro,9,North Melbourne,22.167,6.641,12.5,3.32,0.195,0.391,2.539,0.586,0.391,3.711,1.953,1.172,0.0,0.391,0.0,0.424,Pressure / role player
2024,Chayce Jones,16,Adelaide,24.611,6.347,11.455,3.715,0.155,0.542,2.477,2.399,1.084,3.483,2.245,0.232,0.0,0.464,0.0,0.641,Pressure / role player
2024,Christian Petracca,13,Melbourne,28.433,13.889,15.972,5.655,0.794,0.992,6.845,0.397,1.488,3.869,5.556,1.885,0.0,1.389,0.0,0.487,Inside midfielder
2024,Christian Salem,17,Melbourne,29.107,7.443,17.973,7.838,0.317,0.079,2.771,4.038,1.267,3.721,1.9,0.079,0.0,0.079,0.158,0.665,Rebounding defender
2024,Clayton Oliver,21,Melbourne,27.052,14.391,15.064,3.613,0.0,0.061,4.654,1.592,1.347,5.144,5.695,0.735,0.0,0.184,0.061,0.47,Inside midfielder
2024,Cody Weightman,17,Western Bulldogs,23.643,6.444,7.961,3.26,0.227,1.516,2.805,0.379,1.668,4.549,1.137,0.455,0.0,2.047,0.0,0.637,Small forward
2024,Colby McKercher,16,North Melbourne,19.367,5.172,19.13,5.747,0.0,0.0,2.053,6.568,0.739,2.381,0.821,0.246,0.0,0.0,3.777,0.669,Rebounding defender
2024,Connor Budarick,8,Gold Coast,23.383,5.271,12.558,5.581,0.31,0.0,2.016,3.721,1.86,2.791,0.155,0.0,0.0,0.0,0.62,0.667,Rebounding defender
2024,Connor Idun,25,Greater Western Sydney,24.129,6.464,13.926,7.375,0.39,0.0,0.521,3.991,5.293,1.562,0.347,0.0,0.0,0.0,0.521,0.473,Key defender
2024,Connor Macdonald,25,Hawthorn,21.668,6.502,15.32,6.502,0.197,0.936,3.202,0.887,0.443,3.399,1.281,0.69,0.0,1.379,0.591,0.571,Outside midfielder
2024,Connor Rozee,23,Port Adelaide,24.663,10.032,17.476,5.286,0.0,0.485,5.825,1.726,1.456,5.502,5.448,0.378,0.0,0.809,0.593,0.617,Inside midfielder
2024,Conor McKenna,18,Brisbane Lions,28.504,4.301,12.903,6.9,0.179,0.179,2.24,4.391,1.792,0.896,0.627,0.448,0.0,0.0,0.179,0.863,Rebounding defender
2024,Conor Nash,25,Hawthorn,26.129,11.739,14.001,3.339,0.108,0.108,4.362,1.4,1.939,7.377,6.57,0.592,1.939,0.054,0.108,0.446,Inside midfielder
2024,Cooper Sharman,18,St Kilda,24.085,7.41,7.166,5.619,1.384,2.199,2.199,0.896,2.443,2.687,0.651,0.651,0.407,1.466,0.0,0.676,Key forward
2024,Corey Durdin,14,Carlton,22.4,4.657,5.392,2.574,0.123,0.735,1.593,0.123,1.225,3.064,0.49,0.368,0.0,0.858,0.245,0.524,Pressure / role player
2024,Corey Wagner,12,Fremantle,27.424,4.389,17.912,5.694,0.0,0.119,2.966,4.27,1.898,2.372,0.949,0.593,0.0,0.0,0.474,0.691,Rebounding defender
2024,Curtis Taylor,8,North Melbourne,24.268,4.743,12.253,5.929,0.395,0.593,1.581,1.976,1.186,3.557,0.791,0.791,0.0,0.593,0.0,0.663,Outside midfielder
2024,Dan Butler,16,St Kilda,28.227,5.083,6.747,3.327,0.462,1.017,2.033,0.37,1.017,5.176,0.555,0.462,0.0,1.201,0.277,0.611,Pressure / role player
2024,Dan Houston,22,Port Adelaide,27.266,6.757,16.162,6.378,0.649,0.162,4.162,6.054,2.162,4.162,1.676,0.486,0.0,0.378,0.162,0.726,Rebounding defender
2024,Dane Rampe,21,Sydney,34.323,3.423,10.758,5.807,0.367,0.0,1.039,4.584,5.746,1.773,0.122,0.061,0.0,0.122,0.244,0.743,Key defender
2024,Daniel Rioli,23,Richmond,27.356,7.058,19.149,4.722,0.0,0.104,2.906,4.619,1.453,3.529,1.349,0.363,0.0,0.311,2.802,0.539,Outside midfielder
2024,Daniel Turner,15,Melbourne,22.569,4.638,6.763,5.7,1.159,1.836,3.285,0.29,2.512,1.353,0.0,0.386,0.193,1.643,0.0,0.669,Key forward
2024,Darcy Byrne-Jones,26,Port Adelaide,29.0,5.471,8.576,3.253,0.197,0.789,2.809,0.444,1.725,3.795,0.641,1.232,0.0,1.38,0.148,0.669,Small forward
2024,Darcy Cameron,23,Collingwood,29.099,12.398,6.605,5.739,2.328,0.541,2.382,1.245,2.924,3.519,4.602,0.433,36.437,0.596,0.0,0.641,Ruck
2024,Darcy Fogarty,23,Adelaide,24.914,5.739,7.11,5.637,1.625,1.981,2.489,0.051,1.778,1.778,0.203,0.762,0.0,2.082,0.203,0.66,Key forward
2024,Darcy Jones,14,Greater Western Sydney,20.449,7.262,10.697,2.355,0.0,0.687,4.122,0.785,1.374,4.416,0.785,0.785,0.0,1.178,0.491,0.531,Pressure / role player
2024,Darcy Moore,23,Collingwood,28.578,5.238,5.71,4.436,0.944,0.0,0.944,3.917,10.052,1.463,0.094,0.094,0.047,0.0,0.047,0.583,Key defender
2024,Darcy Parish,12,Essendon,27.082,11.72,20.811,6.024,0.0,0.11,5.476,1.862,1.533,5.696,5.148,0.329,0.0,0.219,0.219,0.495,Inside midfielder
2024,Darcy Tucker,23,North Melbourne,27.586,4.499,17.086,5.463,0.054,0.214,2.303,3.803,1.714,3.107,0.803,0.321,0.0,0.161,0.107,0.631,Outside midfielder
2024,Darcy Wilmot,27,Brisbane Lions,20.745,7.242,14.53,6.135,0.231,0.0,3.736,3.736,3.183,2.122,1.614,0.369,0.0,0.0,0.692,0.693,Rebounding defender
2024,Darcy Wilson,23,St Kilda,19.019,6.288,12.739,5.358,0.219,0.711,3.062,1.695,1.148,2.624,1.203,0.547,0.0,0.82,0.437,0.598,Outside midfielder
2024,David Swallow,20,Gold Coast,31.745,7.535,11.07,4.651,0.558,0.465,2.977,1.767,2.512,3.163,1.023,0.279,0.0,0.837,0.0,0.53,Pressure / role player
2024,Dayne Zorko,27,Brisbane Lions,35.635,6.334,20.339,9.5,0.089,0.134,3.256,5.798,1.383,3.836,1.16,0.312,0.0,0.401,0.223,0.796,Rebounding defender
2024,Dion Prestia,13,Richmond,31.868,11.47,18.352,4.275,0.104,0.313,3.754,2.503,1.668,2.607,5.839,0.834,0.0,0.313,0.209,0.469,Inside midfielder
2024,Dom Sheed,8,West Coast,29.162,9.449,9.055,2.559,0.0,0.0,2.756,0.787,0.394,4.528,3.74,0.197,0.0,0.0,0.0,0.515,Pressure / role player
2024,Dougal Howard,15,St Kilda,28.419,3.867,9.708,7.656,0.789,0.0,0.395,2.999,6.551,0.789,0.158,0.0,0.0,0.0,0.0,0.68,Key defender
2024,Dustin Martin,13,Richmond,33.104,5.728,15.728,4.854,0.194,0.971,3.786,0.194,0.388,1.65,1.165,0.777,0.097,0.971,0.291,0.566,Small forward
2024,Dylan Moore,25,Hawthorn,25.11,8.517,14.227,6.123,0.276,1.565,4.696,0.322,1.105,4.558,2.256,1.519,0.0,1.657,0.322,0.573,Small forward
2024,Dylan Shiel,9,Essendon,31.46,11.67,21.364,6.104,0.18,0.18,3.95,1.616,0.539,5.566,6.822,1.257,0.0,0.359,0.359,0.497,Inside midfielder
2024,Dylan Stephens,16,North Melbourne,23.627,5.221,12.566,3.805,0.177,0.088,3.097,2.832,0.973,2.035,1.504,0.442,0.0,0.0,0.088,0.657,Outside midfielder
2024,Dyson Heppell,18,Essendon,32.279,8.082,16.849,6.986,0.274,0.068,1.781,3.014,3.288,1.986,1.096,0.068,0.0,0.068,0.616,0.509,Rebounding defender
2024,Ed Langdon,22,Melbourne,28.559,6.721,15.074,5.713,0.048,0.672,2.304,2.352,0.864,2.544,1.776,0.576,0.0,0.432,0.24,0.541,Outside midfielder
2024,Ed Richards,21,Western Bulldogs,25.178,10.671,16.427,5.815,0.36,0.06,5.995,2.938,2.518,4.616,4.856,0.959,0.0,0.659,1.918,0.61,Inside midfielder
2024,Eddie Ford,18,North Melbourne,22.159,7.107,10.237,6.261,0.846,1.692,1.607,0.761,0.931,2.961,0.338,0.508,0.0,1.269,0.338,0.568,Small forward
2024,Elijah Hollands,22,Carlton,22.37,7.043,15.428,5.59,0.279,0.95,3.577,1.845,1.286,3.242,1.845,0.559,0.0,0.95,0.056,0.639,Outside midfielder
2024,Elliot Yeo,20,West Coast,30.898,17.305,14.681,2.766,0.284,0.426,6.667,2.057,1.206,9.149,9.291,0.993,0.0,0.78,0.709,0.544,Inside midfielder
2024,Elliott Himmelberg,9,Adelaide,26.148,7.022,6.18,4.073,1.124,1.404,1.685,0.281,1.685,2.247,0.562,0.562,4.775,1.124,0.0,0.602,Key forward
2024,Eric Hipwood,24,Brisbane Lions,27.041,4.956,9.077,6.99,1.095,2.191,3.286,0.313,2.087,1.617,0.469,0.626,0.209,1.721,0.0,0.745,Key forward
2024,Errol Gulden,26,Sydney,22.197,9.55,19.949,6.197,0.042,0.17,7.258,2.971,1.273,3.905,4.244,1.231,0.0,0.637,0.297,0.729,Inside midfielder
2024,Esava Ratugolea,23,Port Adelaide,26.159,5.441,5.245,5.245,1.176,0.539,1.176,1.961,5.539,2.304,0.343,0.098,0.196,0.196,0.0,0.636,Key defender
2024,Finlay Macrae,9,Collingwood,22.446,7.353,11.975,1.681,0.0,0.42,3.782,1.261,1.05,4.412,3.782,0.84,0.0,0.84,0.0,0.511,Pressure / role player
2024,Finn Callaghan,24,Greater Western Sydney,21.386,9.697,18.471,3.386,0.051,0.051,4.72,2.001,0.821,4.413,4.207,0.462,0.0,0.103,0.77,0.407,Inside midfielder
2024,Finn Maginness,13,Hawthorn,23.556,6.257,13.376,3.991,0.647,0.647,2.913,0.971,0.755,2.481,1.402,0.539,0.0,0.647,0.0,0.516,Pressure / role player
2024,Francis Evans,17,Port Adelaide,23.077,6.392,8.126,3.792,0.542,0.758,2.817,0.217,0.975,4.442,0.65,0.542,0.0,0.975,0.0,0.662,Pressure / role player
2024,Gary Rohan,12,Geelong,33.194,4.139,7.477,4.539,0.668,1.469,4.539,0.134,2.003,1.869,0.0,0.801,0.401,1.202,0.267,0.739,Small forward
2024,George Hewett,22,Carlton,28.693,14.604,17.327,3.775,0.062,0.371,4.95,1.238,0.681,6.25,7.302,1.052,0.0,0.433,0.124,0.457,Inside midfielder
2024,George Wardlaw,18,North Melbourne,20.203,13.106,13.712,4.545,0.303,0.303,4.697,2.197,1.136,5.909,6.515,0.758,0.0,0.53,0.152,0.59,Inside midfielder
2024,Gryan Miers,25,Geelong,25.479,7.674,15.584,4.755,0.094,0.659,4.19,1.083,0.942,4.991,2.778,1.224,0.0,0.989,0.141,0.624,Small forward
2024,Harley Reid,20,West Coast,19.353,12.017,10.791,2.759,0.613,0.368,3.801,1.288,0.552,4.905,6.07,0.49,0.0,0.613,2.575,0.461,Inside midfielder
2024,Harris Andrews,26,Brisbane Lions,27.799,5.184,8.789,7.898,2.066,0.0,0.365,2.835,8.667,1.458,0.122,0.0,0.0,0.0,0.0,0.716,Key defender
2024,Harry Cunningham,23,Sydney,30.813,3.546,11.62,6.274,0.164,0.055,1.037,2.455,2.946,3.001,0.382,0.109,0.0,0.055,0.055,0.679,Key defender
2024,Harry Edwards,9,West Coast,23.898,4.249,6.516,6.091,1.7,0.0,0.85,3.683,6.374,1.7,0.0,0.142,0.0,0.0,0.0,0.72,Key defender
2024,Harry Himmelberg,25,Greater Western Sydney,28.353,5.968,15.769,7.618,0.728,0.049,1.747,6.793,5.289,2.669,0.631,0.243,0.0,0.0,1.262,0.637,Rebounding defender
2024,Harry Jones,21,Essendon,23.496,4.88,9.823,6.527,0.824,1.711,2.028,0.57,2.662,2.028,0.444,0.634,0.0,1.141,0.0,0.636,Key forward
2024,Harry McKay,21,Carlton,26.706,6.884,8.218,7.631,2.241,3.042,2.455,0.32,1.708,2.775,1.067,0.32,1.601,2.615,0.0,0.755,Key forward
2024,Harry Morrison,12,Hawthorn,25.838,6.765,15.006,6.273,0.246,0.246,2.583,2.706,2.46,2.829,1.722,0.369,0.0,0.246,0.0,0.667,Outside midfielder
2024,Harry Perryman,21,Greater Western Sydney,25.739,6.204,16.18,6.326,0.426,0.122,2.007,5.231,2.129,3.589,0.852,0.122,0.0,0.182,0.487,0.622,Rebounding defender
2024,Harry Petty,20,Melbourne,24.78,5.451,6.266,5.952,2.005,1.441,1.566,0.94,1.629,3.571,0.188,0.439,2.569,0.564,0.0,0.593,Key forward
2024,Harry Sheezel,21,North Melbourne,19.827,11.722,21.537,7.459,0.28,0.449,4.206,3.814,1.57,4.487,4.094,1.122,0.0,0.785,0.224,0.527,Inside midfielder
2024,Harvey Gallagher,20,Western Bulldogs,20.947,4.848,11.448,3.636,0.0,0.269,2.761,1.212,1.279,4.108,2.357,0.269,0.0,0.606,0.135,0.66,Pressure / role player
2024,Harvey Harrison,12,Collingwood,20.715,4.425,9.861,2.402,0.126,0.379,1.77,1.011,0.379,3.413,0.885,1.011,0.0,1.391,0.253,0.444,Pressure / role player
2024,Harvey Thomas,22,Greater Western Sydney,19.047,7.08,10.452,3.034,0.135,0.607,2.158,0.472,2.023,4.046,1.011,0.877,0.0,0.607,0.067,0.426,Pressure / role player
2024,Hayden McLean,26,Sydney,25.69,6.382,7.94,5.829,1.457,1.709,2.01,0.854,3.92,2.965,1.156,0.452,8.995,1.357,0.0,0.626,Key forward
2024,Hayden Young,23,Fremantle,23.372,12.825,19.858,4.492,0.177,0.118,7.92,2.069,1.537,7.27,6.856,1.596,0.0,0.768,0.827,0.549,Inside midfielder
2024,Heath Chapman,16,Fremantle,22.567,5.246,15.416,7.506,0.565,0.0,1.614,4.6,3.955,2.341,0.484,0.404,0.0,0.081,0.242,0.597,Rebounding defender
2024,Hugh McCluggage,27,Brisbane Lions,26.572,10.84,20.009,6.459,0.136,0.226,5.601,2.213,0.858,4.472,5.601,0.271,0.0,0.858,0.271,0.595,Inside midfielder
2024,Hugo Garcia,9,St Kilda,19.26,11.172,7.902,2.452,0.0,0.817,1.362,0.817,0.545,10.899,2.725,0.545,0.0,0.272,0.0,0.357,Pressure / role player
2024,Hugo Ralphsmith,18,Richmond,22.791,4.167,11.07,4.353,0.124,0.498,3.234,1.493,1.617,1.803,0.871,0.249,0.0,0.373,0.124,0.576,Pressure / role player
2024,Hunter Clark,11,St Kilda,25.416,15.497,16.667,4.386,0.146,0.439,5.263,1.608,1.462,6.725,6.287,0.439,0.0,0.146,0.0,0.623,Inside midfielder
2024,Isaac Heeney,24,Sydney,28.4,14.68,15.396,5.524,0.818,1.381,5.524,1.381,1.432,5.78,7.11,0.87,0.0,1.739,0.051,0.545,Inside midfielder
2024,Isaac Quaynor,23,Collingwood,24.605,5.291,10.262,4.703,0.321,0.0,1.39,3.314,2.138,2.94,0.588,0.107,0.0,0.107,0.214,0.592,Outside midfielder
2024,Ivan Soldo,8,Port Adelaide,28.172,6.581,4.292,2.575,0.715,0.858,1.717,0.715,3.004,3.147,4.292,0.715,32.046,0.715,0.0,0.607,Ruck
2024,Izak Rankine,15,Adelaide,24.318,11.481,11.006,3.8,0.158,1.346,4.592,0.871,1.821,4.038,4.355,1.188,0.0,2.296,1.663,0.63,Small forward
2024,Jack Billings,16,Melbourne,29.014,6.124,16.819,6.764,0.091,0.731,3.291,1.371,0.914,2.651,1.005,0.731,0.0,0.366,0.183,0.608,Outside midfielder
2024,Jack Bowes,22,Geelong,26.654,11.297,15.842,4.612,0.134,0.668,5.548,2.674,1.939,6.952,5.281,0.735,0.0,0.802,0.468,0.629,Inside midfielder
2024,Jack Buckley,23,Greater Western Sydney,26.745,5.336,9.246,6.118,1.012,0.0,0.92,2.99,7.59,2.116,0.046,0.046,0.0,0.046,0.598,0.633,Key defender
2024,Jack Carroll,15,Carlton,21.682,6.51,13.672,4.557,0.0,0.391,3.906,1.172,0.651,2.865,2.214,0.911,0.0,0.521,0.13,0.553,Outside midfielder
2024,Jack Crisp,23,Collingwood,30.893,12.089,13.961,3.689,0.057,0.568,4.824,1.986,1.135,7.037,5.448,0.397,0.0,0.795,0.17,0.514,Inside midfielder
2024,Jack Darling,21,West Coast,32.197,5.37,5.474,3.545,0.938,1.356,2.138,0.156,1.825,3.18,0.313,0.365,1.199,1.147,0.052,0.59,Key forward
2024,Jack Ginnivan,23,Hawthorn,21.764,6.706,13.68,4.775,0.054,1.556,3.916,0.215,0.966,3.38,1.609,0.697,0.0,1.502,0.107,0.618,Small forward
2024,Jack Graham,14,Richmond,26.496,9.137,15.663,3.012,0.0,0.201,3.414,1.807,1.004,6.124,3.614,0.602,0.0,0.201,0.301,0.42,Inside midfielder
2024,Jack Gunston,18,Hawthorn,32.912,3.569,8.253,6.097,0.669,3.271,1.561,0.074,1.041,1.561,0.149,0.818,0.0,2.156,0.149,0.755,Key forward
2024,Jack Henry,25,Geelong,26.063,5.032,6.892,6.047,1.311,0.0,0.465,3.002,5.497,1.438,0.254,0.0,0.0,0.0,0.0,0.746,Key defender
2024,Jack Higgins,20,St Kilda,25.435,6.355,7.914,3.537,0.36,1.978,1.679,0.12,1.199,2.998,0.54,1.019,0.0,2.158,0.0,0.543,Small forward
2024,Jack Lukosius,21,Gold Coast,24.041,5.16,10.083,6.109,0.771,1.186,4.033,1.483,2.788,1.483,0.356,0.949,1.364,1.364,0.059,0.751,Small forward
2024,Jack Macrae,19,Western Bulldogs,30.093,9.07,17.597,5.039,0.155,0.233,3.798,0.543,1.008,4.884,3.643,0.388,0.0,0.388,0.0,0.418,Pressure / role player
2024,Jack Payne,18,Brisbane Lions,24.956,4.177,7.107,6.297,1.06,0.0,0.561,2.556,7.17,1.496,0.187,0.0,0.125,0.0,0.0,0.786,Key defender
2024,Jack Petruccelle,16,West Coast,25.367,5.914,10.15,4.325,0.265,0.794,2.913,0.971,1.412,3.001,1.5,0.265,0.0,0.971,0.265,0.626,Pressure / role player
2024,Jack Scrimshaw,24,Hawthorn,26.025,7.789,12.284,7.423,1.359,0.0,1.359,4.914,3.659,1.934,0.418,0.0,0.0,0.0,1.15,0.652,Rebounding defender
2024,Jack Sinclair,22,St Kilda,29.534,9.957,18.844,6.263,0.107,0.375,3.747,5.193,2.141,3.48,3.587,0.642,0.0,0.375,0.803,0.661,Outside midfielder
2024,Jack Steele,23,St Kilda,28.701,12.895,16.313,6.784,0.155,0.518,4.557,1.864,1.398,8.752,5.955,0.673,0.0,0.414,0.259,0.465,Inside midfielder
2024,Jack Viney,23,Melbourne,30.361,13.318,14.27,3.358,0.112,0.392,5.708,1.791,1.511,8.002,5.876,0.951,0.0,0.56,0.056,0.533,Inside midfielder
2024,Jack Williams,18,West Coast,20.731,6.54,6.454,3.614,1.033,1.119,1.807,0.43,3.27,3.442,2.324,0.172,6.971,1.377,0.172,0.523,Ruck
2024,Jackson Archer,15,North Melbourne,21.624,5.137,8.048,4.281,0.599,0.0,0.257,2.654,2.825,3.253,0.428,0.0,0.0,0.0,0.0,0.554,Key defender
2024,Jackson Mead,26,Port Adelaide,22.975,6.649,12.922,4.129,0.161,0.429,3.7,1.287,0.804,4.129,2.091,0.751,0.0,0.322,0.268,0.553,Pressure / role player
2024,Jacob Hopper,12,Richmond,27.548,13.82,18.652,4.944,0.112,0.337,4.494,1.461,0.112,4.607,5.393,0.112,0.0,0.337,0.225,0.463,Inside midfielder
2024,Jacob Koschitzke,14,Richmond,24.12,6.131,5.613,3.886,1.295,1.382,1.468,0.086,3.195,1.468,0.691,0.173,5.095,1.036,0.0,0.508,Key forward
2024,Jacob Wehr,11,Greater Western Sydney,25.928,5.188,12.362,4.194,0.0,0.11,2.98,1.876,1.325,2.318,0.993,0.331,0.0,0.0,0.11,0.614,Outside midfielder
2024,Jacob Weitering,22,Carlton,26.791,5.469,8.911,6.695,1.367,0.0,0.283,3.96,6.836,1.556,0.236,0.047,0.094,0.0,0.094,0.783,Key defender
2024,Jacob van Rooyen,21,Melbourne,21.353,6.182,7.712,5.163,1.211,2.231,1.657,0.446,2.04,2.422,1.083,0.446,5.672,1.912,0.064,0.591,Key forward
2024,Jade Gresham,22,Essendon,27.0,6.247,10.485,3.123,0.167,0.613,3.904,0.279,0.39,2.621,2.008,1.115,0.0,1.06,0.502,0.515,Small forward
2024,Jaeger OMeara,22,Fremantle,30.504,7.572,15.078,5.157,0.0,0.457,2.937,2.546,1.371,4.112,3.068,0.457,0.0,0.522,0.131,0.543,Outside midfielder
2024,Jai Newcombe,25,Hawthorn,23.115,14.042,16.675,4.729,0.439,0.244,5.119,1.706,1.365,5.412,7.167,0.878,0.0,0.536,0.244,0.423,Inside midfielder
2024,Jaidyn Stephenson,12,North Melbourne,25.55,4.284,11.95,5.75,0.113,0.338,3.382,2.255,1.466,2.255,0.225,0.338,0.0,0.902,0.451,0.697,Outside midfielder
2024,Jake Bowey,14,Melbourne,21.947,5.668,14.271,6.579,0.202,0.0,1.417,4.858,1.316,2.024,0.405,0.304,0.0,0.0,0.304,0.714,Rebounding defender
2024,Jake Kelly,20,Essendon,29.591,3.889,13.5,6.389,0.222,0.222,1.111,2.778,2.944,1.444,0.278,0.111,0.0,0.056,0.0,0.636,Key defender
2024,Jake Kolodjashnij,24,Geelong,29.118,5.101,9.546,5.756,0.702,0.0,0.983,3.369,5.194,2.199,0.281,0.047,0.0,0.047,0.094,0.621,Key defender
2024,Jake Lever,18,Melbourne,28.452,5.725,9.86,6.807,0.7,0.0,1.272,3.88,6.043,1.463,0.254,0.0,0.0,0.064,0.064,0.654,Key defender
2024,Jake Lloyd,26,Sydney,31.022,5.325,16.386,7.556,0.0,0.182,2.549,3.641,2.185,2.139,1.047,0.364,0.0,0.273,0.273,0.625,Rebounding defender
2024,Jake Melksham,8,Melbourne,32.986,4.745,7.664,5.474,0.912,1.825,3.832,0.182,0.73,1.277,0.365,1.825,0.0,1.46,0.0,0.725,Small forward
2024,Jake Riccardi,19,Greater Western Sydney,24.72,5.252,9.496,6.691,1.942,2.878,2.662,0.504,1.367,1.942,1.151,0.863,5.396,1.871,0.0,0.649,Key forward
2024,Jake Rogers,9,Gold Coast,19.479,6.187,7.692,1.672,0.0,0.0,3.01,0.0,0.334,4.013,1.171,1.338,0.0,0.334,0.334,0.398,Pressure / role player
2024,Jake Soligo,23,Adelaide,21.58,13.302,17.422,3.531,0.118,0.353,4.414,2.295,0.942,4.944,5.297,0.353,0.0,0.353,0.471,0.496,Inside midfielder
2024,Jake Stringer,23,Essendon,30.331,7.359,9.527,5.077,0.342,2.624,4.221,0.228,1.54,3.309,2.966,0.742,0.0,2.396,0.0,0.698,Small forward
2024,Jake Waterman,20,West Coast,26.301,4.555,9.276,7.519,1.756,3.513,1.811,0.274,0.439,1.207,0.055,0.384,0.165,2.909,0.0,0.758,Key forward
2024,Jamaine Jones,11,West Coast,25.808,4.454,9.688,4.677,0.0,0.0,1.782,1.448,0.445,3.007,0.445,0.111,0.0,0.111,1.002,0.669,Outside midfielder
2024,Jamarra Ugle-Hagan,22,Western Bulldogs,22.424,6.735,7.442,5.215,2.01,3.15,2.499,0.0,0.923,1.738,0.489,0.38,0.0,2.336,0.0,0.745,Key forward
2024,James Aish,20,Fremantle,28.739,4.497,18.059,7.352,0.286,0.071,2.998,3.498,1.356,2.141,1.285,0.357,0.0,0.0,0.071,0.587,Outside midfielder
2024,James Borlase,10,Adelaide,22.101,4.711,6.638,4.925,0.857,0.321,0.428,1.713,6.959,1.713,0.214,0.0,0.642,0.107,0.0,0.571,Key defender
2024,James Harmes,9,Western Bulldogs,28.923,7.36,14.56,5.92,0.16,0.96,2.4,1.92,1.92,4.0,2.24,0.16,0.0,1.12,0.16,0.514,Outside midfielder
2024,James Jordon,26,Sydney,23.775,5.817,12.142,3.924,0.139,0.462,2.862,1.016,0.877,3.924,1.524,0.646,0.0,0.416,0.0,0.469,Pressure / role player
2024,James ODonnell,14,Western Bulldogs,22.016,4.043,8.911,5.116,0.743,0.165,1.403,3.383,4.455,1.155,0.083,0.165,0.0,0.165,0.083,0.732,Key defender
2024,James Peatling,19,Greater Western Sydney,24.066,12.298,11.67,2.873,0.269,0.18,4.578,1.077,1.167,8.707,5.835,0.718,0.0,0.628,0.269,0.607,Inside midfielder
2024,James Rowbottom,24,Sydney,24.025,12.934,11.146,2.471,0.105,0.158,4.154,1.63,1.63,9.779,6.467,0.841,0.0,0.368,0.053,0.518,Inside midfielder
2024,James Sicily,22,Hawthorn,29.687,6.587,14.671,8.333,1.148,0.349,2.495,5.838,3.493,1.497,0.449,0.2,0.0,0.449,0.599,0.712,Rebounding defender
2024,James Worpel,25,Hawthorn,25.638,13.768,16.238,2.733,0.0,0.053,6.989,1.629,1.629,5.78,6.936,1.104,0.0,0.315,0.368,0.514,Inside midfielder
2024,Jamie Cripps,23,West Coast,32.337,5.767,10.997,5.083,0.244,1.271,3.324,0.196,1.515,3.715,1.369,0.831,0.0,1.32,0.196,0.59,Small forward
2024,Jamie Elliott,15,Collingwood,32.005,5.2,9.44,4.72,0.56,2.24,2.24,0.16,0.88,2.88,0.56,0.88,0.0,1.68,0.08,0.635,Small forward
2024,Jarman Impey,25,Hawthorn,29.181,6.118,17.181,6.804,0.294,0.0,3.524,3.769,3.133,2.986,1.028,0.196,0.0,0.098,0.881,0.671,Rebounding defender
2024,Jarrod Berry,27,Brisbane Lions,26.646,9.096,18.494,8.439,0.455,0.556,3.537,2.88,1.364,4.851,3.537,0.556,0.0,0.303,0.101,0.559,Outside midfielder
2024,Jarrod Witts,16,Gold Coast,31.947,11.299,5.842,2.998,0.769,0.231,3.228,0.922,4.304,4.842,5.688,0.384,46.118,0.615,0.0,0.509,Ruck
2024,Jase Burgoyne,23,Port Adelaide,21.183,8.087,13.795,6.025,0.159,0.317,2.907,2.273,1.956,4.334,1.956,0.211,0.0,0.264,0.264,0.604,Outside midfielder
2024,Jason Horne-Francis,24,Port Adelaide,21.249,13.214,13.529,5.558,0.682,1.101,6.083,1.154,0.996,3.723,7.236,1.154,0.0,1.416,1.468,0.715,Inside midfielder
2024,Jason Johannisen,9,Western Bulldogs,31.507,4.944,20.48,8.475,0.141,0.0,3.39,4.661,1.13,1.554,0.565,0.565,0.0,0.0,1.13,0.728,Rebounding defender
2024,Jaspa Fletcher,27,Brisbane Lions,20.594,6.62,13.741,6.67,0.15,0.251,2.608,2.658,0.953,2.608,2.056,0.451,0.0,0.251,0.451,0.557,Outside midfielder
2024,Jayden Hunt,20,West Coast,29.392,6.463,11.046,4.23,0.176,0.059,3.173,3.76,1.175,2.468,2.174,0.47,0.0,0.176,0.764,0.655,Outside midfielder
2024,Jayden Laverde,21,Essendon,28.367,4.936,11.928,6.53,0.566,0.0,0.668,3.342,4.576,1.697,0.103,0.0,0.0,0.0,0.103,0.583,Key defender
2024,Jayden Short,22,Richmond,28.583,4.426,18.84,6.579,0.12,0.06,3.17,5.981,1.136,1.495,0.778,0.239,0.0,0.06,0.239,0.797,Rebounding defender
2024,Jed McEntee,14,Port Adelaide,23.556,4.137,6.308,1.965,0.0,0.724,1.758,0.103,0.827,4.033,0.207,0.31,0.0,0.724,0.0,0.49,Pressure / role player
2024,Jed Walter,14,Gold Coast,19.192,5.611,3.41,2.75,0.88,1.32,2.09,0.11,2.97,3.41,0.44,0.22,1.76,1.21,0.0,0.675,Key forward
2024,Jeremy Cameron,24,Geelong,31.474,4.668,12.565,6.283,0.524,2.661,3.447,0.698,1.44,1.745,0.698,0.698,0.044,2.792,0.175,0.709,Key forward
2024,Jeremy Finlayson,12,Port Adelaide,28.427,6.479,9.503,4.428,0.54,1.728,2.916,0.324,1.728,1.944,1.944,0.864,3.888,1.296,0.432,0.694,Small forward
2024,Jeremy Howe,19,Collingwood,34.151,3.941,8.805,6.034,0.985,0.369,0.985,6.404,6.404,1.847,0.123,0.123,0.0,0.308,0.246,0.789,Key defender
2024,Jeremy McGovern,19,West Coast,32.342,7.755,9.944,7.129,1.689,0.0,1.251,8.693,6.254,1.689,0.5,0.125,0.125,0.063,0.313,0.74,Key defender
2024,Jeremy Sharp,23,Fremantle,23.033,3.512,16.732,6.341,0.098,0.488,4.341,1.317,0.927,1.22,1.073,0.39,0.0,0.488,2.049,0.687,Outside midfielder
2024,Jesse Hogan,25,Greater Western Sydney,29.589,7.58,6.667,7.443,2.968,4.658,1.187,0.091,1.826,1.553,0.274,0.594,0.0,3.516,0.0,0.722,Key forward
2024,Jhye Clark,15,Geelong,19.972,7.957,13.302,3.088,0.0,0.0,4.157,1.306,1.188,5.107,3.444,0.475,0.0,0.238,0.119,0.574,Pressure / role player
2024,Jimmy Webster,15,St Kilda,31.159,4.853,12.652,5.979,0.087,0.0,0.867,2.86,3.553,3.206,0.173,0.173,0.0,0.0,0.173,0.645,Key defender
2024,Joe Daniher,27,Brisbane Lions,30.569,5.748,9.935,6.585,0.837,2.512,4.225,0.495,0.99,1.18,1.447,0.609,2.208,2.208,0.495,0.779,Key forward
2024,Joe Richards,9,Collingwood,24.75,6.05,11.092,3.361,0.504,0.672,3.529,0.336,1.849,4.202,0.84,1.176,0.0,1.008,0.336,0.573,Small forward
2024,Joel Amartey,25,Sydney,25.071,5.852,5.508,4.532,1.434,2.639,1.836,0.0,2.065,2.811,0.172,0.516,0.516,2.467,0.057,0.72,Key forward
2024,Joel Freijah,13,Western Bulldogs,18.813,6.64,14.588,7.042,0.302,0.0,2.616,2.716,3.823,1.71,0.302,0.402,0.0,0.101,0.604,0.592,Rebounding defender
2024,Joel Jeffrey,12,Gold Coast,22.392,4.881,16.459,4.994,0.341,0.227,4.086,3.859,2.27,1.589,0.568,0.227,0.0,0.114,0.568,0.663,Rebounding defender
2024,John Noble,20,Collingwood,27.413,4.65,18.337,6.09,0.065,0.065,2.358,5.174,1.899,3.536,0.851,0.458,0.0,0.065,0.524,0.622,Rebounding defender
2024,Jordan Boyd,19,Carlton,25.887,3.856,11.17,5.12,0.0,0.066,1.197,4.056,2.926,2.926,0.332,0.066,0.0,0.066,0.199,0.775,Rebounding defender
2024,Jordan Clark,23,Fremantle,23.86,6.209,20.242,7.875,0.202,0.05,3.534,5.654,2.726,3.13,1.514,0.404,0.0,0.151,2.473,0.673,Rebounding defender
2024,Jordan Dawson,22,Adelaide,27.375,9.101,18.797,5.959,1.246,0.163,6.988,2.221,1.463,7.259,3.738,0.813,0.0,0.542,0.379,0.677,Inside midfielder
2024,Jordan Ridley,9,Essendon,25.769,5.469,16.536,9.505,0.911,0.0,1.042,5.339,4.948,1.302,0.0,0.0,0.0,0.13,1.042,0.738,Rebounding defender
2024,Jordan de Goey,13,Collingwood,28.386,11.048,14.542,4.721,0.378,0.85,5.76,1.039,1.228,4.344,5.005,0.944,0.0,0.944,0.0,0.535,Inside midfielder
2024,Jordon Butts,15,Adelaide,24.55,3.84,7.68,5.016,0.705,0.078,0.862,2.429,6.348,1.176,0.313,0.157,0.0,0.0,0.0,0.55,Key defender
2024,Jordon Sweet,17,Port Adelaide,26.632,7.437,5.302,2.577,0.515,0.442,1.767,1.62,4.271,6.259,3.387,0.368,44.035,0.295,0.0,0.423,Ruck
2024,Josh Battle,23,St Kilda,25.983,6.062,13.628,8.438,1.018,0.097,1.794,3.346,4.85,1.455,0.291,0.048,0.048,0.145,0.388,0.619,Key defender
2024,Josh Daicos,23,Collingwood,25.742,7.266,19.773,5.932,0.049,0.247,4.498,3.312,0.593,3.658,2.669,0.445,0.0,0.346,0.346,0.571,Outside midfielder
2024,Josh Draper,20,Fremantle,20.542,4.401,8.007,4.89,0.733,0.0,0.306,2.262,4.095,1.039,0.061,0.061,0.0,0.0,0.183,0.523,Key defender
2024,Josh Dunkley,27,Brisbane Lions,27.72,12.682,17.587,6.628,0.53,0.486,4.419,1.723,2.43,7.38,5.214,0.486,0.088,0.265,0.0,0.49,Inside midfielder
2024,Josh Kelly,17,Greater Western Sydney,29.589,9.193,19.93,4.982,0.0,0.561,5.474,2.526,1.193,4.351,3.719,0.421,0.0,1.123,0.982,0.535,Inside midfielder
2024,Josh Rachele,22,Adelaide,21.35,6.274,10.938,4.386,0.389,1.055,3.665,0.666,1.222,2.832,1.277,0.999,0.0,1.666,0.167,0.65,Small forward
2024,Josh Rotham,13,West Coast,26.419,2.534,7.895,5.848,0.39,0.0,0.975,2.534,3.801,1.072,0.0,0.0,0.0,0.0,0.0,0.822,Key defender
2024,Josh Treacy,20,Fremantle,22.0,5.505,8.429,6.995,1.606,2.867,2.695,0.344,2.466,2.523,0.344,0.688,3.612,2.58,0.115,0.656,Key forward
2024,Josh Ward,12,Hawthorn,21.074,5.724,14.478,5.499,0.0,0.112,3.816,0.673,1.01,3.143,2.357,0.449,0.0,0.112,0.449,0.536,Outside midfielder
2024,Josh Weddle,25,Hawthorn,20.304,5.28,11.44,4.585,0.741,0.185,2.733,2.084,4.91,2.038,0.463,0.185,1.112,0.463,1.158,0.562,Outside midfielder
2024,Josh Worrell,13,Adelaide,23.37,6.977,12.597,6.492,0.678,0.0,1.066,7.558,7.364,1.841,0.194,0.097,0.0,0.0,0.097,0.665,Key defender
2024,Judd McVee,23,Melbourne,21.044,6.861,10.967,4.322,0.216,0.054,1.189,4.484,2.593,1.243,1.135,0.27,0.0,0.054,0.702,0.678,Rebounding defender
2024,Justin McInerney,20,Sydney,24.112,6.432,16.945,6.617,0.124,0.371,3.216,2.165,1.237,2.845,1.546,1.361,0.062,0.371,0.495,0.54,Outside midfielder
2024,Jy Simpkin,18,North Melbourne,26.471,11.038,14.192,3.679,0.263,0.92,4.993,1.248,1.248,3.679,4.796,0.657,0.0,0.723,0.526,0.577,Inside midfielder
2024,Jye Amiss,22,Fremantle,21.068,4.264,5.252,4.264,0.936,2.288,1.508,0.0,0.728,1.56,0.0,0.728,0.0,1.872,0.052,0.743,Key forward
2024,Jye Caldwell,23,Essendon,23.906,12.349,18.407,5.482,0.346,0.289,4.732,1.904,0.981,8.598,5.713,0.635,0.0,0.462,0.346,0.484,Inside midfielder
2024,Jye Menzie,14,Essendon,21.802,4.937,8.955,4.363,0.344,0.804,2.87,0.918,0.918,2.411,0.344,0.23,0.0,0.344,0.689,0.563,Pressure / role player
2024,Kade Chandler,23,Melbourne,24.611,5.103,10.912,3.909,0.054,0.489,3.312,0.869,1.086,5.103,1.086,0.543,0.0,0.977,0.109,0.58,Pressure / role player
2024,Kai Lohmann,27,Brisbane Lions,21.397,7.067,9.304,5.338,0.559,1.932,2.644,0.407,1.169,4.067,1.017,0.508,0.0,1.83,0.356,0.635,Small forward
2024,Kallan Dawson,11,North Melbourne,26.09,3.902,8.027,4.125,0.223,0.111,0.669,3.233,5.351,1.338,0.446,0.111,0.0,0.111,0.223,0.554,Key defender
2024,Kamdyn McIntosh,22,Richmond,30.392,4.12,12.172,4.806,0.375,0.437,2.559,1.873,2.06,2.247,1.124,0.25,0.0,0.375,0.437,0.681,Outside midfielder
2024,Kane Farrell,22,Port Adelaide,25.441,4.522,15.226,6.239,0.057,0.172,3.835,5.667,2.519,3.205,1.259,0.286,0.0,0.343,1.431,0.759,Rebounding defender
2024,Kane McAuliffe,9,Richmond,19.348,10.256,12.821,1.709,0.0,0.0,4.06,0.427,1.068,5.342,3.846,0.641,0.0,0.0,0.0,0.35,Pressure / role player
2024,Karl Amon,25,Hawthorn,29.068,4.597,17.944,7.069,0.049,0.099,3.164,7.019,1.434,2.472,1.384,0.395,0.0,0.198,1.236,0.77,Rebounding defender
2024,Kieren Briggs,24,Greater Western Sydney,24.942,13.749,5.443,2.694,0.617,0.337,3.255,1.852,3.311,6.397,8.305,0.561,42.761,0.168,0.056,0.54,Ruck
2024,Koltyn Tholstrup,10,Melbourne,19.153,7.448,9.379,3.31,0.414,1.241,3.172,1.241,1.931,4.966,1.931,0.69,0.0,0.69,0.276,0.59,Small forward
2024,Kyle Langford,23,Essendon,27.731,5.466,8.413,5.656,0.76,2.709,2.947,0.285,1.854,2.804,0.19,0.76,0.19,2.044,0.0,0.668,Key forward
2024,Kysaiah Pickett,21,Melbourne,23.225,6.747,8.233,3.202,0.343,1.487,3.888,0.172,1.029,4.288,1.944,0.743,0.0,2.058,0.629,0.759,Small forward
2024,Lachie Ash,19,Greater Western Sydney,23.233,5.854,18.176,6.875,0.068,0.136,2.11,5.242,2.995,2.246,0.953,0.408,0.0,0.068,1.77,0.63,Rebounding defender
2024,Lachie Fogarty,15,Carlton,25.361,6.575,9.406,2.466,0.274,0.274,3.653,0.639,0.913,4.11,0.822,1.918,0.0,0.822,0.0,0.537,Small forward
2024,Lachie Jones,21,Port Adelaide,22.449,6.57,9.405,4.703,0.415,0.0,1.521,2.628,3.734,2.697,0.622,0.138,0.0,0.0,0.0,0.54,Key defender
2024,Lachie Neale,26,Brisbane Lions,31.348,16.174,17.742,5.376,0.09,0.358,5.421,1.344,0.806,3.853,9.05,1.165,0.0,0.582,0.717,0.463,Inside midfielder
2024,Lachie Schultz,20,Collingwood,26.731,5.037,9.826,3.856,0.187,1.741,2.55,0.249,1.43,4.726,0.995,0.249,0.0,1.493,0.0,0.56,Pressure / role player
2024,Lachie Whitfield,25,Greater Western Sydney,30.159,6.94,22.825,8.651,0.147,0.049,3.177,7.087,1.32,3.519,1.613,0.244,0.0,0.0,0.684,0.649,Rebounding defender
2024,Lachlan Bramble,24,Western Bulldogs,26.383,4.687,15.232,5.858,0.051,0.153,2.649,4.177,1.325,1.732,0.56,0.204,0.0,0.102,1.274,0.665,Rebounding defender
2024,Lachlan Cowan,17,Carlton,19.769,4.874,11.078,4.874,0.443,0.074,1.403,2.659,3.323,3.693,0.591,0.074,0.0,0.074,0.0,0.659,Key defender
2024,Lachlan McNeil,12,Western Bulldogs,23.575,7.668,7.876,2.073,0.207,0.622,2.591,0.622,1.554,4.352,1.451,0.725,0.0,0.622,0.0,0.524,Pressure / role player
2024,Lachlan Murphy,17,Adelaide,25.723,8.059,8.717,3.865,0.082,0.411,3.125,0.329,0.74,4.688,1.398,0.905,0.0,0.576,0.164,0.5,Pressure / role player
2024,Lachlan Sholl,20,Adelaide,24.465,6.95,19.188,6.458,0.062,0.369,2.337,3.506,0.923,2.768,1.661,0.185,0.0,0.738,0.062,0.678,Outside midfielder
2024,Lachlan Sullivan,10,Collingwood,26.841,10.0,11.864,2.712,0.169,0.339,2.881,0.847,0.339,4.237,3.22,0.847,0.0,0.339,0.169,0.38,Pressure / role player
2024,Laitham Vandermeer,24,Western Bulldogs,25.591,4.244,10.64,5.105,0.246,0.615,3.567,0.308,0.984,2.768,0.246,1.046,0.0,0.615,0.369,0.582,Small forward
2024,Lawson Humphries,11,Geelong,21.66,5.687,14.929,7.701,0.118,0.237,2.607,3.436,4.028,2.251,0.948,0.118,0.0,0.118,0.948,0.733,Rebounding defender
2024,Leek Aleer,8,Greater Western Sydney,22.876,5.339,5.916,3.752,1.01,0.0,0.433,2.742,6.638,2.597,0.144,0.0,0.0,0.0,0.144,0.524,Key defender
2024,Lewis Melican,24,Sydney,27.901,3.988,6.163,4.039,0.518,0.0,0.57,2.071,6.422,1.813,0.155,0.052,0.0,0.052,0.0,0.701,Key defender
2024,Lewis Young,9,Carlton,25.717,3.935,8.796,6.481,0.926,0.0,0.81,4.282,6.829,0.926,0.231,0.116,0.579,0.116,0.116,0.684,Key defender
2024,Liam Baker,18,Richmond,26.575,10.328,14.159,4.104,0.137,0.752,4.72,1.231,1.642,4.72,3.83,0.616,0.0,0.958,0.547,0.578,Inside midfielder
2024,Liam Duggan,21,West Coast,27.704,5.495,18.681,8.039,0.174,0.174,4.511,5.09,1.388,3.239,1.793,0.463,0.0,0.116,0.405,0.768,Rebounding defender
2024,Liam Henry,12,St Kilda,22.895,7.361,9.674,3.47,0.315,0.631,4.522,0.526,1.052,3.365,1.998,0.841,0.0,0.736,0.21,0.584,Small forward
2024,Liam Jones,21,Western Bulldogs,33.534,4.311,7.433,6.046,1.041,0.0,0.842,2.924,7.78,0.496,0.099,0.05,0.0,0.0,0.0,0.754,Key defender
2024,Liam Ryan,16,West Coast,27.879,4.799,11.172,5.35,0.551,0.865,3.855,0.629,1.101,2.124,1.18,1.18,0.0,1.023,0.629,0.715,Small forward
2024,Liam Shiels,17,North Melbourne,33.32,6.408,10.54,3.541,0.337,0.253,1.771,1.433,1.349,3.879,2.024,0.337,0.0,0.337,0.169,0.552,Pressure / role player
2024,Liam Stocker,16,St Kilda,24.589,6.137,9.82,5.483,0.245,0.164,2.128,2.128,2.782,2.946,1.309,0.164,0.0,0.0,0.0,0.56,Key defender
2024,Lincoln McCarthy,8,Brisbane Lions,30.537,7.407,10.229,5.291,0.705,1.587,3.704,0.353,2.293,3.704,1.235,0.882,0.0,1.411,0.176,0.755,Small forward
2024,Lloyd Meek,21,Hawthorn,26.394,10.156,7.848,2.885,0.75,0.404,2.539,0.866,3.174,4.155,4.155,0.75,43.797,0.462,0.0,0.393,Ruck
2024,Logan Evans,13,Port Adelaide,18.956,4.318,13.15,6.968,0.491,0.196,2.355,4.318,3.337,2.061,0.491,0.098,0.0,0.196,0.098,0.784,Rebounding defender
2024,Logan McDonald,26,Sydney,22.485,4.382,8.159,5.967,0.979,2.098,2.145,0.746,2.005,1.492,0.186,0.606,0.14,1.725,0.0,0.719,Key forward
2024,Logan Morris,19,Brisbane Lions,19.386,5.977,7.108,5.331,1.292,2.262,2.342,0.162,1.131,0.969,0.162,0.646,0.0,1.939,0.162,0.729,Key forward
2024,Luke Breust,19,Hawthorn,33.841,5.982,9.932,4.515,0.339,2.144,3.612,0.0,0.903,2.822,0.564,0.79,0.0,2.37,0.226,0.627,Small forward
2024,Luke Davies-Uniacke,23,North Melbourne,25.211,14.444,18.218,4.278,0.05,0.201,6.14,1.812,1.057,4.479,7.348,0.654,0.0,0.554,0.805,0.495,Inside midfielder
2024,Luke Edwards,12,West Coast,22.454,4.13,12.265,4.881,0.0,0.25,2.378,1.126,0.626,2.879,1.252,0.626,0.0,0.25,0.125,0.554,Pressure / role player
2024,Luke Jackson,23,Fremantle,22.906,10.731,9.416,3.209,1.052,1.157,2.42,0.631,1.946,3.787,3.63,0.368,19.726,1.105,0.105,0.352,Ruck
2024,Luke McDonald,22,North Melbourne,29.539,4.334,11.739,5.76,0.549,0.0,1.81,3.346,4.279,2.798,0.329,0.055,0.0,0.0,0.055,0.683,Key defender
2024,Luke Nankervis,20,Adelaide,21.249,6.563,14.945,6.498,0.455,0.13,2.209,2.339,3.184,2.339,0.715,0.325,0.0,0.065,0.26,0.562,Outside midfielder
2024,Luke Parker,10,Sydney,31.928,9.203,10.165,4.396,0.412,1.511,2.198,0.549,1.236,3.159,3.434,0.412,0.0,1.923,0.0,0.574,Small forward
2024,Luke Ryan,23,Fremantle,28.55,4.43,15.269,9.331,0.424,0.0,1.084,8.011,4.43,2.215,0.33,0.141,0.0,0.0,0.141,0.835,Rebounding defender
2024,Mabior Chol,23,Hawthorn,27.624,5.277,6.069,4.485,1.055,2.322,2.639,0.053,1.583,3.272,0.792,0.844,2.058,1.953,0.211,0.785,Key forward
2024,Mac Andrew,20,Gold Coast,20.723,5.371,10.917,6.888,0.876,0.525,2.102,3.269,4.67,1.926,0.701,0.058,2.16,0.525,0.117,0.696,Key defender
2024,Marc Pittonet,14,Carlton,28.263,14.4,4.7,2.1,0.8,0.1,1.8,1.2,4.3,2.1,7.9,0.3,35.6,0.5,0.0,0.5,Ruck
2024,Marcus Bontempelli,24,Western Bulldogs,28.786,16.267,16.118,4.79,0.898,1.098,6.637,1.747,4.491,6.487,7.735,1.297,0.0,1.597,0.2,0.524,Inside midfielder
2024,Marcus Windhager,15,St Kilda,21.142,11.281,12.807,3.053,0.085,0.17,2.629,1.866,0.933,6.531,4.326,0.339,0.0,0.0,0.085,0.498,Pressure / role player
2024,Mark Blicavs,24,Geelong,33.485,8.35,8.856,3.897,0.607,0.709,2.733,1.316,3.492,4.352,2.935,0.253,11.64,0.253,0.051,0.475,Ruck
2024,Mark Keane,21,Adelaide,24.419,5.527,9.007,5.783,0.768,0.154,0.665,4.862,6.141,1.126,0.205,0.051,0.0,0.0,0.205,0.765,Key defender
2024,Mark OConnor,13,Geelong,27.449,7.754,9.692,5.701,0.912,0.342,2.281,1.482,2.395,4.561,2.052,0.228,0.0,0.228,0.0,0.561,Pressure / role player
2024,Marlion Pickett,13,Richmond,32.632,7.913,11.869,4.748,0.198,0.692,3.264,2.077,1.682,3.363,1.286,0.593,0.099,0.396,0.297,0.5,Pressure / role player
2024,Mason Cox,16,Collingwood,33.444,8.209,3.825,4.291,2.239,1.306,1.493,0.653,3.265,2.799,2.239,0.28,22.108,0.56,0.0,0.575,Ruck
2024,Mason Redman,21,Essendon,26.997,4.725,18.252,7.501,0.591,0.059,3.367,5.611,2.599,2.067,0.413,0.236,0.0,0.118,1.477,0.765,Rebounding defender
2024,Mason Wood,18,St Kilda,30.95,6.15,15.842,8.89,0.936,1.337,3.342,1.337,2.273,2.34,0.802,0.668,0.0,1.07,0.134,0.652,Outside midfielder
2024,Massimo DAmbrosio,24,Hawthorn,21.274,8.415,19.001,6.515,0.163,0.271,3.04,3.149,1.52,2.66,1.9,0.271,0.0,0.38,0.163,0.59,Outside midfielder
2024,Matt Crouch,15,Adelaide,29.342,17.554,23.623,5.789,0.28,0.0,3.922,2.148,0.56,7.376,8.31,0.56,0.0,0.0,0.187,0.345,Inside midfielder
2024,Matt Guelfi,13,Essendon,27.027,7.396,7.903,3.242,0.507,1.418,1.824,0.203,1.824,4.661,1.317,1.216,0.0,1.52,0.0,0.484,Small forward
2024,Matt Roberts,23,Sydney,21.162,5.276,16.367,7.794,0.18,0.0,2.878,4.017,2.278,3.058,1.199,0.42,0.0,0.12,1.199,0.704,Rebounding defender
2024,Matt Rowell,23,Gold Coast,23.148,17.303,11.822,1.72,0.054,0.0,4.729,1.881,1.128,9.887,8.759,0.645,0.0,0.43,0.269,0.454,Inside midfielder
2024,Mattaes Phillipou,13,St Kilda,19.663,7.464,11.861,3.885,0.204,0.716,3.579,0.818,0.511,4.908,2.863,0.511,0.0,0.818,0.102,0.572,Pressure / role player
2024,Matthew Cottrell,14,Carlton,24.43,4.366,8.305,3.853,0.428,0.771,2.825,1.113,1.027,2.312,0.599,0.257,0.0,0.771,0.0,0.658,Pressure / role player
2024,Matthew Johnson,19,Fremantle,21.444,7.277,16.98,5.321,0.156,0.391,3.834,2.191,1.095,4.538,2.973,0.626,0.0,0.235,0.391,0.503,Outside midfielder
2024,Matthew Kennedy,24,Carlton,27.422,9.696,14.778,6.133,0.409,0.935,4.673,1.402,1.402,4.731,2.979,0.467,0.701,0.935,0.0,0.578,Outside midfielder
2024,Matthew Owies,23,Carlton,27.435,4.832,7.401,4.098,0.306,1.59,2.263,0.122,1.346,3.18,0.061,0.917,0.0,2.018,0.122,0.668,Small forward
2024,Maurice Rioli,9,Richmond,21.98,6.161,8.373,3.002,0.474,1.264,1.896,0.632,1.896,4.581,0.158,0.474,0.0,1.264,0.316,0.612,Small forward
2024,Max Gawn,21,Melbourne,32.649,14.157,8.596,6.18,2.36,0.787,2.865,2.865,3.202,3.034,5.899,0.225,40.056,0.618,0.0,0.586,Ruck
2024,Max Holmes,25,Geelong,22.063,10.382,19.644,7.125,0.254,0.356,5.242,4.326,1.527,3.766,4.224,0.611,0.0,0.662,3.053,0.618,Outside midfielder
2024,Max King,12,St Kilda,23.983,5.899,6.383,4.836,1.741,2.031,2.901,0.0,0.677,0.774,0.097,0.677,0.0,1.838,0.0,0.672,Key forward
2024,Max Michalanney,23,Adelaide,20.493,4.559,12.614,6.18,0.557,0.0,1.773,3.546,2.584,3.394,0.709,0.152,0.0,0.0,0.253,0.62,Rebounding defender
2024,Michael Frederick,20,Fremantle,24.274,4.719,10.487,5.243,0.599,1.873,2.846,0.075,0.749,2.247,0.524,0.824,0.0,1.723,0.225,0.656,Small forward
2024,Michael Walters,17,Fremantle,33.632,3.996,9.325,3.819,0.178,1.599,1.599,0.178,0.71,2.753,0.533,0.444,0.0,1.51,0.533,0.604,Small forward
2024,Miles Bergman,26,Port Adelaide,22.925,6.048,12.506,7.685,0.819,0.182,3.229,3.638,2.274,3.365,0.682,0.0,0.0,0.182,0.364,0.686,Rebounding defender
2024,Mitch Duncan,22,Geelong,33.282,4.819,17.945,7.863,0.127,0.317,2.536,4.883,1.966,2.663,1.078,0.571,0.0,0.19,0.634,0.676,Rebounding defender
2024,Mitch Georgiades,20,Port Adelaide,22.98,4.988,8.805,6.589,1.293,3.571,2.586,0.062,1.663,2.032,0.185,0.493,0.0,2.709,0.308,0.654,Key forward
2024,Mitch Hinge,22,Adelaide,26.162,7.987,15.086,5.935,0.222,0.055,2.44,6.212,3.05,3.05,1.553,0.333,0.0,0.111,0.111,0.654,Rebounding defender
2024,Mitch McGovern,18,Carlton,29.909,5.543,11.233,6.2,0.875,0.073,2.553,7.075,3.428,2.115,0.948,0.292,0.0,0.219,0.0,0.819,Rebounding defender
2024,Mitch Owens,23,St Kilda,20.92,7.911,7.446,3.826,0.931,1.189,2.172,0.517,2.327,3.206,1.034,0.827,0.62,1.034,0.103,0.569,Small forward
2024,Mykelti Lefau,10,Richmond,25.945,4.459,5.605,3.949,0.127,2.293,2.038,0.127,3.567,2.42,0.637,0.892,1.911,1.783,0.127,0.625,Small forward
2024,Nasiah Wanganeen-Milera,22,St Kilda,21.507,6.527,19.912,8.075,0.221,0.221,2.876,6.305,2.489,2.102,1.162,0.166,0.0,0.055,2.378,0.772,Rebounding defender
2024,Nat Fyfe,22,Fremantle,32.936,13.17,15.429,3.422,0.323,0.581,2.97,1.356,1.937,3.292,6.327,0.452,0.0,0.323,0.258,0.326,Inside midfielder
2024,Nate Caddy,10,Essendon,19.112,5.99,7.292,5.208,1.302,1.302,3.646,0.13,0.781,1.823,0.0,0.651,0.0,1.172,0.651,0.661,Small forward
2024,Nathan Broad,22,Richmond,31.359,3.551,11.365,7.052,0.558,0.0,0.812,3.501,4.11,1.624,0.203,0.0,0.0,0.051,0.203,0.683,Key defender
2024,Ned McHenry,10,Adelaide,23.901,5.812,11.795,5.641,0.171,0.513,1.197,1.368,1.197,3.419,0.684,0.513,0.0,0.684,0.0,0.602,Pressure / role player
2024,Ned Moyle,8,Gold Coast,22.446,13.162,4.655,3.371,1.766,0.0,3.852,1.124,4.334,3.692,5.457,0.161,36.437,0.161,0.0,0.472,Ruck
2024,Nic Martin,23,Essendon,23.392,6.37,21.402,7.012,0.229,0.458,3.666,3.941,1.696,2.475,1.329,0.596,0.0,0.687,0.871,0.643,Outside midfielder
2024,Nic Newman,24,Carlton,31.646,5.728,17.981,9.108,0.563,0.047,3.146,5.305,2.629,4.319,1.033,0.704,0.0,0.047,0.376,0.73,Rebounding defender
2024,Nick Blakey,26,Sydney,24.586,5.027,14.991,7.038,0.411,0.137,2.925,6.947,6.49,1.417,0.32,0.457,0.0,0.229,2.239,0.761,Rebounding defender
2024,Nick Coffield,8,Western Bulldogs,24.802,3.148,11.667,6.296,0.37,0.0,1.111,3.148,2.037,1.111,0.0,0.37,0.0,0.0,0.0,0.734,Key defender
2024,Nick Daicos,23,Collingwood,21.638,16.3,19.162,3.475,0.0,0.358,6.49,2.248,0.92,4.446,8.993,0.92,0.0,1.022,1.073,0.54,Inside midfielder
2024,Nick Haynes,8,Greater Western Sydney,32.271,4.592,18.537,9.354,0.51,0.17,2.211,5.782,3.571,1.871,0.85,0.17,0.0,0.0,0.17,0.73,Rebounding defender
2024,Nick Hind,15,Essendon,29.901,6.994,13.374,4.54,0.0,0.368,5.153,1.104,1.472,3.558,1.227,0.859,0.0,0.736,1.718,0.747,Outside midfielder
2024,Nick Holman,21,Gold Coast,29.238,5.706,8.176,2.471,0.118,0.235,2.529,0.647,1.176,4.647,0.765,0.412,0.0,0.588,0.176,0.462,Pressure / role player
2024,Nick Larkey,23,North Melbourne,26.216,4.464,6.213,4.556,0.92,2.301,1.381,0.046,1.519,1.058,0.276,0.322,1.565,2.117,0.046,0.662,Key forward
2024,Nick Murray,9,Adelaide,23.684,4.728,7.88,5.444,0.86,0.0,1.862,3.725,8.309,2.006,0.287,0.0,0.0,0.0,0.0,0.701,Key defender
2024,Nick Vlastuin,22,Richmond,30.348,6.653,12.334,7.625,0.972,0.0,1.075,6.858,2.661,2.508,0.358,0.0,0.0,0.0,0.256,0.727,Rebounding defender
2024,Nick Watson,18,Hawthorn,19.553,6.868,7.925,4.151,0.226,1.736,2.943,0.075,1.057,3.396,1.057,0.981,0.0,1.887,0.528,0.605,Small forward
2024,Nik Cox,20,Essendon,22.569,6.103,10.957,4.854,0.624,0.555,1.318,2.08,2.427,3.467,1.179,0.208,0.763,0.555,0.208,0.527,Pressure / role player
2024,Noah Anderson,23,Gold Coast,23.517,12.513,20.989,5.499,0.0,0.151,7.013,3.128,1.06,3.582,6.559,0.757,0.0,0.656,0.858,0.544,Inside midfielder
2024,Noah Answerth,16,Brisbane Lions,25.145,6.233,11.042,4.809,0.089,0.0,2.048,2.939,2.404,5.788,1.425,0.178,0.0,0.0,0.0,0.622,Pressure / role player
2024,Noah Balta,19,Richmond,24.838,5.071,8.967,6.988,1.484,0.804,2.226,2.845,3.958,1.299,0.557,0.309,1.732,0.742,0.186,0.782,Key defender
2024,Oisin Mullin,12,Geelong,24.611,6.109,7.24,2.602,0.0,0.113,1.584,1.697,2.262,3.62,0.792,0.0,0.0,0.0,0.339,0.5,Pressure / role player
2024,Oleg Markov,12,Collingwood,28.2,4.105,8.947,4.0,0.211,0.0,1.684,1.263,2.0,3.368,0.526,0.105,0.0,0.105,0.421,0.504,Pressure / role player
2024,Oliver Dempsey,25,Geelong,21.706,7.604,11.751,5.023,0.599,0.968,2.627,0.922,1.152,2.811,1.382,1.106,0.0,1.014,0.691,0.53,Small forward
2024,Oliver Florent,26,Sydney,26.186,7.21,14.826,5.813,0.135,0.09,2.794,4.461,1.983,2.343,1.848,0.135,0.0,0.315,0.586,0.637,Rebounding defender
2024,Oliver Henry,23,Geelong,22.148,5.607,5.607,3.848,0.825,2.529,2.364,0.0,1.704,1.704,0.22,0.825,0.0,2.034,0.0,0.647,Key forward
2024,Oliver Hollands,23,Carlton,20.643,4.169,13.028,4.534,0.0,0.261,2.084,1.668,1.407,4.117,0.99,0.365,0.0,0.261,0.0,0.63,Pressure / role player
2024,Ollie Wines,25,Port Adelaide,29.956,16.429,16.828,5.876,0.285,0.57,4.335,1.711,1.597,6.788,7.074,0.399,0.513,0.399,0.057,0.427,Inside midfielder
2024,Orazio Fantasia,15,Carlton,28.983,5.556,7.585,3.098,0.214,0.855,2.137,0.748,1.282,2.35,0.321,1.282,0.0,0.962,0.321,0.535,Small forward
2024,Oscar Allen,11,West Coast,25.433,4.316,6.842,5.474,1.263,2.947,0.737,0.316,1.368,1.368,0.105,0.421,0.0,2.105,0.0,0.743,Key forward
2024,Oscar McInerney,25,Brisbane Lions,30.2,12.402,3.986,2.362,1.083,0.591,3.297,1.526,4.429,3.888,6.447,0.541,39.813,0.443,0.0,0.552,Ruck
2024,Paddy Dow,10,St Kilda,24.86,11.924,14.308,3.975,0.0,0.636,5.246,1.113,0.795,5.564,5.882,0.318,0.0,0.477,0.159,0.451,Inside midfielder
2024,Patrick Cripps,24,Carlton,29.474,18.857,15.998,3.159,0.351,0.401,5.767,1.204,1.254,6.469,9.679,0.652,1.003,0.853,0.15,0.384,Inside midfielder
2024,Patrick Dangerfield,16,Geelong,34.463,15.181,12.621,4.766,0.971,0.883,9.003,1.059,1.942,5.56,7.326,0.883,0.088,0.706,0.177,0.606,Inside midfielder
2024,Patrick Lipinski,23,Collingwood,26.101,8.019,13.617,3.983,0.054,0.592,2.853,1.238,0.969,3.821,2.207,0.646,0.0,0.969,0.054,0.459,Pressure / role player
2024,Paul Curtis,23,North Melbourne,21.474,6.58,7.667,4.459,0.598,1.523,2.447,0.109,1.196,3.698,0.326,0.761,0.0,1.631,0.0,0.604,Small forward
2024,Peter Wright,14,Essendon,27.884,6.025,8.993,5.396,1.259,2.068,2.248,0.45,3.687,1.709,0.989,0.45,10.701,1.709,0.0,0.576,Key forward
2024,Quinton Narkle,13,Port Adelaide,26.799,4.341,11.254,6.592,0.161,1.768,3.055,0.643,0.965,2.251,0.643,0.322,0.0,0.643,0.0,0.787,Small forward
2024,Reef McInnes,9,Collingwood,21.605,6.339,4.499,3.272,1.022,2.249,0.818,0.204,1.84,2.249,0.0,0.204,0.0,2.658,0.0,0.585,Key forward
2024,Reilly OBrien,21,Adelaide,29.011,6.948,5.503,2.724,0.723,0.222,1.779,0.889,6.226,4.28,3.724,0.389,49.917,0.111,0.0,0.545,Ruck
2024,Reuben Ginbey,23,West Coast,19.956,8.21,10.858,3.284,0.318,0.106,2.595,1.854,2.013,4.396,2.489,0.265,0.0,0.053,0.794,0.482,Pressure / role player
2024,Rhyan Mansell,21,Richmond,24.222,5.617,7.654,3.704,0.309,0.926,3.765,0.309,1.667,4.074,0.432,0.617,0.0,1.296,0.185,0.714,Small forward
2024,Rhylee West,21,Western Bulldogs,24.101,7.086,8.919,3.726,0.122,1.161,3.665,0.305,1.588,4.093,1.527,0.916,0.0,1.527,0.122,0.587,Small forward
2024,Rhys Stanley,14,Geelong,33.808,7.049,6.391,3.195,0.846,0.376,2.914,1.504,4.323,3.102,3.289,0.376,35.15,0.376,0.0,0.61,Ruck
2024,Riley Bonner,19,St Kilda,27.411,3.886,19.917,7.287,0.069,0.069,2.776,5.205,1.804,1.735,0.763,0.416,0.0,0.069,0.763,0.768,Rebounding defender
2024,Riley Garcia,12,Western Bulldogs,23.531,9.45,13.278,2.033,0.0,0.12,3.469,0.718,1.196,5.263,3.11,0.478,0.0,0.598,0.359,0.476,Pressure / role player
2024,Robbie Fox,18,Sydney,31.452,5.073,10.3,4.996,0.154,0.307,1.768,1.076,3.459,3.075,0.461,0.384,0.0,0.384,0.154,0.571,Pressure / role player
2024,Rory Laird,23,Adelaide,30.654,14.286,21.739,4.687,0.169,0.113,3.953,2.654,1.412,7.453,6.437,0.565,0.0,0.113,0.113,0.427,Inside midfielder
2024,Rory Lobb,16,Western Bulldogs,31.575,6.671,7.428,5.983,1.926,0.206,2.063,2.063,3.508,2.27,0.688,0.138,3.232,0.344,0.0,0.622,Key defender
2024,Rowan Marshall,23,St Kilda,28.753,12.096,11.2,6.67,1.145,0.896,4.828,1.244,2.638,4.928,6.57,0.249,30.264,0.747,0.05,0.715,Ruck
2024,Ryan Burton,15,Port Adelaide,27.638,3.981,12.998,5.361,0.244,0.0,3.006,5.037,2.031,1.868,0.812,0.325,0.0,0.244,0.081,0.772,Rebounding defender
2024,Ryan Byrnes,15,St Kilda,23.312,5.537,15.077,5.877,0.341,0.256,3.152,1.363,0.767,2.981,1.278,0.511,0.0,0.085,0.0,0.656,Outside midfielder
2024,Ryan Lester,27,Brisbane Lions,32.09,4.828,11.831,7.612,0.696,0.043,1.696,2.958,3.61,2.088,0.478,0.087,0.0,0.0,0.087,0.745,Key defender
2024,Ryan Maric,19,West Coast,19.966,5.191,9.813,4.866,0.649,0.73,2.433,1.135,0.892,1.946,1.054,0.568,0.0,0.568,0.0,0.578,Pressure / role player
2024,Ryley Sanders,14,Western Bulldogs,19.496,8.099,16.631,3.564,0.108,0.216,2.268,1.296,0.54,7.019,3.672,0.648,0.0,0.0,0.216,0.39,Pressure / role player
2024,Sam Banks,15,Richmond,21.394,5.895,12.969,3.751,0.107,0.0,3.323,2.144,0.857,2.358,2.036,0.429,0.0,0.107,0.107,0.617,Outside midfielder
2024,Sam Berry,18,Adelaide,22.531,13.479,12.587,2.577,0.198,0.0,4.361,1.784,0.396,9.019,6.442,0.496,0.0,0.396,0.396,0.496,Inside midfielder
2024,Sam Clohesy,20,Gold Coast,21.701,5.815,13.446,5.027,0.182,0.061,3.574,2.604,1.454,2.847,1.393,0.424,0.0,0.363,0.666,0.632,Outside midfielder
2024,Sam Collins,23,Gold Coast,30.192,6.715,6.489,5.453,1.172,0.045,0.721,3.019,8.923,1.622,0.315,0.0,0.0,0.0,0.0,0.576,Key defender
2024,Sam Darcy,21,Western Bulldogs,21.134,10.449,6.218,6.538,2.949,2.949,2.756,0.513,2.115,3.846,2.051,0.385,9.295,2.436,0.064,0.62,Key forward
2024,Sam De Koning,19,Geelong,23.435,7.812,9.25,4.0,0.875,0.0,1.562,2.188,6.25,1.625,1.562,0.125,6.438,0.188,0.0,0.444,Key defender
2024,Sam Draper,16,Essendon,25.906,8.914,4.376,3.971,1.702,0.648,4.133,1.053,4.052,2.512,4.538,0.567,24.797,0.891,0.081,0.682,Ruck
2024,Sam Durham,22,Essendon,23.126,11.811,17.323,5.33,0.424,0.303,5.996,1.635,1.817,5.875,5.512,0.606,0.0,0.606,0.606,0.5,Inside midfielder
2024,Sam Flanders,22,Gold Coast,23.085,11.05,24.299,6.707,0.0,0.11,4.508,3.628,0.88,2.749,4.398,0.825,0.0,0.605,0.495,0.559,Outside midfielder
2024,Sam Frost,24,Hawthorn,31.025,3.966,5.388,3.448,0.474,0.0,0.431,1.681,3.966,1.638,0.216,0.0,0.086,0.0,0.086,0.564,Key defender
2024,Sam Sturt,13,Fremantle,24.287,4.885,8.076,3.888,0.299,1.496,1.795,0.199,0.598,1.994,0.499,0.698,0.0,2.094,0.399,0.54,Small forward
2024,Sam Switkowski,20,Fremantle,27.764,7.497,11.245,4.003,0.318,0.572,4.447,0.318,1.271,6.417,1.97,0.953,0.0,0.762,0.0,0.45,Pressure / role player
2024,Sam Taylor,18,Greater Western Sydney,25.361,6.845,5.893,5.06,1.905,0.0,0.298,2.56,6.607,2.024,0.06,0.0,0.0,0.0,0.298,0.482,Key defender
2024,Sam Walsh,20,Carlton,24.183,13.735,21.193,3.729,0.0,0.062,6.091,1.74,0.87,8.39,6.215,0.622,0.0,0.311,0.373,0.472,Inside midfielder
2024,Sam Wicks,16,Sydney,24.887,6.535,7.073,2.596,0.448,0.627,2.507,0.179,1.343,2.865,0.627,0.985,0.0,0.895,0.09,0.471,Pressure / role player
2024,Samson Ryan,8,Richmond,23.674,4.052,5.709,3.499,0.552,0.737,1.657,0.552,4.052,1.289,2.026,0.368,11.602,0.552,0.0,0.596,Ruck
2024,Scott Pendlebury,20,Collingwood,36.627,11.331,15.904,4.232,0.068,0.205,3.823,2.184,1.433,5.392,5.666,0.819,0.0,0.478,0.137,0.531,Inside midfielder
2024,Seamus Mitchell,10,Hawthorn,22.008,3.694,7.784,3.43,0.66,0.0,0.923,1.451,1.979,2.375,0.264,0.132,0.0,0.0,0.264,0.558,Key defender
2024,Sean Darcy,12,Fremantle,26.145,12.441,5.751,2.23,1.056,0.469,3.169,0.822,2.934,4.225,6.808,0.587,43.897,0.704,0.0,0.423,Ruck
2024,Sebastian Ross,13,St Kilda,31.104,7.966,15.608,4.09,0.0,0.215,3.014,1.938,1.938,5.597,3.552,0.538,0.0,0.323,0.323,0.572,Outside midfielder
2024,Seth Campbell,21,Richmond,19.654,5.216,9.01,3.616,0.059,0.415,3.379,0.593,1.186,2.667,0.889,0.474,0.0,0.593,0.711,0.634,Pressure / role player
2024,Shadeau Brain,9,Brisbane Lions,20.509,7.885,9.423,5.962,0.962,0.0,0.769,2.308,3.077,0.962,0.962,0.385,0.0,0.0,0.0,0.584,Key defender
2024,Shai Bolton,22,Richmond,25.712,8.159,11.82,4.341,0.523,1.726,4.393,0.418,1.569,2.981,3.556,0.575,0.0,1.778,2.354,0.591,Small forward
2024,Shannon Neale,15,Geelong,22.159,5.779,6.114,5.109,1.256,2.596,1.591,0.168,1.926,2.596,0.586,0.503,4.523,1.926,0.0,0.647,Key forward
2024,Shaun Mannagh,12,Geelong,27.126,8.742,11.087,2.559,0.107,0.853,4.691,1.066,1.173,5.757,3.518,0.959,0.0,1.599,0.64,0.728,Small forward
2024,Steele Sidebottom,22,Collingwood,33.641,7.116,13.693,4.852,0.216,0.27,2.642,3.558,2.102,3.72,1.995,0.485,0.0,0.216,0.27,0.67,Outside midfielder
2024,Stephen Coniglio,15,Greater Western Sydney,30.75,9.855,18.083,2.532,0.09,0.362,4.882,1.899,1.085,4.521,5.425,1.718,0.0,0.362,0.542,0.535,Inside midfielder
2024,Steven May,19,Melbourne,32.561,4.467,10.959,7.862,1.191,0.0,0.953,6.492,7.028,1.072,0.06,0.179,0.0,0.06,0.238,0.85,Key defender
2024,Taj Woewodin,16,Melbourne,21.411,4.218,12.245,5.578,0.136,0.272,2.585,1.633,1.361,3.401,1.224,0.0,0.0,0.136,0.0,0.585,Outside midfielder
2024,Tanner Bruhn,17,Geelong,22.32,12.993,15.399,3.754,0.0,0.289,5.101,2.214,1.347,6.93,8.373,0.77,0.0,0.481,0.385,0.562,Inside midfielder
2024,Taylor Adams,19,Sydney,30.928,11.406,14.922,4.453,0.078,0.469,3.672,1.016,1.406,5.312,3.828,0.625,0.0,0.703,0.0,0.488,Inside midfielder
2024,Taylor Duryea,22,Western Bulldogs,33.37,4.308,13.326,6.376,0.287,0.115,2.412,2.298,2.585,2.814,0.402,0.057,0.0,0.0,0.172,0.61,Outside midfielder
2024,Taylor Walker,18,Adelaide,34.331,4.932,8.378,6.757,1.757,3.041,2.973,0.0,1.419,1.689,0.473,1.081,1.081,1.959,0.068,0.745,Key forward
2024,Thomson Dow,17,Richmond,22.821,11.31,11.905,3.061,0.17,0.255,2.126,1.871,1.19,3.316,4.932,0.595,0.0,0.0,0.0,0.335,Pressure / role player
2024,Tim English,23,Western Bulldogs,27.074,8.119,11.922,7.091,1.387,1.131,3.032,1.285,4.368,4.471,3.392,0.514,31.963,0.719,0.308,0.538,Ruck
2024,Tim Kelly,20,West Coast,30.079,13.787,15.809,3.37,0.0,0.061,5.208,1.961,0.49,5.944,6.74,0.797,0.0,0.245,0.735,0.502,Inside midfielder
2024,Tim Membrey,19,St Kilda,30.249,5.491,8.85,6.331,0.969,2.067,2.907,0.0,1.68,2.067,0.194,0.711,0.388,1.938,0.065,0.679,Key forward
2024,Tim Taranto,15,Richmond,26.572,14.107,16.361,4.424,0.25,0.417,4.674,2.254,0.668,6.678,7.012,0.918,0.0,0.501,0.0,0.493,Inside midfielder
2024,Toby Bedford,23,Greater Western Sydney,24.301,4.948,9.639,2.113,0.103,0.567,2.68,0.258,1.237,7.268,1.598,0.67,0.0,0.515,0.258,0.384,Pressure / role player
2024,Toby Greene,24,Greater Western Sydney,30.972,6.825,10.124,4.627,0.458,1.283,4.81,0.183,0.641,2.657,1.512,1.237,0.0,2.016,0.092,0.702,Small forward
2024,Toby McMullin,14,Greater Western Sydney,20.088,4.732,10.461,2.864,0.249,0.374,2.117,1.245,0.872,4.732,0.996,0.249,0.0,0.747,0.125,0.516,Pressure / role player
2024,Toby Nankervis,21,Richmond,30.033,12.5,7.083,4.107,1.131,0.298,2.56,2.381,4.107,6.607,5.417,0.298,40.714,0.119,0.0,0.482,Ruck
2024,Toby Pink,15,North Melbourne,26.036,3.923,6.411,3.636,0.766,0.766,1.34,0.574,3.732,1.627,0.287,0.383,0.861,0.67,0.0,0.548,Pressure / role player
2024,Todd Goldstein,14,Essendon,36.049,7.957,6.189,2.456,0.589,0.295,2.358,0.196,3.536,2.554,4.028,0.491,33.792,0.196,0.0,0.308,Ruck
2024,Todd Marshall,19,Port Adelaide,25.934,4.018,8.78,6.771,1.042,3.646,2.902,0.223,1.786,2.158,0.074,1.042,0.372,1.562,0.0,0.786,Key forward
2024,Tom Atkins,22,Geelong,29.008,13.032,12.443,2.227,0.065,0.065,4.06,1.506,2.227,9.299,4.977,0.655,0.0,0.0,0.131,0.467,Inside midfielder
2024,Tom Barrass,18,West Coast,28.802,5.792,8.392,7.27,1.596,0.0,0.591,3.428,8.156,0.827,0.236,0.0,0.177,0.0,0.0,0.701,Key defender
2024,Tom Berry,17,Gold Coast,23.238,6.399,10.254,3.527,0.082,0.574,4.02,0.738,3.035,3.856,0.738,0.738,0.0,0.246,0.246,0.546,Pressure / role player
2024,Tom Brown,18,Richmond,21.011,5.965,9.754,4.772,0.702,0.421,1.965,2.596,2.386,1.193,0.491,0.281,0.0,0.281,0.14,0.662,Key defender
2024,Tom Cole,23,West Coast,27.241,5.842,12.48,5.204,0.319,0.106,1.381,3.93,3.133,3.771,0.743,0.053,0.0,0.0,0.319,0.618,Rebounding defender
2024,Tom De Koning,18,Carlton,25.145,13.437,8.686,4.38,1.262,0.817,4.751,1.411,3.044,4.529,6.607,0.52,26.652,0.668,0.297,0.527,Ruck
2024,Tom Emmett,13,Fremantle,22.679,4.231,6.708,3.199,0.31,0.206,2.58,0.31,0.31,2.993,0.619,0.31,0.0,0.722,0.206,0.57,Pressure / role player
2024,Tom Green,25,Greater Western Sydney,23.643,18.042,20.378,3.728,0.099,0.099,4.97,3.082,0.944,5.02,7.654,0.298,0.0,0.447,0.149,0.434,Inside midfielder
2024,Tom Hawkins,12,Geelong,35.92,5.534,5.248,3.34,1.145,2.099,1.813,0.0,1.527,1.813,0.763,0.477,5.057,1.431,0.0,0.615,Key forward
2024,Tom Liberatore,18,Western Bulldogs,32.309,17.379,13.675,3.561,0.142,0.142,5.057,2.422,1.567,7.123,9.972,0.641,0.0,0.285,0.071,0.444,Inside midfielder
2024,Tom McCartin,22,Sydney,24.747,4.771,7.534,5.324,1.155,0.0,0.804,2.813,8.086,0.603,0.151,0.0,0.0,0.0,0.0,0.668,Key defender
2024,Tom McDonald,22,Melbourne,31.931,4.831,9.287,6.191,0.891,0.094,0.844,4.409,7.176,1.735,0.094,0.0,0.0,0.141,0.047,0.728,Key defender
2024,Tom Papley,21,Sydney,28.211,7.531,11.178,4.722,0.239,1.793,4.782,0.418,1.674,1.554,2.092,0.897,0.0,2.152,0.478,0.721,Small forward
2024,Tom Powell,23,North Melbourne,22.479,9.213,16.248,4.802,0.0,0.223,3.685,1.898,0.503,5.36,5.137,0.726,0.0,0.503,0.168,0.476,Inside midfielder
2024,Tom Sparrow,21,Melbourne,24.214,7.82,13.121,4.904,0.133,0.265,3.579,2.054,1.723,5.036,3.048,0.464,0.0,0.398,0.199,0.617,Outside midfielder
2024,Tom Stewart,23,Geelong,31.52,9.67,14.142,7.826,1.062,0.112,2.739,7.099,4.416,3.801,2.236,0.168,0.0,0.056,0.224,0.723,Rebounding defender
2024,Touk Miller,18,Gold Coast,28.504,13.267,20.819,4.093,0.0,0.212,5.787,2.329,1.2,6.14,5.716,1.27,0.0,0.282,0.0,0.458,Inside midfielder
2024,Travis Boak,23,Port Adelaide,36.137,6.916,16.732,6.414,0.223,0.279,4.908,1.562,1.617,3.737,1.785,1.004,0.0,0.279,0.223,0.592,Outside midfielder
2024,Trent Rivers,23,Melbourne,23.066,8.705,17.801,6.808,0.279,0.056,4.743,4.185,2.176,3.348,3.348,0.558,0.0,0.112,0.446,0.622,Outside midfielder
2024,Tristan Xerri,23,North Melbourne,25.444,14.966,6.37,3.418,1.088,0.466,2.589,1.605,3.832,8.959,7.872,0.311,41.119,0.414,0.052,0.471,Ruck
2024,Tylar Young,9,Richmond,25.701,2.32,7.99,5.284,0.644,0.0,1.16,3.866,4.768,1.031,0.0,0.0,0.0,0.0,0.129,0.768,Key defender
2024,Tyler Brockman,10,West Coast,21.643,6.28,7.407,3.06,0.161,0.483,2.738,0.644,1.932,3.543,1.449,0.483,0.0,0.161,0.0,0.452,Pressure / role player
2024,Tyler Sonsie,14,Richmond,21.479,5.174,10.547,3.781,0.199,0.896,2.985,0.697,0.498,1.692,1.592,0.299,0.0,0.398,0.0,0.591,Pressure / role player
2024,Tyson Stengle,25,Geelong,25.925,7.404,8.475,3.312,0.633,1.461,3.507,0.049,1.072,2.825,1.559,0.925,0.0,2.241,0.633,0.663,Small forward
2024,Wil Powell,18,Gold Coast,24.997,5.217,13.579,6.488,0.401,0.067,2.408,6.288,2.876,2.809,0.334,0.401,0.0,0.134,0.535,0.663,Rebounding defender
2024,Will Ashcroft,13,Brisbane Lions,20.397,9.652,20.199,6.667,0.0,0.199,4.975,1.791,0.697,3.284,4.179,0.995,0.0,0.299,0.1,0.559,Inside midfielder
2024,Will Day,16,Hawthorn,23.203,11.023,16.49,3.792,0.176,0.265,5.026,1.587,2.381,6.526,5.026,0.441,0.0,0.265,0.97,0.472,Inside midfielder
2024,Will Graham,17,Gold Coast,19.077,7.779,11.322,2.679,0.173,0.259,3.803,0.432,0.951,7.001,2.42,0.346,0.0,0.691,0.691,0.417,Pressure / role player
2024,Will Hayward,26,Sydney,25.925,5.228,9.743,5.466,0.57,1.093,2.234,0.428,1.283,3.137,0.333,0.475,0.0,1.949,0.0,0.636,Small forward
2024,Will Hoskin-Elliott,20,Collingwood,30.975,5.352,9.459,5.6,0.747,1.618,2.302,1.556,2.302,1.618,0.436,0.871,0.0,1.058,0.187,0.776,Small forward
2024,Will Phillips,11,North Melbourne,22.257,8.3,12.385,2.899,0.0,0.132,2.503,0.659,1.318,7.246,3.294,0.527,0.0,0.264,0.132,0.377,Pressure / role player
2024,Willem Drew,26,Port Adelaide,25.972,10.707,13.528,4.446,0.191,0.191,4.732,1.482,1.816,7.6,5.019,0.526,0.0,0.191,0.048,0.563,Inside midfielder
2024,Willie Rioli,20,Port Adelaide,29.296,4.75,6.494,2.646,0.241,1.443,1.804,0.18,1.503,3.548,0.661,0.782,0.0,1.984,0.06,0.776,Small forward
2024,Xavier Duursma,15,Essendon,24.077,5.414,17.063,7.875,0.328,0.738,2.461,2.707,1.148,3.281,0.902,0.246,0.0,0.738,0.738,0.594,Outside midfielder
2024,Xavier OHalloran,19,Greater Western Sydney,24.178,6.084,10.494,3.118,0.304,0.684,4.487,1.065,1.749,3.878,1.065,0.989,0.0,0.608,0.0,0.608,Small forward
2024,Zac Bailey,22,Brisbane Lions,25.014,6.595,14.928,5.635,0.36,0.6,4.376,1.439,1.079,3.118,1.918,0.719,0.0,1.319,0.12,0.609,Outside midfielder
2024,Zac Fisher,18,North Melbourne,26.192,7.513,19.459,6.762,0.0,0.075,1.653,7.889,1.202,1.202,0.676,0.0,0.0,0.0,0.826,0.707,Rebounding defender
2024,Zac Taylor,9,Adelaide,21.564,11.461,9.438,2.921,0.0,0.899,2.247,1.348,0.674,6.292,4.494,0.0,0.0,0.899,0.0,0.494,Pressure / role player
2024,Zac Williams,19,Carlton,29.966,6.392,11.021,5.217,0.147,0.514,2.425,2.425,1.176,3.159,0.808,0.882,0.0,1.102,0.367,0.727,Small forward
2024,Zach Guthrie,25,Geelong,26.227,6.483,13.062,7.257,0.822,0.048,1.645,6.241,3.29,2.854,0.387,0.097,0.0,0.194,0.532,0.735,Rebounding defender
2024,Zach Merrett,23,Essendon,28.893,11.323,22.079,5.095,0.103,0.515,5.61,1.904,1.904,5.867,5.044,0.823,0.0,0.721,0.515,0.557,Inside midfielder
2024,Zach Tuohy,18,Geelong,34.739,6.131,10.782,3.805,0.0,0.141,2.607,4.722,1.128,1.621,1.832,0.211,0.0,0.564,0.352,0.686,Outside midfielder
2024,Zaine Cordy,8,St Kilda,27.632,2.991,6.125,3.419,0.142,0.142,0.0,2.849,7.123,1.994,0.285,0.0,0.0,0.142,0.0,0.554,Key defender
2024,Zak Butters,26,Port Adelaide,24.033,13.452,21.662,6.083,0.0,0.247,5.885,1.879,1.533,5.292,6.281,0.692,0.0,0.643,3.017,0.525,Inside midfielder
2024,Zak Jones,13,St Kilda,29.446,9.661,18.146,5.483,0.131,0.261,2.611,1.044,0.783,4.308,4.047,0.522,0.0,0.261,0.261,0.493,Outside midfielder
2024,Zane Duursma,13,North Melbourne,18.953,4.317,7.118,4.667,0.817,0.817,1.867,0.233,1.284,1.167,0.233,0.233,0.0,1.05,0.117,0.608,Key forward
2025,Aaron Cadman,24,Greater Western Sydney,21.512,5.664,7.041,5.982,1.747,2.594,2.17,0.053,2.276,2.17,0.0,0.635,0.0,2.329,0.265,0.739,Key forward
2025,Aaron Francis,10,Sydney,27.956,5.673,9.562,5.348,0.486,1.783,1.459,0.81,3.241,1.945,0.486,1.135,0.0,0.81,0.0,0.625,Small forward
2025,Aaron Naughton,23,Western Bulldogs,25.731,6.725,7.605,6.415,1.811,3.466,2.173,0.052,2.121,2.328,0.31,0.983,0.362,3.104,0.103,0.697,Key forward
2025,Adam Cerra,19,Carlton,25.794,13.814,18.261,5.458,0.067,0.135,6.267,2.224,1.55,5.997,5.997,0.539,0.0,0.337,0.0,0.553,Inside midfielder
2025,Adam Saad,21,Carlton,31.079,6.091,12.419,3.607,0.237,0.0,2.129,4.494,2.07,3.134,1.301,0.118,0.0,0.059,2.957,0.698,Rebounding defender
2025,Aidan Corr,10,North Melbourne,31.268,4.04,9.203,4.826,0.112,0.0,0.112,4.04,5.163,2.02,0.112,0.0,0.0,0.0,0.112,0.73,Key defender
2025,Alex Davies,8,Gold Coast,23.49,13.135,11.559,1.401,0.0,0.35,3.152,1.576,1.926,7.706,6.13,0.35,0.0,0.35,0.175,0.353,Inside midfielder
2025,Alex Neal-Bullen,25,Adelaide,29.674,7.742,12.623,3.797,0.099,0.542,3.353,0.789,1.085,5.079,1.331,0.838,0.0,0.838,0.049,0.571,Pressure / role player
2025,Alex Pearce,16,Fremantle,30.244,6.358,6.151,5.46,1.589,0.138,0.622,2.281,4.907,1.382,0.276,0.069,0.0,0.276,0.207,0.571,Key defender
2025,Aliir Aliir,22,Port Adelaide,30.961,5.327,7.664,6.075,1.308,0.0,0.888,3.271,5.374,1.355,0.421,0.0,0.0,0.047,0.093,0.741,Key defender
2025,Alix Tauru,10,St Kilda,18.769,4.348,6.463,5.053,1.175,0.353,0.47,1.41,6.933,1.998,0.235,0.0,0.0,0.118,0.118,0.622,Key defender
2025,Andrew Brayshaw,24,Fremantle,25.827,13.337,19.929,3.55,0.152,0.101,5.882,2.181,1.927,8.164,6.085,0.963,0.0,0.355,0.254,0.451,Inside midfielder
2025,Andrew McGrath,23,Essendon,27.235,8.657,17.574,4.199,0.156,0.0,2.333,3.733,1.659,2.903,2.022,0.259,0.0,0.052,1.607,0.43,Outside midfielder
2025,Angus Clarke,14,Essendon,19.304,4.587,13.094,5.922,0.5,0.584,2.168,2.669,1.251,1.668,0.417,0.083,0.0,0.417,0.25,0.64,Outside midfielder
2025,Angus Hastie,9,St Kilda,19.871,3.784,10.631,4.505,0.36,0.0,2.162,2.703,2.703,2.703,0.18,0.0,0.0,0.0,0.18,0.617,Key defender
2025,Angus Sheldrick,20,Sydney,21.791,13.809,14.531,3.43,0.0,0.451,5.957,1.264,0.632,6.679,5.054,0.812,0.0,0.542,0.0,0.551,Inside midfielder
2025,Anthony Caminiti,23,St Kilda,21.706,5.041,7.539,5.949,0.772,0.091,0.545,2.134,6.994,1.589,0.136,0.182,0.091,0.182,0.0,0.626,Key defender
2025,Archer Reid,14,West Coast,19.89,5.708,3.16,2.956,1.121,1.733,1.325,0.102,2.345,2.243,1.019,0.815,7.441,0.51,0.0,0.608,Key forward
2025,Archie Perkins,21,Essendon,23.422,6.951,12.0,3.869,0.656,0.787,2.557,0.918,0.262,3.148,1.902,0.459,0.0,1.115,0.197,0.522,Pressure / role player
2025,Archie Roberts,23,Essendon,19.772,6.546,20.191,6.143,0.252,0.201,2.618,4.783,1.712,2.618,1.41,0.201,0.0,0.101,0.655,0.54,Rebounding defender
2025,Ashton Moir,9,Carlton,20.35,4.776,6.119,3.881,1.045,1.94,1.194,0.0,1.045,1.493,0.448,0.448,0.0,1.493,0.0,0.627,Key forward
2025,Bailey Banfield,21,Fremantle,27.526,6.439,11.958,4.402,0.131,0.131,1.905,2.891,3.088,2.957,0.986,0.329,0.0,0.263,0.526,0.619,Outside midfielder
2025,Bailey Dale,23,Western Bulldogs,29.09,6.824,19.423,5.669,0.367,0.0,3.097,6.404,1.47,1.312,1.207,0.525,0.0,0.21,1.05,0.73,Rebounding defender
2025,Bailey Humphrey,23,Gold Coast,21.005,11.062,8.751,3.577,1.211,1.431,4.788,0.495,1.321,5.173,3.247,1.211,0.0,1.376,0.055,0.531,Small forward
2025,Bailey Scott,12,North Melbourne,25.123,3.487,13.2,5.479,0.125,0.249,3.238,1.993,0.872,2.242,0.498,0.498,0.0,0.374,0.996,0.579,Outside midfielder
2025,Bailey Smith,23,Geelong,24.805,13.128,23.692,5.805,0.0,0.157,7.741,3.243,1.255,5.962,6.851,0.994,0.0,0.418,0.418,0.631,Inside midfielder
2025,Bailey Williams,39,Western Bulldogs,27.871,6.477,12.67,5.498,0.537,0.569,2.749,2.117,1.959,2.275,1.864,0.221,7.425,0.506,0.442,0.529,Outside midfielder
2025,Bayley Fritsch,22,Melbourne,28.709,5.469,10.435,5.748,1.228,2.455,2.344,0.279,1.339,2.288,0.279,0.725,0.0,2.009,0.502,0.598,Key forward
2025,Beau McCreery,19,Collingwood,24.422,6.026,9.11,2.869,0.215,0.287,4.591,0.574,1.291,5.954,2.439,1.004,0.0,0.43,1.291,0.612,Small forward
2025,Ben Ainsworth,24,Gold Coast,27.589,4.607,12.846,4.607,0.217,1.138,3.794,0.542,0.65,2.114,0.65,1.03,0.0,1.247,0.108,0.543,Small forward
2025,Ben Hobbs,18,Essendon,21.912,8.112,12.932,3.052,0.08,0.482,2.088,1.205,0.402,5.462,2.49,0.321,0.0,0.402,0.08,0.481,Pressure / role player
2025,Ben Keays,25,Adelaide,28.55,7.303,10.797,4.256,0.134,1.21,3.315,0.627,0.762,3.763,1.389,0.627,0.0,1.613,0.0,0.597,Small forward
2025,Ben King,25,Gold Coast,25.186,5.389,3.577,3.863,1.574,3.243,1.049,0.0,1.431,0.763,0.048,0.381,0.0,3.386,0.0,0.705,Key forward
2025,Ben Long,24,Gold Coast,28.063,5.467,7.505,5.417,1.093,2.883,2.982,0.0,1.938,2.286,0.447,0.795,0.0,2.237,0.149,0.741,Key forward
2025,Ben McKay,10,Essendon,27.411,3.866,4.781,4.476,1.424,0.0,0.102,0.712,4.069,1.424,0.0,0.0,0.0,0.0,0.0,0.58,Key defender
2025,Ben Miller,23,Richmond,25.977,3.661,8.284,6.407,0.87,0.0,0.686,3.661,6.178,1.831,0.046,0.0,0.092,0.0,0.0,0.738,Key defender
2025,Billy Frampton,16,Collingwood,28.832,4.088,7.239,4.625,1.005,0.0,0.402,3.016,7.976,1.005,0.134,0.0,0.201,0.0,0.067,0.593,Key defender
2025,Blake Acres,19,Carlton,29.871,7.06,16.175,5.584,0.578,0.706,3.53,2.246,1.733,3.466,1.22,0.257,0.0,0.321,0.257,0.592,Outside midfielder
2025,Blake Hardwick,26,Hawthorn,28.619,5.512,9.647,5.082,0.775,0.689,1.12,3.618,3.015,2.627,0.345,0.129,0.0,0.474,0.301,0.679,Key defender
2025,Blake Howes,12,Melbourne,22.375,4.827,11.757,4.95,0.124,0.0,0.619,2.475,3.218,2.847,0.124,0.0,0.0,0.124,0.0,0.485,Key defender
2025,Bobby Hill,14,Collingwood,25.476,4.724,7.087,3.543,0.295,1.181,2.756,0.098,0.886,2.854,0.787,1.181,0.0,1.969,0.886,0.685,Small forward
2025,Bodhi Uwland,25,Gold Coast,22.137,5.346,11.889,6.175,0.507,0.0,1.659,4.378,5.346,2.028,0.553,0.184,0.0,0.046,0.369,0.61,Key defender
2025,Brad Close,26,Geelong,27.162,5.19,9.082,3.336,0.417,1.251,3.105,0.324,1.437,2.688,0.556,1.39,0.0,0.88,0.0,0.599,Small forward
2025,Bradley Hill,22,St Kilda,32.126,4.202,18.067,6.092,0.158,0.315,3.466,2.626,1.103,1.838,1.208,0.683,0.0,0.315,0.788,0.647,Outside midfielder
2025,Brady Hough,22,West Coast,22.468,5.745,13.008,5.312,0.217,0.108,2.276,1.843,2.06,3.902,1.68,0.325,0.0,0.163,0.271,0.485,Outside midfielder
2025,Braeden Campbell,23,Sydney,23.548,4.783,10.995,3.958,0.0,0.99,3.353,0.495,0.88,3.793,0.55,0.55,0.0,0.88,0.77,0.606,Small forward
2025,Brandon Starcevich,14,Brisbane Lions,26.178,4.377,8.944,4.853,0.285,0.0,1.047,3.616,2.759,2.379,0.285,0.285,0.0,0.095,0.0,0.731,Key defender
2025,Brandon Zerk-Thatcher,13,Port Adelaide,26.991,4.694,6.523,4.932,0.716,0.0,0.557,2.705,5.33,1.671,0.318,0.0,0.0,0.0,0.0,0.636,Key defender
2025,Brayden Fiorini,18,Gold Coast,28.06,7.728,17.675,4.301,0.134,0.269,3.562,2.218,1.882,5.108,2.352,0.403,0.0,0.538,0.067,0.523,Outside midfielder
2025,Brayden Maynard,20,Collingwood,29.0,5.905,13.651,6.032,0.444,0.063,2.286,4.952,4.762,3.175,0.508,0.19,0.0,0.317,0.635,0.729,Rebounding defender
2025,Brennan Cox,24,Fremantle,27.066,4.963,7.617,5.602,1.229,0.049,0.147,2.654,8.206,1.425,0.147,0.0,0.0,0.049,0.0,0.625,Key defender
2025,Brodie Grundy,22,Sydney,31.356,15.535,9.666,4.258,0.921,0.23,2.762,2.071,3.222,4.891,7.537,0.345,46.433,0.403,0.575,0.374,Ruck
2025,Brodie Smith,11,Adelaide,33.66,7.378,12.716,5.338,0.628,0.0,3.454,5.495,2.669,3.611,0.628,0.471,0.0,0.471,0.314,0.667,Rebounding defender
2025,Brody Mihocek,22,Collingwood,32.624,5.443,6.377,4.563,1.1,2.199,1.869,0.055,1.154,3.024,0.22,0.495,0.605,1.979,0.0,0.697,Key forward
2025,Bruce Reville,13,Brisbane Lions,24.594,4.748,12.76,5.786,0.148,0.445,2.671,2.671,1.039,2.819,1.187,1.187,0.0,0.445,0.593,0.65,Outside midfielder
2025,Buku Khamis,14,Western Bulldogs,25.26,4.505,7.346,5.387,0.784,1.273,0.588,1.273,4.016,2.644,0.392,0.196,2.351,1.273,0.098,0.573,Key forward
2025,Caiden Cleary,12,Sydney,20.452,6.613,12.281,4.049,0.135,0.27,1.619,0.945,0.945,5.263,1.889,0.405,0.0,0.135,0.135,0.364,Pressure / role player
2025,Caleb Daniel,23,North Melbourne,29.129,5.394,18.517,4.564,0.052,0.0,1.919,6.639,0.985,2.282,1.141,0.259,0.0,0.0,1.504,0.638,Rebounding defender
2025,Caleb Serong,24,Fremantle,24.572,17.361,15.554,2.057,0.151,0.1,6.724,2.258,1.405,5.72,9.885,0.702,0.0,0.351,0.351,0.504,Inside midfielder
2025,Caleb Windsor,17,Melbourne,20.17,5.045,15.964,4.218,0.083,0.0,4.301,2.481,1.902,2.399,1.241,0.496,0.0,0.165,1.075,0.632,Outside midfielder
2025,Callan Ward,12,Greater Western Sydney,35.14,6.378,15.283,5.054,0.241,0.361,2.046,2.647,0.481,1.444,2.286,0.602,0.0,0.722,0.241,0.497,Outside midfielder
2025,Callum Ah Chee,26,Brisbane Lions,27.966,5.449,11.329,6.597,0.574,1.434,2.39,0.86,1.386,2.151,0.621,0.956,0.0,1.147,0.191,0.668,Small forward
2025,Callum Brown,22,Greater Western Sydney,25.06,6.041,8.17,4.603,0.575,0.806,3.165,0.288,1.208,2.704,0.978,0.806,1.438,1.438,0.173,0.647,Small forward
2025,Callum Mills,12,Sydney,28.392,6.579,18.117,7.996,0.101,0.0,1.822,5.769,2.126,2.834,1.215,0.0,0.0,0.202,1.417,0.568,Rebounding defender
2025,Callum Wilkie,23,St Kilda,29.457,4.752,12.903,8.457,0.872,0.0,0.48,4.098,4.664,1.482,0.262,0.044,0.0,0.0,0.567,0.748,Rebounding defender
2025,Calsher Dear,9,Hawthorn,20.09,5.822,5.479,3.596,1.541,2.568,0.514,0.0,3.082,2.74,0.171,0.685,0.856,1.712,0.0,0.576,Key forward
2025,Cam Mackenzie,12,Hawthorn,21.471,10.013,15.789,3.081,0.128,0.0,5.006,1.412,1.284,6.418,4.621,0.642,0.0,0.0,0.257,0.505,Inside midfielder
2025,Cam Rayner,27,Brisbane Lions,25.934,8.007,10.911,4.004,0.704,1.1,5.147,0.44,1.276,3.564,2.64,0.616,0.0,1.584,0.088,0.588,Small forward
2025,Cameron Zurhaar,22,North Melbourne,27.238,5.973,7.793,4.835,1.024,2.105,3.185,0.228,1.251,2.673,0.512,0.796,0.0,2.162,0.284,0.724,Key forward
2025,Chad Warner,23,Sydney,24.263,11.525,15.039,4.703,0.362,0.517,6.512,1.654,0.62,4.186,5.426,0.775,0.0,1.034,2.119,0.647,Inside midfielder
2025,Changkuoth Jiath,20,Hawthorn,26.268,7.003,13.931,4.066,0.075,0.0,3.163,3.238,3.69,2.41,1.28,0.753,0.0,0.0,1.054,0.554,Outside midfielder
2025,Charlie Cameron,25,Brisbane Lions,31.23,4.532,7.882,4.384,0.493,1.724,2.512,0.148,1.133,2.709,0.493,0.788,0.0,1.576,0.148,0.754,Small forward
2025,Charlie Comben,20,North Melbourne,24.093,4.833,8.292,6.041,1.263,0.055,0.714,2.746,6.37,0.879,0.11,0.0,0.0,0.0,0.384,0.612,Key defender
2025,Charlie Curnow,18,Carlton,28.468,5.905,7.917,6.944,1.817,2.661,3.31,0.324,1.363,1.363,0.13,0.454,0.0,2.077,0.065,0.835,Key forward
2025,Charlie Spargo,10,Melbourne,25.668,6.19,9.683,3.333,0.0,0.476,3.81,0.0,0.635,4.127,1.27,0.635,0.0,0.159,0.0,0.479,Pressure / role player
2025,Christian Moraes,14,Port Adelaide,18.786,5.122,14.435,4.54,0.116,0.582,3.027,1.63,0.233,3.376,0.815,0.815,0.0,0.233,0.116,0.433,Pressure / role player
2025,Christian Petracca,23,Melbourne,29.63,13.715,16.633,4.197,0.205,0.972,6.09,0.819,0.512,3.992,5.169,1.024,0.0,0.921,0.154,0.452,Inside midfielder
2025,Christian Salem,23,Melbourne,30.104,4.995,19.266,8.97,0.357,0.102,2.243,4.485,1.07,2.599,1.019,0.51,0.0,0.051,0.204,0.706,Rebounding defender
2025,Clay Hall,13,West Coast,20.282,10.178,12.487,3.043,0.0,0.0,2.099,1.889,1.154,3.882,3.987,0.42,0.0,0.21,0.315,0.393,Pressure / role player
2025,Clayton Oliver,22,Melbourne,28.085,15.234,17.08,3.635,0.173,0.173,4.789,1.443,1.154,6.867,6.982,0.462,0.0,0.231,0.115,0.423,Inside midfielder
2025,Colby McKercher,23,North Melbourne,20.364,5.14,20.297,4.134,0.159,0.212,3.233,3.975,0.901,2.12,1.696,0.371,0.0,0.636,2.597,0.643,Outside midfielder
2025,Connor Budarick,19,Gold Coast,24.438,5.0,10.643,4.143,0.357,0.357,2.786,0.643,1.071,3.429,0.286,0.357,0.0,0.429,0.143,0.541,Pressure / role player
2025,Connor Idun,24,Greater Western Sydney,25.107,5.849,14.575,7.642,0.566,0.0,0.896,4.811,4.953,1.604,0.519,0.094,0.0,0.0,0.849,0.547,Rebounding defender
2025,Connor Macdonald,24,Hawthorn,22.682,5.788,13.947,5.292,0.11,1.323,3.804,0.551,0.772,3.969,1.103,0.882,0.0,1.213,0.11,0.608,Small forward
2025,Connor OSullivan,25,Geelong,20.359,5.252,8.767,6.25,1.128,0.0,0.998,2.431,5.512,1.997,0.043,0.13,0.043,0.0,0.13,0.57,Key defender
2025,Connor Rozee,21,Port Adelaide,25.58,8.324,19.423,5.66,0.222,0.444,4.273,5.605,1.776,4.384,3.718,0.166,0.0,0.61,0.721,0.656,Outside midfielder
2025,Conor Nash,22,Hawthorn,27.145,11.077,12.677,2.769,0.0,0.308,4.246,1.477,1.6,7.631,6.338,0.554,1.046,0.308,0.185,0.48,Inside midfielder
2025,Cooper Hynes,8,Western Bulldogs,19.367,6.103,5.869,3.052,0.704,0.704,1.408,0.235,0.704,2.113,0.235,0.704,0.0,0.939,0.0,0.42,Pressure / role player
2025,Cooper Lord,21,Carlton,20.408,8.157,15.373,4.471,0.078,0.314,4.471,1.098,0.627,6.431,2.902,0.627,0.0,0.392,0.0,0.534,Pressure / role player
2025,Cooper Sharman,21,St Kilda,25.082,5.339,8.343,6.34,1.446,2.558,2.392,0.222,2.28,1.947,0.222,0.89,0.111,1.891,0.111,0.682,Key forward
2025,Corey Durdin,16,Carlton,23.353,5.092,7.841,3.971,0.305,1.426,2.546,0.305,1.222,2.953,0.713,0.611,0.0,1.426,0.102,0.633,Small forward
2025,Corey Wagner,17,Fremantle,28.422,6.885,13.689,3.689,0.082,0.082,4.016,3.361,1.393,6.148,2.295,0.656,0.0,0.246,0.246,0.649,Outside midfielder
2025,Corey Warner,14,Sydney,21.876,4.662,10.878,3.839,0.091,0.457,3.108,1.554,1.097,2.194,1.28,0.548,0.0,0.731,0.366,0.625,Outside midfielder
2025,Dan Houston,21,Collingwood,28.359,5.63,12.943,4.353,0.174,0.174,2.786,3.366,3.076,2.844,1.045,0.29,0.0,0.406,0.0,0.65,Outside midfielder
2025,Dane Rampe,21,Sydney,35.225,3.612,12.137,5.388,0.118,0.0,1.48,4.204,3.434,2.783,0.592,0.059,0.0,0.0,0.059,0.68,Key defender
2025,Daniel Curtin,25,Adelaide,20.515,8.299,9.267,5.754,1.477,0.509,2.546,1.629,2.546,4.379,1.884,0.662,0.0,0.56,0.305,0.671,Small forward
2025,Daniel McStay,18,Collingwood,30.162,6.934,6.058,4.526,1.752,1.387,2.336,0.365,2.19,3.212,1.46,0.365,5.401,1.387,0.146,0.617,Key forward
2025,Daniel Rioli,20,Gold Coast,28.411,6.175,16.257,4.411,0.0,0.126,3.088,3.844,1.575,3.088,1.197,0.378,0.0,0.504,2.52,0.556,Outside midfielder
2025,Daniel Turner,19,Melbourne,23.564,5.484,8.872,7.209,1.54,0.431,1.356,3.019,5.114,1.479,0.308,0.123,0.0,0.431,0.0,0.733,Key defender
2025,Dante Visentini,8,Port Adelaide,22.389,7.179,4.786,2.222,0.513,1.197,0.855,0.513,3.761,3.761,4.103,0.171,29.402,0.171,0.0,0.391,Ruck
2025,Darcy Byrne-Jones,22,Port Adelaide,29.92,5.814,10.116,4.128,0.058,1.047,2.849,1.047,0.988,2.384,1.163,0.756,0.0,1.105,0.233,0.643,Small forward
2025,Darcy Cameron,25,Collingwood,30.175,12.357,8.819,6.378,1.893,0.648,2.591,1.744,2.441,3.438,5.032,0.249,35.277,0.349,0.05,0.608,Ruck
2025,Darcy Fogarty,24,Adelaide,25.964,4.361,9.28,5.832,1.116,2.079,2.637,0.101,1.572,1.318,0.254,0.963,0.0,2.079,0.0,0.691,Key forward
2025,Darcy Fort,21,Brisbane Lions,32.142,7.736,5.387,2.235,0.401,0.344,1.834,1.032,4.814,3.782,3.725,0.458,35.645,0.229,0.0,0.593,Ruck
2025,Darcy Gardiner,18,Brisbane Lions,30.014,4.386,9.503,5.702,0.292,0.219,0.95,3.289,6.36,1.827,0.073,0.365,0.146,0.439,0.0,0.663,Key defender
2025,Darcy Jones,23,Greater Western Sydney,21.427,7.611,9.725,2.431,0.159,0.37,3.805,0.687,1.057,4.123,1.586,0.74,0.0,1.004,0.899,0.519,Pressure / role player
2025,Darcy Moore,22,Collingwood,29.652,5.157,5.943,4.862,1.179,0.0,1.081,2.947,8.841,1.916,0.098,0.049,0.0,0.0,0.196,0.509,Key defender
2025,Darcy Wilmot,27,Brisbane Lions,21.739,6.715,15.277,7.21,0.135,0.0,3.29,3.38,2.569,2.524,1.397,0.135,0.0,0.27,1.037,0.679,Rebounding defender
2025,Darcy Wilson,18,St Kilda,20.016,5.45,13.147,4.292,0.136,0.409,3.202,1.499,0.817,2.793,1.158,0.477,0.0,1.022,0.068,0.579,Pressure / role player
2025,David Swallow,9,Gold Coast,32.816,7.232,7.232,3.242,0.249,0.748,2.244,0.249,1.496,4.988,1.746,0.499,0.0,0.499,0.249,0.443,Pressure / role player
2025,Dayne Zorko,27,Brisbane Lions,36.63,6.023,18.955,8.193,0.044,0.089,4.207,7.706,1.329,3.189,1.019,0.531,0.0,0.177,0.62,0.803,Rebounding defender
2025,Dion Prestia,12,Richmond,32.862,10.312,18.438,4.167,0.104,0.208,3.438,2.083,1.146,3.75,5.521,0.625,0.0,0.417,0.0,0.431,Inside midfielder
2025,Dylan Moore,26,Hawthorn,26.126,8.114,14.687,5.032,0.227,1.043,3.49,1.179,1.133,4.352,2.448,0.725,0.0,1.043,0.136,0.543,Small forward
2025,Dylan Shiel,14,Essendon,32.468,9.864,22.676,6.009,0.0,0.34,4.989,3.855,1.02,4.535,4.762,0.794,0.0,0.227,1.701,0.476,Inside midfielder
2025,Dylan Stephens,22,North Melbourne,24.621,4.992,16.489,5.777,0.0,0.168,2.468,2.468,0.953,1.458,1.346,0.505,0.0,0.337,0.561,0.535,Outside midfielder
2025,Ed Langdon,23,Melbourne,29.553,5.97,16.675,5.919,0.103,0.36,3.603,1.647,0.772,3.191,1.75,0.669,0.0,0.412,0.154,0.514,Outside midfielder
2025,Ed Richards,23,Western Bulldogs,26.142,13.319,18.34,4.07,0.159,0.529,7.77,2.22,1.85,4.44,6.924,1.85,0.0,1.163,1.48,0.595,Inside midfielder
2025,Edward Allan,13,Collingwood,21.225,6.771,13.422,3.99,0.121,0.121,1.693,1.572,0.846,3.507,1.814,0.242,0.0,0.121,0.0,0.409,Pressure / role player
2025,Elijah Hewett,20,West Coast,21.241,9.697,12.054,2.222,0.0,0.606,3.906,0.943,0.875,4.781,4.444,0.539,0.0,0.673,0.0,0.449,Pressure / role player
2025,Eric Hipwood,22,Brisbane Lions,27.92,4.862,8.197,6.049,0.791,1.979,3.505,0.452,2.148,1.809,0.283,0.565,0.396,1.413,0.057,0.732,Key forward
2025,Errol Gulden,10,Sydney,23.099,9.685,21.587,6.184,0.117,0.117,4.667,2.567,1.05,5.018,3.267,0.583,0.0,0.7,0.467,0.617,Outside midfielder
2025,Esava Ratugolea,13,Port Adelaide,26.947,5.613,6.908,6.477,1.986,0.0,0.345,3.454,7.081,1.813,0.432,0.0,0.259,0.0,0.0,0.606,Key defender
2025,Ethan Read,21,Gold Coast,20.186,5.7,5.916,4.04,1.082,2.092,1.948,0.072,2.453,2.165,0.866,0.144,6.277,1.371,0.0,0.692,Key forward
2025,Finn Callaghan,21,Greater Western Sydney,22.364,10.824,24.353,4.588,0.294,0.176,7.118,3.471,1.176,5.765,6.0,1.0,0.0,0.353,2.647,0.525,Inside midfielder
2025,Finn Maginness,13,Hawthorn,24.4,6.878,11.746,3.81,0.317,0.952,3.069,0.529,0.847,2.434,0.847,0.317,0.0,0.423,0.0,0.457,Pressure / role player
2025,Finn OSullivan,22,North Melbourne,19.233,4.604,13.195,4.941,0.281,0.168,2.134,3.088,2.358,2.021,0.618,0.056,0.0,0.056,0.112,0.571,Outside midfielder
2025,Flynn Young,8,Carlton,23.545,3.263,13.628,4.223,0.0,0.768,3.839,0.96,2.303,2.495,0.96,0.0,0.0,0.96,0.576,0.655,Outside midfielder
2025,Francis Evans,10,Carlton,23.994,6.317,8.602,4.167,0.538,1.478,3.36,0.269,0.538,4.167,1.344,1.075,0.0,1.747,0.269,0.632,Small forward
2025,George Hewett,23,Carlton,29.643,16.433,18.75,3.772,0.216,0.216,4.634,1.131,1.078,7.058,8.082,0.7,0.0,0.377,0.216,0.393,Inside midfielder
2025,George Wardlaw,13,North Melbourne,21.2,12.039,13.145,2.58,0.0,0.123,6.02,1.351,1.106,8.6,5.037,1.229,0.0,0.491,0.123,0.634,Inside midfielder
2025,Griffin Logue,16,North Melbourne,27.361,4.405,8.884,5.433,0.514,0.0,0.661,2.349,6.975,1.689,0.661,0.0,0.22,0.073,0.147,0.5,Key defender
2025,Gryan Miers,24,Geelong,26.496,6.585,20.725,6.942,0.0,0.459,4.237,2.757,0.51,3.88,1.838,1.021,0.0,0.715,0.613,0.661,Outside midfielder
2025,Hamish Davis,8,West Coast,19.309,7.534,12.1,3.653,0.0,0.228,2.055,1.142,0.685,4.566,1.37,0.0,0.0,0.228,0.0,0.459,Pressure / role player
2025,Harley Reid,19,West Coast,20.274,10.455,13.47,3.079,0.449,0.449,4.105,1.86,0.834,4.233,4.747,0.321,0.0,0.898,1.347,0.542,Inside midfielder
2025,Harris Andrews,27,Brisbane Lions,28.794,5.341,9.279,8.616,1.481,0.0,0.546,2.846,8.928,1.248,0.039,0.078,0.0,0.0,0.0,0.742,Key defender
2025,Harry Armstrong,8,Richmond,19.192,4.83,4.651,4.114,1.61,1.61,1.968,0.0,1.252,0.716,0.0,0.358,0.0,1.073,0.0,0.547,Key forward
2025,Harry Cunningham,11,Sydney,31.712,3.784,13.761,6.651,0.0,0.115,0.917,1.147,1.95,2.523,0.229,0.115,0.0,0.0,0.115,0.593,Outside midfielder
2025,Harry Edwards,16,West Coast,24.835,4.448,6.672,5.041,1.334,0.0,1.038,3.336,8.377,1.483,0.148,0.074,0.0,0.0,0.222,0.64,Key defender
2025,Harry Himmelberg,24,Greater Western Sydney,29.331,5.55,13.852,8.065,0.759,0.19,1.423,4.934,5.882,2.087,0.617,0.38,0.19,0.142,0.901,0.634,Rebounding defender
2025,Harry McKay,12,Carlton,27.657,10.359,8.103,7.692,2.667,2.974,2.564,0.41,1.231,3.179,2.564,0.41,3.077,2.256,0.0,0.645,Key forward
2025,Harry Morrison,20,Hawthorn,26.717,6.519,14.453,5.597,0.431,0.308,3.198,2.645,1.599,3.752,1.538,0.492,0.0,0.308,0.123,0.543,Outside midfielder
2025,Harry Perryman,25,Collingwood,26.753,6.356,12.562,5.065,0.298,0.199,2.929,2.979,2.234,3.227,1.092,0.149,0.0,0.199,0.149,0.645,Outside midfielder
2025,Harry Petty,19,Melbourne,25.775,5.467,6.574,5.329,1.315,1.453,2.007,0.554,3.46,2.284,0.208,0.623,1.176,1.384,0.0,0.646,Key forward
2025,Harry Rowston,10,Greater Western Sydney,21.033,5.882,14.522,5.515,0.0,0.919,4.779,1.287,0.919,4.963,1.654,1.287,0.0,0.919,0.0,0.719,Small forward
2025,Harry Sharp,18,Melbourne,22.679,3.74,9.791,3.96,0.0,0.66,2.09,0.66,1.43,2.64,0.11,0.22,0.0,0.88,0.99,0.612,Pressure / role player
2025,Harry Sheezel,23,North Melbourne,20.86,10.051,23.434,6.717,0.202,0.354,4.04,3.535,1.162,5.0,4.091,0.303,0.0,0.404,0.101,0.506,Inside midfielder
2025,Harvey Langford,22,Melbourne,19.438,8.659,14.853,4.269,0.241,0.301,4.029,2.345,1.383,1.624,2.405,0.541,0.0,0.842,0.241,0.527,Outside midfielder
2025,Harvey Thomas,18,Greater Western Sydney,20.079,4.985,11.043,4.141,0.307,0.383,2.454,0.997,1.304,3.911,1.074,0.69,0.0,0.69,0.537,0.545,Pressure / role player
2025,Hayden McLean,19,Sydney,26.589,6.095,6.591,4.819,0.921,2.481,1.984,0.354,2.764,2.268,0.921,0.638,5.103,1.772,0.0,0.599,Key forward
2025,Hayden Young,9,Fremantle,24.405,14.823,18.163,3.758,0.418,0.418,7.516,1.67,1.879,5.846,6.263,0.835,0.0,1.461,1.044,0.556,Inside midfielder
2025,Heath Chapman,23,Fremantle,23.597,4.431,11.488,5.47,0.492,0.0,2.024,3.556,3.392,2.735,0.438,0.164,0.0,0.0,0.055,0.647,Key defender
2025,Hugh Boxshall,11,St Kilda,19.12,9.914,10.489,5.029,0.575,0.431,1.58,0.862,1.58,6.178,2.011,0.575,0.0,0.287,0.0,0.432,Pressure / role player
2025,Hugh Jackson,9,Port Adelaide,22.252,5.319,11.064,2.553,0.0,0.213,3.404,0.851,1.277,3.191,2.553,0.851,0.0,0.213,0.0,0.512,Pressure / role player
2025,Hugh McCluggage,27,Brisbane Lions,27.569,14.55,19.431,5.197,0.045,0.678,6.959,1.582,1.988,5.513,7.32,1.175,0.0,0.813,0.136,0.544,Inside midfielder
2025,Hugo Garcia,17,St Kilda,20.257,9.553,13.585,2.454,0.0,0.263,4.207,1.665,0.613,8.151,5.784,0.351,0.0,0.351,0.876,0.545,Inside midfielder
2025,Hugo Ralphsmith,12,Richmond,23.652,6.212,10.02,4.108,0.1,0.1,3.407,1.503,2.505,3.006,0.902,0.401,0.0,0.601,0.802,0.571,Outside midfielder
2025,Hunter Clark,13,St Kilda,26.372,10.604,17.047,5.906,0.268,0.403,4.564,2.416,1.477,7.383,4.161,0.537,0.0,0.134,0.0,0.557,Inside midfielder
2025,Isaac Cumming,24,Adelaide,27.088,6.482,11.918,5.28,0.157,0.314,3.346,2.3,2.143,2.509,1.516,0.732,0.0,0.366,0.157,0.687,Outside midfielder
2025,Isaac Heeney,23,Sydney,29.301,13.872,13.665,4.503,0.776,1.398,4.917,1.449,1.139,4.555,6.677,0.983,0.0,1.915,0.311,0.55,Inside midfielder
2025,Isaac Kako,23,Essendon,19.474,5.926,7.261,2.403,0.16,0.587,2.67,0.16,0.641,3.097,1.228,0.427,0.0,0.801,0.694,0.494,Pressure / role player
2025,Isaac Keeler,11,St Kilda,21.337,3.81,6.905,3.095,0.595,0.952,1.19,0.833,2.381,1.548,0.357,0.357,2.381,1.19,0.0,0.593,Pressure / role player
2025,Isaac Quaynor,25,Collingwood,25.679,4.804,12.402,5.931,0.686,0.049,1.52,4.265,2.941,3.039,0.294,0.147,0.0,0.0,0.392,0.618,Rebounding defender
2025,Isaiah Dudley,16,Fremantle,22.353,3.77,8.377,3.455,0.105,1.152,2.932,0.314,1.361,3.037,0.419,1.257,0.0,1.571,0.524,0.655,Small forward
2025,Izak Rankine,22,Adelaide,25.315,13.269,11.45,4.655,0.375,0.963,5.297,0.91,1.873,4.173,5.136,1.07,0.0,1.659,1.284,0.631,Inside midfielder
2025,Jack Bowes,21,Geelong,27.668,8.014,12.979,3.83,0.284,0.496,3.333,2.979,1.418,4.184,2.482,0.78,0.0,1.135,0.78,0.628,Outside midfielder
2025,Jack Buckley,19,Greater Western Sydney,27.602,5.3,8.481,6.537,1.06,0.0,0.294,3.004,7.774,1.708,0.177,0.059,0.0,0.0,0.353,0.618,Key defender
2025,Jack Buller,9,Sydney,24.271,6.078,6.223,5.065,1.158,2.315,1.302,0.0,1.447,2.315,0.289,0.434,1.158,1.592,0.0,0.476,Key forward
2025,Jack Crisp,25,Collingwood,31.966,10.913,13.713,5.118,0.241,0.628,4.442,2.318,2.125,6.229,3.477,0.676,0.0,0.435,0.145,0.569,Inside midfielder
2025,Jack Darling,22,North Melbourne,33.194,6.995,5.027,4.044,1.585,1.148,2.022,0.492,1.694,2.623,1.366,0.71,3.005,1.311,0.0,0.647,Key forward
2025,Jack Ginnivan,25,Hawthorn,22.778,7.635,15.17,4.441,0.1,0.998,4.391,0.798,1.148,2.595,1.447,0.749,0.0,1.447,0.25,0.56,Small forward
2025,Jack Graham,18,West Coast,27.49,10.494,14.609,2.469,0.069,0.137,4.39,1.509,1.372,9.671,4.39,0.412,0.0,0.137,0.069,0.514,Inside midfielder
2025,Jack Gunston,23,Hawthorn,33.925,5.204,9.49,6.071,0.663,3.929,2.194,0.0,1.327,1.582,0.204,1.02,0.0,3.724,0.153,0.754,Key forward
2025,Jack Henry,21,Geelong,27.079,5.651,8.505,7.763,1.598,0.057,0.742,3.482,4.566,1.142,0.171,0.0,0.0,0.0,0.057,0.806,Key defender
2025,Jack Higgins,23,St Kilda,26.433,5.367,6.357,2.762,0.208,1.772,1.355,0.156,0.782,2.71,0.365,0.73,0.0,2.397,0.104,0.525,Small forward
2025,Jack Hutchinson,16,West Coast,23.706,5.689,11.699,5.288,0.08,0.321,3.125,2.003,2.083,3.926,1.603,0.321,0.0,0.08,0.321,0.577,Outside midfielder
2025,Jack Macrae,21,St Kilda,31.057,17.33,16.431,4.236,0.0,0.064,4.878,2.054,1.733,7.317,9.05,0.706,0.0,0.064,0.128,0.465,Inside midfielder
2025,Jack Martin,13,Geelong,30.66,5.843,16.866,10.359,0.531,2.258,2.523,1.992,0.664,3.453,0.664,1.195,0.0,1.594,0.797,0.641,Small forward
2025,Jack Payne,13,Brisbane Lions,25.663,3.792,9.347,6.878,0.882,0.0,0.97,3.175,7.319,1.499,0.176,0.088,0.0,0.0,0.0,0.722,Key defender
2025,Jack Ross,23,Richmond,24.969,8.918,15.715,5.329,0.218,0.272,5.22,1.196,1.033,4.84,3.752,0.87,0.0,0.218,0.544,0.427,Inside midfielder
2025,Jack Scrimshaw,16,Hawthorn,27.041,6.491,11.579,6.316,1.228,0.088,0.877,3.772,3.86,3.333,0.175,0.0,0.0,0.0,1.14,0.575,Key defender
2025,Jack Silvagni,13,Carlton,27.523,6.03,9.647,7.05,1.577,0.278,1.484,3.34,7.328,2.783,0.186,0.186,0.0,0.186,0.093,0.777,Key defender
2025,Jack Sinclair,23,St Kilda,30.528,7.187,17.635,5.607,0.102,0.255,4.23,5.505,2.09,3.109,2.294,0.612,0.0,0.459,0.815,0.721,Rebounding defender
2025,Jack Steele,21,St Kilda,29.695,12.163,15.486,5.455,0.125,0.564,4.138,1.129,1.191,11.473,6.332,0.439,0.0,0.251,0.376,0.404,Inside midfielder
2025,Jack Viney,18,Melbourne,31.359,12.981,14.904,3.228,0.137,0.137,4.396,1.236,1.648,8.379,5.082,0.549,0.0,0.275,0.069,0.462,Inside midfielder
2025,Jack Williams,13,West Coast,21.63,5.634,5.85,4.659,1.3,2.167,1.517,0.542,1.625,2.275,0.542,0.542,4.334,1.733,0.0,0.598,Key forward
2025,Jackson Mead,20,Port Adelaide,23.893,4.923,11.765,3.453,0.128,0.0,2.174,1.662,1.279,3.645,1.662,0.448,0.0,0.192,0.128,0.504,Pressure / role player
2025,Jacob Hopper,23,Richmond,28.542,14.286,19.012,4.028,0.054,0.215,4.296,1.826,0.483,3.813,6.982,0.483,0.0,0.322,0.376,0.423,Inside midfielder
2025,Jacob Konstanty,23,North Melbourne,20.786,5.795,7.469,2.447,0.129,0.901,2.189,0.258,1.417,5.087,0.773,1.03,0.0,0.708,0.258,0.543,Pressure / role player
2025,Jacob Wehr,14,Greater Western Sydney,27.137,6.54,13.08,3.586,0.0,0.105,2.004,3.692,1.793,3.481,1.688,0.105,0.0,0.316,0.0,0.599,Pressure / role player
2025,Jacob Weitering,23,Carlton,27.742,5.683,8.751,7.307,1.443,0.0,0.677,3.563,6.631,0.992,0.226,0.045,0.045,0.0,0.09,0.782,Key defender
2025,Jacob van Rooyen,16,Melbourne,22.35,7.259,7.43,3.928,1.025,1.281,2.477,0.085,2.562,3.587,1.11,0.512,5.636,1.366,0.085,0.509,Key forward
2025,Jade Gresham,19,Essendon,27.991,6.821,10.74,3.483,0.0,0.943,2.758,0.653,0.871,3.991,2.685,0.508,0.0,0.726,0.581,0.49,Pressure / role player
2025,Jaeger OMeara,14,Fremantle,31.534,10.068,14.618,3.485,0.097,0.097,3.291,1.065,1.162,4.743,4.259,0.387,0.0,0.194,0.29,0.436,Pressure / role player
2025,Jai Newcombe,26,Hawthorn,24.131,14.466,15.0,4.417,0.388,0.388,4.369,1.505,1.262,6.165,7.816,0.68,0.0,0.534,0.728,0.445,Inside midfielder
2025,Jake Bowey,23,Melbourne,22.942,7.543,17.565,6.412,0.108,0.0,2.478,4.849,1.401,3.179,2.047,0.269,0.0,0.108,0.485,0.699,Rebounding defender
2025,Jake Lever,8,Melbourne,29.356,3.973,9.315,6.164,0.411,0.0,0.274,1.918,4.11,1.781,0.137,0.137,0.0,0.0,0.0,0.562,Key defender
2025,Jake Lloyd,22,Sydney,31.923,5.156,17.188,8.177,0.0,0.625,3.229,2.5,1.406,2.448,1.25,0.417,0.0,0.365,0.365,0.628,Outside midfielder
2025,Jake Melksham,19,Melbourne,33.98,5.932,6.992,4.802,1.271,2.401,4.025,0.0,1.554,2.189,0.424,1.271,0.0,2.331,0.212,0.769,Key forward
2025,Jake Riccardi,20,Greater Western Sydney,25.83,6.823,10.945,6.041,1.137,1.635,3.412,0.426,1.706,4.478,1.99,0.995,9.95,1.635,0.0,0.606,Key forward
2025,Jake Rogers,9,Gold Coast,20.487,6.207,9.655,2.299,0.0,0.46,2.989,0.0,0.46,2.069,0.46,1.149,0.0,0.92,0.23,0.554,Small forward
2025,Jake Soligo,25,Adelaide,22.63,12.206,14.147,3.473,0.204,0.204,4.954,1.634,1.175,5.873,5.363,0.409,0.0,0.715,0.358,0.592,Inside midfielder
2025,Jake Stringer,15,Greater Western Sydney,31.367,7.421,7.236,3.711,0.464,2.597,2.505,0.278,0.649,2.134,1.206,0.835,0.0,2.319,0.0,0.679,Key forward
2025,Jake Waterman,8,West Coast,27.052,2.691,9.865,7.324,0.747,2.84,2.392,0.149,0.448,0.747,0.0,0.598,0.0,2.541,0.0,0.704,Key forward
2025,James Harmes,13,Western Bulldogs,29.726,9.219,15.076,4.338,0.434,1.085,3.471,0.868,1.302,3.688,1.844,0.217,0.0,0.976,0.434,0.46,Pressure / role player
2025,James Jordon,23,Sydney,24.674,7.672,9.864,2.401,0.052,0.522,2.923,1.044,0.939,4.436,3.392,0.313,0.0,0.522,0.104,0.467,Pressure / role player
2025,James ODonnell,22,Western Bulldogs,22.98,4.02,7.387,4.523,0.905,0.05,1.256,2.513,5.678,1.508,0.151,0.101,0.251,0.201,0.151,0.672,Key defender
2025,James Peatling,23,Adelaide,25.06,12.089,13.944,3.77,0.0,0.359,4.608,1.556,0.539,5.625,6.164,1.197,0.0,0.718,0.299,0.571,Inside midfielder
2025,James Rowbottom,23,Sydney,24.925,10.694,10.239,3.072,0.228,0.341,4.039,1.536,0.796,9.556,5.233,0.455,0.0,0.512,0.057,0.591,Inside midfielder
2025,James Sicily,23,Hawthorn,30.701,6.43,12.812,7.342,1.2,0.384,1.871,5.326,5.038,1.727,0.288,0.288,0.0,0.288,0.096,0.679,Key defender
2025,James Trezise,16,Richmond,23.189,5.681,13.345,3.697,0.09,0.271,1.894,1.984,1.533,2.435,1.443,0.18,0.0,0.271,0.451,0.44,Pressure / role player
2025,James Worpel,21,Hawthorn,26.652,14.139,15.437,2.322,0.068,0.342,5.806,2.117,1.298,7.104,6.831,0.41,0.0,0.273,0.478,0.501,Inside midfielder
2025,Jamie Cripps,21,West Coast,33.334,4.475,8.785,3.923,0.331,0.829,3.204,0.663,0.939,3.204,0.552,0.663,0.0,1.326,0.276,0.679,Small forward
2025,Jamie Elliott,25,Collingwood,33.082,4.883,9.335,6.079,0.862,3.207,2.346,0.048,1.101,2.729,0.718,0.67,0.0,2.872,0.144,0.682,Key forward
2025,Jarman Impey,24,Hawthorn,30.197,5.269,17.187,6.087,0.307,0.153,3.223,4.45,2.864,3.171,0.818,0.512,0.0,0.256,0.818,0.661,Rebounding defender
2025,Jarrod Berry,24,Brisbane Lions,27.621,8.286,18.842,7.775,0.397,0.284,4.257,4.086,1.192,4.484,2.327,0.511,0.0,0.511,0.17,0.61,Outside midfielder
2025,Jarrod Witts,24,Gold Coast,33.0,10.73,5.341,1.862,0.931,0.294,2.107,1.323,4.557,4.018,5.096,0.392,50.955,0.196,0.0,0.389,Ruck
2025,Jase Burgoyne,20,Port Adelaide,22.052,6.741,13.426,5.125,0.223,0.279,2.841,2.897,1.838,2.953,1.783,0.223,0.0,0.167,0.167,0.583,Outside midfielder
2025,Jason Horne-Francis,15,Port Adelaide,22.06,12.17,17.17,5.849,0.472,1.698,6.509,1.415,1.226,4.151,6.509,1.038,0.0,1.321,1.509,0.642,Inside midfielder
2025,Jason Johannisen,16,Western Bulldogs,32.791,4.032,16.206,5.771,0.316,0.079,2.451,4.032,1.502,1.66,0.791,0.553,0.0,0.158,0.87,0.751,Rebounding defender
2025,Jaspa Fletcher,27,Brisbane Lions,21.589,6.953,17.698,8.172,0.542,0.09,3.07,4.108,1.535,2.032,1.445,0.271,0.0,0.316,0.451,0.649,Rebounding defender
2025,Jaxon Prior,23,Essendon,24.23,4.065,12.805,5.742,0.407,0.051,1.524,4.522,3.201,1.778,0.152,0.102,0.0,0.0,0.305,0.702,Rebounding defender
2025,Jayden Hunt,15,West Coast,30.235,5.365,10.378,2.639,0.0,0.088,2.726,1.583,1.583,2.199,1.583,0.264,0.0,0.44,0.088,0.549,Pressure / role player
2025,Jayden Laverde,14,Essendon,29.375,3.619,12.982,7.632,0.393,0.0,0.629,4.17,4.957,1.967,0.236,0.0,0.0,0.0,0.079,0.644,Key defender
2025,Jayden Short,15,Richmond,29.578,3.304,19.259,8.461,0.0,0.322,3.223,4.754,1.612,1.934,0.725,0.081,0.0,0.242,0.645,0.792,Rebounding defender
2025,Jed Walter,16,Gold Coast,20.115,6.2,4.163,3.454,1.151,1.329,2.214,0.089,3.277,2.126,0.0,0.177,0.354,1.594,0.089,0.553,Key forward
2025,Jeremy Cameron,26,Geelong,32.49,4.866,10.329,6.487,1.067,3.585,2.561,0.555,0.982,1.963,0.469,0.64,0.171,3.756,0.299,0.818,Key forward
2025,Jeremy Finlayson,8,Port Adelaide,29.361,4.824,8.349,5.38,0.928,1.299,2.226,1.113,2.041,1.484,1.113,0.186,5.38,0.928,0.371,0.718,Key forward
2025,Jeremy Howe,19,Collingwood,35.227,3.958,8.403,5.486,0.764,0.0,0.764,6.458,6.042,1.597,0.278,0.139,0.0,0.0,0.208,0.811,Key defender
2025,Jeremy Sharp,14,Fremantle,23.849,3.827,10.993,3.257,0.0,0.081,1.792,1.221,0.733,1.466,1.303,0.081,0.0,0.244,0.977,0.53,Pressure / role player
2025,Jesse Hogan,16,Greater Western Sydney,30.564,5.845,5.702,5.702,2.067,3.635,0.998,0.214,1.639,1.497,0.285,0.428,0.0,3.279,0.0,0.681,Key forward
2025,Jesse Motlop,23,Carlton,21.742,5.698,8.148,2.792,0.171,0.798,2.735,0.513,0.969,4.786,1.823,0.57,0.0,0.969,0.399,0.633,Pressure / role player
2025,Jhye Clark,10,Geelong,21.181,7.975,11.043,3.067,0.0,0.204,3.067,2.863,2.045,3.681,2.863,0.204,0.0,0.204,0.0,0.615,Pressure / role player
2025,Jimmy Webster,15,St Kilda,32.019,4.429,11.249,6.289,0.0,0.0,0.62,3.632,3.1,2.126,0.266,0.266,0.0,0.0,0.177,0.625,Key defender
2025,Jobe Shanahan,9,West Coast,19.057,3.984,5.179,4.781,1.328,2.258,1.328,0.266,1.195,1.726,0.0,0.266,0.0,1.594,0.0,0.754,Key forward
2025,Joe Berry,12,Port Adelaide,19.345,4.444,9.281,3.791,0.0,0.523,3.137,0.392,0.523,3.007,0.784,0.392,0.0,0.392,0.392,0.593,Pressure / role player
2025,Joe Fonti,17,Greater Western Sydney,20.701,5.038,10.992,4.809,0.229,0.0,1.603,2.366,3.282,3.664,0.84,0.153,0.0,0.0,0.763,0.543,Outside midfielder
2025,Joe Richards,22,Port Adelaide,25.745,6.42,12.204,4.28,0.289,0.463,2.545,0.578,0.636,4.106,1.446,0.636,0.0,0.868,0.463,0.507,Pressure / role player
2025,Joel Amartey,8,Sydney,25.841,5.41,7.33,5.934,1.396,3.665,1.047,0.175,1.571,2.792,0.524,0.0,1.571,2.269,0.0,0.69,Key forward
2025,Joel Freijah,23,Western Bulldogs,19.775,8.591,15.086,4.295,0.105,0.314,3.667,1.729,2.567,3.195,3.405,0.891,0.0,0.943,0.419,0.508,Outside midfielder
2025,Joel Hamling,14,Sydney,32.293,3.667,5.167,3.0,0.5,0.333,0.667,1.25,7.167,1.583,0.083,0.25,0.083,0.25,0.25,0.538,Key defender
2025,Joel Jeffrey,25,Gold Coast,23.507,5.351,17.143,7.273,0.519,0.052,3.688,6.39,3.584,2.857,0.623,0.364,0.0,0.26,0.831,0.686,Rebounding defender
2025,John Noble,25,Gold Coast,28.471,5.476,19.26,5.812,0.096,0.048,3.41,5.716,2.161,2.69,1.201,0.384,0.0,0.144,1.585,0.69,Rebounding defender
2025,Jonty Faull,16,Richmond,19.498,5.037,4.955,3.633,1.239,1.652,2.56,0.083,2.312,1.569,0.083,0.495,0.0,0.743,0.0,0.672,Key forward
2025,Jordan Clark,24,Fremantle,24.89,7.803,16.071,5.295,0.557,0.046,3.391,5.806,2.694,3.344,1.486,0.325,0.0,0.093,0.697,0.658,Rebounding defender
2025,Jordan Dawson,25,Adelaide,28.427,11.296,15.567,5.553,1.092,0.522,7.404,1.281,1.804,8.733,5.173,0.949,0.0,0.854,0.475,0.671,Inside midfielder
2025,Jordan Ridley,10,Essendon,26.761,4.971,15.205,8.041,1.608,0.0,1.023,4.825,3.655,0.877,0.0,0.0,0.0,0.0,0.877,0.712,Rebounding defender
2025,Jordan de Goey,11,Collingwood,29.517,8.153,11.511,3.237,0.36,1.079,4.197,0.959,1.079,2.878,3.597,0.839,0.0,1.079,0.0,0.558,Small forward
2025,Jordon Butts,10,Adelaide,25.528,3.394,4.364,3.758,1.212,0.0,0.242,2.061,7.636,0.242,0.0,0.0,0.0,0.0,0.0,0.672,Key defender
2025,Jordon Sweet,19,Port Adelaide,27.55,8.008,6.214,2.306,0.192,0.32,2.114,1.602,4.42,4.356,3.652,0.192,45.356,0.256,0.0,0.432,Ruck
2025,Josh Battle,26,Hawthorn,27.049,5.239,12.141,5.655,0.582,0.0,1.497,3.742,4.241,2.037,0.208,0.125,0.333,0.0,0.707,0.617,Key defender
2025,Josh Daicos,25,Collingwood,26.816,6.99,20.503,5.732,0.233,0.14,4.194,5.778,0.606,2.656,2.004,0.419,0.0,0.14,0.513,0.63,Rebounding defender
2025,Josh Dolan,11,Western Bulldogs,18.665,4.386,8.333,2.193,0.0,0.439,1.608,0.0,0.877,1.901,0.439,0.292,0.0,0.146,0.292,0.407,Pressure / role player
2025,Josh Draper,11,Fremantle,21.356,4.586,5.257,3.02,0.224,0.0,0.447,1.902,5.145,2.125,0.447,0.112,0.671,0.0,0.112,0.558,Key defender
2025,Josh Dunkley,27,Brisbane Lions,28.715,13.085,16.457,5.621,0.495,0.495,3.957,0.944,2.878,9.802,5.845,0.225,0.0,0.315,0.0,0.48,Inside midfielder
2025,Josh Kelly,15,Greater Western Sydney,30.564,8.872,18.159,4.312,0.166,0.0,4.892,2.819,1.741,4.975,2.985,0.415,0.0,0.415,0.083,0.457,Inside midfielder
2025,Josh Rachele,14,Adelaide,22.422,5.072,10.87,4.865,0.414,1.656,2.795,0.414,1.449,2.692,1.76,1.553,0.0,2.795,0.207,0.752,Small forward
2025,Josh Sinn,20,Port Adelaide,22.605,4.167,10.692,4.953,0.157,0.0,1.336,4.874,3.381,1.965,0.472,0.079,0.0,0.0,0.236,0.751,Rebounding defender
2025,Josh Treacy,24,Fremantle,23.09,5.998,6.96,5.495,2.015,2.06,3.022,0.275,2.152,2.015,0.0,0.549,0.595,2.015,0.137,0.674,Key forward
2025,Josh Ward,25,Hawthorn,22.09,10.336,17.794,4.209,0.0,0.266,4.955,1.332,1.066,4.742,4.369,0.693,0.0,0.16,0.32,0.508,Inside midfielder
2025,Josh Weddle,18,Hawthorn,21.32,7.064,11.925,5.768,1.296,0.713,2.787,3.435,3.564,2.333,0.648,0.324,2.592,0.583,1.555,0.562,Rebounding defender
2025,Josh Worrell,25,Adelaide,24.422,7.172,13.663,6.537,0.499,0.0,1.543,6.673,4.131,1.453,0.318,0.182,0.0,0.0,0.182,0.695,Rebounding defender
2025,Judd McVee,17,Melbourne,22.041,5.201,12.674,5.568,0.22,0.0,1.172,2.344,2.784,1.099,1.172,0.147,0.0,0.0,0.806,0.631,Rebounding defender
2025,Justin McInerney,17,Sydney,24.975,9.311,17.129,6.326,0.284,0.355,4.264,1.706,1.777,2.132,3.269,0.782,0.0,0.569,0.213,0.526,Outside midfielder
2025,Jy Farrar,8,Gold Coast,28.767,4.46,8.233,5.317,1.201,2.573,1.544,0.0,1.887,3.774,0.343,0.686,0.0,1.715,0.0,0.613,Key forward
2025,Jy Simpkin,21,North Melbourne,27.468,10.229,15.987,4.751,0.279,0.727,4.639,1.789,1.23,3.745,4.416,0.615,0.0,0.671,0.559,0.578,Inside midfielder
2025,Jye Amiss,24,Fremantle,22.101,3.635,5.01,4.028,0.884,2.112,1.031,0.246,1.473,1.13,0.196,0.442,0.0,1.572,0.0,0.661,Key forward
2025,Jye Caldwell,11,Essendon,24.767,16.113,20.049,5.412,0.246,0.615,5.781,1.968,1.23,9.102,7.134,0.369,0.0,0.615,0.0,0.481,Inside midfielder
2025,Jye Menzie,10,Essendon,22.83,3.88,9.7,5.644,0.353,2.646,1.764,0.353,0.705,2.646,0.176,0.705,0.0,1.587,0.176,0.64,Key forward
2025,Kade Chandler,23,Melbourne,25.605,6.369,11.033,4.363,0.05,0.652,3.26,1.304,1.053,4.413,1.705,0.401,0.0,0.903,0.05,0.557,Pressure / role player
2025,Kai Lohmann,18,Brisbane Lions,22.394,5.696,9.019,4.272,0.396,1.345,3.56,0.158,0.87,3.877,0.791,1.028,0.0,1.582,0.475,0.612,Small forward
2025,Kaleb Smith,8,Richmond,20.586,5.93,11.452,5.93,0.409,0.0,2.045,3.885,2.045,1.431,1.022,0.0,0.0,0.0,0.204,0.652,Rebounding defender
2025,Kamdyn McIntosh,23,Richmond,31.389,6.371,13.793,4.851,0.409,0.351,2.747,2.279,2.046,3.39,1.812,0.351,0.351,0.468,0.234,0.556,Outside midfielder
2025,Kane Farrell,21,Port Adelaide,26.433,4.698,14.739,5.637,0.117,0.0,3.288,6.753,2.114,2.819,1.233,0.176,0.0,0.176,0.998,0.798,Rebounding defender
2025,Karl Amon,25,Hawthorn,30.085,4.526,19.596,5.585,0.096,0.0,4.237,6.933,1.444,2.552,1.204,0.722,0.0,0.193,1.3,0.71,Rebounding defender
2025,Karl Worner,23,Fremantle,23.225,4.176,12.81,5.305,0.451,0.056,1.185,3.555,3.442,2.765,0.451,0.056,0.0,0.0,0.226,0.566,Key defender
2025,Kieren Briggs,20,Greater Western Sydney,25.917,10.256,7.106,2.857,0.513,0.22,3.736,1.245,3.297,4.542,5.348,0.733,41.685,0.293,0.0,0.523,Ruck
2025,Koltyn Tholstrup,9,Melbourne,20.057,5.464,5.647,2.368,0.729,0.546,1.821,0.364,0.911,4.189,0.546,0.364,0.0,0.546,0.182,0.484,Pressure / role player
2025,Kyle Langford,9,Essendon,28.736,5.318,9.897,4.136,0.739,1.182,2.954,0.295,1.625,2.659,0.591,0.739,0.0,1.182,0.295,0.6,Small forward
2025,Kysaiah Pickett,20,Melbourne,24.222,9.392,14.148,3.672,0.421,1.505,5.178,0.963,1.927,4.395,3.974,0.843,0.0,2.408,1.144,0.701,Small forward
2025,Lachie Ash,24,Greater Western Sydney,24.211,6.184,21.368,7.491,0.352,0.05,3.318,7.642,2.112,2.464,1.458,0.302,0.0,0.05,3.167,0.662,Rebounding defender
2025,Lachie Fogarty,20,Carlton,26.375,6.762,8.908,3.446,0.39,1.04,2.666,0.52,1.43,4.941,0.585,0.585,0.0,0.715,0.065,0.477,Pressure / role player
2025,Lachie Jones,18,Port Adelaide,23.37,6.656,8.493,3.826,0.612,0.153,1.76,3.52,4.208,2.601,0.918,0.077,0.0,0.077,0.0,0.561,Key defender
2025,Lachie Neale,22,Brisbane Lions,32.345,14.845,17.826,4.967,0.11,0.276,5.077,1.545,1.269,4.47,7.506,0.607,0.0,0.442,0.386,0.488,Inside midfielder
2025,Lachie Schultz,16,Collingwood,27.805,6.883,11.788,6.171,0.158,2.294,2.769,0.316,1.582,6.25,1.424,1.028,0.0,1.028,0.079,0.552,Small forward
2025,Lachie Weller,19,Gold Coast,29.553,6.773,13.683,3.179,0.069,0.138,3.87,1.866,0.76,2.626,2.004,0.898,0.0,0.207,0.622,0.5,Outside midfielder
2025,Lachie Whitfield,23,Greater Western Sydney,31.137,6.685,22.818,9.006,0.166,0.055,2.818,6.851,1.381,3.204,0.994,0.276,0.0,0.0,0.663,0.668,Rebounding defender
2025,Lachlan Blakiston,11,Essendon,26.964,5.796,5.599,2.652,0.295,0.0,0.982,1.866,4.322,1.375,0.393,0.0,2.259,0.098,0.098,0.495,Key defender
2025,Lachlan Bramble,23,Western Bulldogs,27.348,4.051,15.316,5.605,0.333,0.166,2.83,3.496,1.11,2.053,0.721,0.444,0.0,0.277,0.721,0.668,Outside midfielder
2025,Lachlan Cowan,14,Carlton,20.72,5.561,15.551,7.003,0.309,0.103,2.678,4.737,3.193,3.605,0.824,0.309,0.0,0.103,0.206,0.709,Rebounding defender
2025,Lachlan McNeil,21,Western Bulldogs,24.537,6.158,7.698,2.169,0.35,0.63,2.169,0.14,0.98,2.519,0.63,0.63,0.0,1.19,0.0,0.526,Pressure / role player
2025,Lachlan Sullivan,14,Collingwood,27.835,6.154,9.949,2.256,0.103,0.41,3.077,0.41,0.615,4.103,1.744,0.718,0.0,0.615,0.103,0.46,Pressure / role player
2025,Laitham Vandermeer,19,Western Bulldogs,26.515,5.815,11.22,4.505,0.164,0.983,2.785,0.0,1.392,2.621,0.41,0.901,0.0,1.065,0.491,0.508,Small forward
2025,Lance Collard,12,St Kilda,20.413,4.708,6.169,2.11,0.162,0.974,2.435,0.325,0.812,3.247,0.325,0.812,0.0,1.299,0.325,0.6,Small forward
2025,Lawson Humphries,25,Geelong,22.674,4.023,12.787,6.418,0.287,0.096,2.347,4.885,2.203,2.395,0.383,0.431,0.0,0.192,1.102,0.767,Rebounding defender
2025,Leek Aleer,13,Greater Western Sydney,24.044,4.995,6.449,4.36,0.999,0.0,0.727,1.362,5.45,1.635,0.182,0.0,0.0,0.0,0.091,0.48,Key defender
2025,Levi Ashcroft,27,Brisbane Lions,18.775,8.08,16.65,5.877,0.0,0.098,2.791,2.253,1.077,1.616,3.183,0.245,0.0,0.588,0.343,0.629,Outside midfielder
2025,Lewis Melican,17,Sydney,28.799,4.017,7.329,5.285,0.916,0.0,0.846,2.044,6.061,2.396,0.211,0.0,0.0,0.0,0.211,0.709,Key defender
2025,Lewis Young,13,Carlton,26.668,4.581,7.489,4.317,0.617,0.617,0.793,1.674,6.872,1.938,0.441,0.264,3.084,0.529,0.0,0.589,Key defender
2025,Liam Baker,23,West Coast,27.569,11.111,14.866,4.321,0.154,0.206,4.424,3.138,1.955,4.321,3.035,0.463,0.0,0.257,0.874,0.51,Outside midfielder
2025,Liam Duggan,21,West Coast,28.663,4.868,16.037,6.93,0.229,0.057,3.436,6.701,1.775,2.348,1.088,0.344,0.0,0.0,0.63,0.751,Rebounding defender
2025,Liam Ryan,20,West Coast,28.89,6.0,7.879,4.182,0.303,1.515,3.697,0.0,0.97,2.727,1.273,0.788,0.0,1.333,0.545,0.716,Small forward
2025,Liam Stocker,17,St Kilda,25.583,5.746,8.657,5.224,0.522,0.0,1.418,2.239,3.209,2.388,0.597,0.075,0.0,0.0,0.075,0.624,Key defender
2025,Lloyd Meek,25,Hawthorn,27.411,10.661,6.609,3.28,0.917,0.724,1.978,0.675,2.991,5.017,5.258,0.338,45.731,0.482,0.0,0.388,Ruck
2025,Logan Evans,10,Port Adelaide,19.799,5.677,11.936,4.076,0.0,0.0,0.873,2.911,4.221,2.62,0.291,0.0,0.0,0.146,0.291,0.605,Key defender
2025,Logan Morris,26,Brisbane Lions,20.383,5.095,7.084,5.095,1.213,3.008,2.572,0.049,1.359,2.183,0.0,0.776,0.0,2.572,0.194,0.714,Key forward
2025,Luamon Lual,12,Essendon,20.416,2.649,8.278,3.863,0.11,0.221,1.766,1.104,1.214,2.87,0.221,0.221,0.0,0.442,0.331,0.485,Pressure / role player
2025,Luke Breust,8,Hawthorn,34.783,4.585,10.888,4.298,0.0,1.433,3.438,0.0,0.0,3.152,0.573,2.579,0.0,1.146,0.0,0.593,Small forward
2025,Luke Cleary,16,Western Bulldogs,23.471,4.799,12.352,5.35,0.236,0.0,0.787,3.698,3.147,1.967,0.551,0.157,0.0,0.157,0.157,0.573,Key defender
2025,Luke Davies-Uniacke,22,North Melbourne,26.208,13.91,16.703,4.491,0.11,0.329,5.422,1.588,0.821,4.984,7.393,0.986,0.0,0.438,0.986,0.472,Inside midfielder
2025,Luke Jackson,21,Fremantle,23.936,11.751,10.239,4.188,1.629,1.163,3.607,0.814,2.269,5.061,4.13,0.582,26.643,1.163,0.0,0.41,Ruck
2025,Luke McDonald,15,North Melbourne,30.381,4.807,12.608,5.28,0.315,0.0,1.734,3.783,4.334,2.364,0.394,0.158,0.0,0.0,0.158,0.599,Key defender
2025,Luke Parker,22,North Melbourne,32.827,13.584,15.838,4.509,0.347,0.347,3.642,1.04,1.098,5.491,6.532,0.751,0.0,0.694,0.173,0.491,Inside midfielder
2025,Luke Pedlar,9,Adelaide,23.323,4.628,5.289,3.306,0.331,1.157,1.653,0.496,0.661,4.463,0.661,0.0,0.0,2.149,0.165,0.73,Small forward
2025,Luke Ryan,24,Fremantle,29.58,4.439,12.037,6.682,0.366,0.0,0.778,7.414,4.394,2.197,0.275,0.046,0.0,0.0,0.137,0.771,Rebounding defender
2025,Luke Trainor,21,Richmond,19.37,5.191,13.863,5.453,0.394,0.131,2.168,2.957,2.431,2.3,0.854,0.197,0.0,0.066,0.263,0.669,Rebounding defender
2025,Mabior Chol,24,Hawthorn,28.638,6.288,5.382,4.728,1.559,2.364,1.861,0.0,2.062,3.219,1.358,0.654,3.421,2.113,0.201,0.712,Key forward
2025,Mac Andrew,24,Gold Coast,21.775,4.165,10.05,5.84,0.77,0.136,0.815,3.712,8.33,1.177,0.226,0.0,0.453,0.136,0.136,0.631,Key defender
2025,Mani Liddy,9,Port Adelaide,23.501,4.559,13.824,5.441,0.0,0.294,3.235,2.647,0.294,2.941,1.324,0.588,0.0,0.147,0.0,0.63,Outside midfielder
2025,Marcus Bontempelli,18,Western Bulldogs,29.747,14.188,19.577,5.73,0.546,0.75,7.708,1.774,3.888,6.685,7.708,1.842,0.0,1.432,0.955,0.522,Inside midfielder
2025,Marcus Windhager,23,St Kilda,22.274,8.977,17.484,5.167,0.052,0.313,4.071,2.505,0.731,4.019,3.445,0.418,0.0,0.209,0.104,0.551,Outside midfielder
2025,Mark Blicavs,25,Geelong,34.501,9.709,8.329,4.731,0.887,1.134,2.169,1.183,4.14,3.943,3.696,0.444,16.806,0.542,0.0,0.442,Ruck
2025,Mark Keane,25,Adelaide,25.49,5.047,7.209,4.792,0.806,0.0,0.594,4.962,6.955,1.187,0.254,0.042,0.0,0.0,0.975,0.797,Key defender
2025,Mark OConnor,25,Geelong,28.693,5.486,11.92,6.284,0.399,0.2,2.244,2.045,1.796,3.292,1.147,0.399,0.0,0.05,0.1,0.647,Outside midfielder
2025,Mason Cox,10,Collingwood,34.52,6.436,3.768,4.239,1.413,0.471,0.942,0.314,4.239,2.355,1.727,0.314,16.327,0.628,0.0,0.565,Ruck
2025,Mason Redman,19,Essendon,28.003,4.68,16.564,6.158,0.493,0.062,2.401,6.158,2.155,2.155,0.246,0.185,0.0,0.246,0.308,0.745,Rebounding defender
2025,Mason Wood,21,St Kilda,31.945,5.738,11.53,6.776,0.71,1.749,2.787,0.82,2.022,1.858,0.874,0.601,0.055,1.202,0.055,0.672,Key forward
2025,Massimo DAmbrosio,26,Hawthorn,22.29,6.423,17.391,5.237,0.198,0.543,3.458,2.717,0.889,2.372,2.125,0.494,0.0,0.247,0.593,0.653,Outside midfielder
2025,Matt Carroll,17,Carlton,19.728,4.188,11.294,4.862,0.224,0.075,2.244,2.618,2.094,1.87,0.524,0.374,0.0,0.075,0.299,0.756,Rebounding defender
2025,Matt Flynn,18,West Coast,27.942,9.184,7.128,5.003,1.919,0.685,2.947,1.028,3.907,3.221,3.016,0.274,30.363,0.411,0.0,0.528,Ruck
2025,Matt Guelfi,12,Essendon,28.036,5.755,6.08,2.28,0.434,0.977,1.737,0.217,2.063,3.8,0.326,0.651,0.0,0.977,0.0,0.5,Pressure / role player
2025,Matt Roberts,18,Sydney,21.983,6.262,17.122,7.195,0.067,0.0,2.865,4.797,2.665,2.398,1.532,0.2,0.0,0.067,0.533,0.688,Rebounding defender
2025,Matt Rowell,25,Gold Coast,24.203,16.555,15.019,1.967,0.048,0.096,6.718,1.392,1.296,10.269,9.837,0.816,0.0,0.48,0.528,0.469,Inside midfielder
2025,Matthew Johnson,18,Fremantle,22.345,8.631,15.621,5.278,0.071,0.143,3.994,1.355,1.641,4.208,3.852,0.499,0.0,0.143,0.785,0.473,Outside midfielder
2025,Matthew Kennedy,23,Western Bulldogs,28.383,11.251,17.149,5.625,0.328,0.928,5.461,1.638,1.365,6.39,6.117,1.038,0.0,1.147,0.109,0.542,Inside midfielder
2025,Matthew Owies,16,West Coast,28.413,4.917,7.638,4.039,0.439,1.141,2.283,0.351,1.493,3.336,0.702,0.263,0.0,0.615,0.176,0.622,Pressure / role player
2025,Maurice Rioli,13,Richmond,22.975,6.734,6.285,3.03,0.449,0.449,3.143,0.898,1.235,4.377,0.337,0.449,0.0,0.561,1.01,0.655,Pressure / role player
2025,Max Gawn,23,Melbourne,33.643,15.811,8.744,6.66,2.644,0.661,3.508,2.135,3.61,2.542,6.202,0.203,41.993,0.305,0.0,0.497,Ruck
2025,Max Hall,23,St Kilda,23.359,7.291,12.024,3.917,0.109,1.034,4.189,0.925,0.816,3.754,2.394,0.925,0.0,1.251,0.218,0.513,Small forward
2025,Max Holmes,26,Geelong,23.079,12.626,19.273,6.695,0.191,0.478,7.604,4.782,1.243,4.4,5.739,0.861,0.0,0.67,3.443,0.624,Inside midfielder
2025,Max Michalanney,21,Adelaide,21.542,4.146,11.388,5.03,0.663,0.221,1.658,2.875,1.658,2.045,0.276,0.332,0.0,0.221,0.111,0.657,Outside midfielder
2025,Michael Frederick,24,Fremantle,25.307,4.471,9.558,4.162,0.257,1.028,3.546,0.514,0.925,2.878,0.565,0.874,0.0,1.542,0.308,0.651,Small forward
2025,Miles Bergman,19,Port Adelaide,23.769,7.147,13.3,6.029,0.435,0.311,4.351,4.288,2.3,4.288,1.865,0.435,0.0,0.373,0.746,0.686,Outside midfielder
2025,Mitch Duncan,9,Geelong,34.068,5.817,17.897,8.501,0.0,0.224,3.579,3.132,0.895,2.908,1.342,0.671,0.0,0.224,0.224,0.655,Outside midfielder
2025,Mitch Georgiades,23,Port Adelaide,23.898,5.065,8.075,6.02,1.624,3.536,2.007,0.048,1.29,1.338,0.191,0.334,0.0,2.771,0.143,0.73,Key forward
2025,Mitch Hinge,24,Adelaide,27.214,5.963,13.231,5.622,0.398,0.057,2.555,5.111,2.839,3.634,1.022,0.454,0.0,0.057,0.114,0.706,Rebounding defender
2025,Mitch Lewis,8,Hawthorn,26.931,5.937,6.494,4.824,1.113,1.855,3.34,0.186,2.597,2.968,0.186,0.557,1.113,1.484,0.0,0.667,Key forward
2025,Mitch McGovern,17,Carlton,30.745,5.103,10.51,5.788,0.762,0.685,1.752,4.265,4.037,1.98,0.228,0.762,0.0,0.838,0.228,0.783,Rebounding defender
2025,Mitch Owens,19,St Kilda,21.857,8.385,7.702,4.037,1.18,1.553,2.422,0.373,1.925,2.174,1.304,0.745,1.988,1.553,0.062,0.576,Key forward
2025,Murphy Reid,24,Fremantle,19.104,7.199,10.93,2.575,0.105,0.788,4.046,0.21,0.893,2.47,1.261,1.104,0.0,1.314,0.368,0.542,Small forward
2025,Nasiah Wanganeen-Milera,23,St Kilda,22.501,9.048,21.391,6.328,0.209,0.575,4.759,6.538,2.144,2.72,3.766,0.994,0.0,0.889,5.23,0.744,Rebounding defender
2025,Nat Fyfe,8,Fremantle,33.966,9.896,15.625,4.688,0.521,0.0,6.25,1.042,1.562,3.125,4.167,1.042,0.0,0.0,0.0,0.354,Inside midfielder
2025,Nate Caddy,17,Essendon,20.03,6.164,7.179,4.859,1.305,1.595,2.828,0.073,0.87,1.233,0.145,0.363,0.145,1.45,0.29,0.699,Key forward
2025,Nathan Broad,22,Richmond,32.356,3.641,11.022,6.434,0.399,0.05,0.698,3.142,4.888,1.696,0.15,0.05,0.0,0.0,0.449,0.683,Key defender
2025,Nathan ODriscoll,14,Fremantle,23.307,6.909,13.455,3.818,0.091,0.091,3.636,2.182,1.545,4.091,2.091,0.364,0.0,0.273,0.182,0.55,Outside midfielder
2025,Ned Long,25,Collingwood,22.621,11.092,14.02,3.491,0.113,0.507,4.505,1.07,2.027,9.91,4.617,1.239,0.169,0.394,0.0,0.408,Inside midfielder
2025,Neil Erasmus,16,Fremantle,21.761,11.426,16.143,4.507,0.0,0.105,3.669,2.201,1.258,4.507,5.136,0.524,0.0,0.21,0.105,0.475,Inside midfielder
2025,Nic Martin,16,Essendon,24.274,6.36,20.98,8.114,0.365,0.439,4.094,3.582,2.12,3.07,1.535,0.658,0.0,0.804,1.608,0.576,Outside midfielder
2025,Nick Blakey,23,Sydney,25.485,4.639,13.263,6.354,0.857,0.151,3.631,7.262,4.186,1.664,0.303,0.656,0.0,0.504,2.017,0.813,Rebounding defender
2025,Nick Daicos,25,Collingwood,22.712,12.382,21.328,4.755,0.188,0.471,7.156,2.401,0.33,4.614,7.298,1.036,0.0,0.8,1.224,0.559,Inside midfielder
2025,Nick Haynes,23,Carlton,33.26,5.752,13.976,9.082,0.706,0.05,1.968,3.582,4.743,1.665,0.757,0.101,0.0,0.0,0.151,0.719,Rebounding defender
2025,Nick Holman,16,Gold Coast,30.216,6.082,7.478,1.595,0.299,0.199,1.396,0.798,1.595,5.384,1.496,0.798,0.0,0.598,0.0,0.385,Pressure / role player
2025,Nick Larkey,17,North Melbourne,27.159,5.559,5.495,4.984,1.406,2.684,1.15,0.128,2.109,1.15,0.192,0.639,0.064,2.62,0.0,0.655,Key forward
2025,Nick Murray,12,Adelaide,24.734,2.55,6.375,3.734,0.455,0.0,0.638,3.37,8.197,1.093,0.0,0.091,0.0,0.0,0.0,0.634,Key defender
2025,Nick Vlastuin,22,Richmond,31.329,7.317,12.14,7.428,1.164,0.055,1.441,6.541,2.827,2.605,0.388,0.222,0.0,0.0,0.055,0.734,Rebounding defender
2025,Nick Watson,25,Hawthorn,20.567,6.985,6.985,2.619,0.205,1.284,2.722,0.103,1.079,2.619,0.822,0.616,0.0,1.849,1.027,0.533,Small forward
2025,Noah Anderson,25,Gold Coast,24.569,14.583,20.694,4.306,0.046,0.185,6.157,3.009,1.898,3.519,8.056,0.926,0.0,0.556,1.065,0.491,Inside midfielder
2025,Noah Answerth,17,Brisbane Lions,25.925,4.32,12.095,6.12,0.288,0.0,1.512,2.592,4.32,2.808,0.576,0.216,0.0,0.072,0.216,0.695,Key defender
2025,Noah Balta,13,Richmond,25.832,6.096,7.825,5.46,1.274,0.819,1.729,3.276,3.458,1.82,0.91,0.273,1.82,0.364,0.546,0.74,Key defender
2025,Noah Long,10,West Coast,21.0,3.664,8.702,2.748,0.0,0.611,2.443,0.305,1.221,3.053,1.069,0.458,0.0,0.458,0.458,0.526,Pressure / role player
2025,Oisin Mullin,25,Geelong,25.624,4.702,7.604,3.752,0.2,0.2,1.651,1.051,1.451,3.752,1.751,0.25,0.0,0.1,0.1,0.549,Pressure / role player
2025,Oleg Markov,8,Collingwood,29.235,3.879,11.207,2.155,0.0,0.216,2.155,1.078,1.078,2.371,0.647,0.431,0.0,0.216,1.293,0.464,Pressure / role player
2025,Oliver Dempsey,26,Geelong,22.72,7.608,11.038,4.398,0.792,1.099,3.078,0.836,1.055,3.21,1.451,0.748,0.0,1.539,0.923,0.562,Small forward
2025,Oliver Florent,16,Sydney,27.088,5.873,13.866,5.383,0.245,0.326,3.018,1.958,1.713,2.773,0.979,0.245,0.0,0.163,0.734,0.572,Outside midfielder
2025,Oliver Henry,15,Geelong,22.953,5.066,5.722,3.377,0.844,1.126,2.064,0.188,1.407,2.533,0.469,0.938,0.0,1.313,0.094,0.684,Small forward
2025,Oliver Hollands,23,Carlton,21.594,5.29,15.97,5.793,0.05,0.151,3.275,3.577,1.814,3.778,1.108,0.453,0.0,0.202,0.353,0.592,Outside midfielder
2025,Ollie Lord,15,Port Adelaide,23.635,4.392,4.139,2.872,0.591,1.351,0.676,0.0,4.054,1.351,0.169,0.507,1.436,1.014,0.0,0.489,Key forward
2025,Ollie Wines,20,Port Adelaide,30.857,16.763,19.725,5.564,0.145,0.506,4.263,2.384,0.795,6.214,8.092,0.939,1.517,0.217,0.072,0.388,Inside midfielder
2025,Oscar Adams,8,Gold Coast,22.082,3.415,6.016,3.089,0.65,0.0,0.325,1.951,5.854,1.301,0.0,0.0,0.0,0.0,0.0,0.593,Key defender
2025,Oscar Allen,12,West Coast,26.241,4.434,5.755,3.774,0.66,1.226,1.415,1.604,2.736,2.736,0.094,0.377,0.094,1.132,0.094,0.764,Key forward
2025,Oscar McInerney,14,Brisbane Lions,31.216,8.646,4.131,2.113,0.672,0.672,2.978,1.153,4.323,3.746,4.515,0.288,33.333,0.384,0.0,0.576,Ruck
2025,Oskar Baker,9,Western Bulldogs,27.249,6.613,16.29,6.129,0.161,0.161,4.194,3.065,4.194,2.258,2.097,1.129,0.0,0.161,1.452,0.58,Outside midfielder
2025,Patrick Cripps,23,Carlton,30.427,15.522,13.057,2.622,0.682,0.472,4.195,0.944,1.573,6.922,7.761,0.577,0.629,0.734,0.157,0.396,Inside midfielder
2025,Patrick Dangerfield,23,Geelong,35.479,11.879,8.924,4.551,1.182,2.128,4.374,0.177,1.773,3.369,2.896,1.773,0.177,1.773,0.118,0.514,Small forward
2025,Patrick Lipinski,23,Collingwood,27.178,7.492,14.983,4.606,0.111,0.444,3.94,1.221,0.999,3.274,1.72,0.666,0.0,0.555,0.166,0.516,Outside midfielder
2025,Patrick Voss,20,Fremantle,22.189,5.962,6.208,3.995,0.983,2.213,2.459,0.307,1.168,2.704,0.799,0.553,1.967,2.274,0.184,0.649,Key forward
2025,Paul Curtis,19,North Melbourne,22.471,7.436,7.436,4.892,1.109,2.414,2.544,0.196,1.37,5.545,0.913,0.848,0.0,2.479,0.065,0.673,Key forward
2025,Peter Ladhams,10,Sydney,27.589,9.736,6.436,3.465,0.66,1.815,1.98,1.32,2.475,1.98,4.455,0.99,16.502,1.155,0.165,0.523,Ruck
2025,Peter Wright,19,Essendon,28.966,6.856,7.35,5.435,1.729,2.471,2.1,0.247,3.768,2.779,0.988,0.371,12.23,1.729,0.0,0.631,Key forward
2025,Reilly OBrien,25,Adelaide,30.063,7.648,5.88,3.585,0.717,0.478,2.199,1.147,4.685,4.207,3.633,0.574,46.463,0.143,0.0,0.53,Ruck
2025,Reuben Ginbey,23,West Coast,20.95,6.318,8.756,3.98,0.398,0.0,0.746,4.826,5.871,2.985,0.498,0.0,0.05,0.0,1.343,0.645,Key defender
2025,Rhyan Mansell,20,Richmond,25.219,5.64,9.091,4.446,0.398,1.261,3.119,0.199,1.327,4.579,0.398,0.531,0.0,1.194,0.133,0.689,Small forward
2025,Rhylee West,23,Western Bulldogs,25.118,7.68,9.322,3.708,0.53,1.748,2.595,0.371,0.794,4.343,1.43,1.218,0.0,2.066,0.159,0.546,Small forward
2025,Rhys Stanley,19,Geelong,34.821,8.168,5.592,2.87,0.736,0.883,2.355,1.251,3.9,2.649,3.9,0.515,34.805,0.442,0.0,0.565,Ruck
2025,Riley Bice,16,Sydney,24.906,5.169,13.91,6.767,0.188,0.094,2.632,4.135,2.256,2.726,0.658,0.376,0.0,0.094,2.914,0.638,Rebounding defender
2025,Riley Garcia,8,Western Bulldogs,24.564,10.019,12.139,2.119,0.0,0.0,4.239,0.771,0.771,5.78,4.432,0.578,0.0,0.385,0.385,0.46,Inside midfielder
2025,Riley Hardeman,17,North Melbourne,20.449,5.031,14.298,4.943,0.088,0.0,2.471,4.06,3.266,1.412,0.53,0.353,0.0,0.0,0.441,0.665,Rebounding defender
2025,Riley Thilthorpe,25,Adelaide,23.183,9.645,7.396,6.897,2.399,3.148,2.599,0.5,2.149,2.599,1.999,1.049,8.196,2.999,0.25,0.703,Key forward
2025,Robert Hansen,12,North Melbourne,21.392,4.944,11.643,4.147,0.0,0.159,2.711,1.116,0.957,1.276,1.435,1.276,0.0,0.478,1.276,0.596,Small forward
2025,Rory Laird,22,Adelaide,31.704,9.494,19.888,7.36,0.169,0.056,1.91,4.551,1.798,4.382,2.753,0.337,0.0,0.056,0.056,0.539,Outside midfielder
2025,Rory Lobb,23,Western Bulldogs,32.537,5.044,7.035,5.487,1.283,0.177,0.841,3.363,7.212,1.593,0.398,0.044,0.973,0.133,0.088,0.661,Key defender
2025,Rowan Marshall,23,St Kilda,29.747,10.243,11.004,5.223,0.913,0.761,3.499,1.217,2.84,5.426,4.767,0.862,31.795,0.507,0.0,0.614,Ruck
2025,Ryan Angwin,10,Greater Western Sydney,22.734,8.417,12.688,4.523,0.126,0.0,3.141,2.261,1.256,5.025,1.884,0.628,0.0,0.126,0.0,0.5,Pressure / role player
2025,Ryan Burton,8,Port Adelaide,28.386,5.458,16.197,6.514,0.0,0.176,2.641,4.225,2.817,1.585,0.352,0.0,0.0,0.176,0.176,0.708,Rebounding defender
2025,Ryan Byrnes,17,St Kilda,24.252,5.649,15.04,6.603,0.22,0.367,2.494,2.715,1.247,2.054,0.954,0.293,0.0,0.22,0.0,0.601,Outside midfielder
2025,Ryan Lester,26,Brisbane Lions,33.088,4.71,10.507,6.431,0.498,0.0,1.223,3.17,4.846,2.31,0.634,0.0,0.0,0.045,0.045,0.67,Key defender
2025,Ryan Maric,22,West Coast,20.945,5.424,15.926,4.847,0.231,0.115,1.443,5.251,2.193,2.539,0.692,0.289,0.0,0.058,2.077,0.683,Rebounding defender
2025,Ryley Sanders,21,Western Bulldogs,20.569,6.699,17.517,3.872,0.307,0.43,2.213,1.106,0.553,3.811,1.967,0.676,0.0,0.799,0.307,0.318,Pressure / role player
2025,Saad El-Hawli,9,Essendon,24.285,4.806,14.603,5.176,0.185,0.0,3.142,1.664,2.218,2.403,1.294,0.185,0.0,0.185,1.479,0.63,Outside midfielder
2025,Sam Banks,22,Richmond,22.392,4.638,19.594,5.913,0.0,0.116,2.087,4.986,0.754,2.725,1.333,0.174,0.0,0.232,0.29,0.657,Rebounding defender
2025,Sam Berry,19,Adelaide,23.58,11.987,12.238,2.598,0.168,0.168,4.443,1.844,1.76,6.538,5.532,0.503,0.0,0.503,0.754,0.588,Inside midfielder
2025,Sam Clohesy,14,Gold Coast,22.602,6.216,13.346,4.662,0.183,0.64,4.022,2.285,1.005,3.108,1.188,0.457,0.0,0.366,0.183,0.584,Outside midfielder
2025,Sam Collins,22,Gold Coast,31.246,6.112,6.504,5.428,1.222,0.0,0.489,2.396,6.65,1.956,0.098,0.049,0.0,0.0,0.0,0.639,Key defender
2025,Sam Darcy,17,Western Bulldogs,22.099,10.753,7.096,7.462,3.877,3.658,2.78,0.073,2.048,1.902,1.829,0.732,4.462,3.511,0.0,0.649,Key forward
2025,Sam Davidson,19,Western Bulldogs,23.695,5.807,14.247,5.469,0.608,0.608,3.309,1.08,0.878,3.511,1.283,0.473,0.0,0.878,0.068,0.617,Outside midfielder
2025,Sam Day,13,Brisbane Lions,32.997,5.734,6.422,4.702,0.803,0.803,2.064,0.459,1.835,2.638,1.376,0.573,10.665,0.344,0.0,0.587,Ruck
2025,Sam De Koning,23,Geelong,24.583,6.723,9.349,6.04,0.84,0.105,2.048,2.521,5.882,1.208,0.998,0.105,4.359,0.158,0.0,0.547,Key defender
2025,Sam Docherty,15,Carlton,31.767,5.921,18.174,7.155,0.0,0.247,3.454,3.125,1.809,3.372,1.562,0.411,0.0,0.411,0.0,0.651,Outside midfielder
2025,Sam Durham,20,Essendon,24.134,14.732,13.483,3.683,0.437,0.437,4.931,1.436,1.873,5.119,6.679,0.874,0.0,0.499,0.375,0.46,Inside midfielder
2025,Sam Flanders,23,Gold Coast,24.14,7.709,16.313,4.413,0.0,0.223,3.575,1.117,0.503,2.682,3.184,0.726,0.0,0.67,0.168,0.447,Pressure / role player
2025,Sam Lalor,11,Richmond,18.846,7.711,8.706,4.104,0.995,0.622,2.363,0.124,0.871,3.234,1.99,1.119,0.0,1.368,0.0,0.417,Pressure / role player
2025,Sam Marshall,11,Brisbane Lions,19.687,5.626,16.152,4.9,0.0,0.363,3.267,1.815,0.544,2.722,1.452,0.363,0.0,0.181,0.0,0.52,Outside midfielder
2025,Sam Powell-Pepper,16,Port Adelaide,27.487,6.044,12.395,4.744,0.23,1.607,4.132,0.459,1.377,3.366,0.842,0.765,0.0,1.377,0.306,0.504,Small forward
2025,Sam Switkowski,17,Fremantle,28.758,6.369,10.589,3.424,0.159,0.318,3.662,0.318,1.354,4.22,1.672,1.433,0.0,0.876,0.637,0.436,Small forward
2025,Sam Taylor,20,Greater Western Sydney,26.339,6.525,7.561,6.68,1.864,0.0,0.621,3.418,6.68,2.02,0.259,0.052,0.0,0.052,0.363,0.554,Key defender
2025,Sam Walsh,14,Carlton,25.137,13.158,20.145,4.537,0.181,0.454,4.809,2.087,0.272,5.808,4.719,0.907,0.0,0.454,0.635,0.413,Inside midfielder
2025,Sam Wicks,21,Sydney,25.939,4.368,12.592,2.893,0.0,0.0,1.929,2.552,1.078,3.176,0.737,0.113,0.0,0.0,0.737,0.681,Outside midfielder
2025,Sandy Brock,14,West Coast,22.69,4.265,7.741,4.66,0.474,0.0,0.395,3.476,7.583,0.869,0.079,0.0,0.0,0.0,0.237,0.617,Key defender
2025,Scott Pendlebury,22,Collingwood,37.701,10.744,20.129,5.761,0.0,0.453,4.531,1.748,1.942,5.566,5.502,1.036,0.0,0.194,0.129,0.481,Inside midfielder
2025,Sean Darcy,17,Fremantle,27.235,10.627,5.54,2.271,0.545,0.454,2.543,0.727,4.45,4.723,5.45,0.454,40.781,0.454,0.0,0.497,Ruck
2025,Seth Campbell,22,Richmond,20.649,6.159,9.966,3.135,0.112,0.896,3.191,0.448,1.008,3.135,1.624,0.336,0.0,1.568,0.952,0.556,Small forward
2025,Shai Bolton,23,Fremantle,26.745,9.723,12.65,3.398,0.314,1.15,4.077,0.418,1.359,3.136,3.241,0.732,0.0,1.464,2.614,0.549,Small forward
2025,Shannon Neale,25,Geelong,23.175,5.215,5.263,4.737,1.627,2.727,2.249,0.096,1.722,3.301,0.383,0.574,5.167,2.105,0.144,0.617,Key forward
2025,Shaun Mannagh,23,Geelong,28.142,7.822,13.848,4.44,0.053,1.004,6.342,0.634,0.951,5.92,4.175,1.057,0.0,1.638,0.687,0.724,Small forward
2025,Sid Draper,10,Adelaide,19.134,6.88,10.811,1.966,0.246,0.491,2.703,0.491,0.983,5.897,1.966,0.246,0.0,0.737,0.246,0.486,Pressure / role player
2025,Steele Sidebottom,23,Collingwood,34.715,9.844,16.084,5.218,0.054,0.538,3.981,2.474,1.829,4.841,4.034,0.538,0.0,0.807,0.538,0.582,Outside midfielder
2025,Steely Green,19,Richmond,21.602,3.746,6.572,2.332,0.141,0.353,2.049,0.212,1.272,2.403,0.565,0.212,0.0,0.777,0.565,0.6,Pressure / role player
2025,Stephen Coniglio,10,Greater Western Sydney,31.726,7.989,11.846,2.204,0.275,0.138,3.444,1.791,0.826,5.51,4.821,0.413,0.0,0.551,0.275,0.638,Pressure / role player
2025,Steven May,16,Melbourne,33.613,4.394,9.454,7.523,1.198,0.0,0.533,5.393,6.458,0.799,0.067,0.067,0.0,0.0,0.333,0.809,Key defender
2025,Taylor Walker,23,Adelaide,35.383,6.754,9.845,6.411,1.717,2.347,4.694,0.114,1.259,1.488,0.401,1.259,1.317,2.232,0.0,0.698,Key forward
2025,Ted Clohesy,9,Geelong,20.75,10.029,11.504,4.72,0.885,0.295,3.835,2.065,1.18,6.49,3.54,0.295,0.0,0.59,0.0,0.676,Pressure / role player
2025,Thomson Dow,11,Richmond,23.6,9.714,16.065,4.732,0.125,0.125,1.993,2.117,0.996,3.985,3.736,0.374,0.0,0.125,0.0,0.358,Pressure / role player
2025,Tim English,23,Western Bulldogs,28.038,9.171,12.611,7.348,0.938,1.355,3.908,1.094,3.648,4.013,4.586,1.042,36.269,0.677,0.052,0.566,Ruck
2025,Tim Kelly,20,West Coast,31.077,9.439,13.017,3.393,0.123,0.185,4.072,1.604,0.864,3.516,4.318,0.37,0.0,0.308,0.37,0.497,Pressure / role player
2025,Tim Membrey,23,Collingwood,31.32,5.132,7.09,5.079,0.741,2.487,1.799,0.0,1.905,1.587,0.053,0.37,0.37,1.693,0.053,0.6,Key forward
2025,Tim Taranto,21,Richmond,27.567,13.895,15.346,3.516,0.223,0.614,3.962,1.897,0.837,5.748,6.473,0.335,0.0,0.837,0.0,0.407,Inside midfielder
2025,Tobie Travaglia,12,St Kilda,18.827,5.239,12.481,4.777,0.0,0.0,2.003,2.003,0.616,4.006,0.77,0.154,0.0,0.308,0.0,0.532,Pressure / role player
2025,Toby Bedford,23,Greater Western Sydney,25.279,5.483,7.98,2.606,0.0,0.597,2.66,0.597,0.706,6.352,1.737,0.76,0.0,0.923,0.054,0.494,Pressure / role player
2025,Toby Greene,22,Greater Western Sydney,31.947,7.773,11.502,5.305,0.473,1.891,4.464,0.525,0.735,3.729,2.626,0.578,0.0,2.153,0.105,0.702,Small forward
2025,Toby McMullin,11,Greater Western Sydney,20.983,5.723,14.785,3.975,0.0,0.477,3.975,2.862,0.477,2.544,1.908,0.318,0.0,0.159,0.159,0.598,Outside midfielder
2025,Toby Nankervis,22,Richmond,31.03,10.754,7.705,2.605,0.554,0.443,2.162,1.497,3.215,4.656,5.71,0.277,40.299,0.333,0.0,0.496,Ruck
2025,Toby Pink,17,North Melbourne,27.033,3.681,7.174,5.49,0.873,0.062,0.936,3.306,5.677,1.372,0.062,0.0,0.0,0.0,0.062,0.689,Key defender
2025,Todd Goldstein,16,Essendon,37.156,8.135,7.888,3.451,0.082,0.082,1.561,1.068,4.108,1.561,4.848,0.329,35.086,0.082,0.0,0.312,Ruck
2025,Tom Atkins,26,Geelong,30.025,15.189,11.672,2.65,0.102,0.408,3.823,1.376,1.733,11.825,7.492,1.019,0.0,0.255,0.102,0.436,Inside midfielder
2025,Tom Barrass,25,Hawthorn,29.947,5.072,6.375,4.374,1.349,0.0,0.745,2.652,7.678,1.303,0.047,0.14,0.0,0.0,0.0,0.587,Key defender
2025,Tom Brown,23,Richmond,22.066,4.783,11.791,5.784,0.278,0.222,2.002,4.894,3.281,1.669,0.556,0.222,0.0,0.334,0.389,0.73,Rebounding defender
2025,Tom Cole,18,West Coast,28.238,5.969,13.624,6.32,0.281,0.07,1.826,3.23,3.23,3.722,0.632,0.211,0.0,0.07,0.913,0.529,Rebounding defender
2025,Tom De Koning,22,Carlton,26.099,11.929,9.874,4.11,1.199,0.571,4.509,1.084,3.025,2.911,5.537,0.228,29.224,0.342,0.057,0.509,Ruck
2025,Tom Green,23,Greater Western Sydney,24.619,18.965,17.274,3.645,0.053,0.211,5.494,2.905,1.373,4.437,10.301,0.898,0.053,0.687,0.211,0.447,Inside midfielder
2025,Tom Gross,8,West Coast,18.901,7.792,10.909,4.935,0.0,0.519,3.636,0.779,0.779,3.636,2.857,0.519,0.0,0.26,1.299,0.514,Outside midfielder
2025,Tom Hanily,8,Sydney,20.019,5.656,7.466,3.62,0.0,1.357,2.262,0.226,1.81,2.715,0.679,0.452,0.0,1.357,0.0,0.439,Pressure / role player
2025,Tom Liberatore,23,Western Bulldogs,33.274,15.574,18.033,4.645,0.055,0.164,5.41,2.295,1.858,6.995,7.978,0.71,0.0,0.328,0.109,0.486,Inside midfielder
2025,Tom Lynch,16,Richmond,32.81,6.737,5.464,5.015,2.021,2.844,2.171,0.0,1.647,1.422,0.449,0.898,0.15,1.946,0.15,0.737,Key forward
2025,Tom McCarthy,10,West Coast,25.115,7.673,15.718,5.693,0.248,0.124,2.723,7.178,1.856,2.599,1.98,0.619,0.0,0.0,1.361,0.653,Rebounding defender
2025,Tom McCartin,20,Sydney,25.646,5.588,8.834,6.759,1.437,0.053,1.118,3.193,5.269,0.745,0.053,0.053,0.106,0.16,0.319,0.684,Key defender
2025,Tom McDonald,17,Melbourne,32.925,5.181,10.112,6.492,0.687,0.0,0.687,3.121,6.492,1.186,0.125,0.062,0.0,0.062,0.0,0.665,Key defender
2025,Tom Papley,11,Sydney,29.112,6.832,13.31,5.065,0.118,1.885,5.418,0.118,1.531,2.12,1.531,1.413,0.0,1.178,0.824,0.679,Small forward
2025,Tom Powell,23,North Melbourne,23.476,8.881,20.573,4.947,0.0,0.169,4.272,2.642,0.731,6.127,5.396,0.675,0.0,0.337,0.281,0.456,Inside midfielder
2025,Tom Sims,11,Richmond,19.225,5.668,4.912,3.023,0.882,0.756,1.637,0.126,2.645,2.771,0.378,0.252,4.66,0.504,0.126,0.56,Pressure / role player
2025,Tom Sparrow,22,Melbourne,25.227,5.59,10.782,4.392,0.399,0.456,2.909,0.627,1.369,5.02,1.54,0.285,0.0,0.57,0.114,0.582,Pressure / role player
2025,Tom Stewart,20,Geelong,32.515,6.563,14.411,9.946,0.744,0.0,0.812,6.495,3.045,1.962,0.609,0.068,0.0,0.068,0.203,0.798,Rebounding defender
2025,Touk Miller,23,Gold Coast,29.556,13.348,18.576,3.782,0.222,0.779,6.73,1.39,1.669,5.784,6.062,0.779,0.0,0.89,0.278,0.448,Inside midfielder
2025,Travis Boak,16,Port Adelaide,37.057,9.018,17.318,5.347,0.16,0.399,3.192,1.596,1.357,4.15,3.352,0.718,0.0,0.479,0.319,0.436,Outside midfielder
2025,Trent Rivers,23,Melbourne,24.063,7.92,18.461,6.972,0.223,0.167,3.625,4.016,2.175,3.179,2.398,0.112,0.0,0.223,0.446,0.617,Rebounding defender
2025,Tristan Xerri,20,North Melbourne,26.441,16.158,4.548,1.975,0.539,0.12,2.095,1.735,3.232,7.899,8.318,0.359,41.831,0.239,0.0,0.357,Ruck
2025,Tyler Brockman,20,West Coast,22.75,7.03,8.147,3.219,0.329,0.854,2.168,0.526,1.511,3.614,2.102,0.46,0.0,0.92,0.066,0.491,Pressure / role player
2025,Tyler Sonsie,16,Richmond,22.569,5.621,14.346,5.117,0.0,0.336,2.768,1.678,0.839,2.265,1.594,0.252,0.0,0.252,0.084,0.545,Outside midfielder
2025,Tyrell Dewar,16,West Coast,21.408,3.906,14.26,4.905,0.091,0.363,2.997,3.361,1.09,0.999,0.272,0.545,0.0,0.454,0.999,0.711,Outside midfielder
2025,Tyson Stengle,24,Geelong,26.939,6.11,8.961,3.717,0.255,1.986,2.648,0.051,0.916,3.717,0.967,1.222,0.0,1.731,0.102,0.657,Small forward
2025,Wayne Milera,24,Adelaide,27.994,6.169,14.256,6.843,0.363,0.0,2.436,5.132,1.555,2.748,1.14,0.415,0.0,0.104,0.207,0.675,Rebounding defender
2025,Wil Powell,25,Gold Coast,26.049,5.893,12.065,5.568,0.51,0.0,2.831,4.316,3.341,3.527,0.742,0.046,0.0,0.046,0.789,0.583,Rebounding defender
2025,Will Ashcroft,27,Brisbane Lions,21.394,12.489,20.198,5.14,0.09,0.361,5.41,1.578,0.541,4.283,6.988,0.947,0.0,0.676,0.586,0.503,Inside midfielder
2025,Will Graham,8,Gold Coast,19.786,6.426,7.21,2.665,0.0,0.94,2.665,0.627,0.784,5.016,1.411,0.784,0.0,1.567,0.157,0.548,Pressure / role player
2025,Will Hayward,21,Sydney,26.824,5.805,8.276,3.908,0.575,1.552,1.839,0.115,1.149,3.161,0.402,0.575,0.0,1.667,0.057,0.582,Small forward
2025,Will Hoskin-Elliott,18,Collingwood,31.928,3.604,9.582,4.914,0.164,1.147,2.048,0.246,1.229,2.048,0.328,0.41,0.0,0.983,0.0,0.696,Small forward
2025,Will Setterfield,13,Essendon,27.43,9.2,19.5,5.4,0.3,0.3,3.1,2.2,1.5,9.6,4.5,0.6,0.0,0.1,0.0,0.525,Inside midfielder
2025,Will White,14,Carlton,21.427,4.397,8.384,3.17,0.0,1.534,1.943,0.818,0.716,2.761,0.307,0.613,0.0,1.022,0.0,0.675,Small forward
2025,Willem Drew,23,Port Adelaide,26.89,10.449,11.911,2.707,0.108,0.108,3.14,1.299,2.436,8.121,5.035,0.379,0.0,0.108,0.162,0.445,Inside midfielder
2025,Willie Rioli,19,Port Adelaide,30.216,4.534,6.99,3.086,0.189,1.259,2.519,0.378,0.819,2.141,0.882,0.882,0.0,1.7,0.126,0.688,Small forward
2025,Xavier Duursma,22,Essendon,25.14,7.327,16.499,6.376,0.447,0.671,2.796,2.629,1.51,3.747,2.069,0.391,0.0,0.559,1.007,0.512,Outside midfielder
2025,Xavier Lindsay,18,Melbourne,18.98,5.585,15.969,4.974,0.0,0.175,2.531,2.182,2.007,2.88,1.658,0.087,0.0,0.175,0.0,0.57,Outside midfielder
2025,Xavier OHalloran,23,Greater Western Sydney,25.156,8.005,11.891,3.074,0.058,0.174,4.64,1.218,0.87,3.828,3.248,0.812,0.0,0.522,0.348,0.577,Pressure / role player
2025,Zac Bailey,26,Brisbane Lions,26.011,8.059,15.748,5.697,0.185,1.343,3.983,1.528,0.834,2.779,2.872,0.648,0.0,1.945,0.509,0.617,Small forward
2025,Zac Taylor,17,Adelaide,22.613,5.791,8.902,3.371,0.173,0.432,1.988,1.383,1.037,3.889,1.815,0.605,0.0,0.346,0.0,0.463,Pressure / role player
2025,Zac Williams,19,Carlton,30.917,9.037,11.053,4.108,0.299,1.419,3.734,1.643,1.419,2.614,3.809,1.046,0.0,1.643,0.224,0.641,Small forward
2025,Zach Guthrie,26,Geelong,27.244,5.631,13.727,7.864,0.745,0.093,2.42,4.514,3.211,2.513,0.372,0.14,0.0,0.047,0.233,0.716,Rebounding defender
2025,Zach Merrett,22,Essendon,29.898,10.727,20.565,4.291,0.262,0.366,6.07,2.302,1.832,5.024,4.448,0.994,0.0,0.471,0.576,0.548,Inside midfielder
2025,Zach Reid,10,Essendon,23.225,4.725,11.099,8.462,0.989,0.0,0.11,3.187,5.604,2.747,0.22,0.0,0.22,0.0,0.0,0.714,Key defender
2025,Zak Butters,20,Port Adelaide,24.953,15.183,18.902,4.329,0.305,0.244,6.037,2.378,1.159,6.22,8.049,1.28,0.0,0.061,1.951,0.487,Inside midfielder
2025,Zak Johnson,9,Essendon,18.657,5.503,14.991,6.072,0.0,0.0,2.087,3.605,2.846,2.277,0.19,0.38,0.0,0.0,1.518,0.593,Rebounding defender
2025,Zak Jones,15,St Kilda,30.444,8.095,17.078,4.936,0.197,0.395,2.863,1.678,0.79,2.567,2.962,0.691,0.0,0.0,0.099,0.463,Outside midfielder
2025,Zane Duursma,10,North Melbourne,19.95,3.623,8.877,5.254,0.543,1.087,1.812,1.449,0.725,0.725,0.543,0.543,0.0,0.725,0.181,0.603,Small forward
2026,Aaron Cadman,18,Greater Western Sydney,22.471,4.844,7.357,4.66,1.042,1.839,2.452,0.0,1.594,2.391,0.184,0.674,0.0,2.023,0.0,0.681,Key forward
2026,Aaron Naughton,24,Western Bulldogs,26.764,6.882,7.139,6.009,1.9,3.338,1.849,0.0,1.798,1.798,0.103,1.335,0.103,2.619,0.051,0.63,Key forward
2026,Adam Cerra,22,Carlton,26.909,7.78,17.913,6.815,0.181,0.121,3.619,3.197,1.267,4.765,2.473,0.422,0.0,0.241,0.362,0.584,Outside midfielder
2026,Aidan Corr,16,North Melbourne,32.268,3.911,9.737,4.868,0.479,0.0,0.718,3.113,5.028,1.357,0.08,0.0,0.0,0.0,0.08,0.636,Key defender
2026,Alex Neal-Bullen,23,Adelaide,30.674,7.592,12.618,4.712,0.157,0.733,3.717,0.89,1.257,4.241,1.257,0.785,0.0,0.681,0.0,0.559,Pressure / role player
2026,Alex Pearce,24,Fremantle,31.298,5.879,5.407,4.252,1.365,0.0,0.42,1.89,4.672,1.05,0.262,0.0,0.0,0.0,0.315,0.471,Key defender
2026,Aliir Aliir,22,Port Adelaide,31.942,5.451,9.868,8.177,1.457,0.0,0.47,4.088,4.558,1.128,0.047,0.047,0.0,0.047,0.047,0.8,Key defender
2026,Alix Tauru,9,St Kilda,19.745,4.797,8.487,5.72,0.738,0.738,1.661,1.476,4.428,1.661,0.369,0.185,0.0,0.738,0.0,0.639,Key defender
2026,Andrew Brayshaw,27,Fremantle,26.882,10.718,21.199,4.202,0.047,0.283,5.194,1.464,2.502,7.602,5.194,0.803,0.0,0.378,0.708,0.458,Inside midfielder
2026,Andrew McGrath,20,Essendon,28.225,6.873,16.204,4.855,0.063,0.063,2.837,4.098,1.261,3.468,1.45,0.567,0.0,0.126,1.135,0.505,Outside midfielder
2026,Angus Anderson,17,Collingwood,23.26,6.549,9.656,3.526,0.084,0.924,3.191,1.092,1.175,4.702,1.259,0.924,0.0,1.679,0.0,0.589,Small forward
2026,Angus Sheldrick,20,Sydney,22.862,13.64,18.326,3.431,0.0,0.084,5.858,2.427,1.004,6.109,5.105,1.088,0.0,0.418,0.418,0.454,Inside midfielder
2026,Anthony Caminiti,18,St Kilda,22.665,5.092,4.277,2.783,0.815,0.543,0.679,1.222,5.974,2.24,0.204,0.068,0.204,0.543,0.0,0.507,Key defender
2026,Archer Day-Wicks,21,Essendon,20.279,4.789,10.075,3.483,0.187,0.808,2.488,0.808,2.177,4.415,0.622,0.249,0.0,0.435,0.124,0.474,Pressure / role player
2026,Archie May,10,Essendon,21.758,4.805,4.204,4.805,2.102,2.402,2.252,0.15,1.952,3.904,0.15,0.45,0.601,2.102,0.15,0.776,Key forward
2026,Archie Perkins,16,Essendon,24.411,4.557,13.995,6.998,0.325,0.976,4.068,0.814,0.651,1.871,0.081,0.57,0.0,0.57,0.57,0.577,Outside midfielder
2026,Archie Roberts,21,Essendon,20.761,7.192,21.347,6.564,0.4,0.057,3.425,6.735,0.913,1.427,1.313,0.4,0.0,0.114,0.799,0.69,Rebounding defender
2026,Arthur Jones,20,Western Bulldogs,23.134,6.397,9.428,4.242,0.741,1.818,2.761,0.135,1.212,2.896,0.471,0.606,0.0,1.818,0.404,0.57,Small forward
2026,Bailey Dale,20,Western Bulldogs,30.123,6.126,15.916,5.405,0.3,0.0,2.042,7.688,2.222,1.682,0.781,0.42,0.0,0.12,1.562,0.755,Rebounding defender
2026,Bailey Humphrey,20,Gold Coast,21.939,7.882,9.606,3.571,0.431,1.663,4.187,0.308,0.8,3.756,1.786,1.047,0.0,1.355,0.123,0.533,Small forward
2026,Bailey Laurie,17,Melbourne,24.433,5.801,13.536,4.144,0.092,0.829,3.407,1.197,0.829,3.131,1.013,0.829,0.0,1.197,0.184,0.563,Small forward
2026,Bailey Macdonald,14,Hawthorn,22.126,4.876,10.612,3.25,0.0,0.0,1.721,1.721,1.912,4.111,0.382,0.096,0.0,0.0,0.574,0.441,Pressure / role player
2026,Bailey Smith,24,Geelong,25.761,13.069,23.267,4.752,0.149,0.297,8.762,3.614,1.436,5.792,6.386,1.188,0.0,0.545,0.842,0.615,Inside midfielder
2026,Bailey Williams,38,West Coast,28.903,9.431,11.173,4.831,0.822,0.493,3.188,2.76,2.3,2.99,3.812,0.427,18.732,0.493,0.394,0.582,Ruck
2026,Bayley Fritsch,22,Melbourne,29.728,5.485,9.546,4.272,0.633,1.793,2.795,0.316,1.266,2.584,0.633,0.844,0.0,1.899,0.316,0.655,Small forward
2026,Beau Addinsall,9,Gold Coast,19.449,7.729,16.103,5.314,0.161,0.322,2.576,1.127,0.644,3.06,3.06,0.322,0.0,0.322,0.483,0.403,Outside midfielder
2026,Beau McCreery,23,Collingwood,25.359,7.343,10.762,2.803,0.224,0.336,4.709,0.729,1.289,6.278,2.13,0.897,0.0,0.729,1.345,0.509,Pressure / role player
2026,Ben Ainsworth,25,Carlton,28.564,4.926,17.522,6.907,0.152,1.371,4.266,0.508,0.356,1.778,1.32,0.813,0.0,1.524,0.457,0.576,Small forward
2026,Ben Keays,25,Adelaide,29.55,6.282,9.539,3.164,0.233,0.884,2.932,0.419,0.977,3.583,0.884,1.396,0.0,1.582,0.047,0.569,Small forward
2026,Ben King,23,Gold Coast,26.12,3.889,5.0,4.242,1.111,3.232,1.162,0.0,1.061,0.707,0.051,0.202,0.101,3.03,0.152,0.726,Key forward
2026,Ben Long,21,Gold Coast,28.997,5.425,7.052,3.918,0.422,1.507,2.833,0.301,1.869,3.134,0.723,0.904,0.0,1.688,0.06,0.629,Small forward
2026,Ben McKay,15,Essendon,28.583,4.012,5.981,5.106,1.094,0.802,0.584,1.459,2.626,1.24,0.511,0.146,0.875,0.438,0.073,0.568,Key defender
2026,Ben Miller,21,Richmond,26.975,3.666,9.318,6.263,0.713,0.0,0.356,4.888,7.23,1.629,0.153,0.102,0.153,0.0,0.407,0.726,Key defender
2026,Billy Cootee,11,Sydney,23.75,5.168,9.561,3.488,0.0,1.55,3.359,0.0,1.034,4.393,0.904,0.775,0.0,1.55,0.388,0.514,Small forward
2026,Billy Frampton,24,Collingwood,29.769,4.097,8.064,5.649,0.69,0.0,0.431,3.191,8.409,1.164,0.086,0.0,0.0,0.0,0.043,0.625,Key defender
2026,Billy Wilson,17,Carlton,21.219,5.206,17.56,6.682,0.0,0.0,2.331,5.051,1.321,2.564,0.932,0.155,0.0,0.0,1.476,0.649,Rebounding defender
2026,Blake Acres,12,Carlton,30.909,5.375,18.661,7.809,0.101,0.71,3.448,2.637,1.521,2.738,0.913,0.913,0.0,0.304,0.203,0.617,Outside midfielder
2026,Blake Hardwick,25,Hawthorn,29.619,4.973,12.345,6.394,0.666,0.444,1.332,3.641,3.286,2.575,0.355,0.044,0.0,0.4,0.311,0.704,Rebounding defender
2026,Blake Howes,20,Melbourne,23.32,5.149,13.586,6.017,0.372,0.0,1.427,2.667,3.35,2.419,0.31,0.248,0.0,0.0,0.0,0.515,Key defender
2026,Bo Allan,19,West Coast,20.515,6.387,10.246,3.992,0.599,0.333,2.595,1.464,1.131,2.595,1.397,0.333,0.0,0.333,0.333,0.579,Pressure / role player
2026,Bodhi Uwland,23,Gold Coast,23.071,6.657,14.675,7.312,0.605,0.0,1.866,4.841,6.203,2.017,0.504,0.353,0.0,0.05,0.504,0.644,Rebounding defender
2026,Brad Close,18,Geelong,28.118,5.132,8.696,2.708,0.214,0.998,2.851,0.214,0.998,2.994,0.356,1.069,0.0,0.784,0.0,0.455,Pressure / role player
2026,Bradley Hill,23,St Kilda,33.115,4.405,25.418,7.747,0.0,0.253,4.0,3.696,1.823,1.975,0.911,0.658,0.0,0.456,1.114,0.646,Outside midfielder
2026,Brady Hough,23,West Coast,23.468,4.424,11.906,5.461,0.109,0.109,1.475,2.458,2.403,3.168,0.819,0.273,0.0,0.328,0.0,0.538,Pressure / role player
2026,Braeden Campbell,8,Sydney,24.619,7.692,12.559,2.512,0.157,0.471,6.436,0.471,0.942,4.396,2.041,1.413,0.0,0.785,0.471,0.551,Small forward
2026,Brandon Starcevich,11,West Coast,27.082,5.03,7.305,3.832,0.719,0.0,1.677,4.431,2.515,2.515,0.479,0.0,0.0,0.12,0.12,0.695,Key defender
2026,Brayden Cook,24,Adelaide,24.153,6.532,13.997,5.806,0.207,0.518,3.525,3.214,1.607,2.333,1.452,0.674,0.0,0.622,0.726,0.658,Outside midfielder
2026,Brayden Maynard,17,Collingwood,29.838,5.856,15.841,6.607,0.375,0.075,2.553,5.105,5.03,5.105,0.601,0.3,0.0,0.075,0.0,0.732,Rebounding defender
2026,Brennan Cox,18,Fremantle,28.025,5.499,9.531,6.305,1.173,0.0,0.66,3.372,8.284,2.053,0.22,0.073,0.0,0.0,0.147,0.636,Key defender
2026,Brent Daniels,10,Greater Western Sydney,27.298,10.704,13.521,3.521,0.141,0.141,5.915,1.127,1.69,5.493,5.493,0.986,0.0,1.549,1.127,0.528,Inside midfielder
2026,Brodie Grundy,23,Sydney,32.427,16.463,8.758,2.772,0.665,0.222,3.437,1.774,3.603,4.823,7.927,0.499,43.404,0.499,0.333,0.366,Ruck
2026,Brodie Kemp,25,Carlton,25.345,3.951,8.81,5.949,0.772,2.725,1.953,0.182,1.045,2.271,0.045,0.817,0.0,1.771,0.0,0.656,Key forward
2026,Brody Mihocek,10,Melbourne,33.339,4.429,6.143,5.571,1.714,2.857,2.286,0.143,0.857,1.571,0.286,0.571,0.857,2.286,0.0,0.803,Key forward
2026,Bruce Reville,18,Brisbane Lions,25.438,5.581,14.932,6.561,0.302,0.528,4.449,2.187,0.83,1.735,1.357,0.452,0.0,0.377,0.302,0.667,Outside midfielder
2026,Buku Khamis,25,Western Bulldogs,26.452,3.406,8.074,5.088,0.378,0.168,0.421,2.355,7.149,1.346,0.21,0.042,0.0,0.042,0.126,0.664,Key defender
2026,Caiden Cleary,11,Sydney,21.539,7.925,11.447,3.145,0.0,1.006,2.893,0.503,1.509,4.78,1.132,0.629,0.0,0.503,0.0,0.354,Pressure / role player
2026,Caleb Daniel,23,North Melbourne,30.129,5.527,21.376,6.309,0.0,0.0,2.19,4.692,1.564,2.398,1.721,0.469,0.0,0.0,0.521,0.603,Rebounding defender
2026,Caleb Serong,24,Fremantle,25.627,14.591,16.462,2.993,0.16,0.16,6.04,1.924,1.176,5.826,8.765,0.802,0.0,0.588,0.321,0.549,Inside midfielder
2026,Caleb Windsor,21,Melbourne,21.222,7.4,14.333,2.867,0.067,0.067,6.0,0.933,1.067,3.733,2.067,0.8,0.0,0.6,0.733,0.562,Pressure / role player
2026,Callum Ah Chee,9,Adelaide,28.925,5.38,10.601,4.43,0.0,0.949,2.532,1.266,2.215,2.69,0.949,0.949,0.0,1.424,0.791,0.531,Small forward
2026,Callum Brown,18,Greater Western Sydney,26.019,5.17,8.567,4.284,0.591,1.477,2.585,0.517,1.256,3.028,0.443,0.517,2.216,1.625,0.0,0.618,Key forward
2026,Callum Mills,23,Sydney,29.427,6.686,19.037,6.572,0.567,0.057,1.983,7.195,3.853,3.286,0.793,0.113,0.0,0.0,0.737,0.528,Rebounding defender
2026,Callum Wilkie,23,St Kilda,30.446,5.872,15.385,10.059,1.183,0.0,0.364,5.325,4.916,1.593,0.137,0.0,0.0,0.0,0.819,0.682,Rebounding defender
2026,Cam Mackenzie,23,Hawthorn,22.66,10.0,17.975,3.129,0.123,0.123,4.724,1.656,0.92,5.767,5.153,0.92,0.0,0.245,0.245,0.512,Inside midfielder
2026,Cam Rayner,27,Brisbane Lions,26.931,8.265,11.035,5.041,0.59,1.045,4.632,0.545,1.453,3.088,2.77,1.317,0.045,1.226,0.227,0.597,Small forward
2026,Cameron Zurhaar,23,North Melbourne,28.255,5.645,13.065,7.043,0.753,0.753,2.634,3.495,3.441,2.097,0.376,0.591,0.0,0.538,0.376,0.657,Rebounding defender
2026,Campbell Gray,10,Richmond,22.972,3.812,6.745,4.252,0.44,0.147,0.44,3.079,7.918,2.933,0.293,0.0,1.76,0.147,0.147,0.671,Key defender
2026,Campbell Lake,10,St Kilda,22.025,6.983,8.799,2.514,0.0,0.559,2.793,0.14,0.838,6.704,1.117,0.559,0.0,0.698,0.279,0.318,Pressure / role player
2026,Chad Warner,22,Sydney,25.244,11.819,17.671,3.998,0.232,0.927,8.633,1.275,1.217,4.635,5.678,1.738,0.0,1.97,3.94,0.603,Inside midfielder
2026,Changkuoth Jiath,16,Melbourne,27.211,5.659,14.5,7.869,0.619,0.088,2.653,4.332,4.067,2.122,0.354,0.442,0.0,0.0,0.973,0.647,Rebounding defender
2026,Charlie Ballard,11,Gold Coast,27.077,4.337,7.59,5.181,1.205,0.12,0.12,1.566,4.578,1.446,0.12,0.12,0.0,0.0,0.0,0.615,Key defender
2026,Charlie Cameron,27,Brisbane Lions,32.227,4.69,9.568,4.737,0.328,2.251,3.283,0.516,1.454,2.533,0.704,0.891,0.0,2.861,0.516,0.774,Small forward
2026,Charlie Comben,22,North Melbourne,25.093,4.679,8.512,6.222,1.294,0.0,0.647,2.837,7.765,2.29,0.249,0.05,0.0,0.05,0.05,0.615,Key defender
2026,Charlie Curnow,24,Sydney,29.621,6.87,6.096,5.418,2.322,3.435,2.225,0.0,1.935,1.209,0.048,0.387,0.0,3.628,0.0,0.814,Key forward
2026,Charlie Spargo,19,North Melbourne,26.742,3.532,14.202,5.519,0.0,0.883,3.017,0.883,0.515,2.87,0.147,1.251,0.0,0.883,0.515,0.517,Small forward
2026,Charlie West,9,Collingwood,20.569,5.766,4.097,3.642,1.821,1.062,1.517,0.152,2.428,1.517,0.152,0.303,0.152,1.366,0.0,0.522,Key forward
2026,Chris Scerri,9,Fremantle,20.129,6.583,6.74,1.411,0.157,0.157,2.194,0.313,1.254,2.665,0.313,0.313,0.0,0.157,0.94,0.221,Pressure / role player
2026,Christian Moraes,12,Port Adelaide,19.789,5.548,16.645,4.387,0.0,0.129,3.097,1.032,0.387,2.71,1.032,0.645,0.0,0.387,0.129,0.456,Pressure / role player
2026,Christian Petracca,20,Gold Coast,30.611,13.653,14.637,3.875,0.246,0.8,5.474,0.554,0.861,2.829,6.15,0.984,0.0,1.353,0.185,0.455,Inside midfielder
2026,Christian Salem,9,Melbourne,31.104,6.311,12.136,3.56,0.0,0.162,2.265,5.34,1.133,2.913,0.971,0.485,0.0,0.162,0.162,0.727,Rebounding defender
2026,Clayton Oliver,23,Greater Western Sydney,29.085,18.323,18.483,3.632,0.107,0.16,4.968,2.457,1.068,5.876,8.974,0.481,0.0,0.214,0.0,0.368,Inside midfielder
2026,Cody Weightman,11,Western Bulldogs,25.638,7.778,8.519,3.21,0.123,1.111,3.21,0.864,1.111,2.963,1.358,0.247,0.0,0.864,0.0,0.617,Pressure / role player
2026,Colby McKercher,23,North Melbourne,21.364,3.463,20.938,4.262,0.0,0.266,3.729,3.09,0.32,2.77,1.012,0.533,0.0,0.32,2.877,0.623,Outside midfielder
2026,Connor Budarick,16,Western Bulldogs,25.416,4.671,14.762,5.922,0.167,0.0,1.585,3.92,2.335,2.752,0.917,0.083,0.0,0.083,0.751,0.662,Rebounding defender
2026,Connor Idun,23,Greater Western Sydney,26.066,5.864,13.829,6.521,0.438,0.0,0.832,3.895,5.12,1.838,0.35,0.0,0.0,0.0,0.438,0.553,Key defender
2026,Connor Macdonald,25,Hawthorn,23.682,8.919,17.222,5.741,0.154,0.718,5.689,0.923,0.615,4.152,2.87,0.974,0.0,0.82,0.359,0.571,Inside midfielder
2026,Connor OSullivan,25,Geelong,21.315,5.718,10.214,7.202,1.091,0.0,1.091,3.667,5.849,1.79,0.175,0.131,0.044,0.044,0.044,0.609,Key defender
2026,Conor McKenna,21,Brisbane Lions,30.498,3.98,9.798,2.756,0.122,0.612,4.409,0.674,1.531,1.898,0.49,1.225,0.0,1.531,1.102,0.797,Small forward
2026,Conor Nash,10,Hawthorn,27.813,13.71,12.097,2.823,0.0,0.269,2.688,1.882,2.016,7.124,7.392,0.538,0.0,0.269,0.0,0.419,Inside midfielder
2026,Conor Stone,10,Greater Western Sydney,24.334,5.444,12.034,4.155,0.0,0.43,2.722,1.576,2.292,2.436,0.86,0.716,0.0,0.573,0.43,0.492,Pressure / role player
2026,Cooper Duff-Tytler,16,West Coast,19.003,6.859,6.137,2.978,0.361,1.173,2.437,0.542,2.888,3.881,1.715,0.361,6.588,0.361,0.0,0.462,Pressure / role player
2026,Cooper Hynes,23,Western Bulldogs,20.517,5.788,12.607,3.266,0.172,0.458,3.037,1.261,1.089,3.61,1.547,0.344,0.0,0.688,0.057,0.541,Pressure / role player
2026,Cooper Lord,11,Carlton,21.46,6.302,20.214,6.421,0.357,0.357,3.329,2.378,0.951,3.092,1.546,0.476,0.0,0.476,0.238,0.57,Outside midfielder
2026,Cooper Sharman,21,St Kilda,26.071,5.434,8.067,5.266,1.289,2.689,2.465,0.392,2.297,1.345,0.392,1.457,0.168,1.457,0.0,0.61,Key forward
2026,Cooper Trembath,23,North Melbourne,20.849,5.41,7.104,5.628,1.475,2.022,1.749,0.273,1.311,2.678,0.874,0.546,6.503,1.749,0.0,0.572,Key forward
2026,Corey Durdin,23,Port Adelaide,24.359,4.78,7.061,4.183,0.217,1.467,2.281,0.054,0.815,2.553,0.38,0.815,0.0,1.738,0.217,0.709,Small forward
2026,Corey Wagner,16,Fremantle,29.512,6.234,16.512,4.634,0.0,0.253,3.96,3.623,1.516,3.875,1.601,0.674,0.0,0.0,1.011,0.62,Outside midfielder
2026,Dan Butler,10,St Kilda,30.214,4.665,9.913,2.332,0.437,0.292,2.478,0.583,0.437,6.268,0.583,0.437,0.0,0.875,0.146,0.592,Pressure / role player
2026,Dan Houston,24,Collingwood,29.296,5.867,16.264,7.823,0.412,0.206,2.779,5.404,2.265,3.088,1.081,0.36,0.0,0.309,0.257,0.634,Rebounding defender
2026,Dane Rampe,17,Sydney,36.296,6.011,10.969,3.381,0.376,0.075,1.277,3.681,5.409,2.404,0.676,0.075,0.0,0.0,0.225,0.475,Key defender
2026,Daniel Curtin,18,Adelaide,21.515,8.863,11.508,4.932,0.643,0.357,3.717,2.287,2.43,4.503,2.931,0.786,0.071,0.286,0.357,0.625,Outside midfielder
2026,Daniel McStay,24,Collingwood,31.178,7.032,6.012,5.314,1.986,2.469,2.576,0.215,1.718,3.918,1.288,0.537,3.865,2.523,0.0,0.583,Key forward
2026,Daniel Rioli,20,Gold Coast,29.345,5.174,18.423,4.858,0.063,0.063,3.281,3.407,0.883,3.091,0.631,0.379,0.0,0.126,3.596,0.518,Outside midfielder
2026,Daniel Turner,20,Melbourne,24.583,5.666,9.626,6.601,1.155,0.0,1.705,3.52,5.721,1.705,0.055,0.11,0.0,0.11,0.22,0.685,Key defender
2026,Dante Visentini,15,Port Adelaide,23.523,5.258,4.789,3.38,0.188,0.376,1.315,0.376,5.728,2.441,1.408,0.282,16.432,0.563,0.0,0.524,Ruck
2026,Darcy Byrne-Jones,22,Port Adelaide,30.923,7.126,15.92,6.494,0.115,0.115,1.782,4.598,1.724,2.356,1.034,0.287,0.0,0.23,0.46,0.642,Rebounding defender
2026,Darcy Cameron,23,Collingwood,31.112,14.088,7.845,4.807,1.326,0.331,1.934,1.713,1.934,4.42,5.912,0.387,30.994,0.166,0.0,0.512,Ruck
2026,Darcy Fogarty,16,Adelaide,26.964,6.464,8.1,6.308,1.48,2.882,2.414,0.078,0.935,2.648,0.312,0.857,0.0,2.648,0.0,0.708,Key forward
2026,Darcy Fort,26,Brisbane Lions,33.14,11.082,7.474,5.026,1.546,0.58,3.286,1.611,4.188,2.448,5.09,0.644,25.773,0.515,0.0,0.618,Ruck
2026,Darcy Gardiner,16,Brisbane Lions,31.011,4.089,7.509,5.353,0.52,0.0,0.595,2.454,7.509,1.115,0.297,0.074,0.0,0.0,0.074,0.658,Key defender
2026,Darcy Parish,14,Essendon,28.964,12.452,20.594,4.981,0.096,0.096,5.939,1.628,0.383,3.257,7.088,0.958,0.0,0.192,0.096,0.499,Inside midfielder
2026,Darcy Wilmot,27,Brisbane Lions,22.736,5.841,14.292,7.566,0.531,0.0,1.903,4.602,2.655,1.947,1.239,0.088,0.0,0.044,0.575,0.754,Rebounding defender
2026,Darcy Wilson,22,St Kilda,21.005,6.852,18.923,5.546,0.163,0.598,5.003,1.686,1.251,2.936,1.958,0.761,0.0,0.87,1.631,0.523,Outside midfielder
2026,Dayne Zorko,17,Brisbane Lions,37.627,5.31,19.97,8.302,0.15,0.0,3.515,8.078,1.72,2.543,1.346,0.598,0.0,0.299,0.449,0.791,Rebounding defender
2026,Dion Prestia,17,Richmond,33.841,8.797,18.838,4.979,0.083,0.332,4.979,2.075,1.162,4.315,3.568,0.664,0.0,0.083,0.249,0.494,Inside midfielder
2026,Dylan Moore,24,Hawthorn,27.126,6.238,14.864,5.166,0.244,0.926,3.85,0.634,0.828,3.265,0.975,1.121,0.0,1.17,0.146,0.514,Small forward
2026,Dylan Stephens,23,North Melbourne,25.621,5.658,17.953,6.019,0.206,0.309,3.652,2.778,1.132,2.006,1.646,0.36,0.0,0.206,0.463,0.607,Outside midfielder
2026,Dyson Sharp,15,Essendon,19.252,10.028,14.433,4.967,0.281,0.281,4.03,0.469,0.937,5.248,4.405,0.75,0.0,0.281,0.094,0.509,Inside midfielder
2026,Ed Langdon,24,Melbourne,30.572,5.749,14.975,5.61,0.093,0.603,2.457,2.689,1.252,2.225,0.927,0.603,0.0,0.556,0.695,0.52,Outside midfielder
2026,Ed Richards,24,Western Bulldogs,27.175,12.856,19.44,4.406,0.104,0.415,8.502,3.11,1.348,5.495,7.413,1.14,0.0,1.14,1.918,0.671,Inside midfielder
2026,Edward Allan,19,Collingwood,22.257,9.064,14.37,1.99,0.0,0.0,3.906,1.253,1.4,7.296,3.537,0.368,0.0,0.442,0.516,0.394,Inside midfielder
2026,Elliot Yeo,21,West Coast,32.893,11.081,12.305,3.603,0.068,0.884,5.235,0.748,1.36,7.41,5.303,0.476,0.0,0.884,0.34,0.551,Inside midfielder
2026,Eric Hipwood,14,Brisbane Lions,29.036,5.992,8.546,6.189,1.473,2.456,2.652,0.589,2.259,2.358,0.196,0.589,0.0,1.965,0.0,0.731,Key forward
2026,Errol Gulden,13,Sydney,24.17,11.373,28.431,4.608,0.0,0.294,9.216,5.49,0.392,6.569,5.882,1.373,0.0,0.392,1.863,0.639,Inside midfielder
2026,Esava Ratugolea,8,Port Adelaide,27.906,5.606,6.364,6.515,1.97,0.0,0.303,3.333,5.758,1.515,0.303,0.152,0.0,0.0,0.0,0.674,Key defender
2026,Ethan Read,15,Gold Coast,21.12,5.978,7.428,3.714,0.996,1.54,1.268,0.543,2.264,1.721,1.087,0.181,2.899,1.087,0.0,0.591,Key forward
2026,Ewan Mackinlay,14,Port Adelaide,22.923,5.355,9.972,3.601,0.185,0.185,2.401,1.57,0.646,3.324,1.016,0.277,0.0,0.554,0.923,0.642,Pressure / role player
2026,Finn Callaghan,19,Greater Western Sydney,23.246,10.24,24.433,3.694,0.13,0.065,6.351,3.953,1.555,5.25,5.379,0.713,0.0,0.518,1.879,0.477,Inside midfielder
2026,Finn OSullivan,19,North Melbourne,20.233,8.588,15.967,4.771,0.127,0.573,3.753,1.272,1.718,3.562,4.135,0.636,0.0,0.318,0.127,0.476,Outside midfielder
2026,Francis Evans,23,Carlton,25.033,7.232,10.339,3.729,0.395,0.847,4.068,0.847,0.678,4.802,0.678,1.073,0.0,1.356,0.169,0.609,Small forward
2026,George Hewett,21,Carlton,30.682,12.683,20.584,5.71,0.266,0.133,4.316,1.394,0.996,5.91,5.91,0.664,0.0,0.863,0.0,0.456,Inside midfielder
2026,George Wardlaw,16,North Melbourne,22.2,15.251,13.204,3.992,0.102,0.307,4.708,1.945,3.071,8.802,6.653,0.307,0.0,0.614,0.307,0.537,Inside midfielder
2026,Griffin Logue,16,North Melbourne,28.361,5.12,9.62,5.818,0.465,0.0,0.543,3.181,5.663,1.241,0.155,0.0,0.0,0.0,0.233,0.505,Key defender
2026,Gryan Miers,17,Geelong,27.452,6.164,18.854,5.946,0.0,0.435,3.553,1.523,0.798,2.828,1.45,1.16,0.0,0.435,0.363,0.545,Outside midfielder
2026,Hamish Davis,21,West Coast,20.309,6.456,12.025,4.241,0.19,0.19,2.278,1.772,1.456,2.848,1.329,0.316,0.0,0.127,0.127,0.488,Pressure / role player
2026,Harley Reid,23,West Coast,21.35,16.658,14.765,2.434,0.216,0.27,5.625,1.406,1.352,4.056,8.167,0.433,0.0,0.811,2.217,0.472,Inside midfielder
2026,Harris Andrews,24,Brisbane Lions,29.791,5.885,8.186,7.611,2.168,0.0,0.752,2.788,8.097,1.416,0.044,0.133,0.0,0.0,0.0,0.647,Key defender
2026,Harry Cunningham,14,Sydney,32.747,3.969,13.069,5.131,0.387,0.29,2.033,1.936,2.614,3.679,0.387,0.194,0.0,0.194,0.387,0.54,Outside midfielder
2026,Harry Dean,22,Carlton,18.808,4.543,10.108,6.076,0.511,0.0,0.681,2.271,6.644,1.59,0.227,0.114,0.0,0.057,0.0,0.609,Key defender
2026,Harry Himmelberg,23,Greater Western Sydney,30.29,5.544,11.788,6.444,0.599,0.15,1.548,3.796,6.793,1.548,0.35,0.1,0.0,0.1,0.45,0.573,Key defender
2026,Harry Kyle,12,Sydney,19.175,5.154,10.307,2.851,0.0,0.11,1.425,2.522,2.632,2.412,0.768,0.11,0.0,0.11,0.439,0.46,Pressure / role player
2026,Harry McKay,23,Carlton,28.695,8.728,7.361,6.467,1.84,2.103,2.629,0.368,1.157,1.735,1.42,0.315,1.735,1.84,0.053,0.674,Key forward
2026,Harry Morrison,15,Hawthorn,27.851,5.953,14.24,6.034,0.161,0.402,2.896,1.529,0.885,3.298,1.529,0.885,0.0,0.402,0.161,0.572,Outside midfielder
2026,Harry Perryman,16,Collingwood,27.611,4.962,16.232,6.056,0.421,0.0,2.691,4.121,2.607,3.701,0.589,0.168,0.0,0.0,0.252,0.644,Rebounding defender
2026,Harry Petty,20,Melbourne,26.794,5.782,6.372,5.959,1.77,2.065,1.652,0.649,4.248,3.186,0.295,0.708,1.416,1.534,0.0,0.626,Key forward
2026,Harry Rowston,12,Greater Western Sydney,22.027,7.985,15.716,5.07,0.0,0.253,3.422,2.028,1.394,4.183,2.662,1.014,0.0,0.76,0.253,0.577,Outside midfielder
2026,Harry Sharp,24,Melbourne,23.698,5.35,10.391,3.189,0.0,0.617,4.321,0.412,0.977,2.829,1.235,0.874,0.0,1.337,1.286,0.597,Small forward
2026,Harry Sheezel,22,North Melbourne,21.838,12.176,25.141,8.117,0.282,0.846,5.468,2.311,1.015,6.032,5.581,0.676,0.0,0.676,0.225,0.485,Inside midfielder
2026,Harvey Harrison,12,Collingwood,22.797,3.488,11.628,4.651,0.116,1.047,3.14,0.349,0.465,4.302,0.814,1.163,0.0,0.465,0.349,0.625,Small forward
2026,Harvey Johnston,8,West Coast,20.956,3.39,7.458,3.22,0.0,0.339,1.017,0.0,0.169,3.22,0.169,0.508,0.0,0.678,0.0,0.516,Pressure / role player
2026,Harvey Langford,24,Melbourne,20.457,8.487,12.35,4.897,0.871,1.143,2.775,1.197,0.653,2.503,2.013,0.544,0.0,1.251,0.435,0.495,Small forward
2026,Harvey Thomas,22,Greater Western Sydney,21.038,9.399,14.683,3.893,0.222,0.389,2.836,2.781,1.669,4.672,2.169,0.445,0.0,0.501,0.445,0.468,Pressure / role player
2026,Hayden McLean,12,Sydney,27.66,7.238,4.825,3.739,1.689,2.051,1.448,0.844,4.222,2.533,1.689,0.362,9.047,1.93,0.0,0.556,Key forward
2026,Hayden Young,18,Fremantle,25.46,11.156,17.182,5.782,0.081,0.326,6.026,1.466,1.71,5.13,5.13,0.733,0.081,0.977,0.896,0.536,Inside midfielder
2026,Heath Chapman,26,Fremantle,24.652,4.799,12.569,6.261,0.594,0.091,1.828,3.336,3.885,2.377,0.32,0.274,0.0,0.046,0.457,0.581,Key defender
2026,Hugh Boxshall,10,St Kilda,20.11,8.497,10.327,3.791,0.261,0.915,2.092,0.915,3.007,7.32,3.137,0.0,0.0,0.523,0.0,0.461,Pressure / role player
2026,Hugh McCluggage,17,Brisbane Lions,28.567,10.269,15.993,5.808,0.084,0.926,4.461,2.104,1.178,4.714,4.63,0.673,0.0,1.094,0.084,0.569,Inside midfielder
2026,Hugo Garcia,23,St Kilda,21.246,13.229,17.793,3.466,0.0,0.347,4.795,1.155,2.08,7.452,7.915,0.867,0.0,0.635,0.52,0.452,Inside midfielder
2026,Hugo Hall-Kahan,13,Adelaide,22.972,5.894,16.783,5.095,0.1,0.1,3.596,5.495,0.699,2.298,1.099,0.1,0.0,0.1,0.599,0.702,Rebounding defender
2026,Hugo Ralphsmith,13,Richmond,24.783,6.022,10.766,3.65,0.0,0.547,3.558,1.642,2.281,1.642,1.095,0.456,0.0,0.547,0.182,0.532,Pressure / role player
2026,Hussien El Achkar,9,Essendon,19.35,5.919,4.361,1.246,0.0,0.779,1.713,0.156,0.467,3.427,0.935,0.623,0.0,1.558,0.312,0.5,Pressure / role player
2026,Isaac Cumming,17,Adelaide,28.068,6.017,13.222,5.384,0.317,0.238,2.85,2.771,3.167,3.721,1.188,0.633,0.0,0.633,0.158,0.618,Outside midfielder
2026,Isaac Heeney,20,Sydney,30.282,16.343,16.281,4.321,0.689,1.378,5.26,1.879,1.127,6.137,7.765,1.252,0.0,2.004,0.501,0.48,Inside midfielder
2026,Isaac Kako,15,Essendon,20.463,6.143,7.679,2.133,0.085,0.597,2.56,0.171,1.109,2.56,1.024,0.427,0.0,0.768,0.512,0.463,Pressure / role player
2026,Isaac Quaynor,21,Collingwood,26.616,5.069,14.747,7.028,0.288,0.0,1.555,5.242,4.378,3.341,0.518,0.115,0.0,0.0,0.634,0.587,Rebounding defender
2026,Isaiah Dudley,27,Fremantle,23.408,5.619,9.433,2.474,0.0,0.876,2.732,0.309,1.082,3.505,0.979,1.134,0.0,1.753,0.258,0.579,Small forward
2026,Izak Rankine,22,Adelaide,26.389,13.844,16.762,5.435,0.286,0.286,5.892,2.918,1.945,5.206,6.522,0.629,0.0,1.43,0.686,0.61,Inside midfielder
2026,Jack Bowes,9,Geelong,28.454,7.692,16.987,5.288,0.481,0.321,5.128,1.603,0.801,3.526,1.442,0.962,0.0,1.122,0.481,0.576,Outside midfielder
2026,Jack Buckley,9,Greater Western Sydney,28.433,4.762,8.98,4.49,0.68,0.0,0.68,2.857,7.619,1.633,0.136,0.0,0.0,0.0,0.0,0.65,Key defender
2026,Jack Buller,10,Collingwood,25.151,3.984,6.64,4.781,1.328,2.656,0.797,0.0,1.594,1.859,0.266,0.0,0.398,0.93,0.0,0.512,Key forward
2026,Jack Carroll,12,St Kilda,23.435,3.481,15.928,7.7,0.316,0.0,3.481,3.165,1.899,2.426,0.316,0.633,0.0,0.0,0.738,0.67,Rebounding defender
2026,Jack Crisp,24,Collingwood,32.903,9.461,16.596,6.237,0.317,0.423,4.123,2.643,2.061,5.391,2.59,0.264,0.0,0.317,0.211,0.51,Outside midfielder
2026,Jack Darling,22,North Melbourne,34.194,7.623,6.855,6.15,1.986,2.562,2.05,0.769,1.345,3.203,0.961,0.833,1.281,2.306,0.0,0.619,Key forward
2026,Jack Ginnivan,24,Hawthorn,23.778,6.452,16.975,6.716,0.106,0.899,5.288,1.481,1.586,2.961,1.375,1.111,0.0,1.058,0.212,0.629,Outside midfielder
2026,Jack Graham,13,West Coast,28.49,9.631,15.266,2.971,0.0,0.102,3.791,2.152,0.307,8.299,3.893,0.922,0.0,0.41,0.0,0.542,Inside midfielder
2026,Jack Gunston,19,Hawthorn,34.925,3.637,7.99,6.5,0.656,4.532,1.371,0.0,0.775,1.073,0.119,0.119,0.0,3.936,0.0,0.854,Key forward
2026,Jack Henry,21,Geelong,28.036,4.454,6.948,5.107,0.653,0.297,0.831,1.544,6.413,1.485,0.178,0.119,0.238,0.356,0.0,0.64,Key defender
2026,Jack Higgins,16,St Kilda,27.408,5.943,7.448,3.09,0.158,2.298,0.872,0.079,1.347,2.298,0.317,0.555,0.0,2.298,0.0,0.59,Key forward
2026,Jack Ison,8,Carlton,19.293,6.94,9.253,5.338,0.178,0.89,3.381,0.178,1.957,2.313,0.356,1.068,0.0,0.534,0.178,0.667,Small forward
2026,Jack Lukosius,8,Port Adelaide,25.92,5.487,11.327,7.965,0.885,1.239,5.133,1.416,3.363,3.186,0.177,0.885,0.0,1.062,0.0,0.804,Key forward
2026,Jack Macrae,12,St Kilda,32.047,16.242,19.06,4.832,0.0,0.0,4.564,1.342,1.745,7.517,7.114,0.537,0.0,0.0,0.0,0.342,Inside midfielder
2026,Jack Martin,18,Geelong,31.561,6.039,10.196,5.725,0.549,2.51,1.804,0.392,0.941,3.451,0.941,0.549,0.0,1.725,0.0,0.582,Key forward
2026,Jack Ross,19,Richmond,25.966,13.668,17.033,4.533,0.275,0.137,4.876,1.305,1.305,5.563,5.151,0.687,0.069,0.412,0.893,0.374,Inside midfielder
2026,Jack Silvagni,23,St Kilda,28.674,5.777,9.564,6.629,0.994,0.331,0.9,3.125,5.966,2.178,0.095,0.047,0.0,0.237,0.331,0.657,Key defender
2026,Jack Sinclair,15,St Kilda,31.353,6.345,22.589,7.953,0.085,0.0,3.469,6.43,2.2,2.03,1.354,0.677,0.0,0.169,1.015,0.703,Rebounding defender
2026,Jack Steele,24,Melbourne,30.709,13.774,16.54,4.176,0.163,0.38,4.826,1.735,1.41,7.863,6.508,0.759,0.0,0.217,0.163,0.39,Inside midfielder
2026,Jack Watkins,11,Port Adelaide,25.619,5.933,14.906,4.776,0.289,0.289,3.763,0.868,0.724,3.473,1.881,0.434,0.0,0.434,0.145,0.597,Outside midfielder
2026,Jack Whitlock,23,Port Adelaide,20.271,4.505,6.234,4.61,0.995,2.252,1.152,0.105,1.676,1.048,0.314,0.419,1.572,1.257,0.052,0.618,Key forward
2026,Jack Williams,12,West Coast,22.726,6.188,6.851,3.867,0.994,1.215,2.099,0.442,1.547,2.652,1.657,0.773,5.083,0.994,0.0,0.561,Key forward
2026,Jackson Mead,10,Port Adelaide,24.854,5.382,10.907,4.674,0.142,0.283,3.966,2.55,0.567,3.541,2.408,0.567,0.0,0.142,0.283,0.664,Outside midfielder
2026,Jacob Farrow,21,Essendon,18.92,5.039,16.017,7.678,0.12,0.24,1.98,3.779,0.48,2.22,0.78,0.18,0.0,0.24,0.78,0.608,Rebounding defender
2026,Jacob Hopper,12,Richmond,29.35,14.527,14.865,3.153,0.0,0.113,4.617,1.577,1.014,3.491,6.532,0.338,0.0,0.0,0.338,0.451,Inside midfielder
2026,Jacob Konstanty,10,North Melbourne,21.652,5.202,7.542,3.251,0.26,0.78,1.04,0.39,1.04,2.991,1.17,0.39,0.0,0.91,0.26,0.453,Pressure / role player
2026,Jacob Wehr,17,Port Adelaide,28.134,3.897,12.393,4.365,0.078,0.312,3.118,2.572,0.779,2.884,1.247,0.468,0.0,0.078,0.0,0.725,Outside midfielder
2026,Jacob Weitering,14,Carlton,28.78,4.911,10.789,8.213,1.127,0.0,0.322,3.221,8.696,0.805,0.0,0.0,0.161,0.0,0.0,0.704,Key defender
2026,Jacob van Rooyen,22,Melbourne,23.331,7.237,7.401,5.702,1.371,2.796,2.303,0.11,1.59,1.535,0.987,0.548,2.029,2.303,0.0,0.588,Key forward
2026,Jagga Smith,25,Carlton,20.6,12.208,21.072,4.087,0.053,0.318,4.459,1.221,0.743,3.609,5.892,0.69,0.0,0.531,0.584,0.42,Inside midfielder
2026,Jai Murray,9,Gold Coast,19.4,5.172,14.89,5.329,0.0,0.0,2.978,2.978,0.157,2.351,0.627,0.627,0.0,0.0,0.627,0.624,Outside midfielder
2026,Jai Newcombe,25,Hawthorn,25.131,15.829,16.985,3.97,0.151,0.352,4.874,2.312,1.759,5.126,9.246,0.804,0.05,0.402,0.503,0.467,Inside midfielder
2026,Jai Serong,24,Sydney,23.586,7.753,13.297,5.447,0.638,0.245,3.091,2.552,2.159,3.435,2.257,0.491,0.0,0.343,0.196,0.526,Outside midfielder
2026,Jake Bowey,16,Melbourne,23.961,6.742,17.154,4.869,0.075,0.0,2.622,7.416,1.199,2.921,1.573,0.375,0.0,0.15,1.049,0.692,Rebounding defender
2026,Jake Kolodjashnij,11,Geelong,30.92,4.419,10.233,5.116,0.93,0.0,0.814,2.674,5.465,1.163,0.116,0.0,0.0,0.116,0.233,0.58,Key defender
2026,Jake Lever,22,Melbourne,30.465,4.274,10.589,6.98,0.475,0.0,0.95,3.419,5.983,1.567,0.0,0.047,0.0,0.0,0.047,0.68,Key defender
2026,Jake Lloyd,25,Sydney,32.994,5.791,14.077,5.226,0.094,0.989,3.202,1.836,2.26,2.542,0.989,0.612,0.0,0.847,0.518,0.561,Outside midfielder
2026,Jake Riccardi,9,Greater Western Sydney,26.542,4.532,11.631,5.136,0.755,1.662,3.021,0.151,1.662,2.568,0.755,0.755,8.761,2.115,0.0,0.606,Key forward
2026,Jake Rogers,9,Gold Coast,21.468,6.43,9.306,2.03,0.0,0.169,2.707,0.169,0.508,3.215,1.015,1.184,0.0,0.677,0.338,0.456,Pressure / role player
2026,Jake Soligo,22,Adelaide,23.63,9.119,12.261,3.943,0.185,0.616,3.45,1.479,0.616,5.36,2.588,0.863,0.0,0.555,0.246,0.559,Pressure / role player
2026,Jake Stringer,23,Greater Western Sydney,32.326,7.15,6.844,4.392,0.511,2.298,3.115,0.102,1.583,2.451,0.868,0.868,0.0,2.451,0.0,0.743,Key forward
2026,Jake Waterman,23,West Coast,28.298,4.004,9.639,6.97,0.939,3.312,2.521,0.247,0.939,1.384,0.099,0.593,0.0,2.422,0.0,0.784,Key forward
2026,James Borlase,19,Adelaide,24.153,4.267,7.272,4.267,0.781,0.0,0.481,1.743,9.796,1.442,0.06,0.06,0.0,0.0,0.0,0.598,Key defender
2026,James Jordon,22,Sydney,25.654,6.466,11.53,2.263,0.054,0.216,2.856,1.024,0.647,4.634,2.263,0.485,0.0,0.269,0.054,0.392,Pressure / role player
2026,James ODonnell,21,Western Bulldogs,24.014,3.579,7.78,4.668,0.363,0.0,1.089,3.06,11.1,1.193,0.104,0.052,0.052,0.0,0.052,0.699,Key defender
2026,James Peatling,21,Adelaide,25.98,12.772,15.014,3.872,0.204,0.204,3.736,2.038,0.951,6.386,5.842,0.679,0.0,0.272,0.068,0.583,Inside midfielder
2026,James Rowbottom,23,Sydney,25.997,10.632,10.632,1.831,0.059,0.295,3.957,1.181,2.185,8.86,4.312,0.827,0.0,0.532,0.0,0.503,Inside midfielder
2026,James Sicily,24,Hawthorn,31.701,7.48,13.745,7.994,1.122,0.14,2.431,5.75,3.74,1.777,0.374,0.327,0.0,0.094,0.561,0.661,Rebounding defender
2026,James Trezise,14,Richmond,24.093,5.93,14.376,5.84,0.449,0.359,1.887,1.977,2.156,3.324,0.988,0.18,0.0,0.09,0.09,0.489,Outside midfielder
2026,James Tunstill,11,Brisbane Lions,23.022,5.549,12.084,5.672,0.123,0.37,2.219,1.603,2.219,1.603,0.74,0.37,0.0,0.247,0.247,0.599,Outside midfielder
2026,James Worpel,11,Geelong,27.556,11.64,14.418,3.836,0.0,0.661,6.878,1.852,0.794,9.127,7.672,0.794,0.0,0.529,0.0,0.589,Inside midfielder
2026,Jamie Elliott,11,Collingwood,33.753,4.605,9.101,4.276,0.329,2.083,1.864,0.0,0.768,1.754,0.768,0.987,0.0,1.864,0.0,0.562,Small forward
2026,Jarman Impey,23,Hawthorn,31.197,5.654,20.455,8.426,0.333,0.055,4.047,5.488,1.386,1.996,0.776,0.499,0.0,0.277,0.942,0.665,Rebounding defender
2026,Jarrod Berry,22,Brisbane Lions,28.638,8.769,15.796,7.09,0.187,0.435,3.358,3.358,1.368,3.607,2.985,0.684,0.0,0.311,0.062,0.613,Outside midfielder
2026,Jarrod Witts,13,Gold Coast,33.934,11.793,4.813,2.166,0.481,0.12,2.647,1.685,3.73,3.008,5.897,0.361,44.645,0.241,0.0,0.504,Ruck
2026,Jase Burgoyne,23,Port Adelaide,23.107,9.706,14.848,6.348,0.21,0.682,4.46,2.991,1.574,4.46,3.043,0.892,0.0,0.525,0.315,0.638,Outside midfielder
2026,Jason Horne-Francis,21,Port Adelaide,23.151,12.583,16.576,6.292,0.544,1.815,5.021,1.452,1.21,4.235,7.32,0.968,0.0,1.633,1.331,0.685,Inside midfielder
2026,Jaspa Fletcher,27,Brisbane Lions,22.586,5.496,14.982,6.605,0.266,0.044,2.527,3.768,1.02,1.729,1.108,0.266,0.0,0.133,0.665,0.66,Rebounding defender
2026,Jasper Alger,8,Richmond,19.567,5.464,6.74,3.825,0.729,2.55,1.093,0.0,1.821,2.186,0.546,0.546,0.0,2.368,0.0,0.508,Key forward
2026,Jaxon Prior,22,Essendon,25.219,4.642,13.217,5.789,0.218,0.164,1.693,4.478,3.168,2.567,0.437,0.328,0.0,0.055,0.819,0.723,Rebounding defender
2026,Jay Polkinghorne,8,Geelong,20.277,3.691,7.557,5.448,0.879,3.691,2.285,0.0,1.054,1.582,0.0,1.054,0.0,2.46,0.0,0.677,Key forward
2026,Jayden Laverde,19,Greater Western Sydney,30.326,5.577,10.963,6.717,1.141,0.0,0.697,3.549,6.781,2.535,0.127,0.0,0.0,0.0,0.0,0.559,Key defender
2026,Jayden Short,21,Richmond,30.575,4.356,19.188,8.417,0.059,0.118,3.178,5.827,1.177,1.707,0.412,0.118,0.0,0.177,0.53,0.769,Rebounding defender
2026,Jed Walter,18,Gold Coast,21.2,5.087,5.16,4.215,1.453,2.398,1.89,0.218,2.398,1.672,0.073,0.509,0.945,2.398,0.0,0.645,Key forward
2026,Jedd Busslinger,8,Western Bulldogs,22.389,3.378,11.892,5.0,0.0,0.0,0.946,4.054,9.189,0.405,0.135,0.135,0.0,0.0,0.946,0.736,Key defender
2026,Jeremy Cameron,19,Geelong,33.446,3.505,12.508,6.828,0.725,2.296,2.961,0.725,1.329,1.208,0.423,0.604,0.06,2.477,0.181,0.776,Key forward
2026,Jeremy Howe,18,Collingwood,36.164,4.594,9.629,6.986,1.196,0.063,0.818,4.783,6.671,1.259,0.126,0.126,0.0,0.063,0.063,0.808,Key defender
2026,Jesse Hogan,9,Greater Western Sydney,31.35,4.178,6.527,5.222,1.305,2.872,1.828,0.0,1.175,1.044,0.131,0.261,0.0,1.567,0.0,0.691,Key forward
2026,Jhye Clark,9,Geelong,22.082,7.396,14.946,6.163,0.616,0.616,4.314,1.387,1.541,3.698,1.233,0.462,0.0,0.462,0.154,0.517,Outside midfielder
2026,Jobe Shanahan,23,West Coast,20.057,4.51,5.48,4.947,1.455,1.794,1.067,0.679,2.085,1.552,0.048,0.194,0.0,1.406,0.0,0.646,Key forward
2026,Joe Berry,23,Port Adelaide,20.348,6.117,11.541,4.328,0.058,0.462,4.443,0.692,0.635,2.25,0.981,0.75,0.0,0.808,0.115,0.581,Small forward
2026,Joe Fonti,22,Greater Western Sydney,21.66,4.42,16.575,7.79,0.276,0.0,1.547,3.978,4.751,3.204,0.552,0.055,0.0,0.11,0.939,0.601,Rebounding defender
2026,Joe Richards,20,Port Adelaide,26.747,8.037,14.517,5.483,0.125,0.374,4.361,1.184,1.371,5.607,3.614,0.748,0.0,0.561,0.623,0.614,Outside midfielder
2026,Joel Amartey,15,Sydney,26.81,5.386,5.835,4.309,1.167,2.962,1.436,0.0,2.154,2.334,0.449,0.539,1.257,2.513,0.0,0.642,Key forward
2026,Joel Fitzgerald,11,Melbourne,23.057,12.184,19.762,2.675,0.0,0.149,5.498,1.486,0.743,7.875,5.349,0.892,0.0,0.297,0.0,0.491,Inside midfielder
2026,Joel Freijah,25,Western Bulldogs,20.808,9.71,13.961,4.589,0.097,0.483,3.188,1.981,2.222,4.783,4.928,1.063,0.0,0.58,0.338,0.528,Inside midfielder
2026,Joel Hamling,11,Sydney,33.444,4.716,5.681,4.287,1.072,0.429,0.429,1.929,7.181,1.393,0.214,0.214,0.0,0.107,0.107,0.375,Key defender
2026,Joel Jeffrey,22,Gold Coast,24.441,5.185,16.543,7.16,0.309,0.556,3.58,3.827,2.284,2.654,0.926,0.556,0.0,0.432,1.111,0.684,Rebounding defender
2026,John Noble,23,Gold Coast,29.405,4.812,23.321,8.673,0.159,0.212,3.596,6.663,1.111,2.327,0.793,0.264,0.0,0.37,1.005,0.671,Rebounding defender
2026,Jonty Faull,10,Richmond,20.301,3.589,5.074,3.342,0.619,1.238,1.609,0.124,2.599,1.733,0.0,0.124,0.495,0.866,0.0,0.652,Key forward
2026,Jordan Clark,27,Fremantle,25.945,6.147,17.283,5.702,0.223,0.045,3.608,5.88,1.915,2.405,1.47,0.668,0.0,0.089,1.514,0.636,Rebounding defender
2026,Jordan Croft,17,Western Bulldogs,21.263,4.88,6.452,3.06,0.414,0.827,2.316,0.414,1.902,2.068,0.91,0.414,2.068,1.075,0.165,0.548,Pressure / role player
2026,Jordan Dawson,22,Adelaide,29.427,11.002,19.102,6.24,0.712,0.657,5.528,3.175,1.533,6.897,4.981,0.821,0.0,1.204,0.657,0.654,Inside midfielder
2026,Jordan de Goey,22,Collingwood,30.454,8.333,18.59,6.177,0.524,0.874,5.303,1.632,0.816,3.03,3.205,1.224,0.0,1.224,0.058,0.554,Small forward
2026,Jordon Butts,9,Adelaide,26.424,5.155,7.99,5.155,1.16,0.0,0.773,2.706,6.701,0.644,0.515,0.0,0.0,0.129,0.0,0.564,Key defender
2026,Jordon Sweet,22,Port Adelaide,28.553,11.517,5.644,2.908,0.684,0.684,3.022,1.311,4.561,3.022,6.214,0.342,37.856,0.627,0.114,0.529,Ruck
2026,Josaia Delana,9,Greater Western Sydney,20.142,6.347,7.121,1.858,0.0,0.155,2.941,0.31,1.393,5.418,1.858,1.084,0.0,0.155,0.0,0.5,Pressure / role player
2026,Josh Battle,23,Hawthorn,28.049,5.168,12.511,6.573,0.861,0.045,1.36,5.032,4.896,1.541,0.227,0.0,0.136,0.091,0.544,0.655,Key defender
2026,Josh Daicos,24,Collingwood,27.753,6.7,22.878,6.948,0.0,0.298,3.722,5.509,0.645,3.722,1.787,0.496,0.0,0.05,0.248,0.601,Rebounding defender
2026,Josh Dolan,13,Western Bulldogs,19.816,5.369,10.85,3.579,0.0,0.671,3.803,0.112,0.336,2.796,0.783,0.671,0.0,0.559,0.671,0.514,Pressure / role player
2026,Josh Dunkley,27,Brisbane Lions,29.712,11.142,15.215,5.805,0.375,0.375,3.839,1.826,2.528,8.848,3.745,0.655,0.0,0.187,0.0,0.481,Inside midfielder
2026,Josh Lai,19,Port Adelaide,20.893,4.826,10.456,6.501,0.67,0.0,1.743,3.887,3.686,2.011,0.268,0.201,0.0,0.0,0.067,0.674,Key defender
2026,Josh Lindsay,15,West Coast,19.378,4.72,15.049,5.343,0.089,0.089,1.959,4.809,1.336,1.425,0.534,0.089,0.0,0.089,0.178,0.714,Rebounding defender
2026,Josh Rachele,25,Adelaide,23.422,7.753,10.487,3.926,0.099,1.193,3.678,0.845,0.895,2.833,1.889,1.193,0.0,2.087,0.199,0.68,Small forward
2026,Josh Treacy,27,Fremantle,24.145,7.23,7.608,7.02,2.27,3.363,3.069,0.084,2.984,2.648,0.042,0.715,0.0,2.396,0.0,0.704,Key forward
2026,Josh Ward,25,Hawthorn,23.09,10.972,18.234,5.329,0.104,0.157,4.65,1.463,1.411,5.016,5.434,1.045,0.0,0.313,0.157,0.475,Inside midfielder
2026,Josh Weddle,22,Hawthorn,22.32,5.619,12.588,5.727,0.81,0.648,3.187,2.539,3.512,3.025,0.702,0.54,0.432,0.378,2.161,0.56,Outside midfielder
2026,Josh Worrell,24,Adelaide,25.422,7.47,13.381,6.288,0.331,0.0,1.418,6.194,4.492,1.939,0.757,0.047,0.0,0.0,0.567,0.637,Rebounding defender
2026,Judd McVee,24,Fremantle,23.137,5.675,12.086,4.992,0.368,0.0,1.471,3.416,2.47,0.893,0.998,0.368,0.0,0.053,1.682,0.548,Rebounding defender
2026,Justin McInerney,14,Sydney,26.085,8.848,20.645,5.069,0.092,0.737,4.885,1.935,1.475,3.318,3.871,1.198,0.0,1.382,0.276,0.421,Inside midfielder
2026,Jy Simpkin,23,North Melbourne,28.468,7.696,18.461,6.136,0.364,0.832,4.368,1.664,0.988,2.548,3.172,0.572,0.0,0.676,0.78,0.566,Outside midfielder
2026,Jye Amiss,26,Fremantle,23.156,4.968,5.745,5.054,1.728,3.629,1.21,0.0,1.296,1.08,0.043,0.389,0.0,2.765,0.043,0.726,Key forward
2026,Jye Caldwell,17,Essendon,25.901,10.804,15.41,4.104,0.084,0.251,3.35,1.843,0.754,7.035,4.69,0.586,0.0,0.503,0.168,0.474,Inside midfielder
2026,Kade Chandler,23,Melbourne,26.624,8.237,10.56,3.01,0.106,0.634,4.646,1.109,1.214,5.544,2.482,1.214,0.0,1.162,0.739,0.525,Small forward
2026,Kai Lohmann,27,Brisbane Lions,23.392,7.023,9.395,4.512,0.698,2.047,3.349,0.419,0.605,4.047,1.302,1.023,0.0,2.558,0.744,0.625,Small forward
2026,Kane Farrell,13,Port Adelaide,27.318,4.492,15.039,8.398,0.098,0.0,3.32,5.859,2.246,2.441,0.977,0.098,0.0,0.195,2.051,0.837,Rebounding defender
2026,Kane McAuliffe,10,Richmond,21.476,10.0,16.944,3.889,0.139,0.0,4.861,2.778,1.25,4.583,3.75,0.833,0.0,0.417,0.0,0.558,Inside midfielder
2026,Karl Amon,20,Hawthorn,31.085,3.627,18.136,6.504,0.0,0.0,2.752,5.503,1.814,2.564,0.625,0.563,0.0,0.0,1.126,0.706,Rebounding defender
2026,Karl Worner,27,Fremantle,24.279,5.213,15.546,7.499,0.503,0.0,1.6,5.578,3.567,2.881,0.594,0.091,0.0,0.0,1.326,0.63,Rebounding defender
2026,Keidean Coleman,13,Brisbane Lions,26.337,5.702,15.351,7.675,0.329,0.219,3.618,3.728,2.632,1.754,0.439,0.439,0.0,0.219,0.11,0.735,Rebounding defender
2026,Kieren Briggs,18,Greater Western Sydney,26.876,11.501,6.117,2.284,0.326,0.326,3.507,1.713,2.61,5.057,6.362,0.326,35.318,0.163,0.0,0.558,Ruck
2026,Koltyn Tholstrup,24,Melbourne,21.17,6.988,12.217,5.028,0.402,0.151,2.061,4.324,2.464,1.709,0.855,0.302,0.0,0.151,0.654,0.611,Rebounding defender
2026,Kye Annand,11,Richmond,22.854,4.188,8.691,5.34,0.419,0.0,0.838,3.979,8.691,0.942,0.419,0.0,0.0,0.0,0.0,0.711,Key defender
2026,Kyle Langford,19,Essendon,29.726,6.554,11.548,5.93,0.687,0.749,1.436,2.684,2.871,2.31,0.499,0.25,0.062,0.25,0.125,0.577,Key defender
2026,Kysaiah Pickett,24,Melbourne,25.241,10.684,15.527,3.495,0.3,0.799,5.741,1.897,2.147,5.542,5.342,1.048,0.0,1.398,2.346,0.714,Inside midfielder
2026,Lachie Ash,23,Greater Western Sydney,25.17,6.174,25.066,8.707,0.053,0.158,4.433,7.916,1.847,1.953,1.266,0.475,0.0,0.053,3.694,0.662,Rebounding defender
2026,Lachie Jaques,10,Western Bulldogs,20.208,4.074,14.323,5.782,0.131,0.131,2.497,3.548,1.84,2.76,0.526,0.394,0.0,0.0,0.263,0.673,Rebounding defender
2026,Lachie Jones,20,Port Adelaide,24.372,4.789,8.458,4.415,0.187,0.062,1.244,4.229,4.54,2.799,0.187,0.249,0.0,0.124,0.124,0.627,Key defender
2026,Lachie Neale,27,Brisbane Lions,33.342,15.284,18.936,6.447,0.18,0.361,4.869,1.984,0.721,3.201,8.161,0.947,0.0,0.225,0.586,0.461,Inside midfielder
2026,Lachie Schultz,22,Collingwood,28.742,6.717,11.175,5.269,0.521,1.737,3.243,0.521,1.042,5.848,1.042,0.984,0.0,1.39,0.0,0.54,Small forward
2026,Lachie Weller,11,Gold Coast,30.282,6.209,14.399,4.227,0.264,0.528,3.699,1.982,1.585,2.906,1.453,0.925,0.0,0.661,1.717,0.535,Outside midfielder
2026,Lachie Whitfield,21,Greater Western Sydney,32.096,6.114,22.518,7.506,0.061,0.061,3.208,5.932,1.877,3.148,0.908,0.424,0.0,0.061,0.242,0.627,Rebounding defender
2026,Lachlan Blakiston,17,Essendon,27.873,6.061,5.411,2.67,0.216,0.144,1.154,2.453,3.824,2.309,2.237,0.144,12.41,0.144,0.072,0.536,Ruck
2026,Lachlan Bramble,25,Western Bulldogs,28.381,4.778,12.743,4.181,0.149,0.05,2.887,2.987,1.145,2.14,1.095,0.647,0.0,0.199,1.244,0.631,Outside midfielder
2026,Lachlan Cowan,24,Carlton,21.758,4.689,14.016,6.677,0.612,0.0,2.039,4.536,3.823,2.396,0.765,0.306,0.0,0.0,0.306,0.689,Rebounding defender
2026,Lachlan Gulbin,11,Gold Coast,19.736,4.969,10.062,3.602,0.124,0.745,3.354,0.745,1.491,3.23,0.124,0.497,0.0,0.621,0.124,0.513,Pressure / role player
2026,Lachlan McAndrew,24,Adelaide,26.298,11.13,5.421,3.23,1.153,0.288,2.884,1.153,3.749,6.228,5.998,0.519,44.464,0.404,0.0,0.475,Ruck
2026,Lachlan McNeil,11,Western Bulldogs,25.569,7.51,8.206,2.921,0.139,0.417,1.669,0.556,1.113,4.033,0.556,0.278,0.0,0.695,0.139,0.385,Pressure / role player
2026,Latrelle Pickett,16,Melbourne,20.569,5.477,8.687,2.55,0.094,0.472,3.777,0.567,1.228,1.605,1.511,0.755,0.0,0.944,3.494,0.586,Small forward
2026,Lawson Humphries,24,Geelong,23.63,5.682,16.581,6.973,0.207,0.052,2.428,5.114,2.996,2.583,0.981,0.103,0.0,0.258,0.671,0.717,Rebounding defender
2026,Leo Lombard,23,Gold Coast,19.873,6.865,11.784,3.189,0.054,0.649,3.676,0.486,0.703,3.189,1.189,1.027,0.0,0.973,1.243,0.461,Small forward
2026,Levi Ashcroft,27,Brisbane Lions,19.772,6.915,17.94,7.495,0.145,0.484,2.901,1.983,1.161,1.789,2.176,0.629,0.0,0.725,0.58,0.613,Outside midfielder
2026,Lewis Melican,11,Sydney,29.871,5.21,7.475,4.643,0.906,0.0,1.925,2.152,5.776,1.699,0.0,0.227,0.0,0.0,0.0,0.557,Key defender
2026,Lewis Young,14,Carlton,27.706,5.915,7.512,4.413,0.939,0.845,1.127,2.066,7.23,1.784,1.221,0.188,3.568,0.188,0.0,0.476,Key defender
2026,Liam Baker,20,West Coast,28.569,7.84,13.21,3.827,0.185,0.37,3.333,2.716,2.037,2.407,1.358,0.494,0.0,0.494,0.309,0.527,Outside midfielder
2026,Liam Duggan,22,West Coast,29.679,4.501,17.265,7.521,0.171,0.171,3.077,4.729,3.419,2.507,0.513,0.399,0.0,0.057,0.684,0.721,Rebounding defender
2026,Liam Henry,8,St Kilda,24.882,4.242,11.717,4.646,0.0,2.02,2.828,0.404,0.606,3.232,0.404,0.606,0.0,1.414,0.202,0.585,Small forward
2026,Liam OConnell,13,St Kilda,23.463,4.845,8.527,4.07,0.194,0.194,0.484,1.938,1.841,3.876,0.678,0.0,0.0,0.0,0.097,0.525,Pressure / role player
2026,Liam Puncher,8,Collingwood,22.986,2.144,4.747,3.522,0.459,0.0,0.153,1.685,5.207,1.378,0.153,0.0,0.0,0.0,0.0,0.553,Key defender
2026,Liam Ryan,17,St Kilda,29.882,4.538,6.103,3.052,0.548,1.878,1.956,0.0,0.861,1.33,0.313,0.861,0.0,2.582,0.469,0.765,Small forward
2026,Liam Stocker,18,St Kilda,26.572,5.197,11.952,6.013,0.371,0.0,1.262,3.786,3.415,2.079,0.52,0.0,0.0,0.0,0.074,0.597,Key defender
2026,Lincoln McCarthy,8,Brisbane Lions,32.542,5.911,10.673,6.24,0.657,0.821,2.956,1.314,0.657,2.299,0.985,0.821,0.0,0.985,0.0,0.75,Small forward
2026,Lloyd Meek,25,Hawthorn,28.411,11.118,7.161,3.329,0.754,0.377,2.513,1.445,3.455,5.276,5.59,0.565,40.955,0.251,0.0,0.423,Ruck
2026,Logan Evans,19,Port Adelaide,20.799,4.118,13.706,6.577,0.43,0.061,1.291,4.856,3.688,2.459,0.43,0.061,0.0,0.123,0.738,0.744,Rebounding defender
2026,Logan McDonald,23,Sydney,24.457,5.836,8.249,5.275,1.235,2.694,1.852,0.449,1.459,1.627,0.449,0.898,1.066,2.862,0.0,0.598,Key forward
2026,Logan Morris,26,Brisbane Lions,21.381,5.58,8.769,6.228,1.196,3.986,2.591,0.0,0.997,1.943,0.199,0.997,0.05,3.587,0.0,0.765,Key forward
2026,Luke Davies-Uniacke,23,North Melbourne,27.208,13.082,17.321,4.448,0.314,0.366,6.227,1.727,0.89,5.808,7.064,0.628,0.0,0.366,1.099,0.474,Inside midfielder
2026,Luke Jackson,27,Fremantle,24.991,14.218,9.447,3.637,1.606,0.945,2.976,0.945,2.315,6.471,6.282,0.567,33.821,1.37,0.047,0.392,Ruck
2026,Luke Kennedy,8,Western Bulldogs,19.901,7.414,8.137,1.627,0.362,0.181,1.808,0.362,0.542,5.244,1.447,0.181,0.0,0.362,0.0,0.398,Pressure / role player
2026,Luke McDonald,18,North Melbourne,31.534,3.914,14.286,6.458,0.196,0.065,1.696,4.044,3.131,2.283,0.522,0.261,0.0,0.065,0.065,0.639,Rebounding defender
2026,Luke Nankervis,18,Adelaide,23.301,6.912,13.524,4.583,0.601,0.075,1.503,2.179,2.179,3.531,0.826,0.15,0.0,0.376,0.075,0.558,Pressure / role player
2026,Luke Parker,23,North Melbourne,33.827,6.187,19.32,7.606,0.406,0.203,1.623,6.034,2.13,2.231,1.116,0.304,0.0,0.152,0.761,0.625,Rebounding defender
2026,Luke Pedlar,10,Adelaide,24.068,5.349,8.618,4.309,0.297,1.04,2.526,0.594,0.743,3.12,0.594,0.446,0.0,1.189,0.446,0.621,Small forward
2026,Luke Ryan,26,Fremantle,30.635,4.265,14.789,8.113,0.417,0.046,1.53,6.166,3.477,2.133,0.278,0.093,0.0,0.0,0.51,0.761,Rebounding defender
2026,Luke Trainor,11,Richmond,20.367,3.322,12.292,6.202,0.554,0.0,0.997,4.319,3.765,2.215,0.332,0.111,0.0,0.0,0.554,0.705,Rebounding defender
2026,Mabior Chol,20,Hawthorn,29.638,7.049,6.012,5.598,2.004,2.626,3.041,0.207,2.488,3.11,1.589,0.829,2.211,2.142,0.0,0.751,Key forward
2026,Mac Andrew,23,Gold Coast,22.709,5.843,13.218,7.423,1.006,0.048,1.485,3.879,6.034,1.724,0.575,0.287,1.676,0.096,0.239,0.616,Key defender
2026,Malakai Champion,8,West Coast,20.055,4.921,6.503,2.636,0.176,0.527,2.109,0.176,1.23,2.812,0.879,0.351,0.0,0.703,0.176,0.475,Pressure / role player
2026,Malcolm Rosas,16,Sydney,25.096,5.79,7.721,2.114,0.0,0.643,2.482,0.46,2.022,3.676,1.011,0.551,0.0,1.471,0.919,0.599,Pressure / role player
2026,Marc Pittonet,22,Carlton,30.255,11.992,4.822,1.904,0.888,0.508,1.396,1.523,3.236,4.061,6.662,0.254,33.122,0.635,0.0,0.464,Ruck
2026,Marcus Bontempelli,24,Western Bulldogs,30.78,13.74,18.899,4.911,0.298,0.843,7.093,2.381,3.373,4.812,7.044,1.091,0.198,1.538,0.546,0.511,Inside midfielder
2026,Marcus Herbert,10,West Coast,24.027,6.015,17.419,6.642,0.376,0.0,2.005,3.258,1.253,2.632,0.752,0.0,0.0,0.0,3.885,0.551,Rebounding defender
2026,Marcus Windhager,23,St Kilda,23.263,7.417,19.884,5.576,0.0,0.105,4.156,2.998,1.105,3.314,2.998,0.421,0.0,0.21,0.0,0.576,Outside midfielder
2026,Mark Blicavs,20,Geelong,35.457,9.504,8.282,3.53,0.679,0.339,2.308,0.883,4.141,3.938,2.987,0.204,14.121,0.339,0.0,0.432,Ruck
2026,Mark Keane,11,Adelaide,26.49,4.786,8.175,4.885,1.196,0.0,0.698,4.187,6.381,1.196,0.0,0.0,0.0,0.0,0.0,0.778,Key defender
2026,Mark OConnor,22,Geelong,29.649,6.239,12.25,5.495,0.172,0.229,2.232,2.118,2.69,3.205,1.202,0.687,0.0,0.229,0.172,0.53,Outside midfielder
2026,Mason Cox,20,Fremantle,35.537,6.554,4.869,4.307,1.779,1.217,1.404,1.03,3.184,2.247,2.528,0.375,26.217,0.655,0.0,0.628,Ruck
2026,Mason Redman,16,Essendon,28.991,5.008,14.785,6.359,0.477,0.079,2.067,5.326,3.339,1.987,0.715,0.556,0.0,0.238,0.715,0.741,Rebounding defender
2026,Mason Wood,20,St Kilda,32.903,6.981,14.277,7.484,0.755,0.566,2.956,1.95,2.704,2.453,1.447,0.503,0.0,0.503,0.063,0.604,Outside midfielder
2026,Massimo DAmbrosio,25,Hawthorn,23.29,6.379,18.106,5.839,0.442,0.393,4.661,2.159,1.129,3.435,1.227,0.54,0.0,0.245,0.687,0.636,Outside midfielder
2026,Matt Carroll,10,Carlton,20.482,7.184,12.5,6.178,1.149,0.862,4.885,2.011,2.73,1.149,0.431,0.575,0.0,1.293,0.431,0.657,Outside midfielder
2026,Matt Roberts,21,Sydney,23.134,5.959,14.302,4.711,0.0,0.114,3.632,2.27,1.759,2.497,1.589,0.341,0.0,0.227,0.624,0.56,Outside midfielder
2026,Matt Rowell,18,Gold Coast,25.137,17.253,14.411,2.842,0.271,0.0,5.886,2.3,0.474,8.457,9.202,0.474,0.0,0.203,0.338,0.527,Inside midfielder
2026,Mattaes Phillipou,21,St Kilda,21.646,8.213,15.177,4.468,0.131,0.591,3.745,1.183,0.591,4.928,3.154,0.657,0.0,0.657,0.197,0.43,Pressure / role player
2026,Matthew Cottrell,14,Carlton,26.515,5.415,12.906,4.603,0.271,0.903,3.52,1.625,1.264,3.159,0.451,0.903,0.0,0.542,0.09,0.639,Small forward
2026,Matthew Jefferson,16,Melbourne,22.457,5.624,4.384,3.805,1.572,1.82,1.654,0.0,1.572,1.82,0.083,0.827,0.083,1.489,0.0,0.579,Key forward
2026,Matthew Johnson,26,Fremantle,23.531,7.795,15.538,4.308,0.308,0.154,4.0,1.538,1.026,4.256,3.333,1.026,0.0,0.308,0.718,0.445,Outside midfielder
2026,Matthew Kennedy,24,Western Bulldogs,29.394,12.809,17.079,5.506,0.225,0.674,4.663,2.416,0.73,6.124,6.461,0.562,0.449,0.618,0.225,0.527,Inside midfielder
2026,Maurice Rioli,10,Richmond,23.972,5.382,5.524,2.125,0.425,0.283,2.408,0.425,0.992,4.533,1.133,0.85,0.0,0.142,0.0,0.507,Pressure / role player
2026,Max Gawn,24,Melbourne,34.663,15.595,10.364,5.282,1.694,0.648,4.385,2.043,3.039,2.192,7.872,0.548,39.312,0.648,0.0,0.503,Ruck
2026,Max Gruzewski,15,Greater Western Sydney,22.088,4.391,7.258,5.287,0.896,2.778,1.882,0.09,1.434,0.806,0.0,0.448,0.0,1.792,0.0,0.677,Key forward
2026,Max Hall,23,St Kilda,24.348,11.052,18.079,5.687,0.161,0.966,5.901,1.019,1.019,4.667,5.204,1.019,0.0,1.395,1.073,0.493,Inside midfielder
2026,Max Holmes,20,Geelong,24.036,11.652,21.191,5.89,0.128,0.128,6.018,5.186,1.216,3.521,5.378,1.088,0.0,0.32,2.305,0.578,Inside midfielder
2026,Max Kondogiannis,12,Essendon,18.772,3.824,11.124,3.013,0.0,0.348,1.275,1.622,2.202,2.781,0.695,0.116,0.0,0.116,0.116,0.443,Pressure / role player
2026,Max Michalanney,25,Adelaide,22.542,4.363,12.555,5.768,0.339,0.048,1.212,3.296,2.521,3.151,0.533,0.194,0.0,0.0,0.097,0.6,Key defender
2026,Michael Frederick,22,Fremantle,26.361,4.765,11.078,4.824,0.298,1.251,3.276,0.715,1.429,3.157,0.774,0.536,0.0,1.608,0.655,0.664,Small forward
2026,Michael Sellwood,24,Western Bulldogs,22.903,5.584,9.708,5.382,0.704,0.0,1.358,3.672,3.672,3.169,0.151,0.0,0.0,0.0,0.151,0.624,Key defender
2026,Milan Murdock,20,West Coast,26.148,9.151,12.047,3.226,0.066,0.263,3.292,0.79,0.658,5.267,1.251,0.527,0.0,1.251,0.724,0.497,Pressure / role player
2026,Miles Bergman,16,Port Adelaide,24.846,6.871,14.147,7.599,0.97,0.243,3.476,3.557,2.102,3.153,1.374,0.243,0.0,0.323,0.566,0.663,Rebounding defender
2026,Mitch Georgiades,21,Port Adelaide,24.901,4.592,9.076,7.261,1.442,4.431,1.014,0.107,1.175,1.335,0.427,0.534,0.0,2.723,0.107,0.723,Key forward
2026,Mitch Lewis,24,Hawthorn,27.931,6.176,9.667,6.928,1.719,2.363,3.598,0.107,2.256,1.933,0.43,0.752,0.107,2.095,0.107,0.667,Key forward
2026,Mitch McGovern,25,Carlton,31.898,5.187,8.091,5.394,0.985,2.127,2.386,0.622,2.697,2.438,0.156,0.622,0.0,1.763,0.156,0.695,Key forward
2026,Mitch Owens,20,St Kilda,22.903,8.04,8.099,4.108,1.408,1.819,2.523,0.176,2.054,2.347,1.056,0.646,1.174,1.702,0.117,0.517,Key forward
2026,Mitch Zadow,9,Port Adelaide,22.452,4.348,4.992,2.415,0.0,1.127,1.449,0.966,1.127,2.738,0.805,0.644,0.0,1.288,0.322,0.852,Small forward
2026,Mitchell Edwards,20,Geelong,21.277,9.062,6.816,2.245,0.642,0.241,3.609,0.561,3.047,3.047,4.571,0.321,34.002,0.241,0.0,0.406,Ruck
2026,Murphy Reid,25,Fremantle,20.159,8.214,20.216,3.886,0.148,0.443,5.165,0.836,0.689,2.558,2.656,1.082,0.0,0.639,0.984,0.521,Outside midfielder
2026,Mykelti Lefau,21,Richmond,28.167,4.961,4.631,3.969,1.103,1.378,1.985,0.0,2.536,3.308,0.551,0.165,1.709,1.268,0.221,0.584,Key forward
2026,Nasiah Wanganeen-Milera,17,St Kilda,23.46,9.795,20.957,3.797,0.304,0.683,6.15,6.15,0.759,3.341,4.024,1.291,0.0,1.443,5.239,0.737,Outside midfielder
2026,Nate Caddy,22,Essendon,21.11,4.827,7.398,4.879,1.102,2.518,2.151,0.105,1.154,1.312,0.157,0.577,0.105,2.413,0.157,0.738,Key forward
2026,Nathan Broad,21,Richmond,33.334,4.217,11.901,6.586,0.578,0.0,0.867,3.755,6.181,0.924,0.404,0.116,0.0,0.0,0.404,0.591,Key defender
2026,Nathan ODriscoll,17,Fremantle,24.298,6.606,15.642,5.011,0.0,0.38,3.569,1.974,1.898,2.658,0.911,0.532,0.0,0.38,0.607,0.478,Outside midfielder
2026,Ned Long,22,Collingwood,23.559,8.989,13.171,3.496,0.125,0.687,3.308,0.936,2.06,8.926,3.308,0.811,0.062,0.437,0.0,0.384,Inside midfielder
2026,Ned Moyle,16,Gold Coast,24.509,7.903,4.46,2.269,0.861,0.235,2.426,1.487,4.46,2.66,3.286,0.156,43.662,0.313,0.0,0.468,Ruck
2026,Ned Reeves,15,Hawthorn,27.767,9.0,4.375,1.5,0.25,0.5,2.375,0.5,3.75,4.375,5.5,0.625,45.25,0.625,0.0,0.562,Ruck
2026,Neil Erasmus,27,Fremantle,22.816,8.517,15.23,5.361,0.251,0.451,3.106,2.705,1.102,3.707,2.505,0.651,0.0,0.401,0.451,0.527,Outside midfielder
2026,Nic Newman,16,Carlton,33.523,3.56,17.405,8.623,0.237,0.079,2.611,4.826,1.661,3.165,0.396,0.158,0.0,0.079,0.791,0.754,Rebounding defender
2026,Nick Blakey,22,Sydney,26.465,6.14,18.366,4.934,0.329,0.11,4.605,7.73,4.77,1.7,1.096,0.822,0.0,0.274,4.331,0.676,Rebounding defender
2026,Nick Bryan,13,Essendon,24.835,8.843,7.314,2.074,0.109,0.109,2.62,0.655,3.603,3.057,4.694,0.109,34.279,0.218,0.109,0.486,Ruck
2026,Nick Coffield,13,Western Bulldogs,26.786,3.544,13.41,7.28,0.192,0.0,1.245,4.598,3.927,1.916,0.287,0.0,0.0,0.0,0.479,0.703,Rebounding defender
2026,Nick Daicos,23,Collingwood,23.649,12.576,25.051,4.665,0.101,0.254,7.708,2.84,0.558,2.941,6.592,1.065,0.0,1.318,2.637,0.542,Inside midfielder
2026,Nick Haynes,19,Carlton,34.282,4.359,16.329,9.147,0.43,0.123,1.351,3.806,5.095,1.535,0.307,0.184,0.0,0.0,0.307,0.695,Rebounding defender
2026,Nick Larkey,23,North Melbourne,28.214,4.72,6.521,5.401,1.119,2.725,1.46,0.0,1.119,1.217,0.049,0.535,0.0,2.19,0.0,0.652,Key forward
2026,Nick Madden,9,Greater Western Sydney,22.266,12.078,8.348,3.197,0.888,0.355,1.954,1.599,2.842,4.973,4.44,0.178,37.123,0.178,0.0,0.286,Ruck
2026,Nick Murray,11,Adelaide,25.594,4.104,8.709,4.805,0.701,0.0,1.301,4.505,8.809,2.102,0.2,0.2,0.0,0.2,0.0,0.713,Key defender
2026,Nick Vlastuin,22,Richmond,32.342,6.407,9.748,5.203,0.602,0.0,0.821,5.367,1.862,2.738,0.602,0.055,0.0,0.055,0.219,0.664,Rebounding defender
2026,Nick Watson,23,Hawthorn,21.567,8.994,8.883,2.961,0.335,1.62,3.296,0.223,0.894,2.793,1.788,0.95,0.0,3.52,1.173,0.618,Small forward
2026,Nik Cox,8,Essendon,24.523,5.321,8.607,3.912,0.469,0.313,1.878,0.626,0.939,1.408,1.095,0.156,0.156,0.469,0.0,0.5,Pressure / role player
2026,Noah Anderson,22,Gold Coast,25.504,10.922,21.63,5.967,0.107,0.426,6.18,3.836,0.906,4.209,6.233,0.906,0.0,0.373,1.172,0.6,Inside midfielder
2026,Noah Answerth,16,Brisbane Lions,27.082,3.78,11.417,5.827,0.0,0.0,2.047,3.15,3.307,2.205,0.472,0.315,0.0,0.0,0.079,0.735,Key defender
2026,Noah Balta,17,Richmond,26.736,7.802,7.731,5.941,2.004,1.002,2.362,2.505,2.935,1.217,2.147,0.143,8.661,0.787,0.501,0.678,Key forward
2026,Oisin Mullin,25,Geelong,26.58,7.284,9.911,3.617,0.0,0.198,2.527,1.09,1.635,5.055,3.518,0.396,0.0,0.149,0.198,0.465,Pressure / role player
2026,Oliver Dempsey,25,Geelong,23.676,7.651,13.852,5.93,0.815,1.222,3.44,1.811,1.177,2.263,1.72,0.453,0.0,1.358,0.453,0.5,Outside midfielder
2026,Oliver Florent,25,Carlton,28.12,6.741,16.78,6.256,0.145,0.0,3.201,6.062,1.6,2.619,1.406,0.291,0.0,0.097,0.63,0.672,Rebounding defender
2026,Oliver Henry,24,Geelong,24.12,6.26,8.242,4.33,0.73,2.191,2.973,0.052,0.991,2.452,0.469,0.939,0.0,2.504,0.052,0.628,Key forward
2026,Oliver Hollands,14,Carlton,22.632,4.77,14.226,6.444,0.084,0.251,2.678,3.013,1.423,4.1,0.837,0.669,0.0,0.335,0.586,0.657,Outside midfielder
2026,Oliver Wiltshire,16,Geelong,23.988,5.178,9.593,2.292,0.085,0.849,3.565,0.509,0.849,2.207,0.849,0.764,0.0,1.188,0.509,0.547,Small forward
2026,Ollie Wines,19,Port Adelaide,31.876,14.021,19.017,5.963,0.081,0.725,4.19,1.853,0.645,6.124,5.238,1.37,0.0,0.242,0.081,0.355,Inside midfielder
2026,Oscar Adams,13,Gold Coast,22.988,3.958,9.271,5.0,0.312,0.0,0.625,1.562,5.208,1.875,0.0,0.0,0.0,0.0,0.104,0.442,Key defender
2026,Oscar Allen,15,Brisbane Lions,27.523,4.025,6.53,4.651,0.626,1.968,1.878,0.447,1.342,1.789,0.358,0.626,0.894,2.236,0.089,0.75,Key forward
2026,Oscar McDonald,14,Fremantle,30.526,4.205,9.021,5.657,0.917,0.076,0.994,2.982,6.651,1.835,0.153,0.229,0.0,0.076,0.0,0.721,Key defender
2026,Oscar Steene,8,Collingwood,22.726,8.559,5.01,3.758,1.044,0.835,1.67,0.0,1.461,2.505,3.132,0.209,18.998,0.835,0.0,0.343,Ruck
2026,Oskar Baker,9,Western Bulldogs,27.975,4.132,14.05,7.273,0.165,1.157,2.645,0.992,1.983,1.322,0.992,0.331,0.0,1.488,0.826,0.598,Outside midfielder
2026,Paddy Cross,11,Melbourne,23.463,4.45,7.592,3.01,0.524,0.524,2.487,0.785,1.571,4.058,0.654,0.524,0.0,0.785,0.0,0.586,Pressure / role player
2026,Patrick Cripps,25,Carlton,31.465,17.79,14.47,3.271,0.595,0.793,4.262,0.793,1.388,6.046,9.316,0.248,0.149,0.793,0.05,0.39,Inside midfielder
2026,Patrick Dangerfield,19,Geelong,36.435,10.037,11.61,4.944,0.824,2.772,4.794,0.3,1.573,2.547,2.397,1.498,0.0,2.247,0.0,0.553,Small forward
2026,Patrick Lipinski,20,Collingwood,28.115,6.519,18.45,5.474,0.123,0.738,3.075,2.214,1.169,2.891,1.968,0.615,0.0,0.615,0.0,0.426,Outside midfielder
2026,Patrick Retschko,18,Richmond,20.479,5.061,16.72,5.637,0.128,0.192,2.947,3.139,0.833,2.37,1.153,0.32,0.0,0.064,1.281,0.601,Outside midfielder
2026,Patrick Voss,26,Fremantle,23.244,4.95,7.446,4.555,0.657,2.497,2.278,0.088,1.007,3.592,0.263,0.745,0.0,2.146,0.175,0.644,Key forward
2026,Paul Curtis,20,North Melbourne,23.471,6.004,8.693,4.878,0.688,2.189,2.689,0.375,1.626,4.44,1.126,1.063,0.0,2.376,0.0,0.649,Small forward
2026,Peter Wright,18,Essendon,29.956,6.587,8.25,5.123,0.998,2.262,1.397,0.998,3.26,1.73,1.464,0.532,13.041,1.863,0.0,0.608,Key forward
2026,Phoenix Gothard,16,Greater Western Sydney,20.841,7.983,12.189,2.661,0.0,1.116,2.747,0.343,1.116,5.064,1.545,0.687,0.0,1.545,0.858,0.454,Pressure / role player
2026,Reuben Ginbey,13,West Coast,21.736,6.103,8.544,4.969,0.697,0.0,1.133,2.964,6.975,2.441,0.349,0.174,0.0,0.0,0.61,0.626,Key defender
2026,Rhett Bazzo,14,West Coast,22.849,4.938,8.724,5.597,0.576,0.0,0.741,1.893,7.572,1.399,0.0,0.0,0.0,0.0,0.247,0.445,Key defender
2026,Rhylee West,24,Western Bulldogs,26.151,8.024,10.609,4.308,0.215,1.239,3.069,0.539,1.239,3.608,1.777,0.808,0.0,0.969,0.431,0.54,Small forward
2026,Riley Bice,20,Sydney,25.887,5.434,17.489,6.184,0.187,0.125,2.561,3.56,3.186,2.561,0.562,0.687,0.0,0.187,2.686,0.564,Rebounding defender
2026,Riley Hamilton,8,Greater Western Sydney,20.019,4.592,6.803,1.701,0.17,0.85,1.871,0.0,0.85,4.082,0.51,0.17,0.0,0.85,0.0,0.577,Pressure / role player
2026,Riley Thilthorpe,22,Adelaide,24.183,8.028,7.81,6.663,2.622,3.058,3.277,0.164,1.802,1.966,1.475,0.874,4.478,2.021,0.164,0.642,Key forward
2026,Roan Steele,19,Collingwood,24.849,5.836,11.671,3.78,0.133,0.531,2.719,1.393,1.393,2.454,1.724,0.531,0.0,0.995,0.0,0.578,Pressure / role player
2026,Rory Laird,20,Adelaide,32.704,7.106,20.999,8.387,0.256,0.0,2.177,3.969,1.921,3.137,1.216,0.384,0.0,0.064,0.256,0.547,Rebounding defender
2026,Rory Lobb,22,Western Bulldogs,33.569,6.098,6.893,4.825,1.166,0.742,1.485,2.227,5.832,3.287,1.379,0.318,11.082,0.265,0.053,0.624,Key defender
2026,Rowan Marshall,21,St Kilda,30.736,13.527,9.389,5.559,1.174,1.482,3.644,0.988,2.594,3.027,6.485,0.371,19.086,0.865,0.0,0.541,Ruck
2026,Ryan Angwin,20,Greater Western Sydney,23.693,7.659,12.623,3.676,0.184,0.184,3.554,2.022,1.532,3.431,2.206,0.551,0.0,0.429,0.184,0.477,Pressure / role player
2026,Ryan Byrnes,15,St Kilda,25.298,5.254,16.013,5.338,0.0,0.167,1.835,2.335,0.917,2.419,1.668,0.584,0.0,0.334,0.083,0.538,Outside midfielder
2026,Ryan Lester,23,Brisbane Lions,34.085,4.952,12.532,8.135,0.758,0.0,2.072,3.082,4.346,1.718,0.606,0.101,0.0,0.051,0.0,0.697,Key defender
2026,Ryan Maric,12,West Coast,21.903,6.369,15.605,4.883,0.212,0.106,2.866,1.38,0.849,2.654,1.168,0.425,0.0,0.106,0.212,0.559,Outside midfielder
2026,Ryley Sanders,23,Western Bulldogs,21.621,9.819,18.25,4.055,0.267,0.16,3.095,1.494,0.534,4.749,4.269,0.48,0.0,0.267,0.534,0.373,Inside midfielder
2026,Saad El-Hawli,8,Essendon,25.14,6.702,13.404,5.115,0.0,0.0,2.116,2.646,1.058,2.293,0.882,0.0,0.0,0.353,1.411,0.598,Outside midfielder
2026,Sam Banks,18,Richmond,23.389,4.674,15.556,4.444,0.0,0.077,2.375,3.908,0.843,2.069,0.69,0.077,0.0,0.077,0.077,0.607,Outside midfielder
2026,Sam Berry,24,Adelaide,24.58,16.131,16.657,3.624,0.234,0.058,4.676,1.52,1.286,9.76,7.715,0.701,0.058,0.117,0.409,0.489,Inside midfielder
2026,Sam Butler,8,Hawthorn,23.487,4.506,11.958,4.679,0.173,0.347,3.12,0.693,0.52,4.853,1.213,0.693,0.0,0.693,0.0,0.68,Pressure / role player
2026,Sam Clohesy,12,Gold Coast,23.687,5.461,15.586,5.916,0.0,0.569,2.617,2.048,1.251,3.754,0.796,0.341,0.0,0.228,0.455,0.538,Outside midfielder
2026,Sam Collins,21,Gold Coast,32.167,6.438,9.129,6.755,0.897,0.0,0.317,2.85,7.704,1.214,0.158,0.0,0.0,0.0,0.158,0.497,Key defender
2026,Sam Cumming,14,Richmond,19.016,7.822,14.455,3.96,0.198,0.594,4.059,1.287,1.089,3.762,3.168,0.495,0.0,0.792,0.0,0.431,Pressure / role player
2026,Sam Davidson,18,Western Bulldogs,24.728,4.967,12.199,4.018,0.438,0.804,2.557,1.023,1.753,3.36,0.95,0.511,0.0,0.584,0.292,0.624,Pressure / role player
2026,Sam De Koning,19,Geelong,25.485,10.198,9.391,5.062,1.541,0.073,2.274,1.614,5.429,2.128,2.861,0.22,10.271,0.073,0.0,0.399,Ruck
2026,Sam Draper,26,Brisbane Lions,27.994,9.359,4.391,3.408,1.213,1.098,3.813,1.618,4.044,1.502,5.661,0.635,31.831,0.982,0.058,0.781,Ruck
2026,Sam Durham,20,Essendon,25.082,11.902,15.492,4.787,0.532,0.598,5.319,1.529,1.396,5.253,5.452,0.798,0.0,0.598,0.598,0.47,Inside midfielder
2026,Sam Flanders,12,St Kilda,24.843,8.231,21.913,7.453,0.0,0.334,4.449,3.337,1.112,5.006,2.892,0.111,0.0,0.111,1.557,0.55,Outside midfielder
2026,Sam Grlj,21,Richmond,19.074,4.351,13.628,3.583,0.0,0.064,2.815,1.791,0.64,3.647,0.768,0.512,0.0,0.128,1.408,0.537,Outside midfielder
2026,Sam Lalor,12,Richmond,19.958,8.156,10.838,4.469,0.67,1.341,5.028,1.229,0.894,4.246,2.905,1.117,0.112,1.453,0.112,0.617,Small forward
2026,Sam Swadling,9,Collingwood,19.613,8.167,20.667,6.0,0.0,0.333,3.833,3.5,1.167,1.667,2.333,0.0,0.0,1.0,0.667,0.517,Outside midfielder
2026,Sam Switkowski,26,Fremantle,29.849,6.632,9.769,3.496,0.308,0.823,3.342,0.051,0.977,3.702,1.183,0.771,0.0,0.668,0.308,0.395,Pressure / role player
2026,Sam Taylor,12,Greater Western Sydney,27.298,6.146,8.021,6.458,1.562,0.0,0.938,2.5,8.854,2.396,0.208,0.0,0.0,0.0,0.104,0.545,Key defender
2026,Sam Walsh,25,Carlton,26.175,12.793,24.21,5.301,0.0,0.255,5.556,2.243,0.815,5.199,5.556,0.459,0.0,0.408,0.561,0.44,Inside midfielder
2026,Sam Wicks,20,Sydney,27.011,5.009,13.195,3.726,0.367,0.061,2.688,3.91,1.405,3.299,0.611,0.367,0.0,0.061,2.505,0.585,Outside midfielder
2026,Scott Pendlebury,17,Collingwood,38.619,10.686,21.546,6.429,0.087,0.434,3.041,2.433,1.39,3.823,4.952,1.477,0.0,0.434,0.0,0.421,Inside midfielder
2026,Seth Campbell,23,Richmond,21.646,7.01,11.884,3.395,0.274,0.876,3.614,1.095,1.095,2.683,2.136,0.712,0.0,0.986,1.533,0.607,Small forward
2026,Shai Bolton,26,Fremantle,27.799,11.144,18.54,3.698,0.243,0.243,7.64,1.119,0.827,4.72,5.061,1.509,0.0,1.217,2.774,0.54,Inside midfielder
2026,Shannon Neale,25,Geelong,24.131,5.872,6.361,4.804,1.423,2.536,2.536,0.133,2.002,2.847,0.801,0.89,4.982,2.313,0.044,0.617,Key forward
2026,Shaun Mannagh,25,Geelong,29.099,8.398,13.498,3.349,0.103,0.773,5.822,0.927,0.773,3.916,3.452,1.288,0.0,1.958,0.515,0.689,Small forward
2026,Steele Sidebottom,21,Collingwood,35.652,6.261,13.967,5.479,0.241,0.241,2.589,2.468,1.565,2.529,1.806,0.181,0.0,0.241,0.903,0.534,Outside midfielder
2026,Steely Green,20,Richmond,22.616,4.531,8.504,3.538,0.0,0.745,2.235,0.683,0.621,2.731,0.807,0.745,0.0,0.993,0.062,0.596,Pressure / role player
2026,Stephen Coniglio,21,Greater Western Sydney,32.684,7.746,14.469,3.649,0.192,0.64,3.137,0.896,1.344,3.841,2.177,1.152,0.0,0.832,0.32,0.504,Small forward
2026,Sullivan Robey,15,Essendon,18.805,9.599,12.478,4.014,0.262,0.436,4.188,0.785,0.698,4.188,4.887,0.349,0.0,0.785,0.436,0.461,Pressure / role player
2026,Taj Hotton,10,Richmond,20.181,10.227,9.517,2.273,0.426,0.284,2.415,0.284,1.278,5.256,3.409,0.568,0.0,0.142,0.142,0.315,Pressure / role player
2026,Talor Byrne,20,Carlton,18.805,5.358,7.893,4.562,0.29,1.376,2.245,0.507,1.593,3.621,0.652,0.941,0.0,1.086,0.145,0.605,Small forward
2026,Tanner Bruhn,23,Geelong,24.293,8.411,21.212,6.617,0.062,0.371,4.638,4.02,0.928,4.205,2.412,0.557,0.0,0.062,1.175,0.599,Outside midfielder
2026,Taylor Walker,18,Adelaide,36.383,5.632,8.953,6.137,1.372,2.527,3.61,0.072,2.31,1.516,0.072,0.939,0.0,2.527,0.0,0.725,Key forward
2026,Tim English,17,Western Bulldogs,29.071,9.524,11.319,5.777,0.781,0.781,2.81,1.405,4.294,3.591,3.279,0.39,30.757,0.468,0.078,0.526,Ruck
2026,Tim Kelly,21,West Coast,32.077,12.65,19.292,5.376,0.0,0.063,6.325,2.657,0.949,4.491,6.325,0.822,0.0,0.127,0.443,0.488,Inside midfielder
2026,Tim Membrey,20,Collingwood,32.257,4.433,9.667,6.404,0.862,3.325,1.847,0.062,1.663,1.232,0.123,0.493,0.0,2.032,0.0,0.588,Key forward
2026,Tim Taranto,21,Richmond,28.564,15.466,14.236,3.632,0.234,0.996,5.038,1.465,0.879,6.385,7.85,0.586,0.0,0.879,0.176,0.456,Inside midfielder
2026,Toby Bedford,17,Greater Western Sydney,26.203,7.33,10.957,2.546,0.077,0.694,2.855,0.772,0.849,6.404,1.775,0.772,0.0,0.849,0.154,0.393,Pressure / role player
2026,Toby Greene,21,Greater Western Sydney,32.906,10.936,14.561,4.62,0.526,1.52,7.018,1.111,1.52,3.626,4.211,1.287,0.0,1.988,0.058,0.691,Small forward
2026,Toby McMullin,8,Greater Western Sydney,22.044,4.971,11.09,3.442,0.0,0.191,1.721,2.294,1.53,2.103,0.574,0.956,0.0,0.0,0.0,0.5,Pressure / role player
2026,Toby Murray,13,Adelaide,22.778,5.882,6.303,4.762,0.84,1.401,2.381,0.56,3.501,3.782,1.681,0.56,14.846,1.261,0.0,0.741,Key forward
2026,Toby Nankervis,12,Richmond,32.027,14.581,8.726,2.067,0.459,0.0,2.296,1.378,5.281,4.592,8.496,0.115,36.051,0.344,0.0,0.346,Ruck
2026,Todd Marshall,15,Port Adelaide,27.873,3.923,8.577,6.296,0.73,1.369,2.007,2.281,1.825,2.007,0.0,0.456,0.0,0.73,0.091,0.801,Key forward
2026,Tom Atkins,25,Geelong,30.98,12.978,11.416,1.831,0.0,0.054,3.77,1.023,1.831,7.97,5.116,0.646,0.0,0.215,0.269,0.405,Inside midfielder
2026,Tom Barrass,21,Hawthorn,30.947,4.511,6.444,4.921,1.347,0.0,0.527,2.343,7.733,1.347,0.117,0.0,0.0,0.059,0.0,0.627,Key defender
2026,Tom Blamires,17,North Melbourne,24.005,5.961,15.529,4.157,0.0,0.392,3.294,2.902,0.941,2.275,1.255,0.392,0.0,0.235,0.706,0.577,Outside midfielder
2026,Tom Brown,18,Richmond,23.063,5.856,11.342,5.634,0.741,0.222,2.817,4.967,2.52,1.408,0.815,0.519,0.0,0.074,0.074,0.733,Rebounding defender
2026,Tom Cole,17,West Coast,29.238,4.864,10.833,4.864,0.221,0.442,2.874,0.663,1.842,3.095,0.737,0.516,0.0,0.663,0.59,0.59,Outside midfielder
2026,Tom De Koning,20,St Kilda,27.096,9.348,8.541,4.237,1.143,1.009,3.228,1.21,2.286,1.95,3.9,0.403,24.479,0.74,0.0,0.5,Ruck
2026,Tom Liberatore,11,Western Bulldogs,34.252,14.286,19.434,4.247,0.0,0.0,4.118,3.475,1.287,5.792,8.108,0.901,0.0,0.257,0.0,0.439,Inside midfielder
2026,Tom Lynch,15,Richmond,33.808,6.053,5.165,4.197,2.098,2.825,1.291,0.081,1.695,1.856,0.404,0.565,0.404,1.614,0.0,0.674,Key forward
2026,Tom McCarthy,22,West Coast,26.115,5.722,16.714,7.082,0.51,0.057,2.833,7.649,1.87,2.663,1.246,0.227,0.0,0.057,1.246,0.762,Rebounding defender
2026,Tom McCartin,22,Sydney,26.717,6.007,13.146,7.041,1.231,0.0,1.132,4.481,6.499,1.526,0.345,0.049,0.0,0.0,0.197,0.512,Key defender
2026,Tom McDonald,11,Melbourne,33.945,3.34,8.704,4.858,0.405,0.202,0.81,3.441,6.073,1.417,0.202,0.101,0.506,0.304,0.202,0.675,Key defender
2026,Tom Papley,20,Sydney,30.183,7.854,12.525,3.453,0.135,1.557,6.161,0.135,1.625,3.521,1.76,1.896,0.0,2.234,1.557,0.651,Small forward
2026,Tom Powell,8,North Melbourne,24.167,5.902,15.902,6.557,0.0,0.82,2.951,1.311,1.148,3.607,2.131,0.656,0.0,0.492,0.0,0.604,Outside midfielder
2026,Tom Sparrow,24,Melbourne,26.246,11.83,15.81,3.483,0.0,0.387,6.191,1.99,1.769,8.402,7.131,0.663,0.0,0.663,0.608,0.57,Inside midfielder
2026,Tom Stewart,23,Geelong,33.493,7.265,13.141,6.891,0.855,0.053,1.335,7.212,3.739,1.709,0.534,0.053,0.0,0.107,0.748,0.718,Rebounding defender
2026,Touk Miller,23,Gold Coast,30.49,10.365,20.836,4.601,0.159,0.317,4.178,1.851,1.375,5.077,4.548,0.582,0.0,0.635,0.212,0.422,Inside midfielder
2026,Trent Rivers,17,Melbourne,25.082,6.16,18.48,6.56,0.32,0.16,3.52,5.68,1.36,3.12,0.8,0.64,0.0,0.24,1.12,0.606,Rebounding defender
2026,Tristan Xerri,19,North Melbourne,27.441,18.767,5.125,3.809,1.316,0.554,2.562,1.662,3.116,7.825,8.726,0.554,28.047,0.554,0.0,0.383,Ruck
2026,Ty Gallop,21,Brisbane Lions,20.627,4.13,6.993,5.507,1.156,0.22,1.652,2.588,6.773,2.533,0.055,0.11,0.11,0.055,0.0,0.832,Key defender
2026,Tylar Young,23,West Coast,27.964,4.448,10.595,6.397,0.45,0.0,1.349,3.998,5.747,0.95,0.1,0.1,0.0,0.0,0.1,0.762,Key defender
2026,Tyler Sonsie,15,Richmond,23.528,7.287,12.389,4.534,0.162,0.648,2.915,1.619,0.405,1.862,1.296,0.243,0.0,0.405,0.162,0.588,Outside midfielder
2026,Wade Derksen,15,Carlton,25.214,5.221,10.12,6.426,0.723,0.08,0.482,2.651,5.863,0.964,0.161,0.161,0.0,0.0,0.321,0.67,Key defender
2026,Wayne Milera,20,Adelaide,28.994,7.449,18.932,7.263,0.559,0.0,2.855,6.456,2.048,2.98,1.428,0.248,0.0,0.186,0.31,0.659,Rebounding defender
2026,Wil Dawson,10,North Melbourne,20.674,4.8,6.8,3.6,0.4,0.4,1.8,1.2,2.6,5.4,1.4,0.2,17.6,0.0,0.0,0.5,Ruck
2026,Wil Powell,20,Gold Coast,26.969,6.174,13.264,5.807,0.061,0.0,2.812,4.034,1.467,4.768,1.161,0.306,0.0,0.306,0.244,0.578,Outside midfielder
2026,Will Ashcroft,27,Brisbane Lions,22.392,11.691,21.178,5.89,0.045,0.225,6.16,2.428,0.405,4.092,6.79,1.079,0.0,0.764,1.799,0.593,Inside midfielder
2026,Will Day,13,Hawthorn,25.29,11.907,16.538,5.182,0.662,0.662,6.064,2.095,1.544,5.733,6.615,0.441,0.0,0.992,0.441,0.556,Inside midfielder
2026,Will Edwards,14,Sydney,23.233,5.593,6.344,3.756,0.835,0.0,0.835,3.339,8.765,1.085,0.0,0.25,0.0,0.0,0.083,0.464,Key defender
2026,Will Graham,12,Gold Coast,20.956,7.664,9.002,3.893,0.365,0.73,4.015,0.365,0.73,4.745,1.582,0.973,0.0,0.608,0.487,0.454,Pressure / role player
2026,Will Hayes,10,Collingwood,20.285,3.144,7.335,3.144,0.15,0.449,2.246,0.299,0.15,1.796,0.15,0.449,0.0,1.198,0.0,0.582,Pressure / role player
2026,Will Hayward,21,Carlton,27.805,6.687,14.103,7.295,1.216,1.581,3.587,1.033,1.033,2.371,0.365,0.426,0.0,1.459,0.061,0.586,Key forward
2026,Will Lewis,13,Western Bulldogs,27.337,6.116,5.708,3.058,0.815,1.529,2.141,0.0,1.325,2.65,0.306,0.612,0.204,1.529,0.0,0.607,Key forward
2026,Will Setterfield,11,Essendon,28.545,11.277,17.952,4.833,0.115,0.345,4.488,2.071,0.69,6.559,4.603,0.575,0.0,0.345,0.0,0.547,Inside midfielder
2026,Willem Drew,22,Port Adelaide,27.871,11.408,11.686,3.228,0.111,0.056,4.341,1.224,2.56,6.622,5.62,0.556,0.0,0.111,0.167,0.54,Inside midfielder
2026,Willem Duursma,22,West Coast,19.172,8.171,14.269,5.329,0.533,0.592,3.848,1.895,1.954,3.967,2.664,0.533,0.0,0.829,1.066,0.568,Outside midfielder
2026,Xavier Bamert,10,Port Adelaide,19.564,3.882,10.576,5.221,0.0,1.339,3.079,0.535,0.803,2.276,0.268,0.669,0.0,0.803,0.0,0.79,Small forward
2026,Xavier Duursma,18,Essendon,26.033,6.714,14.0,6.357,0.571,0.429,1.5,1.429,1.429,2.571,1.214,0.143,0.0,0.571,0.357,0.481,Outside midfielder
2026,Xavier OHalloran,14,Greater Western Sydney,26.115,8.38,12.241,3.013,0.094,0.377,4.614,1.977,1.507,3.202,2.448,0.847,0.0,0.377,0.753,0.52,Pressure / role player
2026,Zac Bailey,26,Brisbane Lions,27.008,8.819,16.812,6.523,0.367,0.873,5.282,2.251,1.011,3.445,3.491,1.378,0.0,1.608,0.505,0.648,Small forward
2026,Zac Banch,8,North Melbourne,23.09,3.61,10.65,4.332,0.0,1.805,4.152,0.361,1.264,3.249,0.722,0.903,0.0,1.264,0.722,0.588,Small forward
2026,Zac Taylor,22,Adelaide,23.613,6.085,11.292,4.078,0.314,0.439,3.199,0.502,1.255,3.827,1.004,1.129,0.0,0.816,0.188,0.522,Small forward
2026,Zac Williams,9,Carlton,31.652,9.783,13.199,4.037,0.155,0.311,3.571,4.193,1.553,4.037,3.416,0.311,0.0,0.311,0.932,0.637,Outside midfielder
2026,Zach Guthrie,25,Geelong,28.2,5.162,14.17,6.478,0.354,0.0,1.569,3.745,3.34,2.986,0.86,0.152,0.0,0.051,0.152,0.648,Rebounding defender
2026,Zach Merrett,23,Essendon,30.887,9.541,22.054,5.527,0.261,0.469,4.64,2.972,1.616,5.631,4.119,0.574,0.0,0.521,0.782,0.525,Inside midfielder
2026,Zach Reid,23,Essendon,24.476,3.536,10.159,6.922,0.647,0.1,0.498,3.685,5.528,1.594,0.1,0.05,0.149,0.05,0.199,0.701,Key defender
2026,Zak Butters,17,Port Adelaide,25.838,14.847,20.842,4.211,0.143,0.071,6.924,1.213,1.642,5.139,7.423,0.642,0.0,0.357,1.927,0.571,Inside midfielder
2026,Zane Duursma,15,North Melbourne,20.832,4.073,6.11,4.379,0.713,1.426,1.018,0.305,0.916,1.426,0.509,0.407,0.0,1.527,0.0,0.646,Key forward
2026,Zeke Uwland,17,Gold Coast,19.293,4.988,16.958,5.403,0.083,0.083,3.408,2.826,0.582,1.829,0.582,0.249,0.0,0.582,0.582,0.607,Outside midfielder
